index,true,pred,confidence
0,7,7,0.9999997615814209
1,2,2,0.9999667406082153
2,1,1,0.9998841285705566
3,0,0,0.999997615814209
4,4,4,0.9999986886978149
5,1,1,0.9999021291732788
6,4,4,0.9998923540115356
7,9,9,0.9868952035903931
8,5,5,0.9544881582260132
9,9,9,0.9999676942825317
10,0,0,1.0
11,6,6,0.9999998807907104
12,9,9,0.9999501705169678
13,0,0,1.0
14,1,1,0.9999809265136719
15,5,5,0.9995297193527222
16,9,9,0.9999761581420898
17,7,7,0.9999998807907104
18,3,3,0.8414437174797058
19,4,4,0.9999997615814209
20,9,9,0.9968709349632263
21,6,6,0.9999377727508545
22,6,6,1.0
23,5,5,0.9999996423721313
24,4,4,0.9999884366989136
25,0,0,0.9999946355819702
26,7,7,0.9999896287918091
27,4,4,1.0
28,0,0,0.9999997615814209
29,1,1,0.9999747276306152
30,3,3,1.0
31,1,1,0.9998385906219482
32,3,3,1.0
33,4,4,0.9999988079071045
34,7,7,0.9999986886978149
35,2,2,0.9999998807907104
36,7,7,0.999889612197876
37,1,1,0.9999853372573853
38,2,2,0.999988317489624
39,1,1,0.9999549388885498
40,1,1,0.9994933605194092
41,7,7,0.9987994432449341
42,4,4,0.9999988079071045
43,2,2,0.9967453479766846
44,3,3,0.9999980926513672
45,5,5,0.9999973773956299
46,1,1,0.9999858140945435
47,2,2,1.0
48,4,4,0.9997987151145935
49,4,4,1.0
50,6,6,0.9999918937683105
51,3,3,1.0
52,5,5,0.9999998807907104
53,5,5,0.9999974966049194
54,6,6,1.0
55,0,0,0.9999970197677612
56,4,4,1.0
57,1,1,0.9997588992118835
58,9,9,0.9999994039535522
59,5,5,0.9937612414360046
60,7,7,0.9999762773513794
61,8,8,0.9999936819076538
62,9,9,0.9892295002937317
63,3,3,0.9993650317192078
64,7,7,1.0
65,4,4,0.9979288578033447
66,6,6,0.9999995231628418
67,4,4,0.9999418258666992
68,3,3,1.0
69,0,0,0.9999629259109497
70,7,7,0.9999979734420776
71,0,0,1.0
72,2,2,0.9999974966049194
73,9,9,0.990446925163269
74,1,1,0.999958872795105
75,7,7,0.9999998807907104
76,3,3,0.9999960660934448
77,2,2,1.0
78,9,9,0.7725484371185303
79,7,7,0.999717652797699
80,7,7,0.9999611377716064
81,6,6,0.9999997615814209
82,2,2,1.0
83,7,7,0.999998927116394
84,8,8,1.0
85,4,4,1.0
86,7,7,0.9999924898147583
87,3,3,0.9995394945144653
88,6,6,1.0
89,1,1,0.9988762736320496
90,3,3,1.0
91,6,6,0.9999994039535522
92,9,9,0.9550782442092896
93,3,3,0.9999854564666748
94,1,1,0.9999946355819702
95,4,4,0.9681540131568909
96,1,1,0.9961538910865784
97,7,7,0.9999606609344482
98,6,6,0.9999971389770508
99,9,9,0.9999997615814209
100,6,6,0.9999967813491821
101,0,0,0.9999995231628418
102,5,5,0.9999997615814209
103,4,4,1.0
104,9,9,0.9999220371246338
105,9,9,0.9999974966049194
106,2,2,1.0
107,1,1,0.9951209425926208
108,9,9,0.9999840259552002
109,4,4,1.0
110,8,8,0.9999997615814209
111,7,7,0.9876973032951355
112,3,3,0.9999988079071045
113,9,9,0.9999909400939941
114,7,7,0.9998255372047424
115,4,9,0.6084797978401184
116,4,4,0.9999597072601318
117,4,4,1.0
118,9,9,0.9986811280250549
119,2,2,0.9949107766151428
120,5,5,1.0
121,4,4,0.9995495676994324
122,7,7,0.9998762607574463
123,6,6,1.0
124,7,7,0.9999978542327881
125,9,9,0.9830674529075623
126,0,0,0.9999990463256836
127,5,5,1.0
128,8,8,1.0
129,5,5,1.0
130,6,6,0.9999994039535522
131,6,6,0.9999998807907104
132,5,5,0.9999982118606567
133,7,7,0.9999923706054688
134,8,8,0.9999996423721313
135,1,1,0.9999974966049194
136,0,0,0.9999984502792358
137,1,1,0.9997685551643372
138,6,6,1.0
139,4,4,0.9998825788497925
140,6,6,0.9999771118164062
141,7,7,1.0
142,3,3,0.9999799728393555
143,1,1,0.9999186992645264
144,7,7,0.9996956586837769
145,1,1,0.9999715089797974
146,8,8,0.9999995231628418
147,2,2,1.0
148,0,0,0.9999995231628418
149,2,2,0.9987133741378784
150,9,9,0.9999881982803345
151,9,9,0.9526414275169373
152,5,5,1.0
153,5,5,0.9990631937980652
154,1,1,0.9998185038566589
155,5,5,0.9999998807907104
156,6,6,0.9999998807907104
157,0,0,0.9999992847442627
158,3,3,0.9999911785125732
159,4,4,0.999876856803894
160,4,4,0.9998251795768738
161,6,6,1.0
162,5,5,1.0
163,4,4,0.9999997615814209
164,6,6,0.9999970197677612
165,5,5,1.0
166,4,4,0.9999996423721313
167,5,5,0.9983950257301331
168,1,1,0.9999977350234985
169,4,4,1.0
170,4,4,0.9999998807907104
171,7,7,0.995876133441925
172,2,2,0.9999986886978149
173,3,3,0.9996644258499146
174,2,2,1.0
175,7,7,0.7792667746543884
176,1,1,0.9991713762283325
177,8,8,0.9999864101409912
178,1,1,0.9999984502792358
179,8,8,0.999980092048645
180,1,1,0.999969482421875
181,8,8,0.9999995231628418
182,5,5,0.9999898672103882
183,0,0,1.0
184,8,8,0.997611403465271
185,9,9,0.999721109867096
186,2,2,1.0
187,5,5,0.9999909400939941
188,0,0,1.0
189,1,1,0.9995266199111938
190,1,1,0.9954047203063965
191,1,1,0.9998366832733154
192,0,0,0.9999996423721313
193,9,9,0.7984374165534973
194,0,0,0.9999998807907104
195,3,3,0.9992483258247375
196,1,1,0.9999840259552002
197,6,6,0.9999995231628418
198,4,4,0.9999957084655762
199,2,2,0.9993902444839478
200,3,3,0.9999843835830688
201,6,6,1.0
202,1,1,0.9996423721313477
203,1,1,0.9980894923210144
204,1,1,0.9999403953552246
205,3,3,0.9999986886978149
206,9,9,0.9995133876800537
207,5,5,0.9896078705787659
208,2,2,0.9999997615814209
209,9,9,0.9286710023880005
210,4,4,0.9999991655349731
211,5,5,0.9318640232086182
212,9,9,1.0
213,3,3,0.9999953508377075
214,9,9,0.9942017197608948
215,0,0,0.9999998807907104
216,3,3,1.0
217,6,6,0.9928060173988342
218,5,5,1.0
219,5,5,1.0
220,7,7,0.9999191761016846
221,2,2,0.9997140765190125
222,2,2,0.9999997615814209
223,7,7,0.9999873638153076
224,1,1,0.9966545104980469
225,2,2,0.9997343420982361
226,8,8,0.9999978542327881
227,4,4,0.9999822378158569
228,1,1,0.9995985627174377
229,7,7,0.9999219179153442
230,3,3,0.999998927116394
231,3,3,0.9999972581863403
232,8,8,0.9999493360519409
233,8,8,0.9999988079071045
234,7,7,0.9999209642410278
235,9,9,0.9996787309646606
236,2,2,1.0
237,2,2,1.0
238,4,4,1.0
239,1,1,0.9999381303787231
240,5,5,0.9999971389770508
241,9,9,0.7149056792259216
242,8,8,0.9997393488883972
243,7,7,0.9986892342567444
244,2,2,0.9992146492004395
245,3,3,0.9999498128890991
246,0,0,0.9999997615814209
247,4,4,0.9377548098564148
248,4,4,0.9999979734420776
249,2,2,0.9992039799690247
250,4,4,0.9988300204277039
251,1,1,0.999370276927948
252,9,9,0.9999998807907104
253,5,5,0.9999996423721313
254,7,7,0.9999994039535522
255,7,7,0.9998829364776611
256,2,2,0.9999827146530151
257,8,8,0.9999442100524902
258,2,2,1.0
259,6,6,0.9567219614982605
260,8,8,1.0
261,5,5,0.999998927116394
262,7,7,1.0
263,7,7,0.9999881982803345
264,9,9,0.9665254950523376
265,1,1,0.9999806880950928
266,8,8,0.9908730983734131
267,1,1,0.9999814033508301
268,8,8,0.9999487400054932
269,0,0,0.9999912977218628
270,3,3,0.9999985694885254
271,0,0,1.0
272,1,1,0.999914288520813
273,9,9,0.9995892643928528
274,9,9,0.9999834299087524
275,4,4,0.999993085861206
276,1,1,0.9999948740005493
277,8,8,0.9999996423721313
278,2,2,0.999998927116394
279,1,1,0.99988853931427
280,2,2,0.9999984502792358
281,9,9,0.999998927116394
282,7,7,0.9099196791648865
283,5,5,0.9999997615814209
284,9,9,0.9998257756233215
285,2,2,1.0
286,6,6,0.9998407363891602
287,4,4,0.999998927116394
288,1,1,0.9994860887527466
289,5,5,0.9996771812438965
290,8,8,0.9464487433433533
291,2,2,0.9984768033027649
292,9,9,0.9983447790145874
293,2,2,1.0
294,0,0,0.9999995231628418
295,4,4,0.9999997615814209
296,0,0,1.0
297,0,0,0.9919224977493286
298,2,2,0.9999994039535522
299,8,8,0.9999998807907104
300,4,4,0.9999545812606812
301,7,7,0.9983857870101929
302,1,1,0.9999895095825195
303,2,2,0.9999995231628418
304,4,4,0.9999998807907104
305,0,0,0.9999991655349731
306,2,2,0.9999986886978149
307,7,7,0.9897088408470154
308,4,4,0.9999755620956421
309,3,3,1.0
310,3,3,0.9999947547912598
311,0,0,0.9999963045120239
312,0,0,0.9999997615814209
313,3,3,0.9998618364334106
314,1,1,0.9999736547470093
315,9,9,0.9999850988388062
316,6,6,0.9984543323516846
317,5,5,0.9999276399612427
318,2,2,0.9989546537399292
319,5,5,0.9999998807907104
320,9,9,0.8958814144134521
321,2,2,0.7773554921150208
322,9,9,0.9999465942382812
323,3,3,1.0
324,0,0,0.995672881603241
325,4,4,0.9999841451644897
326,2,2,0.9712725281715393
327,0,0,0.9999890327453613
328,7,7,0.9991970658302307
329,1,1,0.9999936819076538
330,1,1,0.9999731779098511
331,2,2,0.9999998807907104
332,1,1,0.9999982118606567
333,5,5,0.9994460940361023
334,3,3,0.9999997615814209
335,3,3,0.9999878406524658
336,9,9,0.9995438456535339
337,7,7,0.9020708799362183
338,8,8,0.9999579191207886
339,6,6,0.9938843846321106
340,5,3,0.8927041888237
341,6,6,0.9994527697563171
342,1,1,0.9999703168869019
343,3,3,0.9999979734420776
344,8,8,0.9999996423721313
345,1,1,0.9999505281448364
346,0,0,0.9999991655349731
347,5,5,0.9998131394386292
348,1,1,0.9997498393058777
349,3,3,0.9999809265136719
350,1,1,0.9995928406715393
351,5,5,1.0
352,5,5,0.9999974966049194
353,6,6,0.9999997615814209
354,1,1,0.9998832941055298
355,8,8,0.9999957084655762
356,5,5,1.0
357,1,1,0.9938192963600159
358,7,7,0.9985966086387634
359,9,9,0.890216588973999
360,4,4,1.0
361,6,6,1.0
362,2,2,0.9999901056289673
363,2,2,0.9999986886978149
364,5,5,1.0
365,0,0,0.9999960660934448
366,6,6,0.9755520224571228
367,5,5,0.9999998807907104
368,6,6,0.9990676045417786
369,3,3,0.9999691247940063
370,7,7,0.999998927116394
371,2,2,1.0
372,0,0,0.9999591112136841
373,8,8,1.0
374,8,8,0.9999960660934448
375,5,5,1.0
376,4,4,0.9997151494026184
377,1,1,0.9995591044425964
378,1,1,0.9999572038650513
379,4,4,1.0
380,0,0,0.9999202489852905
381,3,3,0.9992097616195679
382,3,3,0.9999998807907104
383,7,7,0.9999991655349731
384,6,6,1.0
385,1,1,0.9999895095825195
386,6,6,0.9997739195823669
387,2,2,1.0
388,1,1,0.9999089241027832
389,9,9,0.9996297359466553
390,2,2,1.0
391,8,8,0.999976396560669
392,6,6,1.0
393,1,1,0.9996503591537476
394,9,9,0.9988669157028198
395,5,5,0.9999940395355225
396,2,2,1.0
397,5,5,0.999664306640625
398,4,4,1.0
399,4,4,0.9999998807907104
400,2,2,0.9999924898147583
401,8,8,0.9999536275863647
402,3,3,1.0
403,8,8,0.9988358616828918
404,2,2,0.9920697212219238
405,4,4,1.0
406,5,5,0.9989485144615173
407,0,0,1.0
408,3,3,0.999885082244873
409,1,1,0.9975334405899048
410,7,7,1.0
411,7,7,0.9967813491821289
412,5,5,0.9998452663421631
413,7,7,0.9999998807907104
414,9,9,0.9997429251670837
415,7,7,0.99978107213974
416,1,1,0.9999939203262329
417,9,9,0.99825519323349
418,2,2,1.0
419,1,1,0.9997969269752502
420,4,4,0.9984233379364014
421,2,2,0.9972309470176697
422,9,9,0.999955415725708
423,2,2,1.0
424,0,0,0.999998927116394
425,4,4,0.9999996423721313
426,9,9,0.9998559951782227
427,1,1,0.9997597336769104
428,4,4,0.999997615814209
429,8,8,1.0
430,1,1,0.9999265670776367
431,8,8,0.9985789060592651
432,4,4,0.9999855756759644
433,5,5,0.9999959468841553
434,9,9,0.999884843826294
435,8,8,0.9934724569320679
436,8,8,0.999879002571106
437,3,3,0.9999995231628418
438,7,7,0.9999845027923584
439,6,6,0.9993577599525452
440,0,0,1.0
441,0,0,0.9999542236328125
442,3,3,0.9999992847442627
443,0,0,0.9999276399612427
444,2,2,0.839249312877655
445,6,6,0.9906225800514221
446,6,6,0.9999691247940063
447,4,4,0.9843048453330994
448,9,9,0.6229503750801086
449,3,5,0.7343077063560486
450,3,3,0.9881327748298645
451,3,3,1.0
452,2,2,0.9999762773513794
453,3,3,1.0
454,9,9,0.9999994039535522
455,1,1,0.9999500513076782
456,2,2,0.9997343420982361
457,6,6,0.9981555342674255
458,8,8,1.0
459,0,0,0.9999935626983643
460,5,5,0.999415397644043
461,6,6,1.0
462,6,6,0.9999905824661255
463,6,6,1.0
464,3,3,0.9999898672103882
465,8,8,0.9999996423721313
466,8,8,0.9999996423721313
467,2,2,0.9999932050704956
468,7,7,0.9997867941856384
469,5,5,0.999935507774353
470,8,8,0.9999959468841553
471,9,9,0.9992231130599976
472,6,6,1.0
473,1,1,0.9995574355125427
474,8,8,0.9999991655349731
475,4,4,0.9999998807907104
476,1,1,0.9999774694442749
477,2,2,0.9999971389770508
478,5,5,0.9997871518135071
479,9,9,0.940521776676178
480,1,1,0.9997691512107849
481,9,9,0.9999929666519165
482,7,7,1.0
483,5,5,0.9999706745147705
484,4,4,0.9999995231628418
485,0,0,0.9999879598617554
486,8,8,0.9999960660934448
487,9,9,0.9999942779541016
488,9,9,0.9990531802177429
489,1,1,0.9999357461929321
490,0,0,0.9995238780975342
491,5,5,0.9999343156814575
492,2,2,0.9049257040023804
493,3,3,1.0
494,7,7,0.9999997615814209
495,8,8,0.9954349398612976
496,9,9,0.9999827146530151
497,4,4,0.9434956908226013
498,0,0,0.9999582767486572
499,6,6,0.9993426203727722
500,3,3,1.0
501,9,9,0.9999995231628418
502,5,5,0.9998513460159302
503,2,2,1.0
504,1,1,0.9994007349014282
505,3,3,0.9999994039535522
506,1,1,0.9993051290512085
507,3,3,0.9999878406524658
508,6,6,0.9996034502983093
509,5,5,0.9998669624328613
510,7,7,0.9995793700218201
511,4,4,0.990517795085907
512,2,2,1.0
513,2,2,1.0
514,6,6,1.0
515,3,3,0.9998787641525269
516,2,2,0.9999998807907104
517,6,6,0.9999996423721313
518,5,5,0.9999958276748657
519,4,4,0.999829888343811
520,8,8,0.9999657869338989
521,9,9,0.9996299743652344
522,7,7,0.990659773349762
523,1,1,0.9942277669906616
524,3,3,0.9999856948852539
525,0,0,0.9999998807907104
526,3,3,0.9999982118606567
527,8,8,0.9999847412109375
528,3,3,0.9999905824661255
529,1,1,0.9999933242797852
530,9,9,0.9952882528305054
531,3,3,0.9999992847442627
532,4,4,0.99993896484375
533,4,4,1.0
534,6,6,0.9999964237213135
535,4,4,1.0
536,2,2,0.998873770236969
537,1,1,0.9999384880065918
538,8,8,0.999929666519165
539,2,2,0.99998939037323
540,5,5,0.9999727010726929
541,4,4,0.9999997615814209
542,8,8,0.9992509484291077
543,8,8,0.9941621422767639
544,4,4,0.9999998807907104
545,0,0,0.9999895095825195
546,0,0,1.0
547,2,2,0.9959216117858887
548,3,3,0.9999979734420776
549,2,2,1.0
550,7,7,0.9897153973579407
551,7,7,0.9584408402442932
552,0,0,0.9995524287223816
553,8,8,0.9999444484710693
554,7,7,0.9999994039535522
555,4,4,0.9999977350234985
556,4,4,1.0
557,7,7,0.9983483552932739
558,9,9,0.9999786615371704
559,6,6,1.0
560,9,9,0.9999788999557495
561,0,0,0.9956912398338318
562,9,9,0.9999831914901733
563,8,8,0.9999109506607056
564,0,0,0.9999983310699463
565,4,4,0.9999297857284546
566,6,6,0.9995686411857605
567,0,0,0.9999974966049194
568,6,6,0.999985933303833
569,3,3,1.0
570,5,5,0.9999995231628418
571,4,4,0.8888834118843079
572,8,8,0.9999915361404419
573,3,3,1.0
574,3,3,0.9999970197677612
575,9,9,0.9999741315841675
576,3,3,1.0
577,3,3,1.0
578,3,3,0.999982476234436
579,7,7,1.0
580,8,8,0.9999816417694092
581,0,0,0.9999604225158691
582,8,2,0.9798789024353027
583,2,7,0.5798490643501282
584,1,1,0.9999878406524658
585,7,7,1.0
586,0,0,0.9999955892562866
587,6,6,0.9999994039535522
588,5,5,0.9999995231628418
589,4,4,0.9999998807907104
590,3,3,1.0
591,8,8,0.9995694756507874
592,0,0,1.0
593,9,9,0.9732348322868347
594,6,6,0.9999864101409912
595,3,3,0.9999994039535522
596,8,8,0.9999953508377075
597,0,0,0.9881694316864014
598,9,9,0.999884843826294
599,9,9,0.9999985694885254
600,6,6,0.9999998807907104
601,8,8,0.9999982118606567
602,6,6,1.0
603,8,8,0.9999821186065674
604,5,5,1.0
605,7,7,0.9898567199707031
606,8,8,1.0
607,6,6,1.0
608,0,0,0.9999942779541016
609,2,2,0.9999997615814209
610,4,4,0.999998927116394
611,0,0,0.9999977350234985
612,2,2,1.0
613,2,2,0.998129665851593
614,3,3,0.9999997615814209
615,1,1,0.9999845027923584
616,9,9,0.999994158744812
617,7,7,0.9999598264694214
618,5,5,0.9999967813491821
619,1,1,0.9215483665466309
620,0,0,0.9999986886978149
621,8,8,0.9999984502792358
622,4,4,1.0
623,6,6,0.9999992847442627
624,2,2,0.9998595714569092
625,6,6,0.999955415725708
626,7,7,0.9999998807907104
627,9,9,0.9994872808456421
628,3,3,1.0
629,2,2,0.899729311466217
630,9,9,0.9999760389328003
631,8,8,1.0
632,2,2,0.9999997615814209
633,2,2,1.0
634,9,9,1.0
635,2,2,0.9983286261558533
636,7,7,1.0
637,3,3,0.9997106194496155
638,5,5,0.9999990463256836
639,9,9,0.9999346733093262
640,1,1,0.999945878982544
641,8,8,0.9999972581863403
642,0,0,0.9997683167457581
643,2,2,1.0
644,0,0,1.0
645,5,5,0.9872876405715942
646,2,2,0.6206215620040894
647,1,1,0.9999854564666748
648,3,3,1.0
649,7,7,0.999929666519165
650,6,6,0.9996837377548218
651,7,7,0.9999966621398926
652,1,1,0.9999899864196777
653,2,2,0.9999995231628418
654,5,5,0.9998366832733154
655,8,8,0.9970685839653015
656,0,0,1.0
657,3,3,1.0
658,7,7,0.9993174076080322
659,2,1,0.5472731590270996
660,4,4,1.0
661,0,0,0.9999914169311523
662,9,9,0.9999990463256836
663,1,1,0.9999967813491821
664,8,8,1.0
665,6,6,1.0
666,7,7,0.9997676014900208
667,7,7,0.9776127934455872
668,4,4,1.0
669,3,3,1.0
670,4,4,0.9999970197677612
671,9,9,0.9995833039283752
672,1,1,0.9999899864196777
673,9,9,0.9999953508377075
674,5,5,0.8353402614593506
675,1,1,0.999980092048645
676,7,7,0.9998843669891357
677,3,3,0.9999990463256836
678,9,9,0.9999860525131226
679,7,7,0.9999921321868896
680,6,6,1.0
681,9,9,1.0
682,1,1,0.9997783303260803
683,3,3,0.9999841451644897
684,7,3,0.945814847946167
685,8,8,0.9597466588020325
686,3,3,1.0
687,3,3,1.0
688,6,6,0.9993676543235779
689,7,7,0.9475216269493103
690,2,2,0.9999688863754272
691,8,8,0.9971482157707214
692,5,5,0.995320737361908
693,8,8,0.9999984502792358
694,5,5,0.9999988079071045
695,1,1,0.9999246597290039
696,1,1,0.997616171836853
697,4,4,1.0
698,4,4,0.9994345307350159
699,3,3,0.999991774559021
700,1,1,0.9999958276748657
701,0,0,0.9999994039535522
702,7,7,0.9986009001731873
703,7,7,0.9999101161956787
704,0,0,0.9999988079071045
705,7,7,0.999995231628418
706,9,9,0.9999992847442627
707,4,4,0.9899452328681946
708,4,4,0.9999996423721313
709,8,8,0.9999997615814209
710,5,5,1.0
711,5,5,0.9999998807907104
712,4,4,0.9997851252555847
713,0,0,0.9999951124191284
714,8,8,1.0
715,2,2,0.9998205304145813
716,1,1,0.9848166108131409
717,0,0,0.8446753025054932
718,8,8,0.9999961853027344
719,4,4,0.9999998807907104
720,5,5,0.9586649537086487
721,0,0,0.9999949932098389
722,4,4,1.0
723,0,0,0.9999955892562866
724,6,6,0.9999998807907104
725,1,1,0.999971866607666
726,7,5,0.6279138326644897
727,3,3,1.0
728,2,2,0.9999908208847046
729,6,6,0.9999978542327881
730,7,7,0.9999831914901733
731,2,2,1.0
732,6,6,1.0
733,9,9,0.9999794960021973
734,3,3,1.0
735,1,1,0.9999926090240479
736,4,4,0.9999942779541016
737,6,6,0.9999953508377075
738,2,2,0.9999743700027466
739,5,5,0.999961256980896
740,4,9,0.6736656427383423
741,2,2,0.9999973773956299
742,0,0,1.0
743,6,6,0.9999731779098511
744,2,2,1.0
745,1,1,0.9998635053634644
746,7,7,0.9986591339111328
747,3,3,1.0
748,4,4,0.9997938275337219
749,1,1,0.9997647404670715
750,0,0,0.9999984502792358
751,5,5,1.0
752,4,4,0.9999997615814209
753,3,3,0.9999995231628418
754,1,1,0.9999940395355225
755,1,1,0.9999687671661377
756,7,7,0.999988317489624
757,4,4,0.9999998807907104
758,9,9,0.9999818801879883
759,9,9,0.9998718500137329
760,4,4,0.942538857460022
761,8,8,0.9995062351226807
762,4,4,0.9999998807907104
763,0,0,0.9999992847442627
764,2,2,1.0
765,4,4,0.9999980926513672
766,5,5,0.9999711513519287
767,1,1,0.9975031018257141
768,1,1,0.9999912977218628
769,6,6,0.9998289346694946
770,4,4,1.0
771,7,7,0.9988839030265808
772,1,1,0.9997842907905579
773,9,9,0.9999974966049194
774,4,4,0.9966712594032288
775,2,2,0.9999905824661255
776,4,4,1.0
777,1,1,0.9999861717224121
778,5,5,1.0
779,5,5,1.0
780,3,3,0.9999827146530151
781,8,8,0.9999417066574097
782,3,3,0.9999974966049194
783,1,1,0.9998797178268433
784,4,4,0.9999998807907104
785,5,5,0.9997190833091736
786,6,6,0.7856916785240173
787,8,8,0.9999995231628418
788,9,9,0.9999637603759766
789,4,4,0.9999860525131226
790,1,1,0.9999582767486572
791,5,5,0.9999018907546997
792,3,3,1.0
793,8,8,0.9999998807907104
794,0,0,1.0
795,3,3,0.9999978542327881
796,2,2,1.0
797,5,5,0.990313708782196
798,1,1,0.9999823570251465
799,2,2,1.0
800,8,8,0.9999173879623413
801,3,3,0.9999998807907104
802,4,4,0.9999998807907104
803,4,4,1.0
804,0,0,0.9999998807907104
805,8,8,1.0
806,8,8,1.0
807,3,3,1.0
808,3,3,0.9999983310699463
809,1,1,0.9996053576469421
810,7,7,0.9876426458358765
811,3,3,1.0
812,5,5,1.0
813,9,8,0.689957320690155
814,6,6,0.9999991655349731
815,3,3,0.9999979734420776
816,2,2,0.999995231628418
817,6,6,0.9995452761650085
818,1,1,0.9998884201049805
819,3,3,1.0
820,6,6,0.9999998807907104
821,0,0,0.9999244213104248
822,7,7,0.9999998807907104
823,2,2,0.9999850988388062
824,1,1,0.9999715089797974
825,7,7,0.9999948740005493
826,1,1,0.9999972581863403
827,4,4,0.9999641180038452
828,2,2,0.999691367149353
829,4,4,0.994853675365448
830,2,2,0.9999979734420776
831,1,1,0.9998993873596191
832,7,7,0.9995742440223694
833,9,9,0.9996752738952637
834,6,6,0.9998250603675842
835,1,1,0.9998977184295654
836,1,1,0.9998865127563477
837,2,2,0.9999988079071045
838,4,4,1.0
839,8,8,0.9972171783447266
840,1,1,0.9990689158439636
841,7,7,0.9999985694885254
842,7,7,0.9991044402122498
843,4,4,1.0
844,8,8,0.9956915974617004
845,0,0,1.0
846,7,7,0.954731285572052
847,3,3,0.9999998807907104
848,1,1,0.9998743534088135
849,3,3,1.0
850,1,1,0.9998314380645752
851,0,0,0.9999995231628418
852,7,7,0.9999966621398926
853,7,7,0.9999885559082031
854,0,0,0.9999996423721313
855,3,3,1.0
856,5,5,0.9999996423721313
857,5,5,0.9994403719902039
858,2,2,1.0
859,7,7,0.9999630451202393
860,6,6,1.0
861,6,6,1.0
862,9,9,0.9998026490211487
863,2,2,0.9999098777770996
864,8,8,0.9999998807907104
865,3,3,0.9999994039535522
866,5,5,0.9992145299911499
867,2,2,0.9999997615814209
868,2,2,0.9999996423721313
869,5,5,1.0
870,6,6,0.9915873408317566
871,0,0,0.9999998807907104
872,8,8,0.9999959468841553
873,2,2,0.9999998807907104
874,9,9,0.9909710884094238
875,2,2,0.9994327425956726
876,8,8,0.9999997615814209
877,8,8,0.9973551034927368
878,8,8,0.9999828338623047
879,8,8,0.9999984502792358
880,7,7,0.9999951124191284
881,4,4,0.9613322019577026
882,9,7,0.6963716149330139
883,3,3,0.95625901222229
884,0,0,0.9999998807907104
885,6,6,0.9948731064796448
886,6,6,1.0
887,3,3,1.0
888,2,2,0.9999901056289673
889,1,1,0.9999916553497314
890,3,3,0.9996885061264038
891,2,2,0.9999995231628418
892,2,2,1.0
893,9,9,0.9999667406082153
894,3,3,0.9999037981033325
895,0,0,0.9943945407867432
896,0,0,0.9999163150787354
897,5,5,0.9999996423721313
898,7,7,0.9181166887283325
899,8,8,1.0
900,1,1,0.8608300685882568
901,4,4,1.0
902,4,4,0.9975449442863464
903,6,6,0.9999953508377075
904,0,0,0.9999998807907104
905,2,2,1.0
906,9,9,0.9999827146530151
907,1,1,0.9984489679336548
908,4,4,0.9999960660934448
909,7,7,0.9999961853027344
910,4,4,0.9999997615814209
911,7,7,0.9999973773956299
912,3,3,1.0
913,9,9,0.999958872795105
914,8,8,1.0
915,8,8,0.9999850988388062
916,4,4,0.9999997615814209
917,7,7,0.9999995231628418
918,1,1,0.9992021918296814
919,2,2,0.9999998807907104
920,1,1,0.9998759031295776
921,2,2,1.0
922,2,2,0.9994200468063354
923,3,3,1.0
924,2,2,0.4816713035106659
925,3,3,1.0
926,2,2,0.9924203753471375
927,3,3,1.0
928,9,9,0.9999057054519653
929,1,1,0.9999291896820068
930,7,7,0.99957674741745
931,4,4,0.9999892711639404
932,0,0,0.9999833106994629
933,3,3,0.9999992847442627
934,5,5,0.9999998807907104
935,5,5,0.9999676942825317
936,8,8,0.9999290704727173
937,6,6,1.0
938,3,3,0.9530306458473206
939,2,2,0.9987660646438599
940,6,6,0.9997376799583435
941,7,7,0.9999998807907104
942,6,6,0.9999995231628418
943,6,6,0.9998620748519897
944,3,3,0.9999910593032837
945,2,2,0.9999998807907104
946,7,7,0.9992884397506714
947,8,9,0.6423245072364807
948,1,1,0.9998927116394043
949,1,1,0.9999738931655884
950,7,7,0.998856782913208
951,5,5,0.9999737739562988
952,6,6,0.9999626874923706
953,4,4,0.9999985694885254
954,9,9,0.9999889135360718
955,5,5,0.9996750354766846
956,1,1,0.9913167953491211
957,3,3,0.9983915686607361
958,3,3,0.8154244422912598
959,4,4,0.999958872795105
960,7,7,0.996964156627655
961,8,8,0.9999998807907104
962,9,9,0.9926103949546814
963,1,1,0.9992910623550415
964,1,1,0.9984145164489746
965,6,6,0.9606810212135315
966,9,9,0.9213607311248779
967,1,1,0.999980092048645
968,4,4,0.9999618530273438
969,4,4,0.9995771050453186
970,5,5,0.9999369382858276
971,4,4,0.9999997615814209
972,0,0,1.0
973,6,6,1.0
974,2,2,1.0
975,2,2,0.9999830722808838
976,3,3,0.9999498128890991
977,1,1,0.9994794726371765
978,5,5,0.9999995231628418
979,1,1,0.9999854564666748
980,2,2,1.0
981,0,0,0.9999959468841553
982,3,3,0.9995935559272766
983,8,8,0.9999977350234985
984,1,1,0.9994565844535828
985,2,2,0.9999996423721313
986,6,6,0.9999980926513672
987,7,7,0.9999967813491821
988,1,1,0.999446451663971
989,6,6,0.9999947547912598
990,2,2,0.9999994039535522
991,3,3,1.0
992,9,9,0.9967461824417114
993,0,0,0.9999986886978149
994,1,1,0.9999040365219116
995,2,2,0.9999967813491821
996,2,2,1.0
997,0,0,1.0
998,8,8,0.9999939203262329
999,9,9,0.9995211362838745
1000,9,9,0.9985382556915283
1001,0,0,0.9999909400939941
1002,2,2,0.9504038095474243
1003,5,5,0.9453157186508179
1004,1,1,0.9998382329940796
1005,9,9,0.9999438524246216
1006,7,7,0.9998759031295776
1007,8,8,0.9999951124191284
1008,1,1,0.9999969005584717
1009,0,0,0.9999525547027588
1010,4,4,0.999996542930603
1011,1,1,0.9999932050704956
1012,7,7,0.8811851739883423
1013,9,9,0.9999344348907471
1014,6,5,0.8881208896636963
1015,4,4,0.9998031258583069
1016,2,2,0.9999996423721313
1017,6,6,0.9999685287475586
1018,8,8,0.9999996423721313
1019,1,1,0.9980523586273193
1020,3,3,0.9999997615814209
1021,7,7,0.9996284246444702
1022,5,5,0.9999775886535645
1023,4,4,1.0
1024,4,4,0.9999899864196777
1025,1,1,0.9999724626541138
1026,8,8,0.9998438358306885
1027,1,1,0.9998421669006348
1028,3,3,1.0
1029,8,8,0.9999990463256836
1030,1,1,0.9998106360435486
1031,2,2,0.9999998807907104
1032,5,5,0.9944339394569397
1033,8,8,0.9423015713691711
1034,0,0,0.9999974966049194
1035,6,6,0.9999997615814209
1036,2,2,1.0
1037,1,1,0.9999444484710693
1038,1,1,0.9999785423278809
1039,7,3,0.6835008859634399
1040,1,1,0.9998917579650879
1041,5,5,1.0
1042,3,3,0.9999995231628418
1043,4,4,0.9999997615814209
1044,6,6,0.9621117115020752
1045,9,9,0.9559827446937561
1046,5,5,0.9999982118606567
1047,0,0,0.9999998807907104
1048,9,9,0.9998711347579956
1049,2,2,1.0
1050,2,2,0.9993420243263245
1051,4,4,0.9999511241912842
1052,8,8,0.9999998807907104
1053,2,2,1.0
1054,1,1,0.9997203946113586
1055,7,7,0.9998922348022461
1056,2,2,0.9993653893470764
1057,4,4,0.9999997615814209
1058,9,9,0.9999803304672241
1059,4,4,0.9999995231628418
1060,4,4,0.9999998807907104
1061,0,0,0.9997394680976868
1062,3,3,0.9999676942825317
1063,9,9,0.9999743700027466
1064,2,2,0.9999980926513672
1065,2,2,0.9999939203262329
1066,3,3,0.999996542930603
1067,3,3,0.9999997615814209
1068,8,8,0.9894461035728455
1069,3,3,0.9999990463256836
1070,5,5,1.0
1071,7,7,0.9999865293502808
1072,3,3,0.999305248260498
1073,5,5,0.9999980926513672
1074,8,8,1.0
1075,1,1,0.9994984865188599
1076,2,2,0.9999986886978149
1077,4,4,0.9999544620513916
1078,4,4,0.9999996423721313
1079,6,6,0.9999998807907104
1080,4,4,0.9998706579208374
1081,9,9,0.9764358401298523
1082,5,5,0.9903016090393066
1083,1,1,0.9999839067459106
1084,0,0,1.0
1085,6,6,0.9999873638153076
1086,9,9,0.9999908208847046
1087,5,5,0.9999796152114868
1088,9,9,0.9999997615814209
1089,5,5,0.9995483756065369
1090,9,9,0.962459146976471
1091,7,7,0.9999947547912598
1092,3,3,0.9999977350234985
1093,8,8,0.9999734163284302
1094,0,0,1.0
1095,3,3,0.9999998807907104
1096,7,7,0.999998927116394
1097,1,1,0.9999549388885498
1098,3,3,0.9999911785125732
1099,6,6,0.9999289512634277
1100,7,7,0.9999979734420776
1101,8,8,0.9914714694023132
1102,5,5,1.0
1103,9,9,0.9993416666984558
1104,7,7,0.999997615814209
1105,9,9,0.9999942779541016
1106,6,6,1.0
1107,9,9,0.9989351630210876
1108,6,6,0.9976218342781067
1109,3,3,0.9999992847442627
1110,7,7,1.0
1111,4,4,0.9999973773956299
1112,4,6,0.969606876373291
1113,5,5,1.0
1114,3,3,0.9275719523429871
1115,5,5,0.9999899864196777
1116,4,4,0.9998196959495544
1117,7,7,0.9999762773513794
1118,8,8,0.9999940395355225
1119,7,7,0.9984490871429443
1120,8,8,0.999997615814209
1121,0,0,0.99952232837677
1122,7,7,0.9997432827949524
1123,6,6,1.0
1124,8,8,0.9943443536758423
1125,8,8,0.9999563694000244
1126,7,7,0.9999969005584717
1127,3,3,1.0
1128,3,3,0.9999113082885742
1129,1,1,0.9999046325683594
1130,9,9,0.9997977614402771
1131,5,5,0.9999996423721313
1132,2,2,1.0
1133,7,7,0.9999361038208008
1134,3,3,0.9999984502792358
1135,5,5,0.9999996423721313
1136,1,1,0.9990610480308533
1137,1,1,0.999836802482605
1138,2,2,0.9996380805969238
1139,1,1,0.9998737573623657
1140,4,4,0.9999997615814209
1141,7,7,0.9999896287918091
1142,4,4,0.9999997615814209
1143,7,7,0.9930005073547363
1144,5,5,0.9999980926513672
1145,4,4,0.999967098236084
1146,5,5,0.9999808073043823
1147,4,4,0.9999943971633911
1148,0,0,0.999998927116394
1149,8,8,0.9999998807907104
1150,3,3,0.9999964237213135
1151,6,6,0.9969757795333862
1152,9,9,0.9999555349349976
1153,6,6,0.999941349029541
1154,0,0,0.9999994039535522
1155,2,2,0.9999986886978149
1156,7,7,0.517536461353302
1157,4,4,0.9995765089988708
1158,4,4,1.0
1159,4,4,0.9998750686645508
1160,4,4,1.0
1161,6,6,0.9999072551727295
1162,6,6,1.0
1163,4,4,0.9999896287918091
1164,7,7,0.9999490976333618
1165,9,9,0.999882698059082
1166,3,3,0.8469468355178833
1167,4,4,0.9998206496238708
1168,5,5,0.9999997615814209
1169,5,5,0.9983423948287964
1170,8,8,1.0
1171,7,7,0.9999853372573853
1172,3,3,1.0
1173,7,7,0.9953948855400085
1174,2,2,1.0
1175,7,7,0.9999988079071045
1176,0,0,0.9999991655349731
1177,2,2,1.0
1178,4,4,0.9912182688713074
1179,1,1,0.9999899864196777
1180,1,1,0.9999947547912598
1181,6,6,0.9351418018341064
1182,6,6,0.5941373705863953
1183,9,9,0.9999319314956665
1184,2,2,0.9991266131401062
1185,8,8,0.9999955892562866
1186,7,7,1.0
1187,2,2,0.999116837978363
1188,0,0,0.9999951124191284
1189,1,1,0.9997418522834778
1190,5,5,0.999992847442627
1191,0,0,0.99506676197052
1192,9,9,0.9924941062927246
1193,1,1,0.9999887943267822
1194,7,7,0.9913507699966431
1195,0,0,0.9999843835830688
1196,6,6,0.9999963045120239
1197,0,0,0.9999997615814209
1198,8,8,0.9999974966049194
1199,6,6,0.9999685287475586
1200,8,8,0.9999767541885376
1201,1,1,0.9997053742408752
1202,8,8,0.9922640323638916
1203,0,0,1.0
1204,3,3,0.9999995231628418
1205,3,3,1.0
1206,7,7,0.962302565574646
1207,2,2,1.0
1208,3,3,0.9999994039535522
1209,6,6,0.9986616373062134
1210,2,2,1.0
1211,1,1,0.9997076392173767
1212,6,6,0.9995636343955994
1213,1,1,0.9999834299087524
1214,1,1,0.9993773102760315
1215,3,3,0.9999997615814209
1216,7,7,0.9963434338569641
1217,9,9,0.9970557689666748
1218,0,0,0.9999850988388062
1219,8,8,0.9999737739562988
1220,0,0,0.999998927116394
1221,5,5,0.9998313188552856
1222,4,4,1.0
1223,0,0,0.9999984502792358
1224,2,2,0.6105270981788635
1225,8,8,0.9999998807907104
1226,7,2,0.7021878957748413
1227,2,2,0.9999992847442627
1228,9,9,0.9998040795326233
1229,8,8,0.9999923706054688
1230,4,4,0.9999887943267822
1231,0,0,0.9999986886978149
1232,9,4,0.946782648563385
1233,5,5,0.9999970197677612
1234,8,8,0.9999257326126099
1235,5,5,0.9999748468399048
1236,1,1,0.9997010231018066
1237,2,2,0.9999922513961792
1238,1,1,0.9999960660934448
1239,3,3,0.9997288584709167
1240,1,1,0.9991196990013123
1241,7,7,0.9999986886978149
1242,4,9,0.8326700925827026
1243,5,5,0.9999932050704956
1244,7,7,0.9996269941329956
1245,2,2,1.0
1246,0,0,0.9999966621398926
1247,9,5,0.8914532661437988
1248,8,8,0.9999555349349976
1249,8,8,1.0
1250,6,6,0.9998010993003845
1251,2,2,0.9999104738235474
1252,5,5,0.9998294115066528
1253,4,4,0.9993733763694763
1254,1,1,0.9998660087585449
1255,9,9,0.999991774559021
1256,2,2,0.9999688863754272
1257,1,1,0.9999605417251587
1258,5,5,0.9970666766166687
1259,8,8,0.9999920129776001
1260,7,1,0.9443550705909729
1261,0,0,1.0
1262,2,2,0.999990701675415
1263,4,4,0.9999911785125732
1264,4,4,0.9996333122253418
1265,3,3,0.9999994039535522
1266,6,6,0.9999821186065674
1267,8,8,0.9999998807907104
1268,8,8,1.0
1269,2,2,0.9999815225601196
1270,4,4,0.9943962097167969
1271,0,0,0.9999898672103882
1272,5,5,0.9994144439697266
1273,0,0,0.9997500777244568
1274,4,4,0.9989960789680481
1275,4,4,0.9998605251312256
1276,7,7,0.9999275207519531
1277,9,9,0.9999291896820068
1278,3,3,1.0
1279,4,4,0.9992489218711853
1280,1,1,0.9999837875366211
1281,5,5,0.9997755885124207
1282,9,9,0.9992921352386475
1283,7,7,0.999997615814209
1284,3,3,1.0
1285,5,5,1.0
1286,8,8,0.9999988079071045
1287,8,8,0.9999927282333374
1288,0,0,0.9999861717224121
1289,5,5,0.9480020999908447
1290,3,3,0.9897398948669434
1291,3,3,1.0
1292,6,6,0.9928855299949646
1293,6,6,1.0
1294,0,0,1.0
1295,1,1,0.9999773502349854
1296,6,6,0.9974549412727356
1297,0,0,1.0
1298,3,3,0.9999978542327881
1299,5,5,0.6971467733383179
1300,4,4,0.9998946189880371
1301,4,4,0.9999330043792725
1302,1,1,0.9998695850372314
1303,2,2,0.999998927116394
1304,9,9,0.9999709129333496
1305,1,1,0.9999642372131348
1306,4,4,1.0
1307,6,6,0.9999997615814209
1308,9,9,0.9999873638153076
1309,9,9,0.9999890327453613
1310,3,3,0.9999755620956421
1311,9,9,0.9984967708587646
1312,8,8,0.9999724626541138
1313,4,4,0.9999998807907104
1314,4,4,1.0
1315,3,3,0.9999936819076538
1316,1,1,0.9999896287918091
1317,3,3,1.0
1318,1,1,0.99460369348526
1319,8,0,0.7907754778862
1320,8,8,0.9998205304145813
1321,7,7,0.999897837638855
1322,9,9,0.9999713897705078
1323,4,4,1.0
1324,8,8,0.9999792575836182
1325,8,8,0.9999899864196777
1326,7,7,0.9304175972938538
1327,9,9,0.9997125267982483
1328,7,7,0.9933064579963684
1329,1,1,0.9999762773513794
1330,4,4,0.9999961853027344
1331,5,5,0.9980283379554749
1332,6,6,1.0
1333,0,0,1.0
1334,5,5,0.9995104074478149
1335,2,2,0.9998741149902344
1336,2,2,0.9999997615814209
1337,2,2,0.9992274045944214
1338,1,1,0.9999184608459473
1339,5,5,0.9999680519104004
1340,5,5,0.999970555305481
1341,2,2,0.9999998807907104
1342,4,4,1.0
1343,9,9,0.9999454021453857
1344,6,6,0.9982686042785645
1345,2,2,0.9999940395355225
1346,7,7,0.9999945163726807
1347,7,7,0.9999822378158569
1348,2,2,1.0
1349,2,2,0.942234456539154
1350,1,1,0.9999939203262329
1351,1,1,0.9998819828033447
1352,2,2,0.9999840259552002
1353,8,8,0.9999971389770508
1354,3,3,0.9999982118606567
1355,7,7,0.9989572763442993
1356,2,2,0.999698281288147
1357,4,4,0.9999768733978271
1358,1,1,0.9999904632568359
1359,7,7,0.9999990463256836
1360,1,1,0.999921441078186
1361,7,7,0.9999889135360718
1362,6,6,1.0
1363,7,7,0.99970942735672
1364,8,8,0.9994421601295471
1365,2,2,0.9991297125816345
1366,7,7,0.9999606609344482
1367,3,3,1.0
1368,1,1,0.9994266033172607
1369,7,7,1.0
1370,5,5,0.9999964237213135
1371,8,8,0.9999998807907104
1372,2,2,0.9999942779541016
1373,6,6,1.0
1374,2,2,0.9999998807907104
1375,2,2,0.9999995231628418
1376,5,5,1.0
1377,6,6,0.999471127986908
1378,5,5,0.9974364638328552
1379,0,0,1.0
1380,9,9,0.9994685053825378
1381,2,2,1.0
1382,4,4,1.0
1383,3,3,0.9982605576515198
1384,3,3,1.0
1385,9,9,0.9928779006004333
1386,7,7,0.9999997615814209
1387,6,6,0.9999980926513672
1388,6,6,1.0
1389,8,8,1.0
1390,0,0,0.9999986886978149
1391,4,4,0.9999998807907104
1392,1,1,0.9996570348739624
1393,5,3,0.9980290532112122
1394,8,8,0.9980469942092896
1395,2,2,0.9033495783805847
1396,9,9,0.9999887943267822
1397,1,1,0.9998136162757874
1398,8,8,0.9999643564224243
1399,0,0,0.9999990463256836
1400,6,6,0.9999608993530273
1401,7,7,0.9999985694885254
1402,2,2,0.9878265261650085
1403,1,1,0.8727268576622009
1404,0,0,0.9999861717224121
1405,5,5,0.999904990196228
1406,5,5,0.9992751479148865
1407,2,2,1.0
1408,0,0,1.0
1409,2,2,0.9999918937683105
1410,2,2,0.9999872446060181
1411,0,0,0.999089241027832
1412,2,2,0.9999823570251465
1413,4,4,0.9999871253967285
1414,9,3,0.9191797375679016
1415,8,8,0.9999120235443115
1416,0,0,0.9999998807907104
1417,9,9,0.9999390840530396
1418,9,9,0.999985933303833
1419,4,4,0.9999994039535522
1420,6,6,1.0
1421,5,5,1.0
1422,4,4,0.9999959468841553
1423,9,9,0.9999434947967529
1424,1,1,0.9999191761016846
1425,8,8,0.8456052541732788
1426,3,3,1.0
1427,4,4,0.9999971389770508
1428,9,9,0.9998852014541626
1429,9,9,0.8510525822639465
1430,1,1,0.9999974966049194
1431,2,2,0.9999994039535522
1432,2,2,1.0
1433,8,8,0.9815846681594849
1434,1,1,0.9999973773956299
1435,9,9,0.9681443572044373
1436,6,6,0.99832683801651
1437,4,4,0.9999821186065674
1438,0,0,0.9998456239700317
1439,9,9,0.9997878670692444
1440,4,4,0.9979065656661987
1441,8,8,0.9999037981033325
1442,3,3,1.0
1443,8,8,1.0
1444,6,6,0.9999983310699463
1445,0,0,0.9999998807907104
1446,2,2,0.9999994039535522
1447,5,5,0.9992294311523438
1448,1,1,0.9998564720153809
1449,9,9,0.999998927116394
1450,6,6,1.0
1451,2,2,0.9999946355819702
1452,9,9,0.9999996423721313
1453,4,4,0.9951110482215881
1454,0,0,0.9998615980148315
1455,9,9,0.9994009733200073
1456,6,6,0.9999834299087524
1457,0,0,1.0
1458,6,6,0.9999951124191284
1459,2,3,0.7332931756973267
1460,5,5,0.9999959468841553
1461,4,4,1.0
1462,2,2,0.9999455213546753
1463,3,3,0.9999994039535522
1464,8,8,0.9991825222969055
1465,4,4,0.9994208812713623
1466,5,5,0.9996365308761597
1467,5,5,0.9999957084655762
1468,0,0,0.9997146725654602
1469,3,3,0.9997757077217102
1470,8,8,0.9999996423721313
1471,5,5,1.0
1472,3,3,0.9999294281005859
1473,5,5,0.9999983310699463
1474,8,8,0.9999452829360962
1475,6,6,0.9986525177955627
1476,5,5,0.9997007846832275
1477,7,7,0.9999414682388306
1478,6,6,0.9999896287918091
1479,3,3,1.0
1480,3,3,1.0
1481,9,9,0.9999666213989258
1482,6,6,0.9997944235801697
1483,1,1,0.9999221563339233
1484,1,1,0.9999527931213379
1485,2,2,1.0
1486,9,9,0.9999685287475586
1487,0,0,0.9999994039535522
1488,4,4,1.0
1489,3,3,0.9999929666519165
1490,3,3,0.9998793601989746
1491,6,6,1.0
1492,9,9,0.9993605017662048
1493,5,5,0.9999998807907104
1494,7,7,0.999997615814209
1495,3,3,0.999993085861206
1496,7,7,0.9987359642982483
1497,7,7,0.9999997615814209
1498,7,7,1.0
1499,8,8,0.9999991655349731
1500,7,7,0.9556930065155029
1501,9,9,0.9999247789382935
1502,8,8,0.9995219707489014
1503,3,3,0.9999918937683105
1504,0,0,0.9999995231628418
1505,7,7,0.9994531273841858
1506,2,2,1.0
1507,7,7,0.9999520778656006
1508,9,9,0.9992450475692749
1509,4,4,0.9719938039779663
1510,5,5,0.9999580383300781
1511,4,4,0.9999845027923584
1512,9,9,0.9999920129776001
1513,3,3,0.9999918937683105
1514,2,2,0.9998624324798584
1515,1,1,0.9999246597290039
1516,4,4,0.9997908473014832
1517,0,0,1.0
1518,2,2,0.9999983310699463
1519,3,3,1.0
1520,7,7,0.9995620846748352
1521,5,5,1.0
1522,7,7,0.7292042970657349
1523,8,8,0.9999115467071533
1524,8,8,0.9999970197677612
1525,5,5,0.9999961853027344
1526,0,0,0.9999994039535522
1527,1,1,0.9811748266220093
1528,1,1,0.9999773502349854
1529,4,4,1.0
1530,8,8,0.9948117733001709
1531,3,3,0.9938269257545471
1532,9,9,0.999954104423523
1533,0,0,0.9999555349349976
1534,0,0,0.9999974966049194
1535,0,0,0.9999996423721313
1536,6,6,0.9999988079071045
1537,6,6,0.9999991655349731
1538,2,2,0.9999326467514038
1539,3,3,1.0
1540,7,7,0.9999996423721313
1541,8,8,0.9999998807907104
1542,4,4,1.0
1543,7,7,0.9219889640808105
1544,7,7,1.0
1545,9,9,0.9999759197235107
1546,2,2,0.9999961853027344
1547,4,4,0.9998953342437744
1548,1,1,0.9998596906661987
1549,4,4,0.843389630317688
1550,5,5,0.999998927116394
1551,2,2,0.996467113494873
1552,4,4,0.9992873072624207
1553,9,9,0.5737194418907166
1554,9,9,0.7977770566940308
1555,1,1,0.9999271631240845
1556,8,8,1.0
1557,4,4,0.9999995231628418
1558,0,0,0.9999535083770752
1559,9,9,0.7740116119384766
1560,8,8,1.0
1561,4,4,0.9999997615814209
1562,8,8,0.999984860420227
1563,7,7,0.9999992847442627
1564,7,7,0.9999847412109375
1565,0,0,0.9999992847442627
1566,7,7,0.9987216591835022
1567,8,8,1.0
1568,8,8,0.999972939491272
1569,6,6,0.9999630451202393
1570,0,0,0.9993756413459778
1571,4,4,0.9996931552886963
1572,8,8,0.9999997615814209
1573,8,8,0.9999985694885254
1574,2,2,1.0
1575,4,4,1.0
1576,7,7,0.9997449517250061
1577,6,6,0.9999998807907104
1578,6,6,1.0
1579,6,6,0.9998176693916321
1580,4,4,0.9999810457229614
1581,7,7,0.9961338043212891
1582,1,1,0.9999761581420898
1583,8,8,0.9997674822807312
1584,8,8,0.999947190284729
1585,2,2,0.9999998807907104
1586,3,3,0.9999961853027344
1587,6,6,0.9999426603317261
1588,3,3,1.0
1589,0,0,0.9999741315841675
1590,0,0,0.9999972581863403
1591,3,3,0.9999887943267822
1592,7,7,0.9999889135360718
1593,6,6,0.99992835521698
1594,9,9,0.9998428821563721
1595,7,7,0.9994433522224426
1596,9,9,0.9999737739562988
1597,9,9,0.9264704585075378
1598,5,5,0.9999996423721313
1599,4,4,0.9999821186065674
1600,3,3,0.999910831451416
1601,3,3,0.9978727102279663
1602,6,6,0.9999974966049194
1603,1,1,0.9999994039535522
1604,2,2,0.9999996423721313
1605,3,3,1.0
1606,7,7,0.9999998807907104
1607,3,3,0.9998792409896851
1608,3,3,1.0
1609,2,2,0.9880378246307373
1610,0,0,1.0
1611,3,3,0.9956905245780945
1612,3,3,0.999962329864502
1613,8,8,0.9999997615814209
1614,4,4,0.9949871301651001
1615,3,3,1.0
1616,6,6,0.9999998807907104
1617,3,3,0.9998384714126587
1618,5,5,0.9999289512634277
1619,0,0,0.9999154806137085
1620,2,2,0.9998902082443237
1621,0,6,0.5045585632324219
1622,9,9,0.9999905824661255
1623,0,0,1.0
1624,7,7,0.9999806880950928
1625,4,4,1.0
1626,6,6,0.997890293598175
1627,9,9,0.9999897480010986
1628,3,3,0.9999914169311523
1629,5,5,1.0
1630,1,1,0.999919056892395
1631,9,9,0.9999829530715942
1632,6,6,0.9999995231628418
1633,1,1,0.9999905824661255
1634,4,4,0.6232380867004395
1635,5,5,0.9999959468841553
1636,4,4,0.9999797344207764
1637,5,5,0.9985503554344177
1638,0,0,0.9999982118606567
1639,5,5,0.9999995231628418
1640,9,9,0.9999618530273438
1641,5,5,0.7679429650306702
1642,2,2,0.9999977350234985
1643,1,1,0.9999672174453735
1644,2,2,0.9991893172264099
1645,9,9,0.9999992847442627
1646,1,1,0.999956488609314
1647,9,9,0.9999604225158691
1648,9,9,0.9992356300354004
1649,4,4,0.999998927116394
1650,0,0,0.9999970197677612
1651,8,8,0.9999982118606567
1652,4,4,0.9999998807907104
1653,5,5,0.9999978542327881
1654,2,2,0.9843810796737671
1655,9,9,0.9999921321868896
1656,2,2,0.9999998807907104
1657,1,1,0.9999783039093018
1658,2,2,0.9999998807907104
1659,1,1,0.9998514652252197
1660,7,7,0.9999262094497681
1661,3,3,0.999998927116394
1662,6,6,1.0
1663,8,8,1.0
1664,8,8,0.9999972581863403
1665,4,4,0.9999998807907104
1666,9,9,0.9999797344207764
1667,1,1,0.9999624490737915
1668,9,9,0.999887228012085
1669,8,8,0.9999880790710449
1670,5,5,0.9998251795768738
1671,7,7,0.9204097390174866
1672,5,5,0.9999877214431763
1673,1,1,0.9959192872047424
1674,1,1,0.9999701976776123
1675,8,8,0.9999995231628418
1676,6,6,0.9999858140945435
1677,5,5,0.9999973773956299
1678,2,2,0.9979196190834045
1679,4,4,0.9999998807907104
1680,4,4,0.9999419450759888
1681,3,3,0.9996925592422485
1682,2,2,0.9999986886978149
1683,3,3,1.0
1684,5,5,0.9999991655349731
1685,6,6,1.0
1686,8,8,0.9988290667533875
1687,8,8,0.9999754428863525
1688,6,6,0.999872088432312
1689,2,2,0.9976734519004822
1690,3,3,0.999998927116394
1691,1,1,0.9986560344696045
1692,0,0,0.9999992847442627
1693,5,5,0.9999998807907104
1694,8,8,0.9958796501159668
1695,9,9,0.996759831905365
1696,2,2,0.9999850988388062
1697,9,9,0.9995436072349548
1698,6,6,1.0
1699,7,7,1.0
1700,0,0,1.0
1701,4,4,0.9987034797668457
1702,8,8,0.9999802112579346
1703,7,7,0.999933123588562
1704,1,1,0.9999678134918213
1705,7,7,0.999971866607666
1706,4,4,0.999998927116394
1707,1,1,0.9999207258224487
1708,0,0,0.9999997615814209
1709,9,5,0.641807496547699
1710,7,7,0.9999932050704956
1711,2,2,0.9989357590675354
1712,0,0,0.9999988079071045
1713,0,0,0.9999998807907104
1714,9,9,0.9999969005584717
1715,1,1,0.9999748468399048
1716,7,7,0.9944738745689392
1717,8,8,0.8184396624565125
1718,7,7,0.9988687634468079
1719,8,8,1.0
1720,4,4,1.0
1721,7,7,0.9456893801689148
1722,2,7,0.984058678150177
1723,0,0,0.9999998807907104
1724,4,4,1.0
1725,6,6,0.9989925026893616
1726,0,0,1.0
1727,3,3,1.0
1728,1,1,0.9999192953109741
1729,1,1,0.999052107334137
1730,3,3,0.9999227523803711
1731,3,3,1.0
1732,9,9,0.9976710677146912
1733,6,6,1.0
1734,7,7,1.0
1735,4,4,0.9999990463256836
1736,1,1,0.9996870756149292
1737,5,5,0.7422128319740295
1738,3,3,1.0
1739,0,0,0.9999971389770508
1740,8,8,0.9999703168869019
1741,7,7,0.9998133778572083
1742,3,3,0.9999998807907104
1743,9,9,0.9999674558639526
1744,6,6,0.9999997615814209
1745,9,9,0.9999988079071045
1746,3,3,0.9999924898147583
1747,5,5,0.999921441078186
1748,0,0,0.9996925592422485
1749,2,2,1.0
1750,7,7,0.9999268054962158
1751,4,4,0.8108688592910767
1752,5,5,0.9999995231628418
1753,1,1,0.9999611377716064
1754,7,2,0.6194995641708374
1755,5,5,0.9999364614486694
1756,8,8,0.9999997615814209
1757,0,0,1.0
1758,8,8,0.9999920129776001
1759,8,8,0.999829888343811
1760,1,1,0.9998542070388794
1761,5,5,0.9999793767929077
1762,0,0,0.9999909400939941
1763,3,3,0.9999978542327881
1764,0,0,0.9999991655349731
1765,3,3,1.0
1766,1,1,0.9999557733535767
1767,4,4,0.9999607801437378
1768,0,0,0.9999998807907104
1769,3,3,0.9973982572555542
1770,7,7,0.9999998807907104
1771,2,2,1.0
1772,7,7,0.9996289014816284
1773,1,1,0.9120529294013977
1774,8,8,0.9994402527809143
1775,0,0,0.9999116659164429
1776,7,7,0.9999315738677979
1777,0,0,0.9999997615814209
1778,4,4,0.9999986886978149
1779,3,3,0.9999996423721313
1780,1,1,0.9999399185180664
1781,9,9,0.9999551773071289
1782,8,8,0.9992368221282959
1783,7,7,0.9999997615814209
1784,7,7,0.9999998807907104
1785,1,1,0.9999752044677734
1786,4,4,0.9997865557670593
1787,9,9,0.9999996423721313
1788,9,9,0.9991661310195923
1789,3,3,0.9999936819076538
1790,2,2,0.5333322882652283
1791,1,1,0.9999761581420898
1792,7,7,0.9999743700027466
1793,9,9,1.0
1794,0,0,0.9991078972816467
1795,2,2,1.0
1796,0,0,0.9999973773956299
1797,3,3,0.999357283115387
1798,3,3,0.9999998807907104
1799,7,7,0.9999994039535522
1800,6,6,0.9999995231628418
1801,9,9,0.9999991655349731
1802,2,2,0.9999998807907104
1803,3,3,1.0
1804,3,3,1.0
1805,7,7,0.9999997615814209
1806,7,7,0.9999547004699707
1807,0,0,0.9999996423721313
1808,0,0,0.9975476861000061
1809,7,7,0.9945427179336548
1810,5,5,0.9999998807907104
1811,2,2,0.999799907207489
1812,9,9,0.9999945163726807
1813,8,8,0.9999051094055176
1814,7,7,0.9999749660491943
1815,4,4,1.0
1816,4,4,0.9999207258224487
1817,2,2,0.9999997615814209
1818,6,6,0.9999520778656006
1819,6,6,0.9999587535858154
1820,1,1,0.9999706745147705
1821,9,9,0.9999988079071045
1822,6,6,0.9818944334983826
1823,8,8,0.9945482611656189
1824,2,2,1.0
1825,9,9,0.9989140033721924
1826,0,0,0.9999997615814209
1827,8,8,0.9999998807907104
1828,3,3,0.9980868101119995
1829,1,1,0.9989553689956665
1830,1,1,0.9999830722808838
1831,6,6,0.9999963045120239
1832,3,3,0.9999991655349731
1833,5,5,0.998115062713623
1834,1,1,0.9999840259552002
1835,1,1,0.999995231628418
1836,1,1,0.9999523162841797
1837,3,3,0.9999967813491821
1838,1,1,0.9921708106994629
1839,2,2,0.9993000030517578
1840,3,3,1.0
1841,0,0,0.9999878406524658
1842,2,2,0.9997084736824036
1843,0,0,0.9999997615814209
1844,1,1,0.9997676014900208
1845,3,3,1.0
1846,5,5,0.9998950958251953
1847,5,5,0.9998668432235718
1848,7,7,0.9999229907989502
1849,4,4,0.9963886737823486
1850,8,8,0.9996453523635864
1851,9,9,0.9994814991950989
1852,6,6,0.9999078512191772
1853,9,9,0.9999040365219116
1854,6,6,1.0
1855,8,8,0.9997734427452087
1856,3,3,0.9996449947357178
1857,6,6,1.0
1858,6,6,1.0
1859,8,8,1.0
1860,5,5,0.9999945163726807
1861,1,1,0.9999651908874512
1862,4,4,0.999841570854187
1863,2,2,1.0
1864,4,4,1.0
1865,4,4,0.9996065497398376
1866,5,5,0.999954104423523
1867,1,1,0.9999665021896362
1868,1,1,0.962422788143158
1869,9,9,0.9999967813491821
1870,0,0,1.0
1871,2,2,0.9904622435569763
1872,4,4,0.9999998807907104
1873,9,9,0.9997010827064514
1874,5,5,0.9997995495796204
1875,7,7,1.0
1876,1,1,0.9999953508377075
1877,8,8,0.9999696016311646
1878,8,8,0.5167218446731567
1879,5,5,0.9999837875366211
1880,6,6,0.9998296499252319
1881,9,9,0.9999961853027344
1882,8,8,0.9999958276748657
1883,7,7,0.9971718192100525
1884,1,1,0.9997771382331848
1885,1,1,0.9881966710090637
1886,6,6,0.9998515844345093
1887,7,7,0.999990701675415
1888,6,6,0.9938116073608398
1889,3,3,1.0
1890,2,2,1.0
1891,2,2,1.0
1892,0,0,1.0
1893,8,8,0.9999998807907104
1894,9,9,0.9972376823425293
1895,2,2,1.0
1896,5,5,0.9999996423721313
1897,1,1,0.9999954700469971
1898,0,6,0.8397403359413147
1899,8,8,0.9997770190238953
1900,1,1,0.9263169765472412
1901,9,4,0.9712116122245789
1902,5,5,0.9999970197677612
1903,7,2,0.9286995530128479
1904,9,9,0.9999079704284668
1905,6,6,1.0
1906,9,9,0.999968409538269
1907,0,0,0.9999853372573853
1908,6,6,0.9999042749404907
1909,1,1,0.9752784371376038
1910,5,5,0.9999566078186035
1911,5,5,0.9996894598007202
1912,8,8,0.9999974966049194
1913,3,3,0.9937390089035034
1914,8,8,1.0
1915,2,2,0.9999948740005493
1916,6,6,0.9999804496765137
1917,5,5,0.9999926090240479
1918,0,0,0.9999966621398926
1919,7,7,0.9999998807907104
1920,4,4,0.9998300075531006
1921,6,6,1.0
1922,1,1,0.9999685287475586
1923,3,3,1.0
1924,4,4,0.9999953508377075
1925,7,7,0.9999946355819702
1926,3,3,0.9999994039535522
1927,2,2,0.9997377991676331
1928,3,3,1.0
1929,4,4,0.9970429539680481
1930,2,2,0.9999681711196899
1931,5,5,0.9999984502792358
1932,2,2,0.9999881982803345
1933,7,7,0.9999433755874634
1934,1,1,0.999997615814209
1935,7,7,0.9999997615814209
1936,2,2,1.0
1937,6,6,0.9999520778656006
1938,4,4,0.9999628067016602
1939,1,1,0.9999935626983643
1940,5,5,0.9992623925209045
1941,7,7,0.9988706707954407
1942,8,8,0.9999204874038696
1943,6,6,0.9999799728393555
1944,0,0,0.9999984502792358
1945,1,1,0.9998648166656494
1946,8,8,0.9999992847442627
1947,2,2,0.9999996423721313
1948,5,5,0.9986509680747986
1949,7,7,0.9998459815979004
1950,7,7,0.9999997615814209
1951,6,6,0.9999279975891113
1952,9,9,0.9985222220420837
1953,3,3,0.9999934434890747
1954,5,5,0.9979593753814697
1955,8,8,0.9975354671478271
1956,4,4,0.9999727010726929
1957,2,2,1.0
1958,4,4,1.0
1959,0,0,0.9999991655349731
1960,8,8,0.9999990463256836
1961,8,8,0.9999879598617554
1962,3,3,1.0
1963,4,4,0.9985721111297607
1964,9,9,0.9997709393501282
1965,2,2,0.9999213218688965
1966,7,7,1.0
1967,5,5,1.0
1968,8,8,0.9982352256774902
1969,6,6,0.9991105198860168
1970,5,5,1.0
1971,6,6,0.9999954700469971
1972,0,0,1.0
1973,8,8,0.9999849796295166
1974,6,6,0.9999997615814209
1975,7,7,0.999998927116394
1976,3,3,0.9992741942405701
1977,6,6,0.9999996423721313
1978,4,4,0.999997615814209
1979,9,9,0.9998794794082642
1980,4,4,1.0
1981,6,6,0.9998570680618286
1982,6,6,0.4089348316192627
1983,3,3,0.999997615814209
1984,2,2,0.9999992847442627
1985,4,4,0.9999998807907104
1986,1,1,0.9999642372131348
1987,0,0,0.9999867677688599
1988,1,1,0.9999041557312012
1989,4,4,0.9982648491859436
1990,6,6,0.9999232292175293
1991,2,2,0.999997615814209
1992,9,9,0.7914249897003174
1993,1,1,0.9755571484565735
1994,1,1,0.9996709823608398
1995,0,0,0.9999969005584717
1996,6,6,0.9999700784683228
1997,3,3,1.0
1998,9,9,0.9996429681777954
1999,5,5,0.9999698400497437
2000,6,6,0.9999910593032837
2001,5,5,0.9920312166213989
2002,6,6,0.9999896287918091
2003,5,5,0.9999991655349731
2004,8,8,0.9975202679634094
2005,4,4,1.0
2006,6,6,0.9999865293502808
2007,4,4,1.0
2008,3,3,0.9999954700469971
2009,9,9,0.8349752426147461
2010,1,1,0.999935507774353
2011,3,3,1.0
2012,4,4,0.9999998807907104
2013,1,1,0.9999734163284302
2014,9,9,0.9999284744262695
2015,1,1,0.9999964237213135
2016,7,7,0.9998893737792969
2017,1,1,0.9996508359909058
2018,1,1,0.6373318433761597
2019,9,9,0.9999911785125732
2020,3,3,0.9999990463256836
2021,5,5,0.9999996423721313
2022,4,4,0.9999985694885254
2023,0,0,0.9998981952667236
2024,7,7,0.9852374196052551
2025,3,3,0.9804526567459106
2026,6,6,0.9999998807907104
2027,1,1,0.9969435334205627
2028,7,7,0.9983103275299072
2029,5,5,0.9979000091552734
2030,5,5,0.9996371269226074
2031,3,3,1.0
2032,3,3,1.0
2033,0,0,0.9999721050262451
2034,1,1,0.9999359846115112
2035,5,3,0.7693013548851013
2036,7,7,0.9999788999557495
2037,5,5,0.9999967813491821
2038,8,8,0.999958872795105
2039,6,6,0.9999998807907104
2040,5,5,0.9625441431999207
2041,1,1,0.9999595880508423
2042,0,0,0.9999998807907104
2043,4,8,0.5187162160873413
2044,2,2,0.9998435974121094
2045,3,3,0.9999977350234985
2046,4,4,0.9999994039535522
2047,6,6,0.9999982118606567
2048,7,7,0.9994140863418579
2049,9,9,0.9935579895973206
2050,8,8,0.9999523162841797
2051,1,1,0.9997877478599548
2052,8,8,0.758626401424408
2053,4,9,0.6909579038619995
2054,9,9,0.999847412109375
2055,2,2,0.9999679327011108
2056,8,8,0.9999988079071045
2057,6,6,1.0
2058,2,2,0.999962329864502
2059,7,7,0.9998238682746887
2060,0,0,0.9999964237213135
2061,0,0,1.0
2062,6,6,1.0
2063,7,7,0.9925236105918884
2064,5,5,0.9999988079071045
2065,8,8,0.9999891519546509
2066,6,6,0.9998915195465088
2067,0,0,0.9999642372131348
2068,9,9,0.9981908202171326
2069,3,3,1.0
2070,7,7,0.9623178243637085
2071,1,1,0.9997952580451965
2072,3,3,1.0
2073,5,5,0.9993952512741089
2074,4,4,0.9999551773071289
2075,3,3,0.9997666478157043
2076,3,3,1.0
2077,5,5,0.9999912977218628
2078,5,5,1.0
2079,6,6,0.9999796152114868
2080,3,3,1.0
2081,0,0,0.9999929666519165
2082,2,2,0.9999994039535522
2083,3,3,1.0
2084,4,4,0.9974669218063354
2085,2,2,0.9999998807907104
2086,3,3,1.0
2087,0,0,0.9999997615814209
2088,9,9,0.999997615814209
2089,9,9,0.9999749660491943
2090,4,4,0.99149489402771
2091,7,7,0.9999960660934448
2092,2,2,0.9999998807907104
2093,8,8,0.9190545678138733
2094,4,4,0.9998212456703186
2095,7,7,0.9999992847442627
2096,0,0,1.0
2097,6,6,0.9999988079071045
2098,2,0,0.9765874743461609
2099,8,8,0.9999988079071045
2100,5,5,0.9999221563339233
2101,2,2,0.9999414682388306
2102,8,8,0.9999998807907104
2103,5,5,0.9999982118606567
2104,7,7,0.999996542930603
2105,3,3,0.9993090629577637
2106,0,0,0.9999980926513672
2107,8,8,0.9589733481407166
2108,2,2,0.999987006187439
2109,3,3,0.9326465129852295
2110,2,2,0.999998927116394
2111,8,8,0.999998927116394
2112,2,2,0.9999995231628418
2113,5,5,0.9993104934692383
2114,5,5,1.0
2115,7,7,0.999997615814209
2116,6,6,0.999792754650116
2117,4,4,1.0
2118,6,6,0.7504619359970093
2119,8,8,0.9999997615814209
2120,4,4,1.0
2121,8,8,0.9997640252113342
2122,2,2,1.0
2123,7,7,0.9999200105667114
2124,4,4,1.0
2125,5,5,0.995997428894043
2126,2,2,1.0
2127,0,0,0.9999997615814209
2128,3,3,1.0
2129,9,8,0.9224274754524231
2130,4,9,0.9932982325553894
2131,6,6,0.9962835907936096
2132,7,7,0.9999929666519165
2133,2,2,0.9999998807907104
2134,5,5,0.9999997615814209
2135,6,1,0.5885843634605408
2136,1,1,0.9999558925628662
2137,1,1,0.9999079704284668
2138,2,2,0.9998537302017212
2139,3,3,0.9999996423721313
2140,6,6,1.0
2141,7,7,0.9999979734420776
2142,8,8,0.9999934434890747
2143,7,7,0.9999505281448364
2144,6,6,0.9999992847442627
2145,4,4,0.9999994039535522
2146,8,8,0.9999994039535522
2147,9,9,0.9968222379684448
2148,4,4,0.9849433898925781
2149,8,8,0.9999942779541016
2150,6,6,0.9999947547912598
2151,3,3,1.0
2152,8,8,1.0
2153,3,3,0.9999706745147705
2154,1,1,0.9999496936798096
2155,0,0,0.9999991655349731
2156,6,6,0.9999998807907104
2157,2,2,0.9999909400939941
2158,2,2,0.9999784231185913
2159,5,5,0.9999916553497314
2160,6,6,0.9999892711639404
2161,9,9,0.999923825263977
2162,5,5,0.9999090433120728
2163,8,8,1.0
2164,1,1,0.9999685287475586
2165,4,4,1.0
2166,1,1,0.9997408986091614
2167,7,7,0.9999998807907104
2168,8,8,0.9999496936798096
2169,4,4,0.9862425327301025
2170,6,6,1.0
2171,1,1,0.9999610185623169
2172,8,8,1.0
2173,4,4,1.0
2174,3,3,0.9953462481498718
2175,1,1,0.9867300987243652
2176,2,2,1.0
2177,8,8,0.9999995231628418
2178,0,0,1.0
2179,8,8,0.9999748468399048
2180,5,5,0.9999998807907104
2181,9,9,0.9999991655349731
2182,1,1,0.8490108251571655
2183,4,4,0.9999998807907104
2184,2,2,1.0
2185,0,0,0.9806404113769531
2186,2,2,0.9340376257896423
2187,7,7,1.0
2188,0,0,0.9999940395355225
2189,9,9,0.8067243099212646
2190,0,0,0.9999834299087524
2191,2,2,1.0
2192,5,5,0.9998581409454346
2193,7,7,0.9999898672103882
2194,6,6,0.9999995231628418
2195,7,7,0.9954178333282471
2196,9,9,0.9999982118606567
2197,4,4,0.9998340606689453
2198,2,2,0.9999970197677612
2199,6,6,0.9999823570251465
2200,2,2,0.9999854564666748
2201,4,4,1.0
2202,4,4,0.9999538660049438
2203,8,8,0.9999992847442627
2204,0,0,0.9999814033508301
2205,4,4,0.9999809265136719
2206,4,4,0.9999994039535522
2207,5,5,1.0
2208,8,8,0.9999721050262451
2209,0,0,0.9999985694885254
2210,6,6,0.9999929666519165
2211,8,8,1.0
2212,9,9,0.9991722106933594
2213,8,8,1.0
2214,5,5,0.9999997615814209
2215,6,6,0.999998927116394
2216,9,9,0.9998691082000732
2217,0,0,0.9999982118606567
2218,4,4,0.9999927282333374
2219,8,8,0.9999994039535522
2220,7,7,0.9999998807907104
2221,1,1,0.9997839331626892
2222,3,3,0.9994662404060364
2223,4,4,0.9999991655349731
2224,5,5,0.9777655005455017
2225,8,8,0.9965689182281494
2226,0,0,0.9999903440475464
2227,9,9,0.9996024966239929
2228,1,1,0.9993884563446045
2229,3,3,0.9999955892562866
2230,3,3,1.0
2231,6,6,1.0
2232,9,9,0.9999008178710938
2233,8,8,1.0
2234,7,7,0.9996395111083984
2235,1,1,0.9998061060905457
2236,0,0,1.0
2237,5,5,0.998386025428772
2238,7,7,0.999942421913147
2239,1,1,0.9999635219573975
2240,7,7,1.0
2241,5,5,0.999998927116394
2242,2,2,0.9970763921737671
2243,7,7,0.9999960660934448
2244,9,9,0.9999459981918335
2245,1,1,0.995631217956543
2246,8,8,0.9999945163726807
2247,5,5,0.9999991655349731
2248,2,2,0.999988317489624
2249,4,4,1.0
2250,9,9,0.9999407529830933
2251,4,4,0.9998262524604797
2252,7,7,0.9999661445617676
2253,2,2,0.9999946355819702
2254,2,2,0.9999982118606567
2255,3,3,0.9999990463256836
2256,4,4,1.0
2257,9,9,0.9999992847442627
2258,1,1,0.9940735697746277
2259,9,9,0.9999918937683105
2260,2,2,1.0
2261,1,1,0.9998626708984375
2262,7,7,0.9999921321868896
2263,9,9,1.0
2264,4,4,0.9999998807907104
2265,4,4,0.9999945163726807
2266,1,1,0.9531037211418152
2267,6,6,0.9999998807907104
2268,7,7,0.9999980926513672
2269,2,2,0.9999982118606567
2270,7,7,0.9999732971191406
2271,8,8,0.9999990463256836
2272,8,8,0.9919034838676453
2273,1,1,0.9972244501113892
2274,9,9,0.9999774694442749
2275,7,7,0.9999970197677612
2276,1,1,0.9744954705238342
2277,1,1,0.9991527795791626
2278,7,7,0.9999998807907104
2279,5,5,0.9980975985527039
2280,3,3,0.952604353427887
2281,3,3,1.0
2282,5,5,0.9997760653495789
2283,1,1,0.9999904632568359
2284,3,3,0.9999998807907104
2285,7,7,0.9999996423721313
2286,6,6,0.9999998807907104
2287,1,1,0.9999935626983643
2288,3,3,0.9999922513961792
2289,8,8,0.9999891519546509
2290,7,7,0.9999934434890747
2291,5,5,0.9109581112861633
2292,9,9,0.9987673759460449
2293,9,2,0.7556762099266052
2294,0,0,0.9999575614929199
2295,0,0,0.9999786615371704
2296,2,2,0.9999750852584839
2297,8,8,0.9999921321868896
2298,8,8,0.9977743029594421
2299,2,2,0.9999903440475464
2300,3,3,0.9999947547912598
2301,7,7,0.9999992847442627
2302,1,1,0.9985835552215576
2303,3,3,0.9999990463256836
2304,0,0,0.9999997615814209
2305,3,3,0.9999974966049194
2306,4,4,0.9998401403427124
2307,4,4,0.9999767541885376
2308,3,3,0.9995028972625732
2309,8,8,0.9999277591705322
2310,9,9,0.9995204210281372
2311,2,2,0.9999988079071045
2312,3,3,0.9999985694885254
2313,9,9,0.9997618794441223
2314,7,7,0.9999032020568848
2315,1,1,0.9999536275863647
2316,1,1,0.9999839067459106
2317,7,7,0.9999969005584717
2318,0,0,0.9093074798583984
2319,4,4,1.0
2320,9,9,0.9839106798171997
2321,6,6,1.0
2322,5,5,0.9999725818634033
2323,9,9,0.9999861717224121
2324,1,1,0.9996609687805176
2325,7,7,0.9999938011169434
2326,0,0,0.9758257269859314
2327,2,2,0.9999350309371948
2328,0,0,0.9999990463256836
2329,0,0,0.9935837388038635
2330,4,4,0.9999958276748657
2331,6,6,0.999993085861206
2332,7,7,0.9999994039535522
2333,0,0,0.9997565150260925
2334,7,7,0.9999891519546509
2335,1,1,0.9999556541442871
2336,4,4,1.0
2337,6,6,1.0
2338,4,4,0.9999972581863403
2339,5,5,0.9282600283622742
2340,4,4,1.0
2341,9,9,0.9999642372131348
2342,9,9,0.9999804496765137
2343,1,1,0.9215114116668701
2344,7,7,1.0
2345,9,9,0.9994097948074341
2346,5,5,1.0
2347,3,3,0.9999990463256836
2348,3,3,0.9999997615814209
2349,8,8,1.0
2350,2,2,1.0
2351,3,3,0.9997475743293762
2352,6,6,1.0
2353,2,2,0.9999997615814209
2354,2,2,1.0
2355,1,1,0.9994258880615234
2356,1,1,0.9999992847442627
2357,1,1,0.9999823570251465
2358,1,1,0.9999946355819702
2359,1,1,0.9997630715370178
2360,6,6,1.0
2361,9,9,0.9999445676803589
2362,8,8,0.9999709129333496
2363,4,4,0.9867610931396484
2364,3,3,0.9999998807907104
2365,7,7,0.9999969005584717
2366,1,1,0.9996964931488037
2367,6,6,0.9999909400939941
2368,4,4,0.9999998807907104
2369,5,5,0.8726666569709778
2370,0,0,0.9997836947441101
2371,4,4,0.9993252754211426
2372,7,7,0.9998026490211487
2373,4,4,1.0
2374,2,2,0.999954342842102
2375,4,4,0.9999998807907104
2376,0,0,0.9999988079071045
2377,7,7,0.9996919631958008
2378,0,0,0.9997519850730896
2379,1,1,0.9999967813491821
2380,9,9,0.6088013648986816
2381,8,8,0.9999836683273315
2382,8,8,0.9993662238121033
2383,6,6,0.9999990463256836
2384,0,0,0.999997615814209
2385,0,0,1.0
2386,4,4,0.9999237060546875
2387,9,1,0.8714503645896912
2388,6,6,0.9999589920043945
2389,8,8,0.9999997615814209
2390,2,2,1.0
2391,2,2,0.9999909400939941
2392,3,3,0.999998927116394
2393,8,8,0.9992210865020752
2394,4,4,0.9987947940826416
2395,8,8,0.9982386827468872
2396,2,2,1.0
2397,2,2,0.9999687671661377
2398,1,1,0.9984939098358154
2399,7,7,0.9999996423721313
2400,5,5,0.9939329028129578
2401,4,4,1.0
2402,4,4,0.9999947547912598
2403,0,0,0.9999998807907104
2404,4,4,0.9999768733978271
2405,3,3,0.9999796152114868
2406,9,9,0.8647374510765076
2407,7,7,1.0
2408,3,3,0.9999767541885376
2409,1,1,0.9983705878257751
2410,0,0,1.0
2411,1,1,0.9999699592590332
2412,2,2,0.999996542930603
2413,5,5,1.0
2414,9,8,0.4938358664512634
2415,2,2,0.9999874830245972
2416,1,1,0.9999808073043823
2417,0,0,0.999474823474884
2418,1,1,0.9998677968978882
2419,8,8,0.9999849796295166
2420,9,9,0.9999948740005493
2421,1,1,0.9998944997787476
2422,6,6,0.9998260140419006
2423,8,8,0.9999995231628418
2424,3,3,0.9999998807907104
2425,8,8,0.9996494054794312
2426,9,9,0.937807023525238
2427,3,3,1.0
2428,6,6,0.9999997615814209
2429,2,2,0.999955415725708
2430,8,8,0.9999927282333374
2431,3,3,0.9999998807907104
2432,2,2,1.0
2433,2,2,0.9979507327079773
2434,1,1,0.9999797344207764
2435,0,0,1.0
2436,4,4,1.0
2437,2,2,0.9993189573287964
2438,9,9,0.99997878074646
2439,2,2,1.0
2440,4,4,0.9999998807907104
2441,3,3,0.9998044371604919
2442,7,7,0.9999990463256836
2443,9,9,0.9999973773956299
2444,1,1,0.9996594190597534
2445,5,5,1.0
2446,2,2,1.0
2447,4,4,0.6035622358322144
2448,9,9,0.9778650999069214
2449,0,0,0.9999392032623291
2450,3,3,0.999976396560669
2451,8,8,0.9999998807907104
2452,5,5,1.0
2453,3,3,0.9999998807907104
2454,6,6,0.9035652875900269
2455,0,0,0.9268551468849182
2456,9,9,0.9999434947967529
2457,4,4,0.9960617423057556
2458,6,6,1.0
2459,2,2,0.9996659755706787
2460,5,5,0.9998853206634521
2461,0,0,0.9999998807907104
2462,2,2,0.9419297575950623
2463,7,7,0.9996483325958252
2464,4,4,0.9999953508377075
2465,6,6,1.0
2466,6,6,0.9999815225601196
2467,8,8,0.9999998807907104
2468,6,6,1.0
2469,6,6,0.9999463558197021
2470,8,8,0.9999997615814209
2471,6,6,1.0
2472,9,9,0.999466598033905
2473,1,1,0.9852994680404663
2474,7,7,0.999574601650238
2475,2,2,0.9999990463256836
2476,5,5,0.9993489384651184
2477,9,9,0.9999983310699463
2478,9,9,0.9999549388885498
2479,0,0,0.9999884366989136
2480,7,7,0.9984440207481384
2481,2,2,0.9999425411224365
2482,7,7,0.9999818801879883
2483,6,6,0.9999980926513672
2484,7,7,0.9999336004257202
2485,0,0,0.999996542930603
2486,6,6,1.0
2487,5,5,0.9999998807907104
2488,2,2,0.5439252257347107
2489,4,4,0.9999345541000366
2490,7,7,0.9995494484901428
2491,2,2,0.9999995231628418
2492,0,0,0.9999977350234985
2493,9,9,0.9999876022338867
2494,9,9,0.9999895095825195
2495,2,2,1.0
2496,2,2,1.0
2497,9,9,0.9991616010665894
2498,4,4,0.9999991655349731
2499,4,4,1.0
2500,2,2,0.9999984502792358
2501,3,3,0.9999998807907104
2502,3,3,1.0
2503,2,2,1.0
2504,1,1,0.999739944934845
2505,7,7,1.0
2506,0,0,0.9999998807907104
2507,7,7,0.9008093476295471
2508,6,6,0.9991747736930847
2509,4,4,0.9999879598617554
2510,1,1,0.9979019165039062
2511,3,3,0.9999995231628418
2512,8,8,0.9999734163284302
2513,7,7,0.9999428987503052
2514,4,4,0.9770909547805786
2515,5,5,0.9998175501823425
2516,9,9,0.9999791383743286
2517,2,2,0.9999793767929077
2518,5,5,1.0
2519,1,1,0.9996459484100342
2520,8,8,0.9999978542327881
2521,7,7,0.999984622001648
2522,3,3,1.0
2523,7,7,0.9990660548210144
2524,1,1,0.9999064207077026
2525,5,5,0.9979433417320251
2526,5,5,0.8964194655418396
2527,0,0,0.9999951124191284
2528,9,9,0.9998626708984375
2529,1,1,0.9999682903289795
2530,4,4,0.9999938011169434
2531,0,0,1.0
2532,6,6,0.984427273273468
2533,3,3,0.9999843835830688
2534,3,3,0.9939594268798828
2535,6,6,1.0
2536,0,0,0.9999995231628418
2537,4,4,0.9999697208404541
2538,9,9,0.999975323677063
2539,7,7,0.9976763129234314
2540,5,5,0.9998725652694702
2541,1,1,0.9999784231185913
2542,6,6,0.9999998807907104
2543,8,8,0.9998238682746887
2544,9,9,0.9998685121536255
2545,5,5,0.999997615814209
2546,5,5,1.0
2547,7,7,0.9999241828918457
2548,9,9,0.9998106360435486
2549,3,3,1.0
2550,8,8,0.9999998807907104
2551,3,3,0.9985472559928894
2552,8,8,0.9999978542327881
2553,1,1,0.9999768733978271
2554,5,5,0.9999998807907104
2555,3,3,0.9999998807907104
2556,5,5,0.9992449283599854
2557,0,0,1.0
2558,5,5,0.9999996423721313
2559,5,5,0.990256667137146
2560,3,3,0.9979547262191772
2561,8,8,1.0
2562,6,6,0.9999408721923828
2563,7,7,0.9999998807907104
2564,7,7,0.9999325275421143
2565,7,7,1.0
2566,3,3,1.0
2567,7,7,0.9999971389770508
2568,0,0,0.9999808073043823
2569,5,5,0.9999933242797852
2570,9,9,0.9964264035224915
2571,0,0,0.9998868703842163
2572,2,2,1.0
2573,5,5,0.9991004467010498
2574,5,5,0.9907530546188354
2575,3,3,1.0
2576,1,1,0.9986209869384766
2577,7,7,0.9998058676719666
2578,7,7,0.9079475998878479
2579,8,8,1.0
2580,6,6,0.9999874830245972
2581,5,5,0.9999984502792358
2582,9,9,0.9202012419700623
2583,3,3,1.0
2584,8,8,0.9999936819076538
2585,9,9,0.9999996423721313
2586,5,5,0.9999958276748657
2587,3,3,0.9999995231628418
2588,7,7,0.9999997615814209
2589,9,9,0.9726424217224121
2590,1,1,0.9997962117195129
2591,7,7,0.9999994039535522
2592,0,0,0.9999982118606567
2593,0,0,0.9999998807907104
2594,3,3,0.9999644756317139
2595,7,7,1.0
2596,2,2,0.9996953010559082
2597,5,3,0.9995354413986206
2598,8,8,0.9935103058815002
2599,1,1,0.9998877048492432
2600,8,8,1.0
2601,6,6,0.9999980926513672
2602,2,2,0.9999948740005493
2603,9,9,0.9921411275863647
2604,5,5,0.9974226951599121
2605,7,7,0.9999998807907104
2606,5,5,1.0
2607,7,7,0.9986106157302856
2608,8,8,0.9999915361404419
2609,6,6,1.0
2610,2,2,0.9999110698699951
2611,5,5,0.9998874664306641
2612,1,1,0.999976396560669
2613,4,4,1.0
2614,8,8,0.9999997615814209
2615,4,4,1.0
2616,5,5,0.9999997615814209
2617,8,8,0.9983723759651184
2618,3,3,0.9857461452484131
2619,0,0,0.9999972581863403
2620,6,6,0.9999926090240479
2621,2,2,1.0
2622,7,7,0.9999988079071045
2623,3,3,0.9999982118606567
2624,3,3,0.9999994039535522
2625,2,2,0.9999960660934448
2626,1,1,0.9999964237213135
2627,0,0,1.0
2628,7,7,0.99998939037323
2629,3,3,0.9999891519546509
2630,4,4,0.9996650218963623
2631,0,0,0.9999748468399048
2632,3,3,1.0
2633,9,9,0.999970555305481
2634,3,3,0.9999998807907104
2635,2,2,0.998164713382721
2636,8,8,0.999995231628418
2637,9,9,1.0
2638,0,0,0.9977549910545349
2639,3,3,1.0
2640,8,8,0.999990701675415
2641,0,0,1.0
2642,7,7,0.9999066591262817
2643,6,6,0.9999932050704956
2644,5,5,1.0
2645,4,4,0.9914662837982178
2646,7,7,0.9999994039535522
2647,3,3,0.9999990463256836
2648,9,9,0.6650746464729309
2649,0,0,0.999997615814209
2650,8,8,0.9999790191650391
2651,6,6,0.999782145023346
2652,2,2,0.9999982118606567
2653,5,5,0.9999997615814209
2654,6,1,0.9998613595962524
2655,1,1,0.9999336004257202
2656,0,0,0.9999992847442627
2657,0,0,1.0
2658,4,4,0.9999364614486694
2659,4,4,0.9957055449485779
2660,0,0,0.9999727010726929
2661,1,1,0.9998916387557983
2662,2,2,1.0
2663,3,3,1.0
2664,2,2,0.9999998807907104
2665,7,7,0.9998109936714172
2666,7,7,0.9999639987945557
2667,8,8,0.9999997615814209
2668,5,5,0.9999773502349854
2669,2,2,1.0
2670,5,5,0.9978134632110596
2671,7,7,0.9999089241027832
2672,6,6,0.9999899864196777
2673,9,9,0.9986885190010071
2674,1,1,0.9999634027481079
2675,4,4,1.0
2676,1,1,0.9989866614341736
2677,6,6,0.999998927116394
2678,4,4,0.9990255832672119
2679,2,2,1.0
2680,4,4,0.9999971389770508
2681,3,3,0.9999840259552002
2682,5,5,1.0
2683,4,4,0.9999613761901855
2684,3,3,0.9999805688858032
2685,9,9,0.9996618032455444
2686,5,5,0.9985539317131042
2687,0,0,0.9999996423721313
2688,1,1,0.9999971389770508
2689,5,5,0.993794322013855
2690,3,3,1.0
2691,8,8,0.9999983310699463
2692,9,9,0.9997702240943909
2693,1,1,0.9998383522033691
2694,9,9,0.9999206066131592
2695,7,7,0.9994463324546814
2696,9,9,0.999371349811554
2697,5,5,0.9999905824661255
2698,5,5,0.9986701011657715
2699,2,2,0.9995307922363281
2700,7,7,0.9988880753517151
2701,4,4,0.9999977350234985
2702,6,6,0.9999980926513672
2703,0,0,0.9999992847442627
2704,1,1,0.999962329864502
2705,1,1,0.9993579983711243
2706,1,1,0.9999071359634399
2707,0,0,1.0
2708,4,4,0.9995630383491516
2709,4,4,0.9999979734420776
2710,7,7,0.9999620914459229
2711,6,6,1.0
2712,3,3,0.9999998807907104
2713,0,0,0.9916380047798157
2714,0,0,0.9999998807907104
2715,4,4,0.9998437166213989
2716,3,3,0.9999984502792358
2717,0,0,1.0
2718,6,6,0.9999092817306519
2719,1,1,0.9988365769386292
2720,9,9,0.7258615493774414
2721,6,6,0.9990842342376709
2722,1,1,0.9999574422836304
2723,3,3,0.9999910593032837
2724,8,8,0.9999537467956543
2725,1,1,0.999967098236084
2726,2,2,0.9999992847442627
2727,5,5,0.9999997615814209
2728,6,6,1.0
2729,2,2,1.0
2730,7,7,0.9994712471961975
2731,3,3,0.9999948740005493
2732,6,6,0.9977364540100098
2733,0,0,1.0
2734,1,1,0.9965409636497498
2735,9,9,0.994586706161499
2736,7,7,0.9999836683273315
2737,6,6,0.9999955892562866
2738,6,6,1.0
2739,8,8,0.999962329864502
2740,9,9,0.9991746544837952
2741,2,2,1.0
2742,9,3,0.8661082983016968
2743,5,5,0.784788966178894
2744,8,8,0.9999780654907227
2745,3,3,0.9997935891151428
2746,1,1,0.9999262094497681
2747,0,0,0.9999706745147705
2748,0,0,0.9999988079071045
2749,7,7,1.0
2750,6,6,0.9961026906967163
2751,6,6,0.9999685287475586
2752,2,2,1.0
2753,1,1,0.9933149218559265
2754,6,6,0.9993510842323303
2755,9,9,0.9997619986534119
2756,3,3,0.9999998807907104
2757,1,1,0.9999946355819702
2758,8,8,0.9636276364326477
2759,6,6,1.0
2760,9,9,0.9351671934127808
2761,0,0,0.9996589422225952
2762,6,6,0.9999983310699463
2763,0,0,1.0
2764,0,0,0.9999767541885376
2765,0,0,0.9999991655349731
2766,6,6,0.9998311996459961
2767,3,3,0.9999719858169556
2768,5,5,1.0
2769,9,9,0.9086347818374634
2770,3,3,0.9966597557067871
2771,4,4,0.6278401017189026
2772,5,5,0.9999616146087646
2773,5,5,0.9999878406524658
2774,8,8,1.0
2775,5,5,0.9999940395355225
2776,3,3,1.0
2777,0,0,0.9996196031570435
2778,4,4,0.8789559602737427
2779,0,0,1.0
2780,2,2,0.9950156807899475
2781,9,9,0.9999163150787354
2782,6,6,0.9999992847442627
2783,8,8,0.9999107122421265
2784,2,2,0.9999974966049194
2785,3,3,1.0
2786,1,1,0.9998006224632263
2787,2,2,0.9999998807907104
2788,1,1,0.9998154044151306
2789,1,1,0.9999908208847046
2790,5,5,1.0
2791,6,6,0.9999982118606567
2792,9,9,0.999997615814209
2793,8,8,0.9966325163841248
2794,0,0,0.9999966621398926
2795,6,6,0.9999996423721313
2796,6,6,0.9999750852584839
2797,5,5,0.9999998807907104
2798,5,5,1.0
2799,3,3,0.9999961853027344
2800,8,8,0.9999920129776001
2801,6,6,1.0
2802,2,2,1.0
2803,1,1,0.9990272521972656
2804,4,4,0.9999994039535522
2805,5,5,0.9999995231628418
2806,4,4,1.0
2807,3,3,1.0
2808,7,7,0.9995914101600647
2809,8,8,0.9999915361404419
2810,5,5,0.9881961941719055
2811,0,0,0.9999996423721313
2812,9,9,0.9907503724098206
2813,3,3,0.9999986886978149
2814,5,5,0.9992523789405823
2815,1,1,0.9999867677688599
2816,1,1,0.9997603297233582
2817,0,0,0.9998906850814819
2818,4,4,0.9998793601989746
2819,4,4,0.9999903440475464
2820,7,7,0.9997498393058777
2821,0,0,0.9999581575393677
2822,1,1,0.9998989105224609
2823,7,7,0.9732221961021423
2824,0,0,1.0
2825,1,1,0.9988479614257812
2826,6,6,1.0
2827,1,1,0.9979943037033081
2828,4,4,0.9995617270469666
2829,5,5,0.9999852180480957
2830,6,6,1.0
2831,6,6,0.9999886751174927
2832,5,5,0.9999948740005493
2833,7,7,1.0
2834,8,8,0.9999947547912598
2835,4,4,0.999988317489624
2836,4,4,0.9990479350090027
2837,7,7,0.9999974966049194
2838,2,2,0.999996542930603
2839,5,5,0.9999994039535522
2840,3,3,0.9999998807907104
2841,7,7,0.9999954700469971
2842,0,0,0.9999998807907104
2843,7,7,0.9995114803314209
2844,7,7,0.9999995231628418
2845,9,9,0.9999933242797852
2846,6,6,0.9999858140945435
2847,4,4,0.9996671676635742
2848,2,2,0.9990739822387695
2849,8,8,0.9999991655349731
2850,5,5,0.9986441731452942
2851,7,7,0.9985637068748474
2852,8,8,0.9999877214431763
2853,3,3,0.9999481439590454
2854,9,9,0.9671565294265747
2855,5,5,0.9999912977218628
2856,8,8,0.9999990463256836
2857,9,9,0.9999966621398926
2858,9,9,0.9986578226089478
2859,8,8,0.9999998807907104
2860,6,6,0.9892536997795105
2861,2,2,0.9999983310699463
2862,8,8,0.9989744424819946
2863,9,9,0.9930878281593323
2864,2,2,0.9999920129776001
2865,3,3,1.0
2866,6,6,0.9998860359191895
2867,1,1,0.9990391731262207
2868,1,1,0.9999967813491821
2869,8,8,0.9999923706054688
2870,9,9,0.9999979734420776
2871,3,3,0.9999966621398926
2872,4,4,0.99996018409729
2873,0,0,0.9999932050704956
2874,7,7,0.9999996423721313
2875,9,9,0.9999489784240723
2876,6,6,0.9999063014984131
2877,4,4,0.9945372939109802
2878,1,1,0.9999251365661621
2879,4,4,0.9997310042381287
2880,1,1,0.9999619722366333
2881,3,3,0.9999973773956299
2882,4,4,0.9999998807907104
2883,9,9,0.9999817609786987
2884,3,3,0.9999996423721313
2885,1,1,0.9941003918647766
2886,4,4,1.0
2887,7,7,0.9999977350234985
2888,7,7,0.9999109506607056
2889,4,4,1.0
2890,7,7,0.9999841451644897
2891,2,2,0.9998419284820557
2892,9,9,0.9999998807907104
2893,3,3,0.9999998807907104
2894,0,0,0.9984714388847351
2895,8,8,1.0
2896,8,0,0.9588637351989746
2897,8,8,0.9999978542327881
2898,4,4,0.9999772310256958
2899,0,0,1.0
2900,4,4,0.9999991655349731
2901,4,4,0.9989159107208252
2902,1,1,0.9999934434890747
2903,5,5,0.9999998807907104
2904,2,2,1.0
2905,8,8,0.9999622106552124
2906,3,3,0.9999455213546753
2907,4,4,0.9994308352470398
2908,9,9,0.9999872446060181
2909,5,5,0.9999986886978149
2910,2,2,0.9995891451835632
2911,8,8,0.9999709129333496
2912,1,1,0.9999359846115112
2913,5,5,0.9999810457229614
2914,3,3,1.0
2915,7,7,0.9734264016151428
2916,9,9,0.9997870326042175
2917,4,4,0.9999914169311523
2918,2,2,1.0
2919,5,5,0.9999463558197021
2920,6,6,0.9998096823692322
2921,3,3,0.7542078495025635
2922,5,5,1.0
2923,9,9,0.9999915361404419
2924,3,3,0.9999992847442627
2925,5,5,0.9998961687088013
2926,9,9,0.9992364645004272
2927,3,3,0.3734559118747711
2928,1,1,0.9999489784240723
2929,9,9,0.9999986886978149
2930,5,1,0.3937841057777405
2931,3,3,0.9999998807907104
2932,0,0,0.9980560541152954
2933,6,6,0.9999175071716309
2934,9,9,0.9999986886978149
2935,8,8,1.0
2936,4,4,0.9999997615814209
2937,0,0,0.9999697208404541
2938,4,4,0.9866108894348145
2939,9,5,0.9937480688095093
2940,2,2,0.9988981485366821
2941,9,9,0.9999997615814209
2942,0,0,1.0
2943,1,1,0.9995331764221191
2944,0,0,0.9965684413909912
2945,3,3,0.9998602867126465
2946,1,1,0.9998956918716431
2947,6,6,0.9999945163726807
2948,5,5,0.9997885823249817
2949,8,8,0.9999949932098389
2950,1,1,0.9999961853027344
2951,5,5,0.999970555305481
2952,3,3,0.9702287912368774
2953,3,3,0.9577192068099976
2954,0,0,0.999984622001648
2955,3,3,0.9999980926513672
2956,5,5,0.9952228665351868
2957,5,5,0.9999992847442627
2958,9,9,0.9997280240058899
2959,2,2,0.9986862540245056
2960,8,8,0.999996542930603
2961,7,7,0.9830713868141174
2962,0,0,0.9999997615814209
2963,4,4,1.0
2964,9,9,0.9997321963310242
2965,1,1,0.9999951124191284
2966,9,9,0.9997430443763733
2967,7,7,0.9999998807907104
2968,7,7,0.9998183846473694
2969,5,5,0.9999735355377197
2970,5,5,0.5556725859642029
2971,2,2,1.0
2972,0,0,0.9361363053321838
2973,9,9,0.999966025352478
2974,1,1,0.9999703168869019
2975,8,8,0.9999256134033203
2976,6,6,0.9999538660049438
2977,2,2,0.999913215637207
2978,3,3,0.9999998807907104
2979,9,9,0.8890949487686157
2980,6,6,1.0
2981,2,2,0.999998927116394
2982,1,1,0.9999971389770508
2983,9,9,0.9999960660934448
2984,1,1,0.9998964071273804
2985,3,3,0.9999973773956299
2986,5,5,0.9998389482498169
2987,5,5,0.9999843835830688
2988,0,0,0.9999980926513672
2989,3,3,0.9999986886978149
2990,8,8,0.9999958276748657
2991,3,3,0.9999879598617554
2992,3,3,0.9999978542327881
2993,7,7,0.9946486353874207
2994,6,6,0.9999672174453735
2995,6,8,0.8085876703262329
2996,0,0,1.0
2997,1,1,0.9999496936798096
2998,4,4,0.9999216794967651
2999,0,0,1.0
3000,6,6,0.9999619722366333
3001,9,9,0.9996606111526489
3002,8,8,0.9999982118606567
3003,1,1,0.9994335770606995
3004,2,2,0.9999997615814209
3005,9,9,0.935445249080658
3006,9,9,0.9999945163726807
3007,5,5,0.9999927282333374
3008,9,9,0.9999866485595703
3009,7,7,0.9999877214431763
3010,3,3,1.0
3011,7,7,1.0
3012,8,8,0.981534481048584
3013,0,0,0.9999998807907104
3014,1,1,0.99998939037323
3015,3,3,1.0
3016,0,0,0.9999247789382935
3017,4,4,0.9999860525131226
3018,6,6,0.9999967813491821
3019,1,1,0.9986922144889832
3020,0,0,0.9988864064216614
3021,2,2,0.9999731779098511
3022,5,5,1.0
3023,8,8,0.9987333416938782
3024,4,4,1.0
3025,4,4,0.9999998807907104
3026,1,1,0.9979263544082642
3027,1,1,0.9999592304229736
3028,5,5,1.0
3029,4,4,0.9999910593032837
3030,6,6,0.7686628699302673
3031,6,6,1.0
3032,0,0,0.9999991655349731
3033,6,6,0.9999997615814209
3034,9,9,0.9999028444290161
3035,2,2,1.0
3036,6,6,0.9999998807907104
3037,2,2,0.9999998807907104
3038,7,7,0.9999411106109619
3039,1,1,0.9981386661529541
3040,7,7,0.999962568283081
3041,9,9,0.9999881982803345
3042,4,4,1.0
3043,0,0,0.9999992847442627
3044,0,0,0.9999998807907104
3045,3,3,1.0
3046,8,8,0.9999986886978149
3047,2,2,0.9999998807907104
3048,2,2,0.9999918937683105
3049,3,3,0.9999843835830688
3050,1,1,0.9999334812164307
3051,6,6,0.9999902248382568
3052,0,0,1.0
3053,5,5,1.0
3054,7,7,0.9999767541885376
3055,7,7,0.9950566291809082
3056,9,9,0.9978098273277283
3057,2,2,1.0
3058,6,6,0.9999998807907104
3059,7,7,0.9765749573707581
3060,9,7,0.650209903717041
3061,7,7,0.9999986886978149
3062,8,8,0.9700737595558167
3063,6,6,0.9999954700469971
3064,8,8,0.9999977350234985
3065,8,8,0.9962111711502075
3066,4,4,0.9999992847442627
3067,6,6,1.0
3068,8,8,0.999627947807312
3069,4,4,0.9999984502792358
3070,1,1,0.9997480511665344
3071,2,2,1.0
3072,8,8,0.9999998807907104
3073,1,2,0.9993394017219543
3074,3,3,1.0
3075,9,9,0.9999995231628418
3076,4,4,1.0
3077,0,0,0.9998247027397156
3078,3,3,0.9905797839164734
3079,7,7,0.9999997615814209
3080,3,3,1.0
3081,2,2,0.9999998807907104
3082,3,3,1.0
3083,3,3,0.9999992847442627
3084,7,7,0.9999936819076538
3085,3,3,0.999995231628418
3086,4,4,0.9999982118606567
3087,0,0,1.0
3088,6,6,0.9999995231628418
3089,2,2,0.9999997615814209
3090,0,0,1.0
3091,8,8,0.9999994039535522
3092,1,1,0.9948095083236694
3093,5,5,0.9999978542327881
3094,3,3,0.9999945163726807
3095,5,5,1.0
3096,4,4,0.9978175163269043
3097,1,1,0.9993951320648193
3098,7,7,0.9999994039535522
3099,1,1,0.999982476234436
3100,5,5,0.6463789343833923
3101,7,7,0.9999988079071045
3102,5,5,0.9917957186698914
3103,7,7,0.9997075200080872
3104,3,3,0.9999991655349731
3105,2,2,1.0
3106,2,2,0.9979835748672485
3107,7,7,0.9999915361404419
3108,3,3,0.9987078905105591
3109,7,7,0.9366811513900757
3110,3,3,0.9999998807907104
3111,7,7,0.9999970197677612
3112,8,8,0.9999954700469971
3113,5,5,1.0
3114,4,4,0.9995875954627991
3115,5,5,0.9607805013656616
3116,2,2,1.0
3117,5,5,0.9773524403572083
3118,6,6,0.999998927116394
3119,5,5,1.0
3120,3,3,0.9999996423721313
3121,6,6,0.9999492168426514
3122,7,7,0.9993556141853333
3123,4,4,0.9999899864196777
3124,1,1,0.9999707937240601
3125,7,7,0.9999994039535522
3126,1,1,0.9999135732650757
3127,5,5,0.9999525547027588
3128,2,2,0.9999996423721313
3129,3,3,0.9558349251747131
3130,6,6,0.9987585544586182
3131,3,3,0.9999996423721313
3132,1,1,0.9987101554870605
3133,4,4,0.9995369911193848
3134,2,2,0.9999356269836426
3135,6,6,0.9999994039535522
3136,7,7,0.9984721541404724
3137,4,4,0.9999951124191284
3138,3,3,0.9874245524406433
3139,8,8,1.0
3140,0,0,0.9999994039535522
3141,6,6,0.9999960660934448
3142,2,2,0.9999538660049438
3143,1,1,0.9999967813491821
3144,6,6,1.0
3145,5,5,0.9999842643737793
3146,3,3,0.9995726943016052
3147,9,9,0.9999853372573853
3148,1,1,0.9996833801269531
3149,9,9,0.9999992847442627
3150,3,3,1.0
3151,2,2,0.9980539083480835
3152,1,1,0.9996196031570435
3153,8,8,0.9999973773956299
3154,4,4,0.9999961853027344
3155,4,4,0.9999945163726807
3156,6,6,0.999995231628418
3157,5,5,0.8564971089363098
3158,8,8,0.9999818801879883
3159,6,6,0.9999977350234985
3160,9,9,0.9979768395423889
3161,7,7,0.9993175268173218
3162,7,7,0.9999998807907104
3163,8,8,0.9999696016311646
3164,6,6,0.9999998807907104
3165,9,9,0.999997615814209
3166,7,7,0.9985120892524719
3167,3,3,0.999756395816803
3168,9,9,0.9999929666519165
3169,4,4,1.0
3170,0,0,0.9999892711639404
3171,5,5,0.9847091436386108
3172,4,4,0.9997997879981995
3173,6,6,0.9998877048492432
3174,4,4,1.0
3175,1,1,0.9999959468841553
3176,2,2,0.999797523021698
3177,3,3,1.0
3178,0,0,0.9999998807907104
3179,0,0,1.0
3180,2,2,1.0
3181,6,6,1.0
3182,6,6,1.0
3183,5,5,1.0
3184,7,7,0.9966508746147156
3185,0,0,0.9969118237495422
3186,8,8,0.9999088048934937
3187,6,6,0.9999998807907104
3188,4,4,1.0
3189,7,7,0.9984927177429199
3190,9,9,0.9996877908706665
3191,0,0,0.9999892711639404
3192,7,7,1.0
3193,3,3,0.999967098236084
3194,4,4,0.9997650980949402
3195,2,2,1.0
3196,1,1,0.9778559803962708
3197,8,8,0.9999992847442627
3198,8,8,1.0
3199,5,5,1.0
3200,9,9,0.9999915361404419
3201,2,2,1.0
3202,7,7,0.9999946355819702
3203,1,1,0.9995554089546204
3204,8,8,0.9999916553497314
3205,8,8,0.999993085861206
3206,8,8,0.9994176626205444
3207,2,2,0.9815189838409424
3208,7,7,0.9999872446060181
3209,6,6,0.9999376535415649
3210,0,0,0.9999994039535522
3211,1,1,0.9985508322715759
3212,2,2,1.0
3213,7,7,0.975562334060669
3214,1,1,0.9999454021453857
3215,0,0,1.0
3216,8,8,0.99967360496521
3217,3,3,1.0
3218,6,6,0.9968360662460327
3219,0,0,0.9999136924743652
3220,5,5,1.0
3221,3,3,0.9999998807907104
3222,6,6,0.9999998807907104
3223,2,2,1.0
3224,8,8,0.9999898672103882
3225,7,7,0.8162796497344971
3226,0,0,1.0
3227,1,1,0.9999313354492188
3228,4,4,0.9999997615814209
3229,2,2,0.9999737739562988
3230,1,1,0.9999769926071167
3231,1,1,0.9999979734420776
3232,4,4,0.9999855756759644
3233,4,4,0.9999985694885254
3234,4,4,1.0
3235,4,4,0.9999957084655762
3236,7,7,0.9582733511924744
3237,1,1,0.9994404911994934
3238,6,6,0.9988844990730286
3239,2,2,0.9999325275421143
3240,9,9,0.998664140701294
3241,9,9,0.9999979734420776
3242,0,0,0.9999982118606567
3243,0,0,0.9999874830245972
3244,1,1,0.9984758496284485
3245,8,8,0.9999696016311646
3246,8,8,0.9999144077301025
3247,4,4,0.999981164932251
3248,3,3,0.9999992847442627
3249,4,4,0.9999996423721313
3250,2,2,0.9991720914840698
3251,0,0,0.9999949932098389
3252,6,6,0.9996591806411743
3253,1,1,0.9998632669448853
3254,6,6,0.9980025887489319
3255,1,1,0.9999356269836426
3256,2,2,0.9999961853027344
3257,2,2,1.0
3258,2,2,1.0
3259,1,1,0.9999028444290161
3260,2,2,0.9999947547912598
3261,3,3,0.999982476234436
3262,7,7,0.9994717240333557
3263,8,8,0.9999516010284424
3264,1,1,0.99980229139328
3265,0,0,1.0
3266,0,0,0.9999978542327881
3267,2,2,0.9997749924659729
3268,1,1,0.9999986886978149
3269,6,6,0.9999961853027344
3270,6,6,0.9999996423721313
3271,0,0,1.0
3272,1,1,0.9980704188346863
3273,6,6,0.9999939203262329
3274,2,2,1.0
3275,5,5,0.9999971389770508
3276,1,1,0.9998906850814819
3277,7,7,0.999970555305481
3278,4,4,1.0
3279,8,8,0.9999998807907104
3280,2,2,0.9999904632568359
3281,1,1,0.9999592304229736
3282,4,4,0.9995111227035522
3283,3,3,0.9999998807907104
3284,8,8,0.9999995231628418
3285,3,3,0.9999998807907104
3286,9,9,0.9999992847442627
3287,9,9,0.9999967813491821
3288,4,4,0.8676225543022156
3289,8,8,0.9965869188308716
3290,3,3,0.9999977350234985
3291,4,4,0.9999816417694092
3292,7,7,0.9999997615814209
3293,2,2,1.0
3294,7,7,0.9999985694885254
3295,5,5,1.0
3296,7,7,0.999994158744812
3297,0,0,0.9999995231628418
3298,4,4,0.9999997615814209
3299,3,3,0.9999971389770508
3300,3,3,0.9999929666519165
3301,2,2,1.0
3302,6,6,0.9994156360626221
3303,7,7,0.999708354473114
3304,6,6,0.9999898672103882
3305,0,0,0.999278724193573
3306,0,0,0.9999998807907104
3307,6,6,1.0
3308,7,7,0.9999994039535522
3309,7,7,0.9999898672103882
3310,0,0,0.9999998807907104
3311,5,5,0.9999978542327881
3312,5,5,0.9998620748519897
3313,8,8,0.9999970197677612
3314,1,1,0.999993085861206
3315,0,0,1.0
3316,7,8,0.6521662473678589
3317,0,0,0.9999239444732666
3318,2,2,0.999305248260498
3319,8,8,0.9999945163726807
3320,1,1,0.9999569654464722
3321,5,5,0.999913215637207
3322,0,0,0.9999998807907104
3323,8,8,0.999984622001648
3324,8,8,0.9999966621398926
3325,0,0,1.0
3326,3,3,0.9998108744621277
3327,2,2,1.0
3328,7,7,0.9998528957366943
3329,7,7,0.9904511570930481
3330,2,2,0.9970797896385193
3331,6,6,0.9999934434890747
3332,4,4,0.9999657869338989
3333,7,7,0.8974581956863403
3334,5,5,0.9999974966049194
3335,5,5,0.9997550845146179
3336,5,5,0.9729800820350647
3337,2,2,0.9970594048500061
3338,9,9,0.9999847412109375
3339,2,2,0.9997182488441467
3340,8,8,0.9999996423721313
3341,4,4,0.9999991655349731
3342,6,6,0.9891869425773621
3343,8,8,0.9984663724899292
3344,6,6,0.986735463142395
3345,5,5,0.9999771118164062
3346,0,0,0.9999996423721313
3347,0,0,0.9999688863754272
3348,8,8,0.9999997615814209
3349,7,7,0.9999847412109375
3350,6,6,0.9999873638153076
3351,1,1,0.9995428323745728
3352,7,7,0.999761164188385
3353,1,1,0.999992847442627
3354,1,1,0.9999910593032837
3355,2,2,1.0
3356,7,7,0.9999996423721313
3357,4,4,1.0
3358,0,0,0.9967120885848999
3359,0,0,0.9999996423721313
3360,7,7,0.9999960660934448
3361,7,7,0.9998347759246826
3362,6,6,1.0
3363,3,3,0.9999997615814209
3364,8,8,0.9999988079071045
3365,6,6,0.9896374940872192
3366,4,4,0.9999997615814209
3367,2,2,0.9998691082000732
3368,0,0,1.0
3369,9,9,0.9631072282791138
3370,4,4,1.0
3371,0,0,1.0
3372,5,5,0.9999986886978149
3373,7,7,0.9999871253967285
3374,8,8,0.9999995231628418
3375,2,2,0.9917731881141663
3376,7,7,0.9980455636978149
3377,4,4,0.9992848038673401
3378,7,7,1.0
3379,1,1,0.9999938011169434
3380,1,1,0.9997331500053406
3381,3,3,0.9999964237213135
3382,6,6,0.9999996423721313
3383,6,6,0.9999877214431763
3384,2,2,0.9969025254249573
3385,9,9,0.9999946355819702
3386,1,1,0.9999316930770874
3387,9,9,0.9999982118606567
3388,4,4,0.9986221790313721
3389,8,8,0.9999947547912598
3390,3,3,0.9999995231628418
3391,6,6,0.9999934434890747
3392,9,9,0.9999943971633911
3393,5,5,0.9999945163726807
3394,9,9,0.9999961853027344
3395,6,6,0.9999971389770508
3396,2,2,1.0
3397,4,4,1.0
3398,6,6,0.9999984502792358
3399,7,7,0.9999995231628418
3400,7,7,1.0
3401,0,0,0.9999922513961792
3402,6,6,0.9997708201408386
3403,6,6,0.9999929666519165
3404,9,9,0.9999586343765259
3405,4,4,0.9744840264320374
3406,8,8,0.9999383687973022
3407,3,3,1.0
3408,5,5,0.9999986886978149
3409,3,3,1.0
3410,4,4,0.9999500513076782
3411,9,9,0.998344898223877
3412,0,0,0.9999727010726929
3413,0,0,1.0
3414,5,5,0.9996180534362793
3415,2,2,0.9997634291648865
3416,5,5,1.0
3417,0,0,0.9999995231628418
3418,7,7,0.9999126195907593
3419,1,1,0.9999854564666748
3420,1,1,0.9993224143981934
3421,1,1,0.9999549388885498
3422,6,0,0.937580406665802
3423,7,7,0.9999772310256958
3424,6,6,0.9999219179153442
3425,7,7,0.9997648596763611
3426,9,9,0.9999972581863403
3427,6,6,0.9997888207435608
3428,6,6,0.9999876022338867
3429,4,4,0.9996100068092346
3430,1,1,0.9975147247314453
3431,4,4,0.9999998807907104
3432,3,3,0.9999905824661255
3433,1,1,0.9999446868896484
3434,1,1,0.999826967716217
3435,2,2,0.9999997615814209
3436,2,2,0.9999891519546509
3437,4,4,0.9999653100967407
3438,1,1,0.9997963309288025
3439,0,0,0.9999998807907104
3440,8,8,0.9999997615814209
3441,7,7,0.9993674159049988
3442,6,6,0.9999569654464722
3443,3,3,0.9999982118606567
3444,4,4,0.9999992847442627
3445,0,0,1.0
3446,0,0,0.9999994039535522
3447,6,6,0.9999996423721313
3448,3,3,0.9973684549331665
3449,3,3,1.0
3450,0,0,0.9993438124656677
3451,7,3,0.5314483642578125
3452,1,1,0.9974839687347412
3453,7,7,0.99460369348526
3454,1,1,0.9999921321868896
3455,1,1,0.999997615814209
3456,3,3,0.9999995231628418
3457,1,1,0.9403929710388184
3458,0,0,1.0
3459,9,9,0.9999985694885254
3460,9,9,0.9977942705154419
3461,7,7,1.0
3462,5,5,1.0
3463,4,4,1.0
3464,1,1,0.9999759197235107
3465,4,4,0.9999997615814209
3466,8,8,0.9999969005584717
3467,9,9,0.9999357461929321
3468,5,5,0.9999994039535522
3469,3,3,0.999998927116394
3470,5,5,0.9999992847442627
3471,1,1,0.9996860027313232
3472,9,9,0.9999994039535522
3473,8,8,0.9999943971633911
3474,2,2,0.9702381491661072
3475,3,3,0.9984993934631348
3476,3,3,0.9999867677688599
3477,9,9,0.9989849925041199
3478,9,9,0.9999980926513672
3479,0,0,0.9999951124191284
3480,1,1,0.9999922513961792
3481,0,0,1.0
3482,2,2,1.0
3483,9,9,0.9999955892562866
3484,3,3,1.0
3485,9,9,0.9999748468399048
3486,3,3,1.0
3487,3,3,1.0
3488,6,6,1.0
3489,2,2,0.9592289924621582
3490,4,4,0.9967141151428223
3491,9,9,0.9997088313102722
3492,8,8,0.9971005320549011
3493,3,3,1.0
3494,7,7,0.9993005990982056
3495,4,4,0.9999984502792358
3496,0,0,0.9999428987503052
3497,4,4,0.9999969005584717
3498,7,7,0.9998370409011841
3499,8,8,0.9999998807907104
3500,4,4,1.0
3501,9,9,0.9998776912689209
3502,8,8,0.999997615814209
3503,9,1,0.9685738682746887
3504,9,9,0.9610657095909119
3505,7,7,0.9995965361595154
3506,5,5,0.9999924898147583
3507,9,9,1.0
3508,2,2,1.0
3509,8,8,0.9999974966049194
3510,2,2,1.0
3511,2,2,0.9752010107040405
3512,0,0,0.9999982118606567
3513,2,2,1.0
3514,2,2,0.9999837875366211
3515,3,3,1.0
3516,8,8,0.9998399019241333
3517,4,4,1.0
3518,6,6,0.9999836683273315
3519,8,8,0.9999842643737793
3520,6,4,0.9909620881080627
3521,8,8,1.0
3522,2,2,0.9977849721908569
3523,4,4,0.9999983310699463
3524,6,6,1.0
3525,7,7,0.9999270439147949
3526,9,9,0.9999814033508301
3527,3,3,0.9999998807907104
3528,3,3,0.9999994039535522
3529,9,9,0.9989504218101501
3530,4,4,0.9999995231628418
3531,3,3,0.9999997615814209
3532,1,1,0.9999936819076538
3533,4,4,0.9664313793182373
3534,4,8,0.7916462421417236
3535,7,7,0.9999998807907104
3536,0,0,0.9999953508377075
3537,5,5,0.9997039437294006
3538,9,9,0.9999990463256836
3539,6,6,0.9999994039535522
3540,0,0,0.9999959468841553
3541,4,4,0.9999982118606567
3542,4,4,1.0
3543,4,4,0.9999980926513672
3544,4,4,0.9999949932098389
3545,6,6,1.0
3546,1,1,0.9999856948852539
3547,2,2,0.9999991655349731
3548,3,3,0.9999998807907104
3549,3,3,0.9998459815979004
3550,6,6,0.9189088940620422
3551,4,4,0.9999796152114868
3552,5,5,0.9997158646583557
3553,9,9,0.9994294047355652
3554,6,6,1.0
3555,8,8,0.9999537467956543
3556,5,5,0.9999996423721313
3557,6,6,0.9936755299568176
3558,5,0,0.8641288876533508
3559,8,8,0.9242988228797913
3560,6,6,1.0
3561,4,4,0.9999804496765137
3562,1,1,0.9999701976776123
3563,8,8,0.9991796612739563
3564,6,6,0.9998749494552612
3565,5,5,0.9998657703399658
3566,2,2,0.9999998807907104
3567,8,8,0.9983965754508972
3568,4,4,0.9999998807907104
3569,5,5,1.0
3570,5,5,1.0
3571,4,4,0.995724081993103
3572,7,7,0.9999997615814209
3573,7,7,0.999660849571228
3574,0,0,0.6292223930358887
3575,7,7,1.0
3576,8,8,0.9999542236328125
3577,2,2,0.9999986886978149
3578,2,2,0.9999606609344482
3579,3,3,1.0
3580,7,7,0.9963296055793762
3581,0,0,0.9999939203262329
3582,1,1,0.9994412064552307
3583,8,8,0.9999531507492065
3584,0,0,1.0
3585,7,7,0.9999724626541138
3586,1,1,0.9999996423721313
3587,9,9,1.0
3588,8,8,0.9999997615814209
3589,7,7,0.9981496334075928
3590,5,5,1.0
3591,5,5,0.9986637830734253
3592,9,9,0.9991169571876526
3593,1,1,0.9999964237213135
3594,7,7,1.0
3595,5,5,1.0
3596,4,4,0.9999908208847046
3597,9,3,0.7990161776542664
3598,1,1,0.9996236562728882
3599,2,2,0.961542546749115
3600,2,2,0.9988023042678833
3601,1,1,0.967165470123291
3602,6,6,1.0
3603,6,6,1.0
3604,7,7,0.9998970031738281
3605,1,1,0.9996585845947266
3606,1,1,0.9961190223693848
3607,4,4,0.9998408555984497
3608,0,0,1.0
3609,7,7,0.9999948740005493
3610,4,4,1.0
3611,2,2,0.9999936819076538
3612,4,4,0.9999819993972778
3613,0,0,0.9999756813049316
3614,6,6,1.0
3615,4,4,0.9997827410697937
3616,7,7,0.9999862909317017
3617,6,6,0.9999853372573853
3618,9,9,0.9968876242637634
3619,5,5,0.9999971389770508
3620,3,3,1.0
3621,4,4,0.9999755620956421
3622,6,6,1.0
3623,5,5,0.9999597072601318
3624,0,0,0.9999998807907104
3625,1,1,0.9999480247497559
3626,8,8,0.9488784074783325
3627,8,8,0.9999665021896362
3628,2,2,1.0
3629,8,8,0.9989176988601685
3630,3,3,1.0
3631,5,5,1.0
3632,7,7,0.9999992847442627
3633,8,8,0.9999995231628418
3634,0,0,0.999945878982544
3635,8,8,0.9992489218711853
3636,5,5,0.9999940395355225
3637,7,7,0.9999072551727295
3638,1,1,0.9997342228889465
3639,1,1,0.9995317459106445
3640,0,0,0.9999048709869385
3641,1,1,0.9998946189880371
3642,3,3,1.0
3643,7,7,0.9999922513961792
3644,8,8,0.9999992847442627
3645,5,5,0.9999922513961792
3646,0,0,0.9999983310699463
3647,7,7,0.9988507032394409
3648,1,1,0.9999983310699463
3649,1,1,0.9999990463256836
3650,0,0,0.9999972581863403
3651,1,1,0.9999982118606567
3652,1,1,0.9999396800994873
3653,4,4,0.9957700371742249
3654,5,5,0.9993322491645813
3655,2,2,0.9999997615814209
3656,7,7,0.9999312162399292
3657,6,6,1.0
3658,2,2,0.9984908103942871
3659,3,3,1.0
3660,0,0,0.9999998807907104
3661,2,2,1.0
3662,8,0,0.6048024296760559
3663,5,5,0.9996986389160156
3664,9,9,0.9997925162315369
3665,6,6,0.9999994039535522
3666,9,9,0.9988290667533875
3667,7,7,0.9999994039535522
3668,2,2,1.0
3669,1,1,0.9999657869338989
3670,3,3,1.0
3671,6,6,1.0
3672,4,4,0.9996528625488281
3673,1,1,0.9999337196350098
3674,8,8,0.999983549118042
3675,2,2,1.0
3676,4,4,1.0
3677,0,0,1.0
3678,5,5,0.9999995231628418
3679,1,1,0.9998430013656616
3680,0,0,0.9999997615814209
3681,2,2,0.9962079524993896
3682,2,2,0.9999997615814209
3683,6,6,0.9999916553497314
3684,4,4,1.0
3685,4,4,0.9999998807907104
3686,3,3,0.9999830722808838
3687,9,9,0.9999741315841675
3688,6,6,0.9929452538490295
3689,1,1,0.999983549118042
3690,6,6,0.9998663663864136
3691,5,5,1.0
3692,7,7,1.0
3693,9,9,0.999984622001648
3694,2,2,0.9788424372673035
3695,0,0,0.9999984502792358
3696,2,2,0.9999854564666748
3697,6,6,0.9999980926513672
3698,0,0,0.9999954700469971
3699,1,1,0.9997010827064514
3700,4,4,0.9999967813491821
3701,3,3,1.0
3702,5,5,0.9703335165977478
3703,2,2,1.0
3704,8,8,1.0
3705,8,8,0.9999988079071045
3706,0,0,0.9999079704284668
3707,8,8,0.9999979734420776
3708,8,8,0.9999998807907104
3709,9,9,0.9999306201934814
3710,0,0,0.9974570870399475
3711,9,9,0.9999724626541138
3712,6,6,1.0
3713,7,7,0.9999678134918213
3714,6,6,0.9999933242797852
3715,3,3,1.0
3716,9,9,0.99130779504776
3717,3,3,1.0
3718,4,4,0.9448738694190979
3719,7,7,0.9999910593032837
3720,7,7,0.999995231628418
3721,7,7,0.9990935325622559
3722,4,4,1.0
3723,9,9,0.9986410737037659
3724,0,0,0.999998927116394
3725,6,6,0.9999923706054688
3726,4,4,0.5331847667694092
3727,8,8,0.7199567556381226
3728,4,4,0.9999867677688599
3729,2,2,0.9995144605636597
3730,7,7,0.9957603812217712
3731,2,2,1.0
3732,8,8,0.9999890327453613
3733,1,1,0.9996812343597412
3734,0,0,1.0
3735,0,0,0.9999998807907104
3736,7,7,0.9965524673461914
3737,8,8,0.999981164932251
3738,3,3,0.9999877214431763
3739,3,3,0.9996553659439087
3740,3,3,1.0
3741,1,1,0.9999958276748657
3742,3,3,0.9926015734672546
3743,7,7,0.9999521970748901
3744,6,6,0.9989362359046936
3745,1,1,0.9999948740005493
3746,3,3,1.0
3747,1,1,0.9999746084213257
3748,6,6,0.9969467520713806
3749,6,6,0.9930983185768127
3750,5,5,0.9999998807907104
3751,7,7,0.5241265296936035
3752,4,4,1.0
3753,7,7,0.9999959468841553
3754,5,5,0.9996697902679443
3755,9,9,0.9938561320304871
3756,5,5,0.992667019367218
3757,8,8,0.9444422721862793
3758,4,4,0.9999951124191284
3759,9,9,0.9999955892562866
3760,9,9,0.9999881982803345
3761,1,1,0.9994856119155884
3762,6,8,0.7118367552757263
3763,5,5,0.9999674558639526
3764,0,0,0.9997993111610413
3765,1,1,0.9999428987503052
3766,3,3,0.9999914169311523
3767,7,7,0.9484321475028992
3768,0,0,0.9999861717224121
3769,3,3,0.9999961853027344
3770,4,4,1.0
3771,8,8,0.9997720122337341
3772,2,2,0.9981701374053955
3773,2,2,0.9998906850814819
3774,0,0,0.9999628067016602
3775,2,2,0.9999986886978149
3776,5,5,0.9999071359634399
3777,1,1,0.9999464750289917
3778,5,5,0.9994953870773315
3779,1,1,0.9999774694442749
3780,4,4,0.7394821047782898
3781,8,8,0.9999998807907104
3782,8,8,0.9999467134475708
3783,9,9,0.9999922513961792
3784,1,1,0.9999886751174927
3785,2,2,0.9996329545974731
3786,1,1,0.9999954700469971
3787,3,3,0.9999853372573853
3788,5,5,1.0
3789,1,1,0.9999607801437378
3790,0,0,0.9999991655349731
3791,9,9,0.9992647767066956
3792,4,4,1.0
3793,4,4,0.9999994039535522
3794,8,8,0.9034513235092163
3795,3,3,1.0
3796,2,2,0.9802889227867126
3797,5,5,1.0
3798,9,9,0.9999682903289795
3799,7,7,0.9999922513961792
3800,6,6,0.999146580696106
3801,6,6,0.999836802482605
3802,2,2,1.0
3803,0,0,0.9999984502792358
3804,0,0,0.9999938011169434
3805,0,0,0.9999985694885254
3806,5,8,0.9975812435150146
3807,8,8,1.0
3808,7,8,0.9721368551254272
3809,1,1,0.9999628067016602
3810,5,5,0.9995587468147278
3811,2,2,0.5566498637199402
3812,3,3,0.999994158744812
3813,8,8,1.0
3814,5,5,1.0
3815,1,1,0.9999979734420776
3816,8,8,0.9999998807907104
3817,2,2,0.999995231628418
3818,0,0,0.9985798597335815
3819,4,4,1.0
3820,9,9,0.9999984502792358
3821,9,9,0.9992316961288452
3822,6,6,1.0
3823,2,2,1.0
3824,3,3,1.0
3825,3,3,0.9999997615814209
3826,5,5,0.9999996423721313
3827,6,6,1.0
3828,4,4,1.0
3829,8,8,0.9999990463256836
3830,0,0,1.0
3831,9,9,0.9708728194236755
3832,2,2,1.0
3833,8,8,0.9964511394500732
3834,3,3,0.9997963309288025
3835,6,6,1.0
3836,7,7,0.999951958656311
3837,5,5,0.9999996423721313
3838,7,7,0.9951995611190796
3839,2,2,0.9999886751174927
3840,9,9,0.9998356103897095
3841,4,4,1.0
3842,9,9,0.9999998807907104
3843,1,1,0.9997084736824036
3844,2,2,0.999998927116394
3845,8,8,1.0
3846,6,6,0.999996542930603
3847,0,0,1.0
3848,7,7,0.9999938011169434
3849,0,0,0.9999997615814209
3850,9,9,0.7472032904624939
3851,1,1,0.9986936450004578
3852,1,1,0.9980983138084412
3853,6,6,0.9438738226890564
3854,7,7,0.9999998807907104
3855,5,5,0.9999184608459473
3856,9,9,0.9600679278373718
3857,9,9,0.9999815225601196
3858,1,1,0.9997697472572327
3859,9,9,0.9809904098510742
3860,5,5,0.9999982118606567
3861,9,9,0.9995831847190857
3862,2,2,0.9981088638305664
3863,5,5,0.9999451637268066
3864,0,0,0.9999862909317017
3865,4,4,1.0
3866,1,1,0.9999973773956299
3867,0,0,0.9997380375862122
3868,8,8,0.9999955892562866
3869,9,9,0.9862151741981506
3870,0,0,0.9999996423721313
3871,8,8,0.9988808035850525
3872,9,9,0.9999921321868896
3873,8,8,0.9999992847442627
3874,9,9,0.9996616840362549
3875,4,4,0.999997615814209
3876,2,2,0.9998528957366943
3877,5,5,1.0
3878,7,7,0.998472273349762
3879,9,9,0.9998897314071655
3880,8,8,0.9999936819076538
3881,9,9,0.9996740818023682
3882,8,8,1.0
3883,0,0,1.0
3884,9,9,0.9999997615814209
3885,9,9,0.9999967813491821
3886,6,6,1.0
3887,8,8,0.9999998807907104
3888,9,9,0.9997478127479553
3889,9,9,0.9999873638153076
3890,5,5,0.9999979734420776
3891,9,9,0.9999902248382568
3892,8,8,0.9999995231628418
3893,5,5,0.9988498687744141
3894,1,1,0.9999103546142578
3895,0,0,0.9999997615814209
3896,3,3,1.0
3897,3,3,0.9999933242797852
3898,5,5,0.999997615814209
3899,2,2,0.9999916553497314
3900,1,1,0.999903678894043
3901,6,6,0.9999934434890747
3902,5,5,0.9618805050849915
3903,0,0,1.0
3904,2,2,0.9999971389770508
3905,8,8,0.9999874830245972
3906,1,3,0.5013600587844849
3907,5,5,1.0
3908,6,6,0.9999842643737793
3909,2,2,0.9999262094497681
3910,3,3,1.0
3911,0,0,0.9999988079071045
3912,2,2,0.9999998807907104
3913,2,2,0.999961256980896
3914,6,6,1.0
3915,4,4,0.9999991655349731
3916,3,3,0.9999922513961792
3917,5,5,0.9999855756759644
3918,5,5,0.9999470710754395
3919,1,1,0.999984622001648
3920,7,7,1.0
3921,2,2,0.9999904632568359
3922,1,1,0.9993072748184204
3923,6,6,0.9999995231628418
3924,9,9,0.9949309229850769
3925,1,1,0.9999485015869141
3926,9,9,0.9704951643943787
3927,9,9,0.9999980926513672
3928,5,5,0.9999984502792358
3929,5,5,0.9999991655349731
3930,1,1,0.9999865293502808
3931,6,6,0.9999904632568359
3932,2,2,1.0
3933,2,2,1.0
3934,8,8,0.9999998807907104
3935,6,6,1.0
3936,7,7,0.9999737739562988
3937,1,1,0.9999136924743652
3938,4,4,0.9999748468399048
3939,6,6,0.9999693632125854
3940,0,0,0.9999914169311523
3941,4,4,0.9793667197227478
3942,0,0,0.9999551773071289
3943,3,3,0.9978933930397034
3944,3,3,1.0
3945,2,2,1.0
3946,2,2,0.9525972008705139
3947,3,3,1.0
3948,6,6,0.9999996423721313
3949,8,8,0.9999986886978149
3950,9,9,0.99729984998703
3951,8,8,0.9974391460418701
3952,5,5,0.9994927644729614
3953,3,3,0.9999996423721313
3954,8,8,0.9999964237213135
3955,5,5,0.9999992847442627
3956,4,4,0.9999974966049194
3957,5,5,0.9999666213989258
3958,2,2,0.9999998807907104
3959,0,0,0.9999998807907104
3960,5,5,1.0
3961,6,6,0.9999353885650635
3962,3,3,0.9999921321868896
3963,2,2,1.0
3964,8,8,0.9999845027923584
3965,3,3,1.0
3966,9,9,0.9999344348907471
3967,9,9,0.9980645775794983
3968,5,5,0.9380025863647461
3969,7,7,0.9984176158905029
3970,9,9,0.9910697937011719
3971,4,4,0.9934005737304688
3972,6,6,0.9999955892562866
3973,7,7,1.0
3974,1,1,0.9980149269104004
3975,3,3,0.9999996423721313
3976,7,7,0.892328679561615
3977,3,3,0.9999698400497437
3978,6,6,0.9999200105667114
3979,6,6,0.9999994039535522
3980,0,0,1.0
3981,9,9,0.9999822378158569
3982,0,0,0.999998927116394
3983,1,1,0.9991161227226257
3984,9,9,0.9932246804237366
3985,9,9,0.8311190009117126
3986,2,2,0.9998700618743896
3987,8,8,0.9999686479568481
3988,8,8,0.9994171857833862
3989,0,0,0.9999926090240479
3990,1,1,0.9965834021568298
3991,6,6,0.9999997615814209
3992,9,9,0.9999942779541016
3993,7,7,0.9999997615814209
3994,5,5,0.9999517202377319
3995,3,3,0.998427152633667
3996,4,4,0.9999997615814209
3997,7,7,0.999983549118042
3998,4,4,0.9999274015426636
3999,9,9,0.9999991655349731
4000,9,9,0.9984564781188965
4001,4,4,0.9850721955299377
4002,3,3,0.9998619556427002
4003,6,6,0.9999997615814209
4004,3,3,0.9999995231628418
4005,1,1,0.999794065952301
4006,1,1,0.999968409538269
4007,7,7,0.5894585251808167
4008,6,6,1.0
4009,9,9,0.9997345805168152
4010,1,1,0.9999686479568481
4011,8,8,0.9999973773956299
4012,4,4,0.9999830722808838
4013,1,1,0.9999922513961792
4014,1,1,0.9999511241912842
4015,9,9,0.9998509883880615
4016,9,9,0.9999769926071167
4017,4,4,0.76310133934021
4018,3,3,0.9995156526565552
4019,6,6,0.9999994039535522
4020,8,8,1.0
4021,1,1,0.9999818801879883
4022,6,6,0.9999775886535645
4023,0,0,0.9999998807907104
4024,4,4,0.9999990463256836
4025,1,1,0.9999426603317261
4026,3,3,1.0
4027,7,7,0.6422592401504517
4028,7,7,0.9999997615814209
4029,4,4,0.9999382495880127
4030,9,9,0.9998012185096741
4031,5,5,0.999943733215332
4032,1,1,0.9996086955070496
4033,0,0,1.0
4034,0,0,0.9999998807907104
4035,1,1,0.9999877214431763
4036,1,1,0.9999967813491821
4037,6,6,0.9992030262947083
4038,2,2,0.9999988079071045
4039,1,1,0.9999179840087891
4040,9,9,0.9999948740005493
4041,8,8,0.9999995231628418
4042,4,4,1.0
4043,0,0,0.9999988079071045
4044,3,3,0.9998594522476196
4045,6,6,1.0
4046,4,4,1.0
4047,9,9,0.9992480874061584
4048,0,0,0.9999866485595703
4049,7,7,1.0
4050,1,1,0.9961483478546143
4051,6,6,1.0
4052,5,5,0.9988113641738892
4053,7,7,0.9944004416465759
4054,5,5,0.9999960660934448
4055,2,2,0.9999804496765137
4056,5,5,0.9998942613601685
4057,1,1,0.9999977350234985
4058,8,8,0.9999995231628418
4059,5,5,0.9999951124191284
4060,4,4,0.9999997615814209
4061,7,7,0.9996955394744873
4062,0,0,0.9999998807907104
4063,6,6,0.5343344807624817
4064,7,7,0.9999994039535522
4065,0,0,0.8258792161941528
4066,2,2,1.0
4067,5,5,0.9999920129776001
4068,8,8,0.9999696016311646
4069,1,1,0.9999872446060181
4070,0,0,1.0
4071,4,4,0.9999121427536011
4072,5,5,0.9992031455039978
4073,7,7,1.0
4074,1,1,0.9999265670776367
4075,8,0,0.5172700881958008
4076,5,5,0.9999998807907104
4077,1,1,0.999995231628418
4078,9,9,0.9381458163261414
4079,0,0,0.9994600415229797
4080,0,0,0.9999960660934448
4081,6,6,0.999968409538269
4082,0,0,0.9999998807907104
4083,7,7,1.0
4084,3,3,0.9999884366989136
4085,1,1,0.999995231628418
4086,8,8,0.9999109506607056
4087,3,3,0.999993085861206
4088,9,9,0.9999897480010986
4089,7,7,0.9999686479568481
4090,0,0,0.9999876022338867
4091,0,0,1.0
4092,8,8,0.9999749660491943
4093,9,9,0.9997522234916687
4094,5,5,0.9994361996650696
4095,9,9,0.9999990463256836
4096,8,8,0.9999877214431763
4097,3,3,0.9999998807907104
4098,2,2,1.0
4099,7,7,0.9998635053634644
4100,2,2,0.9996788501739502
4101,9,9,0.9999682903289795
4102,7,7,0.9289265275001526
4103,2,2,0.9999995231628418
4104,1,1,0.9999444484710693
4105,1,1,0.9999206066131592
4106,3,3,1.0
4107,7,7,0.9999632835388184
4108,5,5,1.0
4109,3,3,0.9999994039535522
4110,1,1,0.9996252059936523
4111,9,9,0.9999525547027588
4112,8,8,0.9999997615814209
4113,2,2,0.9999592304229736
4114,2,2,0.9999343156814575
4115,2,2,1.0
4116,8,8,0.9979419112205505
4117,8,8,0.9999077320098877
4118,5,5,0.9999992847442627
4119,7,7,0.9999556541442871
4120,3,3,0.9999960660934448
4121,8,8,0.9999911785125732
4122,9,9,0.9999998807907104
4123,8,8,0.9999837875366211
4124,8,8,0.9999761581420898
4125,6,6,0.9999977350234985
4126,8,8,0.9893559813499451
4127,2,2,1.0
4128,3,3,0.9999802112579346
4129,9,9,0.9994733929634094
4130,7,7,0.9999914169311523
4131,5,5,0.9999536275863647
4132,6,6,0.999998927116394
4133,2,2,0.9999985694885254
4134,9,9,0.9999315738677979
4135,2,2,0.9999954700469971
4136,8,8,0.9999971389770508
4137,8,8,0.999037504196167
4138,1,1,0.9999570846557617
4139,6,6,0.9999966621398926
4140,8,8,0.9998325109481812
4141,8,8,0.9999833106994629
4142,7,7,0.9999991655349731
4143,9,9,0.9997993111610413
4144,1,1,0.9999970197677612
4145,8,8,0.9999668598175049
4146,0,0,0.9998854398727417
4147,1,1,0.9994780421257019
4148,7,7,0.9973962306976318
4149,2,2,0.9999988079071045
4150,0,0,1.0
4151,7,7,0.999998927116394
4152,5,5,0.9986956715583801
4153,1,1,0.9999942779541016
4154,9,9,0.999599039554596
4155,0,0,1.0
4156,2,2,0.9853785037994385
4157,0,0,0.9999967813491821
4158,9,9,0.999967098236084
4159,8,8,0.9999914169311523
4160,6,6,0.9999865293502808
4161,2,2,0.9999998807907104
4162,3,3,1.0
4163,9,9,0.7252498865127563
4164,3,3,1.0
4165,8,8,0.9999852180480957
4166,0,0,0.9999988079071045
4167,2,2,0.9978541731834412
4168,1,1,0.9999260902404785
4169,1,1,0.9999895095825195
4170,1,1,0.9999743700027466
4171,1,1,0.9986995458602905
4172,4,4,0.9999985694885254
4173,2,2,0.9999984502792358
4174,9,9,0.9990270137786865
4175,7,7,0.999994158744812
4176,2,7,0.9430763125419617
4177,5,5,0.9999921321868896
4178,1,1,0.9921320080757141
4179,1,1,0.9999839067459106
4180,2,2,0.9998766183853149
4181,1,1,0.9999967813491821
4182,9,9,0.9999866485595703
4183,9,9,0.9999046325683594
4184,9,9,0.9997358918190002
4185,1,1,0.9941362142562866
4186,0,0,0.999998927116394
4187,2,2,0.9999911785125732
4188,0,0,1.0
4189,2,2,0.9999876022338867
4190,1,1,0.999957799911499
4191,1,1,0.9999902248382568
4192,4,4,0.9999421834945679
4193,6,6,0.9800711274147034
4194,4,4,0.9971412420272827
4195,1,1,0.9999324083328247
4196,5,5,0.9998677968978882
4197,4,4,0.9999840259552002
4198,9,9,0.9999997615814209
4199,7,7,0.4978335499763489
4200,7,7,1.0
4201,1,1,0.9271301627159119
4202,5,5,0.9999967813491821
4203,6,6,0.9999997615814209
4204,2,2,0.9999990463256836
4205,2,8,0.6944193243980408
4206,2,2,0.9999998807907104
4207,8,8,0.9970958232879639
4208,0,0,0.9999995231628418
4209,6,6,0.9999912977218628
4210,9,9,0.9995377063751221
4211,6,6,0.9963740706443787
4212,1,1,0.9995396137237549
4213,9,9,0.9995823502540588
4214,7,7,0.9999818801879883
4215,7,7,0.9998568296432495
4216,1,1,0.9883043766021729
4217,4,4,0.9999785423278809
4218,8,8,0.9999998807907104
4219,5,5,1.0
4220,3,3,0.9999990463256836
4221,4,4,0.9998992681503296
4222,3,3,1.0
4223,4,4,0.9999963045120239
4224,9,9,0.8147656321525574
4225,7,7,0.9999969005584717
4226,5,5,1.0
4227,0,0,0.9999997615814209
4228,7,7,0.9999942779541016
4229,4,4,1.0
4230,8,8,0.9999980926513672
4231,8,8,0.9999547004699707
4232,1,1,0.9998195767402649
4233,5,5,0.9999995231628418
4234,3,3,0.9999994039535522
4235,9,9,0.9999715089797974
4236,5,5,1.0
4237,9,9,0.999849796295166
4238,7,3,0.7053230404853821
4239,6,6,0.9999943971633911
4240,9,9,0.9999967813491821
4241,0,0,1.0
4242,3,3,0.9999960660934448
4243,6,6,0.9995676875114441
4244,3,3,0.9999593496322632
4245,9,9,0.9999997615814209
4246,8,8,1.0
4247,2,2,0.9999992847442627
4248,2,8,0.905312180519104
4249,1,1,0.999998927116394
4250,2,2,0.9999998807907104
4251,8,8,0.999998927116394
4252,6,6,0.9999927282333374
4253,8,8,0.9999998807907104
4254,5,5,0.9999951124191284
4255,5,5,0.9990171194076538
4256,3,0,0.5482177138328552
4257,9,9,0.9999955892562866
4258,4,4,1.0
4259,9,9,0.9739500284194946
4260,2,2,0.999882698059082
4261,5,5,0.999996542930603
4262,1,1,0.99991774559021
4263,5,5,0.9979689717292786
4264,1,1,0.9999369382858276
4265,4,4,0.8730021715164185
4266,4,4,0.9996706247329712
4267,1,1,0.9999641180038452
4268,4,4,0.9999992847442627
4269,4,4,0.9970170259475708
4270,3,3,1.0
4271,5,5,0.9932746887207031
4272,9,9,0.9997907280921936
4273,1,1,0.9997965693473816
4274,2,2,0.9999998807907104
4275,2,2,0.9999998807907104
4276,3,3,0.9999998807907104
4277,3,3,0.9999963045120239
4278,0,0,1.0
4279,2,2,1.0
4280,9,9,0.9998717308044434
4281,0,0,0.9999966621398926
4282,0,0,0.9999997615814209
4283,9,9,0.9999992847442627
4284,9,5,0.7036404013633728
4285,6,6,0.9997630715370178
4286,0,0,0.9999984502792358
4287,9,9,0.9997127652168274
4288,3,3,1.0
4289,2,2,0.897987425327301
4290,8,8,0.9999998807907104
4291,4,4,0.9999617338180542
4292,1,1,0.99993896484375
4293,9,9,0.9998569488525391
4294,9,9,0.9972808361053467
4295,7,7,0.9999967813491821
4296,2,2,1.0
4297,7,7,0.9882115721702576
4298,9,9,1.0
4299,9,9,0.9972954392433167
4300,5,5,0.9908604621887207
4301,9,9,0.9999699592590332
4302,5,5,0.9997389912605286
4303,1,1,0.999819815158844
4304,1,1,0.9999701976776123
4305,8,8,0.9999967813491821
4306,3,3,0.9939338564872742
4307,5,5,1.0
4308,1,1,0.9841727018356323
4309,9,9,0.9997994303703308
4310,5,5,0.9999959468841553
4311,3,3,0.9999796152114868
4312,5,5,0.9999974966049194
4313,4,4,0.9777244925498962
4314,9,9,0.9695774912834167
4315,5,5,0.9971991777420044
4316,9,9,0.999681830406189
4317,3,3,0.9999935626983643
4318,1,1,0.9989491105079651
4319,9,9,0.9999994039535522
4320,0,0,0.9999985694885254
4321,9,9,0.9998414516448975
4322,7,7,1.0
4323,5,5,0.9782644510269165
4324,4,4,0.9999985694885254
4325,9,9,0.9984378218650818
4326,2,2,0.9999995231628418
4327,0,0,0.999955415725708
4328,1,1,0.999995231628418
4329,0,0,0.9999908208847046
4330,5,5,0.850741982460022
4331,1,1,0.9986217021942139
4332,4,4,1.0
4333,9,9,0.9994418025016785
4334,3,3,0.9999984502792358
4335,3,3,0.9995908141136169
4336,6,6,0.9999973773956299
4337,1,1,0.9999985694885254
4338,5,5,0.9999996423721313
4339,2,2,0.9999998807907104
4340,5,5,0.999998927116394
4341,2,2,0.999991774559021
4342,2,2,0.9999692440032959
4343,0,0,0.9999969005584717
4344,9,9,0.9636711478233337
4345,2,2,1.0
4346,6,6,0.999992847442627
4347,6,6,0.9999998807907104
4348,0,0,1.0
4349,1,1,0.9996978044509888
4350,2,2,0.9647125601768494
4351,0,0,0.9999997615814209
4352,3,3,0.9999998807907104
4353,0,0,0.9999972581863403
4354,2,2,0.9999868869781494
4355,5,5,0.9975443482398987
4356,5,5,0.995572566986084
4357,7,7,1.0
4358,9,9,0.9997730851173401
4359,5,5,0.9759588241577148
4360,5,5,0.9661908149719238
4361,0,0,0.9999998807907104
4362,8,8,0.9999998807907104
4363,9,9,0.999618411064148
4364,5,5,1.0
4365,0,0,1.0
4366,3,3,1.0
4367,2,2,0.9999933242797852
4368,5,5,0.9974664449691772
4369,9,9,0.9435343146324158
4370,0,0,0.9999150037765503
4371,8,8,0.9999972581863403
4372,8,8,1.0
4373,4,4,0.9999960660934448
4374,5,5,0.9997022747993469
4375,8,8,0.9999998807907104
4376,8,8,0.9999861717224121
4377,4,4,0.9998749494552612
4378,5,5,0.9999997615814209
4379,4,4,0.9999969005584717
4380,8,8,0.9986808896064758
4381,5,5,0.9999921321868896
4382,4,4,0.8197953104972839
4383,9,9,0.9931673407554626
4384,2,2,0.9983817338943481
4385,2,2,0.9999977350234985
4386,1,1,0.9999293088912964
4387,2,2,0.9996501207351685
4388,6,6,0.9999997615814209
4389,8,8,0.9999207258224487
4390,8,8,0.9999756813049316
4391,7,7,0.9999830722808838
4392,0,0,1.0
4393,3,3,0.9999890327453613
4394,6,6,1.0
4395,6,6,1.0
4396,4,4,0.9999856948852539
4397,3,3,0.9999200105667114
4398,8,8,0.9999985694885254
4399,8,8,0.9970477223396301
4400,7,7,0.9947395920753479
4401,2,2,0.9997765421867371
4402,2,2,1.0
4403,0,0,0.9999372959136963
4404,0,0,0.9999996423721313
4405,9,9,0.5470148324966431
4406,3,3,1.0
4407,9,9,0.9999768733978271
4408,9,9,0.9997504353523254
4409,1,1,0.9999258518218994
4410,9,9,0.9988514184951782
4411,8,8,1.0
4412,6,6,0.9999996423721313
4413,6,6,0.9996824264526367
4414,4,4,0.9999990463256836
4415,2,2,1.0
4416,6,6,0.9999994039535522
4417,9,9,1.0
4418,2,2,1.0
4419,8,8,0.9999797344207764
4420,5,5,0.9999833106994629
4421,4,4,0.9999996423721313
4422,5,5,0.9999772310256958
4423,7,7,0.999997615814209
4424,9,9,0.9981895089149475
4425,9,9,0.9841805696487427
4426,9,9,0.9999699592590332
4427,2,2,0.9999788999557495
4428,1,1,0.9997581839561462
4429,8,8,0.9999935626983643
4430,3,3,1.0
4431,4,4,0.9999997615814209
4432,0,0,0.9999649524688721
4433,7,7,0.991813063621521
4434,8,8,0.9996483325958252
4435,3,3,0.9998077750205994
4436,9,9,0.9999979734420776
4437,3,3,0.999788224697113
4438,4,4,0.9950429201126099
4439,6,6,0.9999924898147583
4440,5,5,0.9999990463256836
4441,6,6,1.0
4442,2,2,0.9999992847442627
4443,3,3,0.995541512966156
4444,9,9,0.9999955892562866
4445,2,2,1.0
4446,6,6,1.0
4447,0,0,0.9999997615814209
4448,0,0,1.0
4449,6,6,0.9999879598617554
4450,1,1,0.9999767541885376
4451,2,2,0.9967749714851379
4452,8,8,0.9999953508377075
4453,7,7,0.9999390840530396
4454,9,9,0.990202784538269
4455,8,8,0.9992893934249878
4456,2,2,1.0
4457,0,0,0.9999998807907104
4458,4,4,0.9999984502792358
4459,7,7,0.9999998807907104
4460,7,7,0.9956678152084351
4461,5,5,0.9999980926513672
4462,0,0,0.9999998807907104
4463,5,5,0.9999090433120728
4464,6,6,1.0
4465,4,4,0.99998939037323
4466,6,6,0.9999995231628418
4467,7,7,0.9999978542327881
4468,4,4,0.999966025352478
4469,3,3,0.9999891519546509
4470,0,0,1.0
4471,7,7,0.9999996423721313
4472,5,5,0.9985263347625732
4473,0,0,1.0
4474,7,7,1.0
4475,4,4,0.9999986886978149
4476,2,2,0.9999992847442627
4477,0,0,0.999496579170227
4478,8,8,0.9999996423721313
4479,9,9,0.9747418761253357
4480,9,9,0.9999924898147583
4481,4,4,0.9999467134475708
4482,2,2,0.9999192953109741
4483,4,4,0.9950833320617676
4484,6,6,1.0
4485,7,7,0.9999995231628418
4486,8,8,0.9999958276748657
4487,7,7,0.9999250173568726
4488,6,6,0.9996621608734131
4489,9,9,0.998688280582428
4490,4,4,1.0
4491,1,1,0.999887228012085
4492,3,3,1.0
4493,7,7,0.9999802112579346
4494,3,3,0.9994984865188599
4495,0,0,0.9999995231628418
4496,8,8,0.9999997615814209
4497,8,7,0.5432285070419312
4498,7,7,0.9779099225997925
4499,6,6,0.9998465776443481
4500,9,1,0.5609596371650696
4501,3,3,0.9999996423721313
4502,9,9,0.9999881982803345
4503,2,2,0.9998266100883484
4504,2,2,0.9756868481636047
4505,9,9,0.995557963848114
4506,2,2,0.9999903440475464
4507,1,2,0.6629561185836792
4508,8,8,1.0
4509,3,3,0.9999524354934692
4510,2,2,1.0
4511,9,9,0.9800496101379395
4512,6,6,0.9999988079071045
4513,8,8,0.999427318572998
4514,4,4,0.9988563060760498
4515,0,0,0.9999992847442627
4516,1,1,0.9999970197677612
4517,2,2,1.0
4518,8,8,0.9999995231628418
4519,4,4,0.9998914003372192
4520,5,5,0.9999974966049194
4521,2,2,0.999990701675415
4522,7,7,1.0
4523,8,8,0.9997337460517883
4524,1,1,0.999958872795105
4525,1,1,0.9999513626098633
4526,3,3,0.9999921321868896
4527,0,0,0.9999997615814209
4528,3,3,0.9998076558113098
4529,5,5,1.0
4530,7,7,1.0
4531,0,0,0.9999996423721313
4532,3,3,0.9999958276748657
4533,1,1,0.9999642372131348
4534,9,9,0.9999483823776245
4535,3,3,1.0
4536,6,6,0.8267497420310974
4537,3,3,1.0
4538,1,1,0.9999666213989258
4539,7,7,0.9999994039535522
4540,7,7,0.9998288154602051
4541,3,3,1.0
4542,0,0,1.0
4543,8,8,0.9990102052688599
4544,4,4,0.9999998807907104
4545,8,8,0.999997615814209
4546,2,2,0.9999685287475586
4547,6,6,0.9996870756149292
4548,5,5,0.9976542592048645
4549,2,2,0.9999992847442627
4550,9,9,0.9998923540115356
4551,7,7,0.9834502935409546
4552,3,3,0.9999926090240479
4553,9,9,0.9999980926513672
4554,0,0,0.9999996423721313
4555,9,9,0.9992352724075317
4556,9,9,0.9999680519104004
4557,6,6,0.9999998807907104
4558,4,4,0.998099148273468
4559,2,2,1.0
4560,9,9,0.9999978542327881
4561,7,7,0.9999816417694092
4562,2,2,0.9999998807907104
4563,1,1,0.9591052532196045
4564,1,1,0.9998886585235596
4565,6,6,0.9999651908874512
4566,7,7,0.7836658358573914
4567,4,4,0.9657300114631653
4568,7,7,0.9998546838760376
4569,5,5,0.9997013211250305
4570,9,9,0.9998619556427002
4571,6,8,0.7803989052772522
4572,8,8,0.9999988079071045
4573,2,2,0.9992368221282959
4574,1,1,0.9987702965736389
4575,4,4,0.986384928226471
4576,4,4,1.0
4577,5,5,0.9999697208404541
4578,7,7,0.8280695080757141
4579,6,6,0.9995237588882446
4580,1,1,0.9999276399612427
4581,3,3,1.0
4582,2,2,0.9999979734420776
4583,5,5,0.9999991655349731
4584,9,9,0.9999790191650391
4585,9,9,0.998335063457489
4586,3,3,0.9999790191650391
4587,6,6,1.0
4588,1,1,0.9999986886978149
4589,1,1,0.9994300007820129
4590,4,4,0.9999998807907104
4591,6,6,0.9999998807907104
4592,9,9,0.9999994039535522
4593,7,7,0.9999204874038696
4594,2,2,0.9996906518936157
4595,1,1,0.9999921321868896
4596,5,5,0.9999990463256836
4597,1,1,0.9991236329078674
4598,4,4,0.9999227523803711
4599,6,6,0.9999973773956299
4600,3,3,1.0
4601,8,8,0.9571595191955566
4602,1,1,0.9999442100524902
4603,1,1,0.9999767541885376
4604,0,0,0.9931747317314148
4605,3,3,0.9998542070388794
4606,1,1,0.999618649482727
4607,6,6,0.999997615814209
4608,8,8,0.9997796416282654
4609,4,4,0.999640941619873
4610,9,9,0.9996923208236694
4611,0,0,1.0
4612,7,7,1.0
4613,3,3,0.9999991655349731
4614,0,0,0.9999969005584717
4615,2,2,0.8592550754547119
4616,9,9,0.9999843835830688
4617,0,0,0.9999973773956299
4618,6,6,0.9999998807907104
4619,6,6,0.9977431297302246
4620,6,6,0.9981234669685364
4621,3,3,1.0
4622,6,6,1.0
4623,7,7,1.0
4624,7,7,0.9999922513961792
4625,2,2,0.9999576807022095
4626,8,8,0.9999758005142212
4627,6,6,0.9999998807907104
4628,0,0,1.0
4629,8,8,1.0
4630,3,3,0.9985820055007935
4631,0,0,1.0
4632,2,2,0.9958186745643616
4633,9,9,0.9955624341964722
4634,8,8,0.999995231628418
4635,3,3,0.9999198913574219
4636,2,2,1.0
4637,5,5,0.9999998807907104
4638,3,3,0.9999932050704956
4639,8,8,0.9990808963775635
4640,8,8,0.999180018901825
4641,0,0,0.9999967813491821
4642,0,0,0.9999890327453613
4643,1,1,0.9999063014984131
4644,9,9,0.9999991655349731
4645,5,5,0.9999998807907104
4646,1,1,0.9990787506103516
4647,3,3,1.0
4648,9,9,0.9999977350234985
4649,6,6,0.9999992847442627
4650,0,0,0.999992847442627
4651,1,1,0.9999881982803345
4652,4,4,0.9999992847442627
4653,1,1,0.999968409538269
4654,7,7,0.9999990463256836
4655,1,1,0.9998527765274048
4656,2,2,0.9997647404670715
4657,3,3,0.9999855756759644
4658,7,7,0.9998931884765625
4659,9,9,0.9999959468841553
4660,7,7,0.9962323307991028
4661,4,4,1.0
4662,9,9,0.999237060546875
4663,9,9,0.9999845027923584
4664,3,3,0.9999998807907104
4665,9,9,0.9978758096694946
4666,2,2,0.9999994039535522
4667,8,8,0.9999977350234985
4668,2,2,0.9998605251312256
4669,7,7,0.9999997615814209
4670,1,1,0.9999493360519409
4671,8,8,0.9999649524688721
4672,0,0,0.9999852180480957
4673,9,9,0.9999097585678101
4674,1,1,0.9986605644226074
4675,0,0,0.9999992847442627
4676,1,1,0.9997931122779846
4677,7,7,0.9999384880065918
4678,7,7,1.0
4679,9,9,0.9999865293502808
4680,6,6,1.0
4681,9,9,0.9955537915229797
4682,9,9,0.9999809265136719
4683,9,9,0.9999469518661499
4684,2,2,0.999983549118042
4685,1,1,0.9999865293502808
4686,6,6,0.999996542930603
4687,1,1,0.9998667240142822
4688,3,3,1.0
4689,5,5,0.9999984502792358
4690,7,7,0.9910049438476562
4691,1,1,0.9998953342437744
4692,9,9,0.9997966885566711
4693,7,7,0.9999780654907227
4694,6,6,0.9999991655349731
4695,4,4,0.9999873638153076
4696,5,5,0.9982569813728333
4697,7,7,0.9999997615814209
4698,6,6,0.9999998807907104
4699,6,6,0.9800239205360413
4700,9,9,0.999987006187439
4701,9,9,0.9999966621398926
4702,6,6,0.9999864101409912
4703,3,3,1.0
4704,6,6,0.9999847412109375
4705,2,2,0.9999998807907104
4706,9,9,0.9999545812606812
4707,8,8,0.9999896287918091
4708,1,1,0.9999959468841553
4709,2,2,1.0
4710,2,2,0.9999831914901733
4711,5,5,0.9937779903411865
4712,5,5,0.999980092048645
4713,2,2,0.9993076324462891
4714,3,3,0.9999998807907104
4715,7,7,0.9999992847442627
4716,2,2,0.9998643398284912
4717,1,1,0.9996021389961243
4718,0,0,1.0
4719,1,1,0.9986180067062378
4720,0,0,0.9999994039535522
4721,4,4,0.9999980926513672
4722,5,5,0.9999966621398926
4723,2,2,0.9999991655349731
4724,8,8,0.9227245450019836
4725,2,2,0.9999996423721313
4726,8,8,0.9999938011169434
4727,3,3,0.9999998807907104
4728,5,5,0.9999992847442627
4729,1,1,0.9999561309814453
4730,7,7,1.0
4731,8,8,0.8181470632553101
4732,1,1,0.9999490976333618
4733,1,1,0.9992085099220276
4734,2,2,0.9999839067459106
4735,9,9,0.9992425441741943
4736,7,7,0.9999949932098389
4737,8,8,0.995783805847168
4738,4,4,0.9999207258224487
4739,0,0,0.9588540196418762
4740,3,5,0.8605231642723083
4741,0,0,0.9999785423278809
4742,7,7,0.9996423721313477
4743,8,8,0.9958136677742004
4744,8,8,0.9998835325241089
4745,4,4,0.9992751479148865
4746,7,7,0.9999963045120239
4747,7,7,1.0
4748,8,8,1.0
4749,5,5,0.9997209906578064
4750,8,8,0.99997878074646
4751,4,4,0.9995883107185364
4752,9,9,0.9999936819076538
4753,8,8,0.9999990463256836
4754,1,1,0.999962568283081
4755,3,3,0.9999630451202393
4756,8,8,0.9999997615814209
4757,0,0,0.9999998807907104
4758,3,3,1.0
4759,1,1,0.9440585970878601
4760,7,7,0.9999831914901733
4761,9,9,0.5864899754524231
4762,5,5,1.0
4763,5,5,0.8057916164398193
4764,1,1,0.9998217225074768
4765,6,6,0.9999997615814209
4766,5,5,0.9999970197677612
4767,7,7,1.0
4768,4,4,1.0
4769,9,9,0.9999992847442627
4770,3,3,1.0
4771,5,5,0.9544622302055359
4772,4,4,0.9999933242797852
4773,7,7,0.999904990196228
4774,1,1,0.999841570854187
4775,2,2,1.0
4776,0,0,0.999976396560669
4777,8,8,0.9990193843841553
4778,1,1,0.9999773502349854
4779,6,6,1.0
4780,0,0,0.9999990463256836
4781,7,7,1.0
4782,3,3,1.0
4783,4,9,0.7921202182769775
4784,7,7,1.0
4785,3,3,0.9999992847442627
4786,9,9,0.9999915361404419
4787,6,6,0.9999994039535522
4788,0,0,0.9999957084655762
4789,8,8,0.9999974966049194
4790,6,6,0.9999898672103882
4791,4,4,0.9999648332595825
4792,8,8,1.0
4793,7,7,0.9999998807907104
4794,7,7,0.9999687671661377
4795,9,9,0.9999649524688721
4796,3,3,0.9999998807907104
4797,8,8,0.9999998807907104
4798,6,6,0.9982605576515198
4799,9,9,0.9999955892562866
4800,7,7,0.9999998807907104
4801,2,2,1.0
4802,3,3,0.9999891519546509
4803,4,4,0.9999994039535522
4804,0,0,0.999497652053833
4805,2,2,1.0
4806,1,1,0.9999939203262329
4807,8,0,0.9405775666236877
4808,3,3,0.9903918504714966
4809,5,5,0.9999996423721313
4810,5,5,0.9999980926513672
4811,7,7,1.0
4812,2,2,0.9999328851699829
4813,4,4,0.9999978542327881
4814,6,6,0.9809854626655579
4815,7,7,0.9983416795730591
4816,2,2,0.9993233680725098
4817,8,8,0.9999997615814209
4818,3,3,1.0
4819,0,0,0.9998216032981873
4820,8,8,0.9999997615814209
4821,7,7,0.9999992847442627
4822,8,8,0.9999934434890747
4823,9,4,0.8331891298294067
4824,0,0,0.999998927116394
4825,8,8,0.9998959302902222
4826,4,4,0.9999992847442627
4827,4,4,0.9999816417694092
4828,5,5,0.9995527863502502
4829,8,8,0.9999974966049194
4830,5,5,0.9999978542327881
4831,6,6,0.9999998807907104
4832,6,6,0.9999880790710449
4833,3,3,0.9999772310256958
4834,0,0,0.9999817609786987
4835,9,9,0.9999182224273682
4836,3,3,0.9999994039535522
4837,7,7,0.8500251173973083
4838,6,5,0.5589529871940613
4839,8,8,0.9997864365577698
4840,9,9,0.9998409748077393
4841,3,3,0.9999803304672241
4842,4,4,0.9999978542327881
4843,9,9,0.9999990463256836
4844,5,5,0.9999887943267822
4845,8,8,0.9999986886978149
4846,9,9,0.9975200295448303
4847,1,1,0.9999470710754395
4848,2,2,0.9999995231628418
4849,8,8,0.9999984502792358
4850,8,8,0.9999984502792358
4851,6,6,0.9996854066848755
4852,8,8,0.9988921284675598
4853,1,1,0.9999282360076904
4854,3,3,0.9999327659606934
4855,7,7,0.9999959468841553
4856,9,9,0.9999754428863525
4857,0,0,0.9999932050704956
4858,1,1,0.9999088048934937
4859,1,1,0.9999617338180542
4860,4,9,0.5540449023246765
4861,7,7,0.9955193996429443
4862,0,0,0.9999997615814209
4863,8,8,0.9873607158660889
4864,1,1,0.9982155561447144
4865,7,7,1.0
4866,4,4,0.999991774559021
4867,5,5,0.9999998807907104
4868,7,7,0.9999454021453857
4869,1,1,0.999955415725708
4870,2,2,1.0
4871,1,1,0.9992671608924866
4872,1,1,0.9990334510803223
4873,3,3,0.9999920129776001
4874,9,9,0.5951300859451294
4875,6,6,0.9999997615814209
4876,2,4,0.564626932144165
4877,1,1,0.9999300241470337
4878,2,2,0.9999997615814209
4879,8,8,0.9949769377708435
4880,0,0,0.9901182055473328
4881,7,7,1.0
4882,6,6,0.9999905824661255
4883,6,6,0.9999992847442627
4884,9,9,0.9999542236328125
4885,3,3,1.0
4886,7,7,0.9518982172012329
4887,0,0,0.999996542930603
4888,5,6,0.7738015651702881
4889,2,2,1.0
4890,8,8,0.9948362112045288
4891,0,0,0.9999700784683228
4892,5,5,1.0
4893,4,4,0.9997076392173767
4894,3,3,0.9998500347137451
4895,8,8,0.9999996423721313
4896,4,4,0.9999986886978149
4897,6,6,0.9997453093528748
4898,6,6,0.9999449253082275
4899,2,2,0.9999746084213257
4900,7,7,0.9999585151672363
4901,9,9,0.9999960660934448
4902,5,5,0.9986060261726379
4903,1,1,0.9999715089797974
4904,3,3,1.0
4905,2,2,0.9999997615814209
4906,4,4,1.0
4907,3,3,0.9998666048049927
4908,6,6,0.9999996423721313
4909,1,1,0.999972939491272
4910,9,9,0.9999911785125732
4911,4,4,0.7739993333816528
4912,4,4,1.0
4913,7,7,0.9999984502792358
4914,6,6,1.0
4915,5,5,0.998134195804596
4916,4,4,1.0
4917,1,1,0.9999005794525146
4918,9,9,0.9970707893371582
4919,9,9,0.9999982118606567
4920,2,2,1.0
4921,7,7,0.9979070425033569
4922,8,8,0.9999977350234985
4923,0,0,0.9999929666519165
4924,1,1,0.999439537525177
4925,3,3,0.9999978542327881
4926,6,6,0.9999998807907104
4927,1,1,0.9999675750732422
4928,3,3,1.0
4929,4,4,0.9978524446487427
4930,1,1,0.9999955892562866
4931,1,1,0.9999382495880127
4932,1,1,0.9999202489852905
4933,5,5,0.9999959468841553
4934,6,6,0.998673677444458
4935,0,0,0.9999732971191406
4936,7,7,0.9999908208847046
4937,0,0,1.0
4938,7,7,0.9999865293502808
4939,2,2,0.9907705783843994
4940,3,3,1.0
4941,2,2,0.9996533393859863
4942,5,5,0.9740034937858582
4943,2,2,0.9999531507492065
4944,2,2,0.9999970197677612
4945,9,9,0.9999730587005615
4946,4,4,0.9999984502792358
4947,9,9,0.9999585151672363
4948,8,8,0.999991774559021
4949,1,1,0.9999967813491821
4950,2,2,0.9917405843734741
4951,1,1,0.9944831728935242
4952,6,6,0.9999911785125732
4953,1,1,0.9999915361404419
4954,2,2,0.9999998807907104
4955,7,7,1.0
4956,8,4,0.7281463146209717
4957,0,0,0.9999995231628418
4958,0,0,1.0
4959,0,0,0.9999991655349731
4960,8,8,0.9998273253440857
4961,2,2,0.9999998807907104
4962,2,2,1.0
4963,9,9,0.9984525442123413
4964,2,2,0.9999966621398926
4965,2,2,1.0
4966,7,7,0.998282790184021
4967,9,9,0.9999982118606567
4968,9,9,0.9999995231628418
4969,2,2,1.0
4970,7,7,0.9999873638153076
4971,5,5,0.9998237490653992
4972,1,1,0.9984273910522461
4973,3,3,1.0
4974,4,4,0.9999985694885254
4975,9,9,0.9999716281890869
4976,4,4,0.9999759197235107
4977,1,1,0.999948263168335
4978,8,8,0.9960281848907471
4979,5,5,0.9999949932098389
4980,6,6,0.9999779462814331
4981,2,2,0.9999964237213135
4982,8,8,0.9999587535858154
4983,3,3,1.0
4984,1,1,0.9999477863311768
4985,2,2,0.9999936819076538
4986,8,8,0.9999904632568359
4987,4,4,0.9999784231185913
4988,9,9,0.999987006187439
4989,9,9,0.9721394777297974
4990,3,3,0.9999750852584839
4991,7,7,0.9999985694885254
4992,0,0,0.9999998807907104
4993,7,7,0.9999637603759766
4994,7,7,0.9999953508377075
4995,2,2,0.9998119473457336
4996,3,3,1.0
4997,2,2,0.9912641048431396
4998,4,4,0.999202311038971
4999,0,0,1.0
5000,3,3,0.9999990463256836
5001,9,9,0.9997358918190002
5002,9,9,0.9999977350234985
5003,8,8,0.9999998807907104
5004,4,4,1.0
5005,1,1,0.9994377493858337
5006,0,0,0.9999986886978149
5007,6,6,1.0
5008,0,0,0.9999992847442627
5009,9,9,0.9999853372573853
5010,6,6,0.9999995231628418
5011,8,8,0.9999287128448486
5012,6,6,1.0
5013,1,1,0.9999485015869141
5014,1,1,0.9999207258224487
5015,9,9,0.9994418025016785
5016,8,8,0.9999998807907104
5017,9,9,0.9999973773956299
5018,2,2,1.0
5019,3,3,1.0
5020,5,5,0.9999909400939941
5021,5,5,0.9999985694885254
5022,9,9,0.9999990463256836
5023,4,4,0.9999992847442627
5024,2,2,0.9999998807907104
5025,1,1,0.999976396560669
5026,9,9,0.9999923706054688
5027,4,4,0.9999914169311523
5028,3,3,1.0
5029,9,9,0.9999599456787109
5030,6,6,1.0
5031,0,0,0.9999970197677612
5032,4,4,0.9999996423721313
5033,0,0,0.999997615814209
5034,6,6,1.0
5035,0,0,0.9999994039535522
5036,1,1,0.9999442100524902
5037,2,2,1.0
5038,3,3,0.9999996423721313
5039,4,4,1.0
5040,7,7,0.9985132813453674
5041,8,8,1.0
5042,9,9,0.9998315572738647
5043,0,0,1.0
5044,1,1,0.9999812841415405
5045,2,2,0.9999996423721313
5046,3,3,0.9991973042488098
5047,4,4,0.9999916553497314
5048,7,7,0.9999247789382935
5049,8,8,0.9999973773956299
5050,9,9,0.9999933242797852
5051,0,0,0.9999998807907104
5052,1,1,0.9996839761734009
5053,2,2,0.9999994039535522
5054,3,3,0.9999998807907104
5055,4,4,0.9999964237213135
5056,5,5,0.9999996423721313
5057,6,6,0.9999998807907104
5058,7,7,0.9999775886535645
5059,8,8,1.0
5060,9,9,0.9999992847442627
5061,8,8,0.9999963045120239
5062,3,3,0.9999879598617554
5063,4,4,0.9999604225158691
5064,7,7,0.9999634027481079
5065,8,8,0.9969856142997742
5066,6,6,1.0
5067,3,3,0.9998117089271545
5068,4,4,0.8309891819953918
5069,0,0,0.9999998807907104
5070,9,9,0.9999775886535645
5071,7,7,0.9999966621398926
5072,1,1,0.9999556541442871
5073,9,9,1.0
5074,3,3,0.9996670484542847
5075,8,8,0.9999998807907104
5076,4,4,1.0
5077,7,7,0.9999737739562988
5078,3,3,0.9999104738235474
5079,0,0,1.0
5080,9,9,0.9999995231628418
5081,1,1,0.9993540644645691
5082,4,4,0.9999995231628418
5083,5,5,0.9999226331710815
5084,4,4,0.9999703168869019
5085,6,6,0.9999998807907104
5086,2,2,0.9984306693077087
5087,0,0,0.9999997615814209
5088,6,6,0.9999806880950928
5089,2,2,0.9999996423721313
5090,1,1,0.9996298551559448
5091,1,1,0.999962329864502
5092,1,1,0.9998482465744019
5093,1,1,0.9997166991233826
5094,7,7,0.9999977350234985
5095,2,2,1.0
5096,4,4,0.9999918937683105
5097,7,7,0.9999992847442627
5098,5,5,0.9999994039535522
5099,2,2,0.999991774559021
5100,9,9,0.9998842477798462
5101,4,4,0.9999886751174927
5102,5,5,0.9999985694885254
5103,8,8,0.9999980926513672
5104,4,4,0.9999998807907104
5105,2,2,1.0
5106,9,9,0.9999847412109375
5107,7,7,0.9999980926513672
5108,0,0,1.0
5109,0,0,0.9999926090240479
5110,7,7,0.9999474287033081
5111,5,5,0.9999988079071045
5112,1,1,0.9999972581863403
5113,1,1,0.9999487400054932
5114,7,7,0.999981164932251
5115,6,6,1.0
5116,6,6,1.0
5117,6,6,0.9999921321868896
5118,8,8,0.9999983310699463
5119,2,2,0.9999849796295166
5120,2,2,0.9999814033508301
5121,7,7,0.9999748468399048
5122,7,7,0.9999604225158691
5123,4,4,1.0
5124,0,0,0.9999998807907104
5125,2,2,0.9999922513961792
5126,4,4,0.9999562501907349
5127,2,2,0.9089022874832153
5128,1,1,0.9999849796295166
5129,8,8,1.0
5130,9,9,0.9999862909317017
5131,6,6,0.9999998807907104
5132,1,1,0.9999971389770508
5133,0,0,0.9999995231628418
5134,5,5,0.9999994039535522
5135,9,9,0.9999370574951172
5136,6,6,0.9999983310699463
5137,9,9,0.9999690055847168
5138,8,8,0.999086856842041
5139,0,0,0.9999977350234985
5140,3,3,0.9961459636688232
5141,0,0,0.9999986886978149
5142,8,8,0.9999970197677612
5143,3,3,0.9999992847442627
5144,9,9,0.9999880790710449
5145,6,6,0.9999985694885254
5146,3,3,0.9999983310699463
5147,0,0,1.0
5148,1,1,0.9998078942298889
5149,2,2,1.0
5150,3,3,1.0
5151,4,4,0.9999998807907104
5152,5,5,0.999995231628418
5153,6,6,1.0
5154,7,7,0.9999924898147583
5155,0,0,0.9999984502792358
5156,1,1,0.9999767541885376
5157,2,2,1.0
5158,3,3,0.9999971389770508
5159,4,4,0.908473789691925
5160,5,5,0.9999850988388062
5161,6,6,0.9999997615814209
5162,7,7,0.9996497631072998
5163,8,8,0.9999996423721313
5164,9,9,0.999858021736145
5165,0,0,0.9972234964370728
5166,1,1,0.9999630451202393
5167,2,2,0.9999973773956299
5168,3,3,1.0
5169,4,4,1.0
5170,5,5,0.9999988079071045
5171,6,6,0.9999995231628418
5172,7,7,0.9999444484710693
5173,8,8,0.9999514818191528
5174,5,5,0.9999982118606567
5175,4,4,0.9999986886978149
5176,8,8,0.8947718739509583
5177,7,7,0.9999977350234985
5178,4,4,1.0
5179,7,7,1.0
5180,7,7,0.9998378753662109
5181,3,3,1.0
5182,9,9,0.9999003410339355
5183,8,8,0.9874952435493469
5184,8,8,0.9999994039535522
5185,3,3,1.0
5186,1,1,0.9999784231185913
5187,5,5,0.999992847442627
5188,8,8,0.9999990463256836
5189,2,2,1.0
5190,7,7,0.9999839067459106
5191,4,4,1.0
5192,2,2,1.0
5193,1,1,0.9996360540390015
5194,5,5,0.997983455657959
5195,4,4,1.0
5196,5,5,0.9999997615814209
5197,5,5,0.9999967813491821
5198,8,8,0.9999839067459106
5199,6,6,0.9870367050170898
5200,4,4,0.9999995231628418
5201,4,4,0.9999936819076538
5202,4,4,0.9999998807907104
5203,1,1,0.9994117021560669
5204,8,8,0.9999473094940186
5205,7,7,0.9999966621398926
5206,5,5,0.9999998807907104
5207,5,5,0.9999723434448242
5208,1,1,0.9998596906661987
5209,8,8,0.9999946355819702
5210,9,9,0.9970059990882874
5211,1,1,0.9999134540557861
5212,3,3,1.0
5213,6,6,0.9998272061347961
5214,3,3,1.0
5215,3,3,1.0
5216,2,2,1.0
5217,2,2,0.9999873638153076
5218,6,6,0.9999293088912964
5219,9,9,0.9996017813682556
5220,9,9,0.9999130964279175
5221,6,6,0.9999797344207764
5222,5,5,1.0
5223,5,5,0.9999984502792358
5224,3,3,1.0
5225,3,3,1.0
5226,8,8,1.0
5227,1,1,0.9997465014457703
5228,6,6,0.9046958684921265
5229,5,5,0.9999946355819702
5230,6,6,1.0
5231,8,8,0.9999984502792358
5232,1,1,0.9999850988388062
5233,9,9,0.9999758005142212
5234,7,7,0.9999929666519165
5235,6,6,0.9999969005584717
5236,8,8,0.9999990463256836
5237,3,3,0.9999996423721313
5238,7,7,0.9999988079071045
5239,4,4,0.9999922513961792
5240,7,7,0.9998881816864014
5241,0,0,0.9999996423721313
5242,9,9,0.9984917640686035
5243,0,0,0.9999868869781494
5244,0,0,0.9999997615814209
5245,3,3,1.0
5246,7,7,0.9465346932411194
5247,9,9,0.9999798536300659
5248,3,3,0.9999998807907104
5249,0,0,1.0
5250,2,2,0.9999837875366211
5251,0,0,0.9999963045120239
5252,1,1,0.9997525811195374
5253,0,0,0.9999986886978149
5254,1,1,0.9997367262840271
5255,0,0,0.9999998807907104
5256,4,4,1.0
5257,0,0,0.999997615814209
5258,1,1,0.9999812841415405
5259,0,0,0.9999992847442627
5260,4,4,0.9984470009803772
5261,7,7,0.9978394508361816
5262,9,9,0.9934945702552795
5263,6,6,0.9999998807907104
5264,2,2,1.0
5265,6,6,0.9950430393218994
5266,2,2,1.0
5267,2,2,0.9999971389770508
5268,9,9,0.5074039697647095
5269,9,9,0.9910112619400024
5270,0,0,0.999998927116394
5271,1,1,0.9998856782913208
5272,2,2,1.0
5273,3,3,1.0
5274,4,4,1.0
5275,5,5,1.0
5276,6,6,1.0
5277,7,7,0.9999983310699463
5278,8,8,0.999956488609314
5279,9,9,0.9999996423721313
5280,0,0,0.9999979734420776
5281,1,1,0.9999771118164062
5282,2,2,1.0
5283,3,3,1.0
5284,4,4,0.9999942779541016
5285,5,5,1.0
5286,6,6,0.9999998807907104
5287,7,7,1.0
5288,8,8,0.9860957264900208
5289,9,9,0.9999958276748657
5290,0,0,0.9999998807907104
5291,1,1,0.9999467134475708
5292,2,2,1.0
5293,3,3,1.0
5294,4,4,1.0
5295,5,5,1.0
5296,6,6,0.9999982118606567
5297,7,7,0.9999955892562866
5298,8,8,0.9999247789382935
5299,9,9,0.999560534954071
5300,8,8,0.9999990463256836
5301,0,0,0.9999994039535522
5302,5,5,0.9999970197677612
5303,6,6,0.9999936819076538
5304,6,6,0.9999997615814209
5305,0,0,0.9999998807907104
5306,8,8,0.9999966621398926
5307,0,0,0.9999996423721313
5308,2,2,1.0
5309,3,3,0.9999998807907104
5310,7,7,0.999984860420227
5311,9,9,0.9968516230583191
5312,4,4,0.999998927116394
5313,7,7,0.9999998807907104
5314,1,1,0.9999743700027466
5315,9,9,0.9999995231628418
5316,1,1,0.9999737739562988
5317,7,7,0.9999983310699463
5318,1,1,0.9999630451202393
5319,4,4,0.9999998807907104
5320,0,0,0.999998927116394
5321,0,0,0.9999997615814209
5322,4,4,0.999930739402771
5323,1,1,0.9994456171989441
5324,7,7,0.9999945163726807
5325,5,5,1.0
5326,7,7,0.9999998807907104
5327,1,1,0.9999881982803345
5328,3,3,1.0
5329,3,3,1.0
5330,3,3,0.9999995231628418
5331,1,1,0.9816964268684387
5332,6,6,1.0
5333,9,9,0.9999890327453613
5334,7,7,0.9999996423721313
5335,4,4,0.9999650716781616
5336,3,3,1.0
5337,0,0,1.0
5338,2,2,1.0
5339,5,5,0.9999997615814209
5340,2,2,1.0
5341,6,6,1.0
5342,0,0,0.9999998807907104
5343,8,8,0.9999793767929077
5344,9,9,1.0
5345,4,4,0.9999945163726807
5346,3,3,1.0
5347,5,5,1.0
5348,4,4,0.9999974966049194
5349,8,8,0.9999980926513672
5350,1,1,0.9993046522140503
5351,5,5,1.0
5352,9,9,0.9999998807907104
5353,0,0,0.9999998807907104
5354,6,6,0.9999998807907104
5355,4,4,1.0
5356,3,3,1.0
5357,6,6,0.9999996423721313
5358,3,3,0.9999945163726807
5359,3,3,0.9999998807907104
5360,8,8,0.9999185800552368
5361,1,1,0.9999812841415405
5362,4,4,0.9999995231628418
5363,7,7,0.9999984502792358
5364,5,5,1.0
5365,7,7,0.9999998807907104
5366,2,2,1.0
5367,2,2,1.0
5368,0,0,1.0
5369,0,0,1.0
5370,1,1,0.9999909400939941
5371,7,7,0.9999991655349731
5372,7,7,0.9999957084655762
5373,9,9,0.9999992847442627
5374,5,5,1.0
5375,9,9,0.9999890327453613
5376,8,8,0.9999998807907104
5377,9,9,0.9999996423721313
5378,6,6,0.9999998807907104
5379,8,8,0.9998840093612671
5380,8,8,0.9999830722808838
5381,2,2,1.0
5382,3,3,1.0
5383,6,6,1.0
5384,1,1,0.9999903440475464
5385,2,2,1.0
5386,9,9,1.0
5387,8,8,0.9999949932098389
5388,9,9,0.9999977350234985
5389,5,5,0.9999997615814209
5390,2,2,1.0
5391,6,6,0.9999982118606567
5392,2,2,0.9999997615814209
5393,4,4,1.0
5394,8,8,0.9994021654129028
5395,4,4,0.9999924898147583
5396,6,6,0.9999978542327881
5397,5,5,0.9966829419136047
5398,0,0,0.9999986886978149
5399,1,1,0.9998477697372437
5400,5,5,1.0
5401,6,6,0.9999097585678101
5402,7,7,0.9999992847442627
5403,8,8,0.9999977350234985
5404,9,9,0.9999955892562866
5405,0,0,0.9999922513961792
5406,1,1,0.9992642998695374
5407,2,2,0.9999922513961792
5408,3,3,0.9999896287918091
5409,4,4,0.9945254325866699
5410,5,5,1.0
5411,6,6,1.0
5412,7,7,1.0
5413,8,8,0.9999997615814209
5414,9,9,0.9999934434890747
5415,0,0,1.0
5416,1,1,0.99973064661026
5417,2,2,0.9999996423721313
5418,3,3,1.0
5419,4,4,0.9999998807907104
5420,5,5,0.9999998807907104
5421,6,6,0.9999938011169434
5422,7,7,1.0
5423,8,8,0.9999959468841553
5424,9,9,0.999951958656311
5425,7,7,1.0
5426,4,4,1.0
5427,2,2,0.9999901056289673
5428,0,0,1.0
5429,9,9,0.999904990196228
5430,0,0,0.9999997615814209
5431,1,1,0.9997808337211609
5432,5,5,1.0
5433,8,8,0.999974250793457
5434,8,8,0.9999823570251465
5435,0,0,1.0
5436,2,2,1.0
5437,7,7,0.9999995231628418
5438,8,8,0.9999998807907104
5439,4,4,0.9999977350234985
5440,4,4,0.9999898672103882
5441,6,6,1.0
5442,1,1,0.9999889135360718
5443,0,0,0.9999998807907104
5444,4,4,1.0
5445,5,5,1.0
5446,3,3,0.9999994039535522
5447,9,9,0.9999980926513672
5448,4,4,0.9999996423721313
5449,2,2,0.9965169429779053
5450,0,0,0.9969571828842163
5451,5,5,1.0
5452,0,0,0.9999984502792358
5453,1,1,0.9999725818634033
5454,3,3,0.9997509121894836
5455,2,2,1.0
5456,9,9,0.9999984502792358
5457,1,1,0.9903996586799622
5458,6,6,1.0
5459,0,0,0.9999979734420776
5460,1,1,0.999687910079956
5461,1,1,0.9999841451644897
5462,8,8,1.0
5463,0,0,1.0
5464,4,4,1.0
5465,7,7,1.0
5466,7,7,0.9999997615814209
5467,6,6,1.0
5468,3,3,1.0
5469,6,6,1.0
5470,0,0,0.9999997615814209
5471,7,7,0.9999991655349731
5472,3,3,1.0
5473,5,5,1.0
5474,4,4,1.0
5475,2,2,1.0
5476,4,4,1.0
5477,1,1,0.9999252557754517
5478,8,8,0.9999994039535522
5479,3,3,0.9999996423721313
5480,5,5,1.0
5481,6,6,1.0
5482,7,7,1.0
5483,0,0,0.9999978542327881
5484,6,6,1.0
5485,7,7,0.9999998807907104
5486,1,1,0.9999973773956299
5487,2,2,1.0
5488,5,5,1.0
5489,8,8,1.0
5490,1,1,0.9998966455459595
5491,9,9,0.9999957084655762
5492,3,3,1.0
5493,8,8,0.9999997615814209
5494,2,2,1.0
5495,8,8,0.9999992847442627
5496,7,7,0.9999914169311523
5497,6,6,1.0
5498,7,7,0.9999996423721313
5499,1,1,0.9992940425872803
5500,4,4,1.0
5501,6,6,1.0
5502,2,2,0.9999991655349731
5503,9,9,0.9999887943267822
5504,3,3,0.9999927282333374
5505,0,0,0.9999998807907104
5506,1,1,0.999998927116394
5507,2,2,0.9998624324798584
5508,3,3,1.0
5509,4,4,1.0
5510,5,5,0.9999998807907104
5511,6,6,0.9999991655349731
5512,7,7,0.9999877214431763
5513,0,0,1.0
5514,1,1,0.9999926090240479
5515,2,2,0.9999997615814209
5516,3,3,1.0
5517,4,4,1.0
5518,5,5,1.0
5519,0,0,0.9999904632568359
5520,1,1,0.9999955892562866
5521,2,2,0.9999877214431763
5522,8,8,0.9999949932098389
5523,9,9,0.9999420642852783
5524,1,1,0.9999837875366211
5525,4,4,0.9997586607933044
5526,0,0,0.9999997615814209
5527,9,9,0.9992955923080444
5528,5,5,0.9999961853027344
5529,0,0,0.9999997615814209
5530,8,8,0.9999994039535522
5531,0,0,0.9999998807907104
5532,7,7,0.9997195601463318
5533,7,7,0.9999974966049194
5534,1,1,0.9999905824661255
5535,1,1,0.9998242259025574
5536,2,2,0.999803364276886
5537,9,9,0.9999688863754272
5538,3,3,1.0
5539,6,6,0.999997615814209
5540,7,7,0.999998927116394
5541,2,2,0.9999974966049194
5542,3,3,0.9999998807907104
5543,8,8,0.9999943971633911
5544,1,1,0.9999812841415405
5545,2,2,1.0
5546,9,9,0.999622106552124
5547,8,8,0.9997377991676331
5548,8,8,0.9999991655349731
5549,7,7,0.9999992847442627
5550,1,1,0.9999898672103882
5551,7,7,0.9999994039535522
5552,1,1,0.9999428987503052
5553,1,1,0.999996542930603
5554,0,0,1.0
5555,3,3,1.0
5556,4,4,0.9999812841415405
5557,2,2,0.9999997615814209
5558,6,6,1.0
5559,4,4,0.9998642206192017
5560,7,7,0.9999971389770508
5561,4,4,0.9999834299087524
5562,2,2,0.9999972581863403
5563,7,7,0.9999932050704956
5564,4,4,0.998241662979126
5565,9,9,0.9999940395355225
5566,1,1,0.9999645948410034
5567,0,0,1.0
5568,6,6,1.0
5569,8,8,0.9999936819076538
5570,5,5,1.0
5571,5,5,1.0
5572,5,5,1.0
5573,3,3,0.9997965693473816
5574,5,5,1.0
5575,9,9,0.9999825954437256
5576,7,7,0.9999985694885254
5577,4,4,0.9999217987060547
5578,8,8,0.9999871253967285
5579,5,5,0.9999997615814209
5580,9,9,0.9997242093086243
5581,6,6,0.9999996423721313
5582,9,9,0.999994158744812
5583,3,3,0.9999724626541138
5584,0,0,1.0
5585,3,3,1.0
5586,8,8,0.9999833106994629
5587,9,9,0.9999971389770508
5588,1,1,0.9999110698699951
5589,8,8,0.9999998807907104
5590,1,1,0.9999500513076782
5591,6,6,1.0
5592,0,0,1.0
5593,0,0,0.9999911785125732
5594,1,1,0.9997138381004333
5595,2,2,0.9999744892120361
5596,3,3,0.9999995231628418
5597,4,4,0.9999617338180542
5598,5,5,1.0
5599,6,6,0.9999998807907104
5600,7,7,0.9800273776054382
5601,8,8,0.9999845027923584
5602,9,9,0.9999961853027344
5603,0,0,0.9999898672103882
5604,1,1,0.9999855756759644
5605,2,2,1.0
5606,3,3,1.0
5607,4,4,0.999907374382019
5608,5,5,0.9989691972732544
5609,6,6,1.0
5610,7,7,0.9999978542327881
5611,8,8,0.9964691400527954
5612,9,9,0.999997615814209
5613,0,0,0.999996542930603
5614,1,1,0.9999966621398926
5615,2,2,1.0
5616,3,3,0.9999933242797852
5617,4,4,0.9998515844345093
5618,5,5,0.9999992847442627
5619,6,6,0.9999880790710449
5620,7,7,0.9999980926513672
5621,8,8,0.9999998807907104
5622,9,9,0.9999954700469971
5623,3,3,0.9583306908607483
5624,5,5,1.0
5625,3,3,0.9999994039535522
5626,2,2,0.9997873902320862
5627,9,9,0.9999490976333618
5628,3,3,0.9999986886978149
5629,2,2,1.0
5630,1,1,0.9997785687446594
5631,4,4,0.999914288520813
5632,5,5,1.0
5633,5,5,0.9999997615814209
5634,2,2,0.9976432919502258
5635,3,3,1.0
5636,2,2,0.9999938011169434
5637,1,1,0.9999920129776001
5638,3,3,0.9999998807907104
5639,9,9,0.9946045279502869
5640,7,7,0.9999912977218628
5641,2,2,1.0
5642,1,1,0.9466274380683899
5643,2,2,0.9999995231628418
5644,8,8,0.9999953508377075
5645,9,9,0.9999958276748657
5646,1,1,0.999956488609314
5647,8,8,0.9999513626098633
5648,8,8,0.9999352693557739
5649,7,7,0.9987118244171143
5650,8,8,1.0
5651,1,1,0.999909520149231
5652,0,0,1.0
5653,0,0,0.9997307658195496
5654,7,7,0.949975848197937
5655,7,7,0.9852718114852905
5656,8,8,1.0
5657,7,7,0.9999996423721313
5658,5,5,1.0
5659,0,0,1.0
5660,6,6,0.9999997615814209
5661,1,1,0.999950647354126
5662,5,5,0.9999935626983643
5663,7,7,0.9999815225601196
5664,4,4,0.9999687671661377
5665,6,6,0.9999996423721313
5666,1,1,0.9998793601989746
5667,2,2,0.9999961853027344
5668,5,5,1.0
5669,0,0,1.0
5670,7,7,0.9999984502792358
5671,9,9,0.9999960660934448
5672,9,9,0.9999998807907104
5673,0,0,1.0
5674,3,3,0.999985933303833
5675,8,8,0.9999994039535522
5676,4,4,0.9408116936683655
5677,4,4,0.9999797344207764
5678,8,8,0.9994094371795654
5679,1,1,0.9998602867126465
5680,8,8,0.999695897102356
5681,6,6,0.9999995231628418
5682,5,5,0.9999998807907104
5683,9,9,0.9998779296875
5684,0,0,1.0
5685,0,0,1.0
5686,0,0,1.0
5687,3,3,1.0
5688,7,7,0.999909520149231
5689,1,1,0.9999102354049683
5690,6,6,1.0
5691,4,4,0.9999977350234985
5692,2,2,1.0
5693,6,6,0.9999997615814209
5694,6,6,1.0
5695,0,0,0.9999998807907104
5696,4,4,0.9997316002845764
5697,5,5,0.9999998807907104
5698,4,4,0.9999887943267822
5699,1,1,0.9999735355377197
5700,3,3,0.9999988079071045
5701,8,8,0.9999970197677612
5702,6,6,0.9999998807907104
5703,3,3,0.9999995231628418
5704,9,9,0.9999568462371826
5705,9,9,0.999782145023346
5706,5,5,1.0
5707,9,9,0.9999954700469971
5708,3,3,0.9999990463256836
5709,7,7,0.9452313780784607
5710,8,8,0.9999803304672241
5711,5,5,1.0
5712,6,6,0.9999997615814209
5713,4,4,0.9999995231628418
5714,7,7,0.9999337196350098
5715,6,6,0.9999996423721313
5716,2,2,1.0
5717,2,2,1.0
5718,0,0,0.9999995231628418
5719,9,9,0.9689911603927612
5720,4,4,0.9977853298187256
5721,0,0,1.0
5722,1,1,0.9999626874923706
5723,2,2,1.0
5724,3,3,0.9999998807907104
5725,4,4,1.0
5726,5,5,0.9999529123306274
5727,6,6,0.9999970197677612
5728,7,7,0.9999955892562866
5729,8,8,0.9999903440475464
5730,9,9,0.9997455477714539
5731,0,0,0.9999947547912598
5732,1,1,0.9995249509811401
5733,2,2,1.0
5734,3,3,0.9855076670646667
5735,5,5,0.978402316570282
5736,6,6,0.9274489879608154
5737,0,0,1.0
5738,1,1,0.9998311996459961
5739,2,2,1.0
5740,3,3,0.9999995231628418
5741,4,4,1.0
5742,5,5,0.9999799728393555
5743,6,6,0.9999908208847046
5744,8,8,0.9999998807907104
5745,7,7,0.8538309931755066
5746,1,1,0.9999444484710693
5747,3,3,0.9999998807907104
5748,2,2,0.9999994039535522
5749,8,8,0.7666445970535278
5750,0,0,0.9999995231628418
5751,7,7,0.9999938011169434
5752,5,5,0.9186699986457825
5753,9,9,0.9999985694885254
5754,9,9,0.9999179840087891
5755,6,6,1.0
5756,0,0,0.9999910593032837
5757,9,9,0.9988343119621277
5758,4,4,1.0
5759,1,1,0.9986382126808167
5760,3,3,1.0
5761,2,2,1.0
5762,1,1,0.9993547797203064
5763,2,2,0.9999997615814209
5764,3,3,1.0
5765,8,8,0.9999998807907104
5766,3,3,1.0
5767,2,2,1.0
5768,6,6,0.9999997615814209
5769,5,5,0.9979817867279053
5770,6,6,0.9999998807907104
5771,8,8,0.9999911785125732
5772,2,2,0.9999994039535522
5773,7,7,0.9999781847000122
5774,4,4,0.9999996423721313
5775,8,8,0.9999995231628418
5776,1,1,0.9999743700027466
5777,8,8,0.9999978542327881
5778,0,0,0.9998974800109863
5779,5,5,1.0
5780,3,3,0.9999986886978149
5781,9,9,0.999936580657959
5782,4,4,1.0
5783,1,1,0.9999934434890747
5784,9,9,0.999705970287323
5785,2,2,1.0
5786,1,1,0.999945878982544
5787,9,9,0.9999797344207764
5788,6,6,1.0
5789,7,7,0.9999992847442627
5790,9,9,0.9999916553497314
5791,0,0,0.9999735355377197
5792,4,4,1.0
5793,6,6,1.0
5794,1,1,0.9999051094055176
5795,7,7,0.9999991655349731
5796,3,3,1.0
5797,8,8,0.9999995231628418
5798,7,7,0.9999990463256836
5799,2,2,0.9999991655349731
5800,9,9,0.9999644756317139
5801,6,6,0.9998944997787476
5802,5,5,0.9999570846557617
5803,8,8,0.9998642206192017
5804,3,3,0.9999998807907104
5805,9,9,0.9999953508377075
5806,0,0,0.9999728202819824
5807,5,5,0.9999898672103882
5808,7,7,0.9999985694885254
5809,1,1,0.9999831914901733
5810,6,6,1.0
5811,1,1,0.9999567270278931
5812,0,0,0.9999990463256836
5813,9,9,1.0
5814,3,3,0.9999971389770508
5815,3,3,1.0
5816,4,4,1.0
5817,4,4,1.0
5818,0,0,0.9999991655349731
5819,6,6,0.9999990463256836
5820,2,2,0.9999961853027344
5821,5,5,0.9996082186698914
5822,4,4,1.0
5823,2,2,1.0
5824,3,3,0.9999990463256836
5825,4,4,1.0
5826,6,6,1.0
5827,0,0,0.9998947381973267
5828,0,0,0.9986636638641357
5829,2,2,1.0
5830,0,0,0.9999998807907104
5831,1,1,0.9998822212219238
5832,4,4,0.9999998807907104
5833,5,5,0.9999986886978149
5834,6,6,1.0
5835,7,7,0.9999724626541138
5836,8,8,1.0
5837,9,9,0.9999904632568359
5838,0,0,1.0
5839,1,1,0.9999498128890991
5840,2,2,0.9999996423721313
5841,3,3,0.9999819993972778
5842,4,4,0.9905917048454285
5843,5,5,0.9999997615814209
5844,6,6,1.0
5845,7,7,0.999998927116394
5846,8,8,1.0
5847,0,0,0.9999982118606567
5848,1,1,0.9997490048408508
5849,2,2,0.9999947547912598
5850,3,3,1.0
5851,4,4,0.9999938011169434
5852,5,5,1.0
5853,6,6,0.9999979734420776
5854,7,7,0.999998927116394
5855,8,8,0.9999974966049194
5856,9,9,0.9999957084655762
5857,8,8,0.9999871253967285
5858,7,7,0.9999179840087891
5859,1,1,0.9999988079071045
5860,3,3,1.0
5861,7,7,0.9999756813049316
5862,5,5,0.9999994039535522
5863,2,2,0.9999998807907104
5864,8,8,1.0
5865,0,0,1.0
5866,7,7,0.9999983310699463
5867,5,5,0.999998927116394
5868,9,9,0.9999642372131348
5869,9,9,0.9999959468841553
5870,0,0,1.0
5871,9,9,0.9999616146087646
5872,1,1,0.999932050704956
5873,1,1,0.9998996257781982
5874,5,5,0.9994043111801147
5875,8,8,1.0
5876,8,8,0.9999997615814209
5877,6,6,0.5209711194038391
5878,3,3,0.9999631643295288
5879,2,2,0.9999978542327881
5880,1,1,0.9999951124191284
5881,8,8,0.9999997615814209
5882,3,3,0.9999910593032837
5883,2,2,1.0
5884,6,6,1.0
5885,5,5,0.9998582601547241
5886,6,6,0.9999995231628418
5887,7,7,0.9975097179412842
5888,4,4,0.9030243754386902
5889,1,1,0.9999810457229614
5890,0,0,0.9999938011169434
5891,5,5,0.9999434947967529
5892,3,3,1.0
5893,1,1,0.9999974966049194
5894,9,9,0.9999992847442627
5895,2,2,0.9999977350234985
5896,1,1,0.9999792575836182
5897,9,9,0.9997121691703796
5898,6,6,0.9999997615814209
5899,0,0,0.9999998807907104
5900,4,4,1.0
5901,6,6,0.9999984502792358
5902,1,1,0.9999935626983643
5903,7,7,0.9990543723106384
5904,3,3,1.0
5905,8,8,0.9999997615814209
5906,7,7,0.9947911500930786
5907,2,2,0.9997368454933167
5908,9,9,0.9999974966049194
5909,6,6,1.0
5910,5,5,1.0
5911,8,8,0.9999991655349731
5912,3,3,0.9964256882667542
5913,5,5,1.0
5914,7,7,0.999975323677063
5915,1,1,0.9999963045120239
5916,6,6,0.9999517202377319
5917,1,1,0.9999561309814453
5918,0,0,0.9995835423469543
5919,9,9,0.999872088432312
5920,6,6,0.9999998807907104
5921,2,2,0.9999580383300781
5922,5,5,0.99970942735672
5923,4,4,0.9999890327453613
5924,2,2,0.9999293088912964
5925,3,3,1.0
5926,4,4,0.9996040463447571
5927,4,4,1.0
5928,6,6,0.9999995231628418
5929,0,0,1.0
5930,0,0,1.0
5931,2,2,1.0
5932,0,0,1.0
5933,1,1,0.9999979734420776
5934,2,2,0.9999996423721313
5935,3,3,0.999992847442627
5936,4,4,0.9422338604927063
5937,5,3,0.8689625263214111
5938,6,6,1.0
5939,7,7,0.9982855916023254
5940,8,8,0.9999967813491821
5941,9,9,1.0
5942,0,0,0.9999997615814209
5943,1,1,0.9999921321868896
5944,2,2,0.9999972581863403
5945,3,3,0.9999991655349731
5946,4,4,0.9999998807907104
5947,5,5,0.9997038245201111
5948,6,6,1.0
5949,7,7,0.9999111890792847
5950,8,8,0.9999958276748657
5951,9,9,0.9998682737350464
5952,0,0,0.9999995231628418
5953,1,1,0.9999806880950928
5954,2,2,1.0
5955,3,8,0.9260935187339783
5956,4,4,0.9999977350234985
5957,5,5,0.9981513619422913
5958,6,6,1.0
5959,7,7,0.9985479712486267
5960,8,8,0.9999762773513794
5961,9,9,0.993560791015625
5962,8,8,0.9999992847442627
5963,6,6,0.9999303817749023
5964,5,5,0.9953396320343018
5965,0,0,0.9999988079071045
5966,6,6,1.0
5967,8,8,0.999984860420227
5968,9,9,0.9999939203262329
5969,4,4,0.9999997615814209
5970,1,1,0.9999637603759766
5971,9,9,0.999956488609314
5972,5,5,0.9325222373008728
5973,3,3,0.9604983925819397
5974,0,0,0.9999998807907104
5975,4,4,0.9994592070579529
5976,8,8,0.9999985694885254
5977,9,9,0.9999806880950928
5978,1,1,0.9999459981918335
5979,4,4,0.9999998807907104
5980,0,0,0.9999980926513672
5981,5,5,0.7430487275123596
5982,5,5,0.8592397570610046
5983,2,2,0.9999997615814209
5984,1,1,0.9999748468399048
5985,5,5,0.60892254114151
5986,4,4,0.9999895095825195
5987,0,0,0.9998162388801575
5988,7,7,0.9992202520370483
5989,6,6,0.9996472597122192
5990,0,0,0.999995231628418
5991,1,1,0.9999943971633911
5992,7,7,0.998781144618988
5993,0,0,0.9999922513961792
5994,6,6,0.9999998807907104
5995,8,8,1.0
5996,9,9,0.9999833106994629
5997,5,9,0.7283987402915955
5998,1,1,0.9990718364715576
5999,7,7,0.9999350309371948
6000,9,9,0.9996938705444336
6001,8,8,0.9999943971633911
6002,6,6,0.9930013418197632
6003,0,0,0.9999959468841553
6004,8,8,0.9975250363349915
6005,1,1,0.9995515942573547
6006,7,7,0.9816418886184692
6007,7,7,0.9993880987167358
6008,1,1,0.9999775886535645
6009,3,3,0.9999746084213257
6010,2,2,0.9999998807907104
6011,3,3,0.9937824606895447
6012,1,1,0.9999966621398926
6013,4,4,1.0
6014,2,2,1.0
6015,0,0,0.9999936819076538
6016,0,0,0.9999998807907104
6017,7,7,0.9999990463256836
6018,8,8,0.9999994039535522
6019,4,4,0.9998897314071655
6020,6,6,0.999731719493866
6021,4,4,0.9999982118606567
6022,9,9,0.9999758005142212
6023,3,3,0.9979608058929443
6024,8,8,0.9999407529830933
6025,4,4,1.0
6026,7,7,0.9212414622306824
6027,2,2,0.9999616146087646
6028,5,5,0.8664617538452148
6029,6,6,0.9999589920043945
6030,3,3,0.9999858140945435
6031,6,6,0.9999561309814453
6032,9,9,0.9999969005584717
6033,6,6,0.999988317489624
6034,3,3,0.9999959468841553
6035,2,2,0.9994819760322571
6036,2,2,1.0
6037,4,4,0.999204695224762
6038,6,6,0.9999998807907104
6039,9,9,0.9999856948852539
6040,0,0,0.9999994039535522
6041,2,2,0.9999985694885254
6042,5,5,0.9356825947761536
6043,5,5,0.9800394177436829
6044,1,1,0.9999943971633911
6045,3,3,0.9999841451644897
6046,3,3,0.9999938011169434
6047,9,9,0.9999996423721313
6048,7,7,0.9985296726226807
6049,8,8,0.9999978542327881
6050,7,7,0.9999881982803345
6051,2,2,0.9999997615814209
6052,2,2,0.9999960660934448
6053,5,5,0.9689129590988159
6054,7,7,0.9952869415283203
6055,9,9,0.9986510872840881
6056,8,8,0.9999959468841553
6057,2,2,1.0
6058,1,1,0.9999966621398926
6059,3,3,0.9999761581420898
6060,1,1,0.9999977350234985
6061,3,3,1.0
6062,0,0,0.9999998807907104
6063,1,1,0.9992223978042603
6064,2,2,0.9999730587005615
6065,3,3,0.9986270666122437
6066,4,4,1.0
6067,5,5,1.0
6068,6,6,1.0
6069,7,7,0.9999996423721313
6070,8,8,0.9999963045120239
6071,9,9,0.9385583400726318
6072,0,0,0.9999567270278931
6073,1,1,0.9996005892753601
6074,2,2,0.9999996423721313
6075,3,3,0.9998599290847778
6076,4,4,0.999998927116394
6077,5,5,0.9999998807907104
6078,6,6,1.0
6079,7,7,0.9999997615814209
6080,8,8,0.9964426159858704
6081,9,3,0.7395337224006653
6082,0,0,1.0
6083,1,1,0.9979996085166931
6084,2,2,0.999990701675415
6085,3,3,0.9999995231628418
6086,4,4,0.9999934434890747
6087,5,5,0.9999998807907104
6088,6,6,1.0
6089,7,7,0.9999982118606567
6090,8,8,0.9997689127922058
6091,9,5,0.8976010680198669
6092,1,1,0.9999629259109497
6093,2,2,0.8651900291442871
6094,6,6,0.9999998807907104
6095,5,5,1.0
6096,3,3,0.9999996423721313
6097,0,0,0.9999998807907104
6098,7,7,0.999997615814209
6099,0,0,1.0
6100,4,4,1.0
6101,1,1,0.9951985478401184
6102,4,4,1.0
6103,3,3,1.0
6104,6,6,1.0
6105,7,7,0.9997257590293884
6106,2,2,1.0
6107,3,3,0.9999992847442627
6108,1,1,0.9996333122253418
6109,2,2,0.9999959468841553
6110,1,1,0.9992430210113525
6111,2,2,0.9999996423721313
6112,9,9,0.9846316576004028
6113,6,6,0.9999994039535522
6114,0,0,1.0
6115,1,1,0.9987502098083496
6116,3,3,0.9999977350234985
6117,0,0,1.0
6118,2,2,0.9999982118606567
6119,7,7,0.9999998807907104
6120,5,5,0.9999998807907104
6121,7,7,0.9999992847442627
6122,6,6,1.0
6123,2,2,0.999998927116394
6124,9,9,0.9989948868751526
6125,1,1,0.9999945163726807
6126,9,9,0.9963860511779785
6127,0,0,1.0
6128,6,6,1.0
6129,0,0,1.0
6130,6,6,1.0
6131,0,0,1.0
6132,2,2,0.9999998807907104
6133,0,0,0.9999995231628418
6134,6,6,0.9999997615814209
6135,1,1,0.9999381303787231
6136,5,5,1.0
6137,8,8,0.9999933242797852
6138,4,4,1.0
6139,3,3,1.0
6140,0,0,0.9999958276748657
6141,1,1,0.9999827146530151
6142,5,5,0.9999998807907104
6143,4,4,1.0
6144,4,4,1.0
6145,8,8,1.0
6146,5,5,0.9999996423721313
6147,7,7,0.9999959468841553
6148,5,5,1.0
6149,7,7,0.9999858140945435
6150,8,8,0.9999964237213135
6151,3,3,0.999997615814209
6152,4,4,1.0
6153,8,8,0.9999998807907104
6154,8,8,0.9999939203262329
6155,5,5,0.9999996423721313
6156,2,2,1.0
6157,9,9,0.7717722654342651
6158,7,7,0.9999544620513916
6159,1,1,0.9999428987503052
6160,3,3,1.0
6161,8,8,0.9923000335693359
6162,1,1,0.9999786615371704
6163,0,0,0.9999971389770508
6164,7,7,0.9999998807907104
6165,5,5,0.999993085861206
6166,9,3,0.8662804961204529
6167,6,6,1.0
6168,9,9,0.9046041965484619
6169,4,4,1.0
6170,7,7,0.9999977350234985
6171,7,7,0.9999986886978149
6172,9,9,0.6781405806541443
6173,9,0,0.6751902103424072
6174,3,3,0.9999518394470215
6175,4,4,0.9999998807907104
6176,4,4,1.0
6177,3,3,0.9999998807907104
6178,8,8,0.9999971389770508
6179,6,6,0.9999674558639526
6180,2,2,0.9999997615814209
6181,0,0,0.9999985694885254
6182,1,1,0.9999610185623169
6183,2,2,1.0
6184,3,3,1.0
6185,4,4,0.9999997615814209
6186,5,5,1.0
6187,6,6,1.0
6188,7,7,0.9999924898147583
6189,8,8,0.9999997615814209
6190,9,9,0.9999995231628418
6191,0,0,1.0
6192,1,1,0.9998987913131714
6193,2,2,1.0
6194,3,3,0.9999994039535522
6195,4,4,1.0
6196,5,5,1.0
6197,6,6,1.0
6198,7,7,1.0
6199,8,8,1.0
6200,9,9,0.9999997615814209
6201,0,0,1.0
6202,1,1,0.9999840259552002
6203,2,2,1.0
6204,3,3,1.0
6205,4,4,1.0
6206,5,5,1.0
6207,6,6,1.0
6208,7,7,0.9999985694885254
6209,8,8,1.0
6210,9,9,0.9999978542327881
6211,0,0,1.0
6212,8,8,0.9999995231628418
6213,3,3,0.9999997615814209
6214,9,9,0.999984860420227
6215,5,5,0.9999966621398926
6216,5,5,0.9999998807907104
6217,2,2,1.0
6218,6,6,0.9999998807907104
6219,8,8,0.9999997615814209
6220,4,4,1.0
6221,9,9,0.9999984502792358
6222,1,1,0.9999731779098511
6223,7,7,0.999998927116394
6224,1,1,0.9999312162399292
6225,2,2,1.0
6226,3,3,1.0
6227,5,5,0.9990418553352356
6228,9,9,0.999998927116394
6229,6,6,1.0
6230,9,9,0.9999977350234985
6231,1,1,0.9998118281364441
6232,1,1,0.9996021389961243
6233,1,1,0.9998828172683716
6234,2,2,0.9999998807907104
6235,9,9,0.9999909400939941
6236,5,5,1.0
6237,6,6,0.9999997615814209
6238,8,8,0.9999998807907104
6239,1,1,0.9994823932647705
6240,2,2,1.0
6241,0,0,0.9999997615814209
6242,7,7,0.9999959468841553
6243,7,7,0.9975988268852234
6244,5,5,0.9999994039535522
6245,8,8,1.0
6246,2,2,1.0
6247,9,9,0.9999028444290161
6248,8,8,1.0
6249,9,9,0.999860405921936
6250,0,0,0.9999957084655762
6251,4,4,0.9999983310699463
6252,6,6,0.9999996423721313
6253,7,7,0.9999992847442627
6254,1,1,0.9998468160629272
6255,3,3,1.0
6256,4,4,0.9999990463256836
6257,5,5,1.0
6258,6,6,1.0
6259,0,0,1.0
6260,3,3,0.9999995231628418
6261,6,6,1.0
6262,8,8,0.9999990463256836
6263,7,7,0.9999792575836182
6264,0,0,0.9999998807907104
6265,4,4,0.999993085861206
6266,2,2,0.9999973773956299
6267,7,7,0.9999979734420776
6268,4,4,1.0
6269,7,7,1.0
6270,5,5,1.0
6271,4,4,0.9999979734420776
6272,3,3,1.0
6273,4,4,0.9999994039535522
6274,2,2,1.0
6275,8,8,1.0
6276,1,1,0.9999853372573853
6277,5,5,1.0
6278,1,1,0.9996273517608643
6279,2,2,1.0
6280,0,0,0.9999998807907104
6281,2,2,1.0
6282,5,5,1.0
6283,6,6,0.9999992847442627
6284,4,4,0.9999921321868896
6285,3,3,1.0
6286,0,0,0.9999963045120239
6287,0,0,0.9999978542327881
6288,0,0,1.0
6289,3,3,0.9999997615814209
6290,3,3,0.9999951124191284
6291,5,5,1.0
6292,7,7,0.9999996423721313
6293,0,0,0.9999998807907104
6294,6,6,0.9999953508377075
6295,4,4,0.9999997615814209
6296,8,8,1.0
6297,8,8,0.9999996423721313
6298,6,6,0.9999995231628418
6299,3,3,1.0
6300,4,4,1.0
6301,6,6,0.9999998807907104
6302,9,9,0.9999452829360962
6303,9,9,0.9999979734420776
6304,8,8,0.9999871253967285
6305,2,2,1.0
6306,7,7,0.9999632835388184
6307,7,7,0.9999927282333374
6308,1,1,0.9997519850730896
6309,0,0,1.0
6310,1,1,0.9999780654907227
6311,2,2,1.0
6312,3,3,1.0
6313,4,4,1.0
6314,5,5,0.9999995231628418
6315,6,6,1.0
6316,7,7,0.9999953508377075
6317,8,8,0.9999396800994873
6318,9,9,0.9999967813491821
6319,0,0,0.9999998807907104
6320,1,1,0.9998747110366821
6321,2,2,1.0
6322,3,3,1.0
6323,4,4,0.9999840259552002
6324,5,5,1.0
6325,6,6,1.0
6326,7,7,0.9999998807907104
6327,8,8,0.9999973773956299
6328,0,0,0.9999992847442627
6329,1,1,0.9999743700027466
6330,2,2,1.0
6331,3,3,1.0
6332,4,4,1.0
6333,5,5,1.0
6334,6,6,1.0
6335,7,7,1.0
6336,8,8,0.9999973773956299
6337,2,2,1.0
6338,1,1,0.9996523857116699
6339,7,7,0.9999998807907104
6340,2,2,1.0
6341,5,5,1.0
6342,0,0,0.9999997615814209
6343,8,8,0.9999995231628418
6344,0,0,0.9999938011169434
6345,2,2,1.0
6346,7,7,0.9999996423721313
6347,8,8,0.999987006187439
6348,8,8,0.9999866485595703
6349,3,3,1.0
6350,6,6,1.0
6351,0,0,0.9999983310699463
6352,2,2,1.0
6353,7,7,1.0
6354,6,6,1.0
6355,6,6,0.9999998807907104
6356,1,1,0.9994999170303345
6357,2,2,1.0
6358,8,8,0.9999995231628418
6359,8,8,0.9983362555503845
6360,7,7,1.0
6361,7,7,1.0
6362,4,4,0.9999998807907104
6363,7,7,1.0
6364,7,7,0.9999998807907104
6365,3,3,1.0
6366,7,7,0.9999998807907104
6367,4,4,0.9999997615814209
6368,5,5,1.0
6369,4,4,1.0
6370,3,3,0.9999954700469971
6371,3,3,1.0
6372,8,8,0.9999294281005859
6373,4,4,1.0
6374,1,1,0.9999878406524658
6375,1,1,0.9999980926513672
6376,9,9,0.9996508359909058
6377,7,7,0.9999722242355347
6378,4,4,1.0
6379,3,3,1.0
6380,7,7,0.9999701976776123
6381,3,3,1.0
6382,3,3,1.0
6383,0,0,0.9999992847442627
6384,2,2,1.0
6385,5,5,0.9999997615814209
6386,5,5,1.0
6387,6,6,1.0
6388,6,6,1.0
6389,3,3,0.9999998807907104
6390,5,5,1.0
6391,2,2,0.9917455315589905
6392,5,5,0.9999974966049194
6393,9,9,0.9959945678710938
6394,9,9,0.9999983310699463
6395,8,8,0.9999990463256836
6396,4,4,0.9999860525131226
6397,1,1,0.9999827146530151
6398,0,0,0.9999856948852539
6399,6,6,1.0
6400,0,0,0.9967024922370911
6401,9,9,0.9998301267623901
6402,6,6,0.9999864101409912
6403,8,8,0.9995817542076111
6404,8,8,0.999992847442627
6405,5,5,1.0
6406,6,6,1.0
6407,1,1,0.9999485015869141
6408,1,1,0.9999520778656006
6409,9,9,0.9999415874481201
6410,8,8,0.9999672174453735
6411,9,9,0.9993687272071838
6412,2,2,1.0
6413,3,3,1.0
6414,5,5,0.9999998807907104
6415,5,5,1.0
6416,9,9,0.9999194145202637
6417,4,4,0.9998072981834412
6418,2,2,0.9999556541442871
6419,1,1,0.9999878406524658
6420,9,9,0.9995734095573425
6421,3,3,0.9999834299087524
6422,9,9,0.9999635219573975
6423,2,2,1.0
6424,0,0,0.9999797344207764
6425,6,6,0.9999836683273315
6426,0,0,0.9888004064559937
6427,4,4,1.0
6428,0,0,0.9999464750289917
6429,0,0,1.0
6430,1,1,0.9999039173126221
6431,2,2,1.0
6432,3,3,1.0
6433,4,4,0.9999995231628418
6434,7,7,0.999922513961792
6435,8,8,0.9999997615814209
6436,9,9,0.9999996423721313
6437,0,0,1.0
6438,1,1,0.999767005443573
6439,2,2,1.0
6440,3,3,1.0
6441,7,7,0.999987006187439
6442,8,8,1.0
6443,9,9,0.9999958276748657
6444,0,0,0.9999967813491821
6445,1,1,0.9999674558639526
6446,2,2,0.9999995231628418
6447,3,3,1.0
6448,4,4,0.9999996423721313
6449,7,7,0.9999996423721313
6450,8,8,0.9999957084655762
6451,9,9,0.9999991655349731
6452,7,7,0.9999685287475586
6453,3,3,0.9999998807907104
6454,0,0,0.9999995231628418
6455,3,3,0.9999991655349731
6456,1,1,0.9998924732208252
6457,8,8,0.9999988079071045
6458,7,7,0.9998897314071655
6459,6,6,0.9999998807907104
6460,4,4,0.9999958276748657
6461,0,0,1.0
6462,2,2,1.0
6463,6,6,1.0
6464,8,8,0.9999998807907104
6465,3,3,0.9999997615814209
6466,2,2,1.0
6467,8,8,1.0
6468,1,1,0.9997616410255432
6469,2,2,1.0
6470,0,0,0.9999955892562866
6471,7,7,0.9997689127922058
6472,1,1,0.99998939037323
6473,0,0,0.9999998807907104
6474,4,4,0.9999866485595703
6475,4,4,1.0
6476,5,5,1.0
6477,8,8,0.9999663829803467
6478,0,0,0.9999997615814209
6479,6,6,0.9999990463256836
6480,2,2,0.9999892711639404
6481,3,3,0.9999969005584717
6482,1,1,0.9999791383743286
6483,5,5,1.0
6484,1,1,0.9998633861541748
6485,8,8,0.9999982118606567
6486,5,5,1.0
6487,9,9,0.999991774559021
6488,4,4,0.9999942779541016
6489,0,0,0.9999997615814209
6490,7,7,0.9999996423721313
6491,5,5,1.0
6492,8,8,0.9999992847442627
6493,8,8,0.9999998807907104
6494,3,3,0.9999799728393555
6495,8,8,0.9998956918716431
6496,9,9,0.9999479055404663
6497,2,2,1.0
6498,6,6,0.9999996423721313
6499,2,2,1.0
6500,5,5,1.0
6501,3,3,0.9999994039535522
6502,1,1,0.9999890327453613
6503,7,7,0.9999945163726807
6504,3,3,1.0
6505,9,0,0.9813251495361328
6506,1,1,0.999996542930603
6507,9,9,0.9999985694885254
6508,9,9,0.9999992847442627
6509,6,6,1.0
6510,0,0,1.0
6511,3,3,0.988735020160675
6512,9,9,0.999991774559021
6513,2,2,1.0
6514,8,8,0.9999997615814209
6515,1,1,0.9999562501907349
6516,4,4,0.9999983310699463
6517,3,3,0.9999983310699463
6518,5,5,1.0
6519,2,2,1.0
6520,9,9,0.9999939203262329
6521,2,2,1.0
6522,5,5,1.0
6523,8,8,0.9999768733978271
6524,9,9,0.9999992847442627
6525,5,5,1.0
6526,0,0,0.9999865293502808
6527,1,1,0.9997299313545227
6528,2,2,0.9999991655349731
6529,4,4,0.9999982118606567
6530,5,5,0.9999873638153076
6531,6,6,1.0
6532,0,0,0.9771614074707031
6533,1,1,0.9999674558639526
6534,2,2,0.9999967813491821
6535,3,3,0.9999998807907104
6536,4,4,0.9999686479568481
6537,5,5,1.0
6538,6,6,0.9999287128448486
6539,7,7,0.9999992847442627
6540,1,1,0.9989933371543884
6541,2,2,1.0
6542,3,3,0.9997689127922058
6543,4,4,1.0
6544,5,5,0.9981285929679871
6545,1,1,0.9998457431793213
6546,0,0,0.9977937936782837
6547,4,4,1.0
6548,5,5,0.9999998807907104
6549,6,6,0.999997615814209
6550,6,6,0.9999998807907104
6551,3,3,0.9999996423721313
6552,4,4,0.9999998807907104
6553,4,4,0.9984580278396606
6554,2,2,0.9594177007675171
6555,8,8,0.981428861618042
6556,1,1,0.9965750575065613
6557,0,0,0.9956029653549194
6558,6,6,0.8212081789970398
6559,4,4,0.9999340772628784
6560,9,9,0.8257574439048767
6561,7,7,0.9522165656089783
6562,2,2,0.9999781847000122
6563,3,3,0.9998651742935181
6564,3,3,0.9989321827888489
6565,9,9,0.9992300271987915
6566,2,2,0.9999992847442627
6567,0,0,0.9999991655349731
6568,9,9,0.9962192177772522
6569,3,3,0.5734990239143372
6570,3,3,0.9999876022338867
6571,9,7,0.5230956673622131
6572,1,1,0.622117817401886
6573,5,5,0.9993031024932861
6574,2,2,0.9972776770591736
6575,3,3,0.9968574047088623
6576,7,7,0.7532129287719727
6577,7,7,0.9992746710777283
6578,8,8,0.9876982569694519
6579,4,4,0.9999780654907227
6580,0,0,1.0
6581,2,2,0.9999909400939941
6582,4,4,1.0
6583,0,0,1.0
6584,2,2,0.9999210834503174
6585,4,4,0.9999998807907104
6586,7,7,0.9999980926513672
6587,8,8,0.9999083280563354
6588,0,0,0.9999932050704956
6589,7,7,0.9996281862258911
6590,0,0,0.9999405145645142
6591,6,6,1.0
6592,9,9,0.861300528049469
6593,3,3,0.9999964237213135
6594,2,2,0.9999939203262329
6595,8,8,0.9999991655349731
6596,6,6,0.9999576807022095
6597,0,3,0.8771156072616577
6598,5,5,0.9995977282524109
6599,7,7,0.8757919669151306
6600,5,5,1.0
6601,1,1,0.9999388456344604
6602,0,0,0.9999991655349731
6603,8,8,0.9978960752487183
6604,1,1,0.9998751878738403
6605,6,6,0.9987347722053528
6606,7,7,0.9999996423721313
6607,2,2,0.9999973773956299
6608,9,9,0.6323610544204712
6609,7,7,0.9996108412742615
6610,9,9,0.9979458451271057
6611,5,5,0.9999998807907104
6612,8,8,0.9996883869171143
6613,6,6,0.9999799728393555
6614,2,2,0.9979919195175171
6615,6,6,0.9999972581863403
6616,2,2,1.0
6617,8,8,0.9997982382774353
6618,1,1,0.9980134963989258
6619,7,7,0.9999978542327881
6620,5,5,1.0
6621,0,0,0.9999997615814209
6622,1,1,0.9975875616073608
6623,1,1,0.977848470211029
6624,3,3,0.991683840751648
6625,8,8,0.5541019439697266
6626,4,4,0.9999854564666748
6627,9,9,0.9996397495269775
6628,1,1,0.9921074509620667
6629,8,8,0.9999998807907104
6630,6,6,1.0
6631,8,8,0.9994182586669922
6632,9,9,0.9027444124221802
6633,0,0,0.9999995231628418
6634,1,1,0.9999755620956421
6635,2,2,0.9999953508377075
6636,3,3,0.9998918771743774
6637,4,4,0.998524010181427
6638,5,5,0.9999997615814209
6639,6,6,0.9999988079071045
6640,7,7,0.9999994039535522
6641,8,8,0.9996376037597656
6642,9,9,0.9999395608901978
6643,0,0,0.9999840259552002
6644,1,1,0.9994027614593506
6645,2,2,0.9999972581863403
6646,3,3,0.9999998807907104
6647,4,4,0.9999996423721313
6648,7,7,0.9999874830245972
6649,8,8,1.0
6650,9,9,0.9999436140060425
6651,0,8,0.9129648804664612
6652,1,1,0.9998576641082764
6653,7,7,0.9999960660934448
6654,8,8,0.9999799728393555
6655,9,9,0.9989370703697205
6656,9,9,0.9999796152114868
6657,8,8,0.9999995231628418
6658,9,9,0.9999033212661743
6659,8,8,0.9999955892562866
6660,4,4,0.9999992847442627
6661,1,1,0.9997376799583435
6662,7,7,0.9995927214622498
6663,7,7,0.9999991655349731
6664,3,3,0.999998927116394
6665,3,3,1.0
6666,7,7,0.9999983310699463
6667,6,6,0.9999724626541138
6668,6,6,0.9997171759605408
6669,6,6,0.9997684359550476
6670,1,1,0.9999246597290039
6671,9,9,0.9994340538978577
6672,0,0,0.9999587535858154
6673,1,1,0.9998260140419006
6674,7,7,0.9999996423721313
6675,6,6,1.0
6676,3,3,0.9999998807907104
6677,2,2,0.9999116659164429
6678,1,1,0.9998138546943665
6679,7,7,0.9999998807907104
6680,1,1,0.999504566192627
6681,3,3,0.9999973773956299
6682,9,9,0.9999959468841553
6683,1,1,0.9998824596405029
6684,7,7,0.9999881982803345
6685,6,6,0.9999997615814209
6686,8,8,0.9999988079071045
6687,4,4,0.9999980926513672
6688,1,1,0.9987285733222961
6689,4,4,0.9996547698974609
6690,3,3,1.0
6691,6,6,0.999984860420227
6692,9,9,0.9996966123580933
6693,6,6,0.9999891519546509
6694,1,1,0.9991645812988281
6695,4,4,0.9997645020484924
6696,4,4,0.9999997615814209
6697,7,7,0.9999960660934448
6698,2,2,1.0
6699,4,4,0.9999997615814209
6700,4,4,0.9997789263725281
6701,0,0,0.9999998807907104
6702,1,1,0.9999551773071289
6703,2,2,0.9999995231628418
6704,3,3,1.0
6705,4,4,1.0
6706,5,5,0.9342249631881714
6707,6,6,0.9999991655349731
6708,7,7,0.9999361038208008
6709,8,8,0.999995231628418
6710,9,9,0.9994271993637085
6711,0,0,0.9999997615814209
6712,1,1,0.9999264478683472
6713,2,2,0.9999998807907104
6714,3,3,1.0
6715,4,4,1.0
6716,5,5,0.9999983310699463
6717,6,6,0.9999998807907104
6718,9,9,0.9924383759498596
6719,0,0,0.9999996423721313
6720,1,1,0.9999406337738037
6721,2,2,0.9998225569725037
6722,3,3,0.9999427795410156
6723,4,4,0.9998965263366699
6724,7,7,0.9999865293502808
6725,8,8,0.9977933168411255
6726,1,1,0.9998263716697693
6727,3,3,1.0
6728,5,5,0.9999996423721313
6729,1,1,0.9999964237213135
6730,7,7,0.9999898672103882
6731,7,7,0.9994601607322693
6732,2,2,0.9999872446060181
6733,1,1,0.9999982118606567
6734,4,4,0.999997615814209
6735,8,8,0.999653697013855
6736,3,3,1.0
6737,4,4,0.9996824264526367
6738,4,4,1.0
6739,3,3,0.9999874830245972
6740,9,9,0.9508705735206604
6741,7,7,0.9999934434890747
6742,4,4,0.9999992847442627
6743,1,1,0.9999680519104004
6744,2,2,0.9946894645690918
6745,3,3,0.9996451139450073
6746,5,5,0.9999408721923828
6747,9,9,0.9997925162315369
6748,1,1,0.9999877214431763
6749,6,6,0.9996569156646729
6750,0,0,1.0
6751,1,1,0.9999614953994751
6752,0,0,0.9999996423721313
6753,0,0,0.9999998807907104
6754,2,2,0.9999971389770508
6755,8,8,0.9269157648086548
6756,7,7,0.9999854564666748
6757,1,1,0.999992847442627
6758,1,1,0.9999868869781494
6759,4,4,0.998062789440155
6760,0,0,1.0
6761,4,4,1.0
6762,7,7,0.99982750415802
6763,3,3,0.9999988079071045
6764,6,6,0.999932050704956
6765,8,8,0.9598236083984375
6766,0,0,0.9999985694885254
6767,3,3,0.9999992847442627
6768,7,7,0.998190701007843
6769,4,4,0.9999901056289673
6770,0,0,1.0
6771,6,6,0.9999876022338867
6772,9,9,0.9999696016311646
6773,2,2,0.9999985694885254
6774,6,6,0.9999991655349731
6775,5,5,0.9999974966049194
6776,8,8,0.9999661445617676
6777,6,6,1.0
6778,9,9,0.9991211295127869
6779,0,0,0.9999927282333374
6780,4,4,0.9999697208404541
6781,0,0,0.9999963045120239
6782,6,6,0.9999995231628418
6783,1,6,0.5406339168548584
6784,9,9,0.9981938004493713
6785,2,2,0.9999231100082397
6786,0,0,0.9999998807907104
6787,9,9,0.9995914101600647
6788,5,5,0.9992656111717224
6789,1,1,0.9999957084655762
6790,3,3,1.0
6791,7,7,0.9990726709365845
6792,6,6,0.9999996423721313
6793,9,9,0.9998536109924316
6794,3,3,0.9999990463256836
6795,0,0,0.9999998807907104
6796,2,2,0.9987490177154541
6797,2,2,0.999996542930603
6798,0,0,1.0
6799,1,1,0.9999983310699463
6800,2,2,0.9999986886978149
6801,3,3,1.0
6802,4,4,1.0
6803,5,5,1.0
6804,6,6,1.0
6805,7,7,0.9999985694885254
6806,8,8,0.9999300241470337
6807,9,9,0.9997113347053528
6808,0,0,0.9999985694885254
6809,1,1,0.9997954964637756
6810,2,2,0.9999997615814209
6811,3,3,0.9999995231628418
6812,4,4,0.9999997615814209
6813,5,5,0.9999998807907104
6814,6,6,1.0
6815,7,7,1.0
6816,8,8,0.9999998807907104
6817,9,9,0.9668810963630676
6818,0,0,0.999998927116394
6819,1,1,0.9999957084655762
6820,2,2,0.9999996423721313
6821,3,3,1.0
6822,4,4,1.0
6823,5,5,0.9999998807907104
6824,6,6,1.0
6825,7,7,0.999998927116394
6826,8,8,1.0
6827,9,9,0.9996469020843506
6828,2,2,1.0
6829,1,1,0.9999423027038574
6830,7,7,0.9999994039535522
6831,2,2,1.0
6832,5,5,1.0
6833,0,0,1.0
6834,8,8,1.0
6835,0,0,0.9999903440475464
6836,2,2,0.9999972581863403
6837,7,7,0.9999949932098389
6838,8,8,1.0
6839,8,8,0.9999957084655762
6840,3,3,0.9999997615814209
6841,0,0,0.9999963045120239
6842,6,6,1.0
6843,0,0,0.9999995231628418
6844,2,2,1.0
6845,7,7,0.9999984502792358
6846,6,6,1.0
6847,6,6,0.8128528594970703
6848,1,1,0.9999855756759644
6849,2,2,0.9999997615814209
6850,8,8,1.0
6851,8,8,0.9999910593032837
6852,7,7,0.9999475479125977
6853,7,7,0.9999874830245972
6854,4,4,0.9999998807907104
6855,7,7,1.0
6856,7,7,0.9999988079071045
6857,3,3,1.0
6858,7,7,0.9999955892562866
6859,4,4,0.9999998807907104
6860,5,5,1.0
6861,4,4,1.0
6862,3,3,0.9999998807907104
6863,3,3,1.0
6864,8,8,0.9999929666519165
6865,4,4,0.9999992847442627
6866,5,5,1.0
6867,4,4,0.9999600648880005
6868,1,1,0.9999802112579346
6869,1,1,0.9999852180480957
6870,9,9,0.9981524348258972
6871,7,7,0.9999998807907104
6872,4,4,0.9998024106025696
6873,3,3,0.9999996423721313
6874,7,7,1.0
6875,3,3,1.0
6876,3,3,1.0
6877,0,0,1.0
6878,2,2,0.9980134963989258
6879,5,5,1.0
6880,5,5,1.0
6881,6,6,1.0
6882,3,3,1.0
6883,1,1,0.9999895095825195
6884,5,5,1.0
6885,2,2,0.9999889135360718
6886,5,5,0.9996542930603027
6887,9,9,0.9998654127120972
6888,9,9,0.9999980926513672
6889,8,8,0.9999994039535522
6890,4,4,0.9999998807907104
6891,1,1,0.999946117401123
6892,0,0,0.9999998807907104
6893,6,6,1.0
6894,0,0,0.9999978542327881
6895,9,9,0.991651713848114
6896,6,6,1.0
6897,8,8,0.999998927116394
6898,8,8,0.9999996423721313
6899,5,5,0.9996750354766846
6900,6,6,0.9999998807907104
6901,1,1,0.9999942779541016
6902,1,1,0.9998922348022461
6903,9,9,0.9999988079071045
6904,8,8,0.9999961853027344
6905,9,9,0.999169111251831
6906,2,2,0.9948546886444092
6907,3,3,0.9999998807907104
6908,5,5,1.0
6909,5,5,0.9999719858169556
6910,9,9,0.9996939897537231
6911,4,4,1.0
6912,2,2,0.9999938011169434
6913,1,1,0.9999734163284302
6914,9,9,0.9996557235717773
6915,4,4,1.0
6916,9,9,0.9999979734420776
6917,1,1,0.9999737739562988
6918,3,3,0.9999998807907104
6919,9,9,0.9986521601676941
6920,2,2,0.9999971389770508
6921,0,0,1.0
6922,6,6,0.9999990463256836
6923,0,0,1.0
6924,4,4,0.9999949932098389
6925,0,0,0.9999997615814209
6926,6,6,0.9878292083740234
6927,0,0,1.0
6928,1,1,0.9999642372131348
6929,2,2,1.0
6930,3,3,1.0
6931,4,4,0.9999994039535522
6932,5,5,1.0
6933,6,6,1.0
6934,7,7,0.9999998807907104
6935,8,8,1.0
6936,9,9,0.9998470544815063
6937,0,0,0.9999921321868896
6938,1,1,0.9999902248382568
6939,2,2,1.0
6940,3,3,0.9999991655349731
6941,4,4,0.9999992847442627
6942,5,5,0.9999996423721313
6943,6,6,0.9999943971633911
6944,7,7,0.9999839067459106
6945,8,8,0.9982434511184692
6946,9,9,0.9999744892120361
6947,0,0,1.0
6948,1,1,0.9999576807022095
6949,2,2,1.0
6950,3,3,0.9999998807907104
6951,4,4,0.9999997615814209
6952,5,5,1.0
6953,6,6,0.9999998807907104
6954,7,7,0.9992528557777405
6955,8,8,1.0
6956,9,9,0.9999476671218872
6957,3,3,0.9999988079071045
6958,8,8,0.9999996423721313
6959,0,0,0.9999995231628418
6960,7,7,0.9999998807907104
6961,1,1,0.9999245405197144
6962,0,0,0.9999954700469971
6963,7,7,0.999998927116394
6964,5,5,0.9982207417488098
6965,5,5,0.9999998807907104
6966,6,6,0.9999997615814209
6967,9,9,0.9990139007568359
6968,0,0,0.9999781847000122
6969,1,1,0.9999856948852539
6970,0,0,0.9999964237213135
6971,0,0,0.9999815225601196
6972,8,8,1.0
6973,3,3,1.0
6974,4,4,0.9999949932098389
6975,3,3,0.9999949932098389
6976,1,1,0.9999711513519287
6977,5,5,1.0
6978,0,0,0.9999997615814209
6979,0,0,0.9999998807907104
6980,9,9,0.999534010887146
6981,5,5,0.9512619972229004
6982,3,3,1.0
6983,4,4,0.9998243451118469
6984,9,9,0.9999566078186035
6985,3,3,1.0
6986,7,7,0.9999970197677612
6987,6,6,0.9999998807907104
6988,9,9,0.9999703168869019
6989,2,2,1.0
6990,4,4,0.9996552467346191
6991,5,5,0.9999982118606567
6992,7,7,0.9999997615814209
6993,2,2,1.0
6994,6,6,0.9999995231628418
6995,4,4,0.9999998807907104
6996,9,9,0.9992701411247253
6997,4,4,0.9994238615036011
6998,9,9,0.9991068243980408
6999,4,4,0.9993767142295837
7000,1,1,0.9998602867126465
7001,2,2,0.999854564666748
7002,2,2,0.9999986886978149
7003,5,5,0.9999910593032837
7004,8,8,1.0
7005,1,1,0.9997742772102356
7006,3,3,1.0
7007,2,2,1.0
7008,9,9,0.9999394416809082
7009,4,4,0.999997615814209
7010,3,3,1.0
7011,8,8,1.0
7012,2,2,1.0
7013,2,2,1.0
7014,1,1,0.9999799728393555
7015,2,2,1.0
7016,8,8,0.9999997615814209
7017,6,6,1.0
7018,5,5,0.9999947547912598
7019,1,1,0.9999865293502808
7020,6,6,0.9999966621398926
7021,7,7,0.9995900988578796
7022,2,2,1.0
7023,1,1,0.999752938747406
7024,3,3,1.0
7025,9,9,0.9996633529663086
7026,3,3,0.9999998807907104
7027,8,8,0.9999998807907104
7028,7,7,0.999970555305481
7029,5,5,0.9999995231628418
7030,7,7,0.9991156458854675
7031,0,0,0.9998373985290527
7032,7,7,0.9999959468841553
7033,4,4,0.9991563558578491
7034,8,8,1.0
7035,8,8,0.9999890327453613
7036,5,5,1.0
7037,0,0,0.9999940395355225
7038,6,6,1.0
7039,6,6,1.0
7040,3,3,0.9999998807907104
7041,7,7,0.9999995231628418
7042,6,6,1.0
7043,9,9,0.9995154142379761
7044,9,9,0.9999223947525024
7045,4,4,0.999993085861206
7046,8,8,0.9999556541442871
7047,4,4,0.9999899864196777
7048,1,1,0.9999833106994629
7049,0,0,0.9791920185089111
7050,6,6,0.9999998807907104
7051,6,6,0.9999459981918335
7052,0,0,0.9999998807907104
7053,1,1,0.9998698234558105
7054,2,2,0.9999748468399048
7055,3,3,1.0
7056,4,4,0.9999985694885254
7057,5,5,1.0
7058,6,6,1.0
7059,7,7,0.9999972581863403
7060,8,8,0.9999703168869019
7061,9,9,0.9999270439147949
7062,0,0,1.0
7063,1,1,0.9999488592147827
7064,2,2,0.9999997615814209
7065,3,3,1.0
7066,4,4,1.0
7067,5,5,1.0
7068,6,6,0.9999977350234985
7069,7,7,0.9999922513961792
7070,8,8,0.9999985694885254
7071,9,9,0.9997398257255554
7072,0,0,0.9999996423721313
7073,1,1,0.9999793767929077
7074,2,2,0.9999984502792358
7075,3,3,0.9999992847442627
7076,4,4,0.9999980926513672
7077,5,5,1.0
7078,6,6,1.0
7079,7,7,0.9999173879623413
7080,8,8,0.9999986886978149
7081,9,9,0.9997857213020325
7082,7,7,1.0
7083,4,4,0.9999973773956299
7084,0,0,0.9999957084655762
7085,4,4,1.0
7086,0,0,0.9999979734420776
7087,1,1,0.9999536275863647
7088,7,7,0.9999998807907104
7089,9,9,0.9997574687004089
7090,5,5,0.9999994039535522
7091,1,1,0.9999783039093018
7092,4,4,1.0
7093,2,2,0.9995120763778687
7094,8,8,0.9967225193977356
7095,9,9,0.9992820620536804
7096,4,4,1.0
7097,3,3,1.0
7098,7,7,0.9992850422859192
7099,8,8,0.9999840259552002
7100,2,2,0.9999914169311523
7101,4,4,0.9999995231628418
7102,4,4,0.9999583959579468
7103,3,3,1.0
7104,3,3,1.0
7105,6,6,1.0
7106,9,9,0.9995260238647461
7107,9,9,0.9979598522186279
7108,5,5,0.9999994039535522
7109,8,8,0.9999997615814209
7110,6,6,1.0
7111,7,7,0.9999983310699463
7112,0,0,0.9999996423721313
7113,6,6,1.0
7114,8,8,0.9999998807907104
7115,2,2,0.9999938011169434
7116,6,6,1.0
7117,3,3,1.0
7118,9,9,0.9969611763954163
7119,3,3,1.0
7120,2,2,0.9999996423721313
7121,8,8,0.9985271692276001
7122,6,6,1.0
7123,1,1,0.9999434947967529
7124,7,7,0.9999990463256836
7125,4,4,1.0
7126,8,8,0.9999979734420776
7127,8,8,0.9999982118606567
7128,9,9,0.9996936321258545
7129,0,0,0.9999996423721313
7130,3,3,1.0
7131,3,3,1.0
7132,9,9,0.9999417066574097
7133,0,0,0.9999996423721313
7134,5,5,1.0
7135,2,2,0.9998538494110107
7136,9,9,0.9997331500053406
7137,4,4,0.9999991655349731
7138,1,1,0.9999419450759888
7139,0,0,0.999998927116394
7140,3,3,1.0
7141,7,7,0.9999403953552246
7142,5,5,1.0
7143,8,8,0.9999978542327881
7144,7,7,0.9999929666519165
7145,7,7,0.9999892711639404
7146,8,8,0.999984860420227
7147,2,2,1.0
7148,9,9,0.9993564486503601
7149,7,7,0.9999737739562988
7150,1,1,0.999961256980896
7151,2,2,0.9999195337295532
7152,6,6,1.0
7153,4,4,1.0
7154,2,2,0.9993485808372498
7155,5,5,1.0
7156,2,2,0.9999996423721313
7157,3,3,1.0
7158,6,6,0.9999998807907104
7159,6,6,1.0
7160,5,5,1.0
7161,0,0,0.9999969005584717
7162,0,0,0.9999874830245972
7163,2,2,0.9999997615814209
7164,8,8,1.0
7165,1,1,0.9999735355377197
7166,6,6,1.0
7167,1,1,0.9999780654907227
7168,0,0,0.9999698400497437
7169,4,4,0.9999985694885254
7170,3,3,1.0
7171,1,1,0.9999547004699707
7172,6,6,1.0
7173,1,1,0.9999829530715942
7174,9,9,0.9998351335525513
7175,0,0,1.0
7176,1,1,0.9999819993972778
7177,4,4,0.9999923706054688
7178,5,5,0.9999889135360718
7179,6,6,0.9985604882240295
7180,7,7,0.9999998807907104
7181,8,8,0.9994699358940125
7182,9,9,0.9999371767044067
7183,1,1,0.9999290704727173
7184,2,2,1.0
7185,3,3,1.0
7186,4,4,0.999984860420227
7187,5,5,0.9999995231628418
7188,6,6,0.9999990463256836
7189,7,7,0.999903678894043
7190,0,0,0.9999980926513672
7191,1,1,0.9998028874397278
7192,2,2,1.0
7193,3,3,1.0
7194,4,4,0.9999998807907104
7195,5,5,0.9988858103752136
7196,6,6,0.9999935626983643
7197,7,7,0.9999942779541016
7198,8,8,0.9999309778213501
7199,9,9,0.9999977350234985
7200,8,8,0.9999901056289673
7201,4,4,1.0
7202,0,0,1.0
7203,0,0,0.9999998807907104
7204,7,7,0.999995231628418
7205,2,2,1.0
7206,4,4,1.0
7207,3,3,1.0
7208,8,8,0.9965916872024536
7209,6,6,0.9986404776573181
7210,6,6,0.998333752155304
7211,3,3,0.9999998807907104
7212,2,2,0.9984006285667419
7213,6,6,0.999963641166687
7214,3,3,1.0
7215,3,3,0.9999998807907104
7216,0,0,0.9861631989479065
7217,1,1,0.9993072748184204
7218,4,4,0.9999998807907104
7219,7,7,0.9999985694885254
7220,8,8,0.9984922409057617
7221,0,0,0.999998927116394
7222,3,3,1.0
7223,1,1,0.9981772899627686
7224,9,9,0.9997876286506653
7225,0,0,0.9999903440475464
7226,1,1,0.9990993738174438
7227,9,9,0.9999884366989136
7228,1,1,0.9996206760406494
7229,2,2,0.9999998807907104
7230,7,7,0.9999955892562866
7231,0,0,0.9999995231628418
7232,1,1,0.9994708895683289
7233,3,3,0.9999479055404663
7234,8,8,0.9999994039535522
7235,2,2,0.9999974966049194
7236,9,9,0.9999983310699463
7237,2,2,1.0
7238,7,7,0.9999198913574219
7239,6,6,0.9999994039535522
7240,5,5,0.9096786379814148
7241,5,5,0.9990363121032715
7242,9,9,0.9999934434890747
7243,9,9,0.9997393488883972
7244,8,8,0.9999997615814209
7245,2,2,0.9999985694885254
7246,9,9,0.9999831914901733
7247,1,1,0.999804675579071
7248,3,3,0.9998095631599426
7249,2,2,0.9998642206192017
7250,3,3,1.0
7251,4,4,1.0
7252,3,3,1.0
7253,1,1,0.99993896484375
7254,9,9,0.9999998807907104
7255,0,0,0.999992847442627
7256,9,9,0.9998185038566589
7257,3,3,0.9999992847442627
7258,6,6,0.9995276927947998
7259,8,8,0.9993138313293457
7260,7,7,0.9999997615814209
7261,0,0,0.9999063014984131
7262,1,1,0.9999815225601196
7263,0,0,0.9999915361404419
7264,5,5,1.0
7265,8,8,0.9903671741485596
7266,2,2,1.0
7267,7,7,0.9999774694442749
7268,7,7,0.9973931312561035
7269,0,0,1.0
7270,1,1,0.9999927282333374
7271,2,2,0.9999998807907104
7272,3,3,0.9999974966049194
7273,4,4,1.0
7274,5,5,1.0
7275,6,6,0.9999995231628418
7276,7,7,0.9999473094940186
7277,8,8,0.9999589920043945
7278,9,9,0.9996683597564697
7279,0,0,0.9999974966049194
7280,1,1,0.9999932050704956
7281,2,2,1.0
7282,3,3,0.9999696016311646
7283,4,4,0.9999998807907104
7284,5,5,0.9999969005584717
7285,6,6,0.9999995231628418
7286,7,7,1.0
7287,8,8,0.9999833106994629
7288,9,9,0.9999744892120361
7289,0,0,0.9999998807907104
7290,1,1,0.9999959468841553
7291,2,2,0.9999988079071045
7292,3,3,0.9999998807907104
7293,4,4,0.9999990463256836
7294,5,5,0.999956488609314
7295,6,6,1.0
7296,7,7,1.0
7297,8,8,0.9999977350234985
7298,9,9,0.9999922513961792
7299,1,1,0.9999853372573853
7300,7,7,0.9999996423721313
7301,4,4,1.0
7302,8,8,0.9999985694885254
7303,1,1,0.9999969005584717
7304,5,5,0.9990605711936951
7305,6,6,1.0
7306,5,5,0.9999982118606567
7307,7,7,0.9998804330825806
7308,2,2,0.9999997615814209
7309,8,8,0.9994356036186218
7310,6,6,0.999998927116394
7311,3,3,1.0
7312,3,3,1.0
7313,8,8,1.0
7314,6,6,1.0
7315,5,5,0.9999967813491821
7316,4,4,1.0
7317,0,0,0.9999924898147583
7318,9,9,0.9999971389770508
7319,1,1,0.9998161196708679
7320,7,7,0.9999983310699463
7321,2,2,1.0
7322,9,9,0.9999734163284302
7323,1,1,0.9999884366989136
7324,5,5,0.9999880790710449
7325,1,1,0.999972939491272
7326,3,3,1.0
7327,2,2,0.9999995231628418
7328,2,2,1.0
7329,3,3,0.9999994039535522
7330,0,0,0.9999995231628418
7331,6,6,0.9999998807907104
7332,4,4,0.9999966621398926
7333,3,3,0.9999727010726929
7334,7,7,0.9999722242355347
7335,6,6,0.9999833106994629
7336,9,9,0.9999804496765137
7337,0,0,0.9995613694190979
7338,4,4,0.9998661279678345
7339,8,8,0.9999891519546509
7340,1,1,0.9999866485595703
7341,4,4,1.0
7342,0,0,0.9999998807907104
7343,6,6,0.999998927116394
7344,1,1,0.9999150037765503
7345,2,2,0.9997017979621887
7346,6,6,1.0
7347,9,9,0.9999940395355225
7348,2,2,0.999994158744812
7349,2,2,0.999995231628418
7350,3,3,0.9999990463256836
7351,5,5,0.9999971389770508
7352,5,5,0.999992847442627
7353,1,1,0.9999740123748779
7354,0,0,0.9936575293540955
7355,7,7,1.0
7356,7,7,0.9999948740005493
7357,9,9,0.9999207258224487
7358,6,6,1.0
7359,2,2,0.9999783039093018
7360,9,9,0.9999983310699463
7361,4,4,0.9999992847442627
7362,7,7,0.9999992847442627
7363,0,0,0.999996542930603
7364,2,2,0.9999992847442627
7365,3,3,1.0
7366,4,4,1.0
7367,0,0,0.9999996423721313
7368,0,0,0.9999983310699463
7369,8,8,1.0
7370,8,8,0.9999868869781494
7371,8,8,1.0
7372,5,5,0.9999946355819702
7373,1,1,0.9998311996459961
7374,3,3,1.0
7375,7,7,0.9999966621398926
7376,4,4,1.0
7377,9,9,0.9998434782028198
7378,8,8,0.9999980926513672
7379,8,8,0.9999982118606567
7380,9,9,0.999933123588562
7381,0,0,0.9998495578765869
7382,9,9,0.9999841451644897
7383,8,8,0.9999998807907104
7384,9,9,0.9963733553886414
7385,0,0,0.9999988079071045
7386,2,2,0.9999972581863403
7387,6,6,0.9999998807907104
7388,5,5,0.9991264939308167
7389,6,6,0.999998927116394
7390,7,7,0.999994158744812
7391,4,4,0.9999861717224121
7392,7,7,0.9999475479125977
7393,5,5,0.9999997615814209
7394,4,4,0.9998570680618286
7395,1,1,0.9998488426208496
7396,3,3,0.9999971389770508
7397,5,5,0.9999977350234985
7398,3,3,0.9999992847442627
7399,1,1,0.9999741315841675
7400,2,2,0.9999984502792358
7401,3,3,0.9998145699501038
7402,4,4,0.9987063407897949
7403,5,5,0.9994980096817017
7404,6,6,0.9999171495437622
7405,1,1,0.9999101161956787
7406,2,2,0.9999988079071045
7407,3,3,0.9999938011169434
7408,4,4,0.9999922513961792
7409,6,6,1.0
7410,0,0,0.9999990463256836
7411,1,1,0.9999781847000122
7412,2,2,1.0
7413,4,4,0.9999876022338867
7414,5,5,1.0
7415,6,6,1.0
7416,7,7,0.9999855756759644
7417,8,8,0.9997957348823547
7418,1,1,0.9999586343765259
7419,7,7,0.9998658895492554
7420,2,2,0.99997878074646
7421,4,4,0.9999998807907104
7422,1,1,0.9999814033508301
7423,4,4,0.9976256489753723
7424,1,1,0.9999912977218628
7425,4,4,0.9999853372573853
7426,9,9,0.9995526671409607
7427,6,6,0.9686910510063171
7428,8,8,1.0
7429,4,4,1.0
7430,5,5,0.9994739890098572
7431,3,3,0.9999891519546509
7432,7,7,0.9838094711303711
7433,8,8,0.9996090531349182
7434,4,4,0.8402586579322815
7435,3,3,1.0
7436,3,3,1.0
7437,5,5,0.9992884397506714
7438,6,6,0.9999986886978149
7439,7,7,0.999991774559021
7440,0,0,0.9999967813491821
7441,6,6,0.9983144998550415
7442,1,1,0.9999839067459106
7443,6,6,0.9999960660934448
7444,8,8,0.9495587348937988
7445,7,7,0.9985185265541077
7446,0,0,0.9999908208847046
7447,1,1,0.9992871880531311
7448,5,5,0.9999809265136719
7449,0,0,0.9999985694885254
7450,8,8,0.9999891519546509
7451,5,5,0.9968350529670715
7452,0,0,0.9999997615814209
7453,1,1,0.999962568283081
7454,5,5,0.9998587369918823
7455,8,8,0.9999986886978149
7456,4,4,0.9999984502792358
7457,2,2,0.9999916553497314
7458,3,3,1.0
7459,9,9,0.998234748840332
7460,7,7,0.9999858140945435
7461,6,6,0.999334990978241
7462,9,9,0.9993559718132019
7463,1,1,0.9998346567153931
7464,9,9,0.9999912977218628
7465,0,0,0.9999368190765381
7466,6,6,0.9999983310699463
7467,7,7,0.9999995231628418
7468,1,1,0.9999635219573975
7469,2,2,1.0
7470,3,3,0.9999998807907104
7471,9,9,0.9999209642410278
7472,2,2,0.999895453453064
7473,4,4,0.9951202273368835
7474,5,5,0.9999964237213135
7475,5,5,1.0
7476,3,3,0.9999674558639526
7477,7,7,0.9999961853027344
7478,5,5,0.9999972581863403
7479,3,3,0.9998918771743774
7480,1,1,0.999995231628418
7481,8,8,0.9999196529388428
7482,2,2,0.9981439113616943
7483,2,2,0.9995738863945007
7484,3,3,1.0
7485,0,0,0.9999990463256836
7486,2,2,0.999983549118042
7487,9,9,0.9999141693115234
7488,4,4,0.9999979734420776
7489,9,9,0.9999728202819824
7490,7,7,0.9999756813049316
7491,0,0,0.9997842907905579
7492,2,2,0.9820324778556824
7493,7,7,0.9999346733093262
7494,4,4,0.9999990463256836
7495,9,9,0.999647855758667
7496,9,9,0.9999221563339233
7497,2,2,0.9999992847442627
7498,5,5,0.9999644756317139
7499,9,9,0.9998764991760254
7500,8,8,0.9999997615814209
7501,3,3,0.9999994039535522
7502,8,8,0.9999953508377075
7503,6,6,0.9999959468841553
7504,7,7,0.9999672174453735
7505,0,0,0.9999978542327881
7506,0,0,0.9999985694885254
7507,1,1,0.9999096393585205
7508,2,2,0.9999995231628418
7509,3,3,0.9999761581420898
7510,4,4,0.9999834299087524
7511,5,5,0.9999690055847168
7512,6,6,0.9999998807907104
7513,7,7,0.9999996423721313
7514,8,8,0.9945354461669922
7515,9,9,0.9999972581863403
7516,0,0,1.0
7517,1,1,0.9998514652252197
7518,2,2,0.9999994039535522
7519,3,3,0.9997525811195374
7520,4,4,0.9999988079071045
7521,5,5,0.9999465942382812
7522,6,6,0.9999985694885254
7523,7,7,0.9999957084655762
7524,8,8,0.998948872089386
7525,9,9,0.9997852444648743
7526,0,0,0.9999996423721313
7527,1,1,0.9999179840087891
7528,2,2,0.9999995231628418
7529,3,3,0.999293327331543
7530,4,4,0.9999970197677612
7531,5,5,0.9999228715896606
7532,6,6,0.9999960660934448
7533,7,7,0.9999964237213135
7534,8,8,0.9999399185180664
7535,9,9,0.9999452829360962
7536,0,0,0.9999995231628418
7537,0,0,0.9999997615814209
7538,7,7,0.999886155128479
7539,2,2,0.9999964237213135
7540,6,6,1.0
7541,5,5,0.9964534044265747
7542,5,5,0.9999904632568359
7543,3,3,0.9999994039535522
7544,7,7,0.999984622001648
7545,8,8,0.9937012195587158
7546,6,6,0.9999994039535522
7547,6,6,0.9999996423721313
7548,6,6,0.9999995231628418
7549,6,6,0.9999984502792358
7550,4,4,0.9999947547912598
7551,3,3,0.999974250793457
7552,8,8,0.9832456111907959
7553,8,8,0.9999837875366211
7554,3,3,0.9999945163726807
7555,0,0,0.9999988079071045
7556,1,1,0.9974499344825745
7557,9,9,0.9999902248382568
7558,0,0,0.999985933303833
7559,5,5,1.0
7560,4,4,0.9993410706520081
7561,1,1,0.9999245405197144
7562,9,9,0.999946117401123
7563,1,1,0.9999984502792358
7564,2,2,0.9999974966049194
7565,7,7,0.9829506278038025
7566,0,0,0.9999977350234985
7567,1,1,0.9999669790267944
7568,3,3,0.9999973773956299
7569,8,8,0.9998049139976501
7570,2,2,0.9999997615814209
7571,9,9,0.9999858140945435
7572,2,2,0.9999942779541016
7573,7,7,0.9982201457023621
7574,4,4,0.6210229396820068
7575,2,2,0.9999984502792358
7576,6,6,1.0
7577,5,5,0.9999988079071045
7578,5,5,0.9996005892753601
7579,9,9,0.9999421834945679
7580,9,9,0.9989160299301147
7581,1,1,0.9999980926513672
7582,1,1,0.9997641444206238
7583,5,5,0.9999328851699829
7584,7,7,0.9999425411224365
7585,6,6,0.9999998807907104
7586,8,8,0.9999998807907104
7587,2,2,0.9999903440475464
7588,9,9,0.9999338388442993
7589,4,4,0.9999994039535522
7590,3,3,1.0
7591,1,1,0.9999604225158691
7592,9,9,0.9998766183853149
7593,0,0,0.9999898672103882
7594,9,9,0.9999504089355469
7595,3,3,0.9947233200073242
7596,6,6,1.0
7597,8,8,0.9999953508377075
7598,7,7,0.9999990463256836
7599,0,0,0.9999977350234985
7600,1,1,0.9999948740005493
7601,0,0,0.999998927116394
7602,5,5,1.0
7603,8,8,0.998242974281311
7604,2,2,0.9999719858169556
7605,7,7,0.9993403553962708
7606,7,7,0.9979556798934937
7607,0,0,1.0
7608,1,1,0.9999985694885254
7609,2,2,1.0
7610,3,3,1.0
7611,4,4,1.0
7612,5,5,0.9999996423721313
7613,6,6,1.0
7614,7,7,1.0
7615,8,8,1.0
7616,9,9,0.9999833106994629
7617,0,0,0.9999998807907104
7618,1,1,0.9999973773956299
7619,2,2,0.9999415874481201
7620,3,3,0.9999991655349731
7621,4,4,1.0
7622,5,5,0.9999998807907104
7623,8,8,1.0
7624,9,9,0.9999876022338867
7625,0,0,0.9999998807907104
7626,1,1,0.9999818801879883
7627,2,2,0.9998496770858765
7628,3,3,1.0
7629,4,4,1.0
7630,5,5,0.9999936819076538
7631,6,6,0.9999998807907104
7632,7,7,1.0
7633,8,8,1.0
7634,9,9,0.9991613626480103
7635,2,2,1.0
7636,1,1,0.9996678829193115
7637,2,2,0.9999886751174927
7638,1,1,0.9999934434890747
7639,3,3,0.9999998807907104
7640,9,9,0.9999316930770874
7641,9,9,0.9906277656555176
7642,8,8,1.0
7643,5,5,0.9999897480010986
7644,3,3,0.9999998807907104
7645,7,7,1.0
7646,0,0,0.9999991655349731
7647,7,7,0.9999998807907104
7648,7,7,0.9999982118606567
7649,5,5,0.9999805688858032
7650,7,7,0.9999991655349731
7651,9,9,0.9686509370803833
7652,9,9,0.9998273849487305
7653,4,4,0.9999998807907104
7654,7,7,0.9999998807907104
7655,0,0,1.0
7656,3,3,0.9999946355819702
7657,4,4,0.9999990463256836
7658,1,1,0.9999634027481079
7659,5,5,0.9999996423721313
7660,8,8,1.0
7661,1,1,0.9999651908874512
7662,4,4,0.9999998807907104
7663,8,8,1.0
7664,4,4,1.0
7665,1,1,0.999964714050293
7666,8,8,1.0
7667,6,6,1.0
7668,6,6,0.9999995231628418
7669,4,4,0.9999998807907104
7670,6,6,0.9999977350234985
7671,0,0,0.9989008903503418
7672,5,5,0.9982289671897888
7673,5,5,0.999873161315918
7674,3,3,1.0
7675,3,3,0.9999988079071045
7676,5,5,0.9999760389328003
7677,7,7,1.0
7678,2,2,1.0
7679,5,5,0.9998842477798462
7680,9,9,0.998340368270874
7681,6,6,1.0
7682,9,9,0.9999721050262451
7683,2,2,0.9972257018089294
7684,6,6,1.0
7685,2,2,1.0
7686,1,1,0.9999328851699829
7687,2,2,0.9999845027923584
7688,0,0,1.0
7689,8,8,0.9998878240585327
7690,3,3,0.9999990463256836
7691,8,8,0.9999485015869141
7692,3,3,0.9999591112136841
7693,0,0,0.9999997615814209
7694,8,8,0.9999991655349731
7695,7,7,0.9999991655349731
7696,4,4,0.9999990463256836
7697,9,9,0.9991728663444519
7698,5,5,0.9999874830245972
7699,0,0,1.0
7700,9,9,0.9999825954437256
7701,7,7,0.9999997615814209
7702,0,0,0.9999998807907104
7703,0,0,0.9999998807907104
7704,4,4,0.9999994039535522
7705,6,6,1.0
7706,0,0,0.9999997615814209
7707,9,9,0.9996966123580933
7708,1,1,0.9993419051170349
7709,6,6,1.0
7710,2,2,1.0
7711,7,7,0.9999998807907104
7712,6,6,1.0
7713,8,8,0.9999996423721313
7714,3,3,0.9999997615814209
7715,5,5,0.9999996423721313
7716,2,2,1.0
7717,1,1,0.9999977350234985
7718,8,8,0.9999985694885254
7719,3,3,1.0
7720,8,8,0.9999961853027344
7721,6,6,1.0
7722,1,1,0.9999425411224365
7723,0,0,1.0
7724,2,2,0.9999821186065674
7725,1,1,0.9999645948410034
7726,4,4,0.9999997615814209
7727,0,0,0.9999998807907104
7728,1,1,0.9991883635520935
7729,2,2,0.9999924898147583
7730,3,3,0.9999984502792358
7731,4,4,0.9999980926513672
7732,5,5,0.9712064266204834
7733,6,6,0.9999974966049194
7734,7,7,0.9998884201049805
7735,8,8,0.9997469782829285
7736,9,9,0.9458325505256653
7737,0,0,0.9999998807907104
7738,1,1,0.9997593760490417
7739,2,2,0.9999996423721313
7740,3,3,1.0
7741,4,4,0.9999996423721313
7742,5,5,0.9999998807907104
7743,6,6,0.9999978542327881
7744,7,7,0.9999535083770752
7745,8,8,0.9999997615814209
7746,9,9,0.9996134638786316
7747,0,0,0.9999997615814209
7748,1,1,0.99991774559021
7749,2,2,0.9999929666519165
7750,3,3,0.9999998807907104
7751,4,4,1.0
7752,5,5,1.0
7753,6,6,1.0
7754,7,7,0.9999905824661255
7755,8,8,0.9998980760574341
7756,9,9,0.9992653727531433
7757,7,7,0.9999979734420776
7758,6,6,1.0
7759,4,4,1.0
7760,7,7,0.999982476234436
7761,6,6,1.0
7762,2,2,1.0
7763,3,3,0.9999998807907104
7764,4,4,0.999963641166687
7765,8,8,0.9999984502792358
7766,7,7,0.9999997615814209
7767,8,8,0.9999996423721313
7768,6,6,0.9999979734420776
7769,9,9,0.9995231628417969
7770,8,8,0.9999982118606567
7771,3,3,1.0
7772,2,2,0.9999889135360718
7773,2,2,0.9999873638153076
7774,8,8,0.9999513626098633
7775,4,4,0.9999991655349731
7776,8,8,1.0
7777,5,5,0.9999834299087524
7778,6,6,1.0
7779,5,5,0.9999841451644897
7780,0,0,1.0
7781,2,2,0.9999624490737915
7782,0,0,1.0
7783,1,1,0.9989652633666992
7784,1,1,0.9999451637268066
7785,2,2,1.0
7786,9,9,0.9999682903289795
7787,6,6,1.0
7788,8,8,0.999879002571106
7789,2,2,1.0
7790,1,1,0.9995749592781067
7791,0,0,1.0
7792,6,6,1.0
7793,5,5,0.9999986886978149
7794,2,2,0.9999996423721313
7795,9,9,0.9998000264167786
7796,7,7,0.999998927116394
7797,5,5,0.9999991655349731
7798,3,3,0.9999876022338867
7799,9,9,0.9960299134254456
7800,3,3,0.8232945203781128
7801,7,7,0.9999986886978149
7802,1,1,0.9995588660240173
7803,8,8,0.9999005794525146
7804,3,3,0.9999998807907104
7805,8,8,1.0
7806,1,1,0.9994927644729614
7807,9,9,0.9998494386672974
7808,5,5,0.9999985694885254
7809,5,5,0.9999998807907104
7810,0,0,0.9999979734420776
7811,1,1,0.9994465708732605
7812,1,1,0.9960284233093262
7813,9,9,0.7012986540794373
7814,8,8,0.9999998807907104
7815,2,2,0.9999992847442627
7816,6,6,1.0
7817,0,0,0.9999997615814209
7818,4,4,0.9999996423721313
7819,5,5,1.0
7820,0,0,1.0
7821,3,3,0.9878407120704651
7822,1,1,0.9989914298057556
7823,8,8,0.9999196529388428
7824,6,6,0.9999998807907104
7825,7,7,0.9997523427009583
7826,5,5,0.9999500513076782
7827,9,9,0.9999996423721313
7828,9,9,0.9999097585678101
7829,3,3,0.9999982118606567
7830,0,0,0.9999998807907104
7831,3,3,0.9999995231628418
7832,1,1,0.9999686479568481
7833,4,4,1.0
7834,4,4,0.999966025352478
7835,0,0,1.0
7836,4,4,0.9999998807907104
7837,9,9,0.9361681938171387
7838,0,0,0.9999685287475586
7839,1,1,0.991703987121582
7840,2,2,0.9999955892562866
7841,3,3,0.9995915293693542
7842,5,5,0.997162401676178
7843,6,6,0.9999995231628418
7844,7,7,0.9999958276748657
7845,8,8,0.9980341792106628
7846,0,0,0.9999992847442627
7847,1,1,0.9703779816627502
7848,2,2,0.9999995231628418
7849,3,3,0.9855097532272339
7850,5,5,0.9985911250114441
7851,6,6,0.9994551539421082
7852,7,7,0.9999876022338867
7853,8,8,0.9951541423797607
7854,9,9,0.9999412298202515
7855,0,0,0.9999994039535522
7856,1,1,0.95475172996521
7857,2,2,0.9999758005142212
7858,3,3,0.9998195767402649
7859,5,5,0.9999945163726807
7860,6,6,0.9998871088027954
7861,7,7,0.9999598264694214
7862,8,8,0.9994179010391235
7863,9,9,0.9994909763336182
7864,9,9,0.9999810457229614
7865,7,7,0.9999895095825195
7866,0,0,0.9999995231628418
7867,9,9,0.9999663829803467
7868,0,0,0.9999823570251465
7869,1,1,0.9999710321426392
7870,5,5,0.9999784231185913
7871,8,8,0.9999889135360718
7872,8,8,0.9999842643737793
7873,0,0,0.9999998807907104
7874,9,9,0.9998703002929688
7875,3,3,0.9998956918716431
7876,2,2,0.9999961853027344
7877,7,7,0.999985933303833
7878,8,8,0.9999994039535522
7879,4,4,0.9999994039535522
7880,6,6,0.9999984502792358
7881,1,1,0.9999924898147583
7882,0,0,0.999997615814209
7883,4,4,0.9999977350234985
7884,9,9,0.9999740123748779
7885,4,4,1.0
7886,2,2,0.9984845519065857
7887,0,0,0.9999959468841553
7888,5,5,0.9999954700469971
7889,0,0,0.9999971389770508
7890,1,1,0.9999727010726929
7891,6,6,1.0
7892,9,9,0.9997546076774597
7893,3,3,0.9993255138397217
7894,2,2,0.9999969005584717
7895,9,9,0.99959796667099
7896,1,1,0.9987875819206238
7897,6,6,0.9999936819076538
7898,0,0,0.9999784231185913
7899,1,1,0.7645266652107239
7900,1,1,0.952499508857727
7901,8,8,0.9999971389770508
7902,7,7,0.99720698595047
7903,7,7,0.9976741671562195
7904,6,6,0.9999998807907104
7905,3,3,0.9895574450492859
7906,6,6,0.9999994039535522
7907,0,0,0.99998939037323
7908,7,7,0.9999921321868896
7909,2,2,0.9999920129776001
7910,4,4,0.9999902248382568
7911,1,1,0.998299777507782
7912,7,7,0.9995028972625732
7913,0,0,0.9999926090240479
7914,6,6,0.999988317489624
7915,7,7,0.9945915341377258
7916,1,1,0.9970537424087524
7917,2,2,0.9999995231628418
7918,5,5,0.9993706345558167
7919,8,8,0.9999622106552124
7920,1,1,0.9988564252853394
7921,8,8,0.9666709303855896
7922,2,2,0.9999990463256836
7923,8,8,0.9999856948852539
7924,7,7,0.9996019005775452
7925,6,6,0.9999780654907227
7926,8,8,0.9999943971633911
7927,7,7,0.9912424087524414
7928,1,1,0.40785545110702515
7929,6,6,0.9999902248382568
7930,2,2,0.9999895095825195
7931,9,9,0.9998754262924194
7932,3,3,0.9999977350234985
7933,0,0,0.9999998807907104
7934,1,1,0.9947845339775085
7935,2,2,0.9999994039535522
7936,3,3,1.0
7937,4,4,0.9999995231628418
7938,5,5,0.9999943971633911
7939,6,6,1.0
7940,7,7,0.9999985694885254
7941,8,8,0.9999924898147583
7942,9,9,0.9999755620956421
7943,0,0,0.9999996423721313
7944,1,1,0.9999020099639893
7945,2,2,0.999988317489624
7946,3,3,0.9999949932098389
7947,4,4,0.9999996423721313
7948,5,5,0.9999922513961792
7949,6,6,0.9999998807907104
7950,7,7,0.9999954700469971
7951,8,8,0.9999971389770508
7952,9,9,0.9999932050704956
7953,0,0,1.0
7954,1,1,0.9995933175086975
7955,2,2,1.0
7956,3,3,1.0
7957,4,4,0.999652624130249
7958,5,5,1.0
7959,6,6,1.0
7960,7,7,0.9999901056289673
7961,8,8,1.0
7962,9,9,0.9999916553497314
7963,8,8,1.0
7964,9,9,0.9176774621009827
7965,5,5,1.0
7966,7,7,0.999994158744812
7967,0,0,0.9999985694885254
7968,3,3,1.0
7969,1,1,0.9998132586479187
7970,6,6,0.999998927116394
7971,8,8,0.988556444644928
7972,4,4,0.9999990463256836
7973,1,1,0.9995067119598389
7974,5,5,1.0
7975,6,6,1.0
7976,4,4,1.0
7977,2,2,1.0
7978,7,7,0.9996768236160278
7979,8,8,0.9999995231628418
7980,1,1,0.999763548374176
7981,3,3,1.0
7982,4,4,0.9978480339050293
7983,3,3,0.9999988079071045
7984,4,4,0.9999973773956299
7985,7,7,0.9982119798660278
7986,2,2,0.9999892711639404
7987,0,0,0.9999909400939941
7988,5,5,0.9999997615814209
7989,0,0,0.9999998807907104
7990,1,1,0.9877896308898926
7991,9,8,0.8230507969856262
7992,2,2,1.0
7993,3,3,1.0
7994,2,2,1.0
7995,3,3,1.0
7996,5,5,0.9999992847442627
7997,5,5,0.9999988079071045
7998,7,7,1.0
7999,8,8,0.9999978542327881
8000,4,4,0.9999940395355225
8001,9,9,0.9999974966049194
8002,9,9,0.9999843835830688
8003,7,7,0.9998770952224731
8004,1,1,0.9999047517776489
8005,1,1,0.9999425411224365
8006,9,9,0.9999979734420776
8007,0,0,0.9999996423721313
8008,7,7,0.9996520280838013
8009,8,8,1.0
8010,3,3,0.9999995231628418
8011,4,4,0.9991160035133362
8012,8,8,0.9999957084655762
8013,6,6,1.0
8014,3,3,1.0
8015,8,8,0.9999997615814209
8016,0,0,0.9999961853027344
8017,9,9,0.9999997615814209
8018,6,6,1.0
8019,2,2,0.9999977350234985
8020,1,1,0.9999860525131226
8021,0,0,1.0
8022,1,1,0.9990552067756653
8023,0,0,0.9999986886978149
8024,6,6,1.0
8025,2,2,1.0
8026,3,3,1.0
8027,8,8,1.0
8028,9,9,0.9988251328468323
8029,0,0,0.9999918937683105
8030,7,7,0.999607264995575
8031,2,2,0.9999997615814209
8032,3,3,1.0
8033,4,4,0.9999991655349731
8034,5,5,0.9999966621398926
8035,5,5,0.9999942779541016
8036,2,2,1.0
8037,8,8,0.9999991655349731
8038,5,5,0.9999991655349731
8039,4,4,0.9999994039535522
8040,6,6,1.0
8041,6,6,1.0
8042,6,6,1.0
8043,7,7,0.9998341798782349
8044,9,9,0.998127281665802
8045,1,1,0.9998387098312378
8046,8,8,0.9999998807907104
8047,2,2,0.9997839331626892
8048,1,1,0.999913215637207
8049,5,5,1.0
8050,3,3,0.9999980926513672
8051,4,4,0.9999995231628418
8052,7,7,0.9999983310699463
8053,9,9,0.9999041557312012
8054,4,4,1.0
8055,0,0,0.9999898672103882
8056,0,0,0.9999998807907104
8057,0,0,0.9999996423721313
8058,1,1,0.9986664056777954
8059,2,1,0.8731995224952698
8060,3,3,0.9999994039535522
8061,4,4,0.9855237603187561
8062,5,5,0.9991476535797119
8063,6,6,0.9995256662368774
8064,7,7,0.9986818432807922
8065,8,8,0.9750956892967224
8066,9,9,0.9957453608512878
8067,0,0,0.9999988079071045
8068,1,1,0.9995083808898926
8069,2,2,0.976090669631958
8070,3,3,1.0
8071,4,4,0.9929559230804443
8072,5,5,0.9999994039535522
8073,6,6,0.9999938011169434
8074,7,7,0.9997937083244324
8075,8,8,0.9972706437110901
8076,9,9,0.9996622800827026
8077,0,0,0.9999886751174927
8078,1,1,0.9993626475334167
8079,2,2,0.93116295337677
8080,3,3,1.0
8081,4,4,0.9990308284759521
8082,5,5,0.9999983310699463
8083,6,6,0.9999994039535522
8084,9,9,0.9999850988388062
8085,0,0,0.9999995231628418
8086,1,1,0.9997785687446594
8087,3,3,1.0
8088,1,1,0.9975729584693909
8089,5,5,1.0
8090,1,1,0.9997853636741638
8091,2,2,0.9738691449165344
8092,4,4,0.9941176176071167
8093,9,9,0.9986674785614014
8094,2,8,0.9176869988441467
8095,4,4,0.9880347847938538
8096,6,6,0.9999948740005493
8097,8,8,0.9937339425086975
8098,0,0,0.9999996423721313
8099,1,1,0.9995449185371399
8100,1,1,0.9998718500137329
8101,9,9,0.9995805621147156
8102,2,2,0.9882329106330872
8103,6,6,0.999977707862854
8104,6,6,0.9999535083770752
8105,8,8,0.9936333894729614
8106,7,7,0.9881623387336731
8107,4,4,0.9870327711105347
8108,2,2,0.9999980926513672
8109,9,9,0.9993619322776794
8110,7,7,0.996935248374939
8111,0,0,0.9999996423721313
8112,2,2,0.983235239982605
8113,1,1,0.9999527931213379
8114,0,0,0.9999997615814209
8115,3,3,0.9997068047523499
8116,6,6,0.9999997615814209
8117,0,0,0.9999998807907104
8118,1,1,0.9999985694885254
8119,2,2,0.9999991655349731
8120,3,3,1.0
8121,4,4,0.9999995231628418
8122,5,5,1.0
8123,6,6,0.9999990463256836
8124,7,7,0.9999945163726807
8125,8,8,0.9999998807907104
8126,9,9,0.9999994039535522
8127,0,0,1.0
8128,1,1,0.9842819571495056
8129,2,2,0.9999996423721313
8130,3,3,0.9999998807907104
8131,4,4,1.0
8132,5,5,1.0
8133,6,6,1.0
8134,7,7,0.9999990463256836
8135,8,8,0.9999998807907104
8136,9,9,0.9999728202819824
8137,0,0,0.9999998807907104
8138,1,1,0.9994962215423584
8139,2,2,0.9999526739120483
8140,3,3,1.0
8141,4,4,0.9999992847442627
8142,5,5,0.9999120235443115
8143,6,6,0.9999798536300659
8144,7,7,0.9996931552886963
8145,8,8,0.9999998807907104
8146,9,9,0.9983441829681396
8147,8,8,0.9999865293502808
8148,6,6,1.0
8149,5,5,1.0
8150,9,9,0.9999911785125732
8151,7,7,0.9997459053993225
8152,0,0,1.0
8153,2,2,0.9999998807907104
8154,3,3,0.9999995231628418
8155,4,4,0.9999997615814209
8156,3,3,0.999922513961792
8157,8,8,1.0
8158,5,5,1.0
8159,1,1,0.9998316764831543
8160,5,5,0.9976632595062256
8161,2,2,1.0
8162,3,3,1.0
8163,0,0,0.9999996423721313
8164,1,1,0.9999874830245972
8165,2,2,0.9998573064804077
8166,1,1,0.9998041987419128
8167,3,3,1.0
8168,2,2,0.9999814033508301
8169,6,6,1.0
8170,5,5,0.9999926090240479
8171,3,3,0.9980394244194031
8172,0,0,1.0
8173,7,7,0.9999853372573853
8174,2,2,0.9999933242797852
8175,7,7,0.9999722242355347
8176,4,4,0.9999982118606567
8177,6,6,1.0
8178,4,4,0.9999998807907104
8179,0,0,0.9999998807907104
8180,5,5,0.9999896287918091
8181,9,9,0.9995564818382263
8182,9,9,0.9994151592254639
8183,8,8,0.9637404680252075
8184,9,9,0.9999798536300659
8185,5,5,0.9999915361404419
8186,3,3,1.0
8187,1,1,0.9999308586120605
8188,7,7,0.9999879598617554
8189,4,4,1.0
8190,7,7,0.9999997615814209
8191,6,6,0.9999998807907104
8192,5,5,0.9999932050704956
8193,4,4,0.9999927282333374
8194,0,0,0.9999959468841553
8195,0,0,1.0
8196,6,6,0.9999998807907104
8197,6,6,0.9999991655349731
8198,2,2,0.9999673366546631
8199,0,0,0.9999998807907104
8200,6,6,0.9999986886978149
8201,3,3,0.9999994039535522
8202,7,7,0.9999538660049438
8203,7,7,0.9999567270278931
8204,4,4,1.0
8205,4,4,1.0
8206,3,3,1.0
8207,9,9,0.9999973773956299
8208,2,2,0.9999939203262329
8209,8,8,0.9999531507492065
8210,9,9,0.9999982118606567
8211,6,6,1.0
8212,0,0,1.0
8213,9,9,0.9999173879623413
8214,5,5,1.0
8215,3,3,1.0
8216,8,8,0.9999889135360718
8217,8,8,0.9999932050704956
8218,7,7,0.9999850988388062
8219,1,1,0.999969482421875
8220,4,4,0.9999990463256836
8221,0,0,1.0
8222,4,4,1.0
8223,8,8,0.9999990463256836
8224,5,5,1.0
8225,2,2,0.9999974966049194
8226,3,3,0.9999995231628418
8227,9,9,0.9999920129776001
8228,0,0,0.9999947547912598
8229,1,1,0.9999595880508423
8230,9,9,0.9999909400939941
8231,1,1,0.9999409914016724
8232,5,5,0.9999978542327881
8233,1,1,0.9999949932098389
8234,7,7,0.9998345375061035
8235,4,4,0.9999982118606567
8236,8,8,0.9999736547470093
8237,6,6,0.9999986886978149
8238,2,2,1.0
8239,1,1,0.9998570680618286
8240,6,6,0.9999986886978149
8241,8,8,0.9999980926513672
8242,8,8,0.9999978542327881
8243,0,0,0.9999889135360718
8244,1,1,0.9976872205734253
8245,2,2,0.9999204874038696
8246,3,3,0.9950771927833557
8247,4,4,0.9999996423721313
8248,7,7,0.9999924898147583
8249,8,8,1.0
8250,9,9,0.9999974966049194
8251,0,0,1.0
8252,1,1,0.9995536208152771
8253,2,2,0.9999568462371826
8254,3,3,0.9999958276748657
8255,4,4,0.9999392032623291
8256,6,6,0.999994158744812
8257,7,7,0.9999052286148071
8258,8,8,0.9999812841415405
8259,9,9,0.9791104197502136
8260,0,0,0.9999991655349731
8261,1,1,0.9999035596847534
8262,2,2,0.999997615814209
8263,3,3,0.9999978542327881
8264,4,4,0.9999998807907104
8265,7,7,0.9999935626983643
8266,8,8,1.0
8267,9,9,0.9989973902702332
8268,1,1,0.9999821186065674
8269,4,4,0.9999954700469971
8270,5,5,0.999998927116394
8271,3,3,0.9999997615814209
8272,3,3,0.9999997615814209
8273,0,0,0.9169580936431885
8274,9,9,0.9999997615814209
8275,5,5,0.9999829530715942
8276,4,4,1.0
8277,3,3,0.9997257590293884
8278,0,0,0.9970982074737549
8279,8,8,0.9956508278846741
8280,4,4,0.9999996423721313
8281,6,6,0.9999650716781616
8282,7,7,0.9998668432235718
8283,0,0,0.9999988079071045
8284,7,7,0.9999735355377197
8285,7,7,0.9999958276748657
8286,1,1,0.9995447993278503
8287,6,6,0.999953031539917
8288,9,9,0.9999101161956787
8289,1,1,0.9998990297317505
8290,3,3,0.9987931251525879
8291,6,6,0.9999991655349731
8292,2,2,0.9999982118606567
8293,3,3,0.9999963045120239
8294,8,8,0.9999992847442627
8295,2,2,0.9999967813491821
8296,3,3,0.9996273517608643
8297,8,8,0.9999995231628418
8298,9,9,0.9999698400497437
8299,5,5,0.9998818635940552
8300,8,8,0.9999998807907104
8301,8,8,1.0
8302,7,7,0.9999998807907104
8303,1,1,0.9999836683273315
8304,7,7,0.9999949932098389
8305,1,1,0.9999964237213135
8306,1,1,0.9999274015426636
8307,0,0,0.9999995231628418
8308,3,3,0.9999971389770508
8309,4,4,0.9999977350234985
8310,2,2,0.9999978542327881
8311,6,6,0.9971390962600708
8312,4,4,0.9999998807907104
8313,7,7,0.9999784231185913
8314,4,4,0.9999992847442627
8315,2,2,0.999972939491272
8316,7,7,0.9698571562767029
8317,4,4,0.9999467134475708
8318,2,2,0.9999750852584839
8319,9,9,0.9999641180038452
8320,2,2,0.9996263980865479
8321,7,7,0.9995684027671814
8322,9,9,0.999997615814209
8323,2,2,0.9998677968978882
8324,1,1,0.9999654293060303
8325,0,0,0.9919919371604919
8326,6,6,0.9985325336456299
8327,5,5,0.9997877478599548
8328,3,3,1.0
8329,4,4,0.9999927282333374
8330,8,8,0.9999988079071045
8331,5,5,1.0
8332,9,9,0.9987695813179016
8333,6,6,0.9999998807907104
8334,9,9,0.9999375343322754
8335,0,0,1.0
8336,6,6,1.0
8337,3,3,1.0
8338,0,0,1.0
8339,8,8,0.9833106994628906
8340,1,1,0.9999544620513916
8341,6,6,1.0
8342,0,0,0.9999994039535522
8343,0,0,0.9999992847442627
8344,1,1,0.9998672008514404
8345,2,2,1.0
8346,3,3,0.9999995231628418
8347,4,4,0.9999951124191284
8348,5,5,1.0
8349,6,6,0.9999984502792358
8350,7,7,0.9999996423721313
8351,0,0,0.9999961853027344
8352,1,1,0.999103307723999
8353,2,2,0.999962568283081
8354,3,3,0.9999934434890747
8355,4,4,0.9999990463256836
8356,7,7,1.0
8357,8,8,0.9999970197677612
8358,9,9,0.999182403087616
8359,0,0,0.9999997615814209
8360,1,1,0.999862790107727
8361,2,2,0.9999996423721313
8362,3,3,0.9999480247497559
8363,4,4,0.9999978542327881
8364,7,7,0.9999943971633911
8365,2,2,1.0
8366,5,5,0.9999994039535522
8367,1,1,0.9999121427536011
8368,6,6,0.9999984502792358
8369,4,4,0.9999954700469971
8370,3,3,0.999998927116394
8371,9,9,0.9999969005584717
8372,9,9,0.9999443292617798
8373,0,0,0.9999995231628418
8374,9,9,0.9990018010139465
8375,7,7,0.9977922439575195
8376,1,1,0.9597771763801575
8377,6,6,0.9999984502792358
8378,4,4,0.9998646974563599
8379,3,3,0.9999986886978149
8380,6,6,1.0
8381,2,2,0.9999854564666748
8382,0,0,0.9994028806686401
8383,9,9,0.9998757839202881
8384,8,8,1.0
8385,6,6,0.9999994039535522
8386,5,5,1.0
8387,7,7,0.9999607801437378
8388,0,0,0.9999978542327881
8389,0,0,0.9999973773956299
8390,1,1,0.9991739392280579
8391,7,7,0.9999903440475464
8392,4,4,0.9999986886978149
8393,3,3,0.9999997615814209
8394,2,2,1.0
8395,4,4,0.9999995231628418
8396,1,1,0.9998356103897095
8397,3,3,0.9675858020782471
8398,7,7,0.9999474287033081
8399,6,6,1.0
8400,4,4,0.9999983310699463
8401,7,7,0.9999992847442627
8402,7,7,0.9999977350234985
8403,7,7,0.9999997615814209
8404,9,9,0.9999988079071045
8405,8,8,0.9999998807907104
8406,4,4,0.9239799380302429
8407,3,3,1.0
8408,8,5,0.9246445298194885
8409,2,2,0.9999984502792358
8410,8,8,0.999553382396698
8411,3,3,0.9999982118606567
8412,5,5,0.9999955892562866
8413,8,8,0.9999988079071045
8414,0,0,0.9999998807907104
8415,5,5,0.9999964237213135
8416,4,4,0.9998890161514282
8417,7,7,1.0
8418,1,1,0.9999783039093018
8419,3,3,0.9999996423721313
8420,1,1,0.999969482421875
8421,7,7,0.9999997615814209
8422,9,9,0.9998243451118469
8423,6,6,1.0
8424,2,2,1.0
8425,0,0,0.9999973773956299
8426,9,9,0.9999940395355225
8427,1,1,0.9999328851699829
8428,7,7,1.0
8429,3,3,0.999971866607666
8430,3,3,0.9999963045120239
8431,9,9,0.999968409538269
8432,1,1,0.999992847442627
8433,6,6,1.0
8434,4,4,1.0
8435,3,3,0.9999994039535522
8436,9,9,0.9999943971633911
8437,8,8,1.0
8438,2,2,1.0
8439,1,1,0.9999715089797974
8440,8,8,1.0
8441,6,6,0.9999996423721313
8442,4,4,0.9998317956924438
8443,1,1,0.999931812286377
8444,5,5,0.9999978542327881
8445,5,5,1.0
8446,6,6,1.0
8447,5,5,1.0
8448,0,0,0.9999991655349731
8449,1,1,0.9999988079071045
8450,2,2,1.0
8451,3,3,1.0
8452,4,4,0.9999997615814209
8453,5,5,0.9998231530189514
8454,6,6,1.0
8455,7,7,1.0
8456,8,8,0.9999955892562866
8457,9,9,0.9999997615814209
8458,0,0,1.0
8459,1,1,0.9984346032142639
8460,2,2,1.0
8461,3,3,1.0
8462,4,4,1.0
8463,5,5,0.9999876022338867
8464,6,6,1.0
8465,7,7,0.999862551689148
8466,8,8,1.0
8467,9,9,0.9999996423721313
8468,0,0,0.9999998807907104
8469,1,1,0.9990363121032715
8470,2,2,1.0
8471,3,3,1.0
8472,4,4,0.9999299049377441
8473,5,5,0.9999991655349731
8474,6,6,1.0
8475,7,7,0.9999972581863403
8476,8,8,0.9995939135551453
8477,9,9,0.9999990463256836
8478,6,6,1.0
8479,9,9,0.9999189376831055
8480,7,7,1.0
8481,0,0,1.0
8482,2,2,1.0
8483,3,3,1.0
8484,4,4,1.0
8485,3,3,0.9999974966049194
8486,8,8,0.9999605417251587
8487,5,5,0.9999991655349731
8488,1,1,0.9988698363304138
8489,3,3,0.9999998807907104
8490,0,0,0.9999998807907104
8491,1,1,0.9959931373596191
8492,2,2,0.9999563694000244
8493,1,1,0.9878867864608765
8494,3,3,1.0
8495,2,2,0.9999856948852539
8496,0,0,0.9999996423721313
8497,7,7,0.9969310164451599
8498,2,2,0.9996435642242432
8499,6,6,1.0
8500,4,4,1.0
8501,0,0,0.9999994039535522
8502,5,5,0.9957211017608643
8503,9,9,0.9996310472488403
8504,9,9,0.9638463258743286
8505,8,8,0.9999946355819702
8506,9,9,0.9999908208847046
8507,5,5,0.9999966621398926
8508,3,3,0.9299582242965698
8509,1,1,0.9792781472206116
8510,7,7,0.9977378845214844
8511,4,4,0.9998815059661865
8512,7,7,0.999980092048645
8513,0,0,0.9999995231628418
8514,0,0,1.0
8515,6,6,0.9999626874923706
8516,6,6,1.0
8517,6,6,1.0
8518,3,3,1.0
8519,7,7,0.956976592540741
8520,4,9,0.5992113351821899
8521,2,2,0.9999301433563232
8522,8,8,0.9924806356430054
8523,9,9,0.9912959337234497
8524,8,8,0.9998873472213745
8525,7,7,0.9997736811637878
8526,1,1,0.9999496936798096
8527,4,4,0.9537069797515869
8528,0,0,1.0
8529,4,4,0.9999994039535522
8530,8,8,0.9999885559082031
8531,5,5,0.9999696016311646
8532,2,2,0.9999996423721313
8533,3,3,1.0
8534,9,9,0.9999728202819824
8535,0,0,1.0
8536,1,1,0.9999921321868896
8537,9,9,0.9999799728393555
8538,1,1,0.9999697208404541
8539,5,5,0.9999896287918091
8540,1,1,0.9999892711639404
8541,7,7,0.9994656443595886
8542,6,6,0.9997598528862
8543,1,1,0.9999948740005493
8544,2,2,0.9999998807907104
8545,1,1,0.9999921321868896
8546,6,6,0.999879002571106
8547,8,8,0.9999998807907104
8548,0,0,0.9999992847442627
8549,1,1,0.9999707937240601
8550,2,2,0.9999984502792358
8551,3,3,1.0
8552,4,4,1.0
8553,5,5,0.9995560050010681
8554,6,6,1.0
8555,7,7,1.0
8556,8,8,1.0
8557,9,9,0.9999992847442627
8558,0,0,0.9996966123580933
8559,1,1,0.9999779462814331
8560,2,2,1.0
8561,3,3,0.9999998807907104
8562,4,4,1.0
8563,5,5,1.0
8564,6,6,0.9999920129776001
8565,7,7,0.9999587535858154
8566,8,8,1.0
8567,0,0,0.9999998807907104
8568,1,1,0.9999988079071045
8569,2,2,1.0
8570,3,3,1.0
8571,5,5,0.9999992847442627
8572,6,6,1.0
8573,7,7,1.0
8574,8,8,0.9999998807907104
8575,1,1,0.9999624490737915
8576,0,0,1.0
8577,4,4,0.9999997615814209
8578,5,5,0.9999992847442627
8579,6,6,0.9999994039535522
8580,6,6,0.9999947547912598
8581,3,3,0.9999998807907104
8582,4,4,1.0
8583,4,4,0.9999997615814209
8584,2,2,0.9996774196624756
8585,8,8,0.9999998807907104
8586,1,1,0.9999948740005493
8587,0,0,1.0
8588,6,6,0.9999998807907104
8589,4,4,1.0
8590,9,9,0.9999860525131226
8591,7,7,0.9999988079071045
8592,2,2,1.0
8593,9,9,0.9999376535415649
8594,2,2,0.9999992847442627
8595,0,0,0.9999998807907104
8596,9,9,0.9999669790267944
8597,3,3,0.9999980926513672
8598,3,3,0.9999822378158569
8599,9,9,0.9999995231628418
8600,1,1,0.9999618530273438
8601,5,5,1.0
8602,2,2,1.0
8603,3,3,1.0
8604,1,1,0.9999808073043823
8605,6,6,0.9999998807907104
8606,7,7,0.9999957084655762
8607,3,3,0.9991232752799988
8608,7,7,0.9999974966049194
8609,8,8,0.9999998807907104
8610,4,4,0.9999994039535522
8611,0,0,0.9999998807907104
8612,2,2,1.0
8613,4,4,0.9999995231628418
8614,0,0,0.9999998807907104
8615,2,2,0.9999964237213135
8616,4,4,0.9999966621398926
8617,7,7,0.9999977350234985
8618,8,8,1.0
8619,0,0,1.0
8620,7,7,0.999998927116394
8621,0,0,1.0
8622,6,6,0.9999949932098389
8623,9,9,0.9998797178268433
8624,3,3,0.9999731779098511
8625,2,2,1.0
8626,4,4,1.0
8627,8,8,1.0
8628,6,6,0.9999969005584717
8629,0,0,0.9999994039535522
8630,5,5,0.9999988079071045
8631,7,7,0.9999969005584717
8632,5,5,0.9999970197677612
8633,1,1,0.9995900988578796
8634,0,0,0.9999998807907104
8635,8,8,0.9999995231628418
8636,1,1,0.9999483823776245
8637,6,6,1.0
8638,7,7,0.999998927116394
8639,2,2,1.0
8640,9,9,0.9999778270721436
8641,7,7,0.9999998807907104
8642,9,9,0.9999995231628418
8643,5,5,1.0
8644,6,6,0.9999998807907104
8645,5,5,0.9999998807907104
8646,2,2,1.0
8647,6,6,0.9999990463256836
8648,2,2,1.0
8649,8,8,1.0
8650,1,1,0.9999103546142578
8651,7,7,0.9999998807907104
8652,5,5,0.9999994039535522
8653,5,5,0.9756855964660645
8654,7,7,0.9999806880950928
8655,3,3,0.9999982118606567
8656,5,5,0.9995299577713013
8657,0,0,1.0
8658,1,1,0.9999898672103882
8659,1,1,0.9999988079071045
8660,3,3,1.0
8661,8,8,1.0
8662,4,4,1.0
8663,9,9,0.9999960660934448
8664,4,4,0.9999996423721313
8665,5,5,0.9999992847442627
8666,1,1,0.9999730587005615
8667,8,8,1.0
8668,6,6,1.0
8669,8,8,1.0
8670,9,9,0.9999960660934448
8671,0,0,0.9999998807907104
8672,1,1,0.9999815225601196
8673,2,2,1.0
8674,3,3,0.9999978542327881
8675,4,4,1.0
8676,5,5,0.9999998807907104
8677,6,6,1.0
8678,7,7,0.9999910593032837
8679,8,8,0.9999986886978149
8680,9,9,0.9999982118606567
8681,0,0,0.9999959468841553
8682,1,1,0.9999679327011108
8683,2,2,1.0
8684,3,3,0.9999997615814209
8685,4,4,1.0
8686,5,5,0.9998757839202881
8687,6,6,1.0
8688,7,7,0.9999899864196777
8689,8,8,1.0
8690,9,9,0.9999910593032837
8691,0,0,0.9999996423721313
8692,1,1,0.9999873638153076
8693,2,2,1.0
8694,3,3,1.0
8695,4,4,1.0
8696,5,5,1.0
8697,6,6,1.0
8698,7,7,0.9999992847442627
8699,8,8,0.9999994039535522
8700,9,9,0.9999701976776123
8701,3,3,1.0
8702,5,5,0.9999972581863403
8703,3,3,0.9999980926513672
8704,2,2,1.0
8705,9,9,0.9999916553497314
8706,3,3,0.9999998807907104
8707,2,2,1.0
8708,1,1,0.9999778270721436
8709,4,4,1.0
8710,5,5,0.9999997615814209
8711,5,5,0.9999954700469971
8712,2,2,1.0
8713,3,3,0.9999998807907104
8714,2,2,0.9999988079071045
8715,1,1,0.9999443292617798
8716,3,3,0.9999997615814209
8717,9,9,0.9999908208847046
8718,7,7,0.9996980428695679
8719,2,2,1.0
8720,1,1,0.9999891519546509
8721,2,2,0.9999996423721313
8722,8,8,0.9999963045120239
8723,9,9,0.9989309906959534
8724,1,1,0.9999831914901733
8725,8,8,1.0
8726,8,8,1.0
8727,7,7,0.9999897480010986
8728,8,8,1.0
8729,1,1,0.9999418258666992
8730,0,0,0.9999998807907104
8731,0,0,1.0
8732,6,6,1.0
8733,7,7,0.9999921321868896
8734,7,7,1.0
8735,8,8,0.9999874830245972
8736,7,7,0.9998062252998352
8737,5,5,0.9999983310699463
8738,0,0,0.9998624324798584
8739,6,6,1.0
8740,1,1,0.9999867677688599
8741,5,5,0.9999986886978149
8742,7,7,0.9754369854927063
8743,4,4,1.0
8744,6,6,0.9999994039535522
8745,1,1,0.9999582767486572
8746,2,2,1.0
8747,5,5,1.0
8748,0,0,0.9999998807907104
8749,7,7,0.9999986886978149
8750,9,9,0.9999974966049194
8751,9,9,0.9999938011169434
8752,0,0,0.9999994039535522
8753,3,3,0.9999997615814209
8754,4,4,1.0
8755,4,4,1.0
8756,8,8,0.9999773502349854
8757,4,4,1.0
8758,1,1,0.9999674558639526
8759,8,8,0.9999737739562988
8760,6,6,1.0
8761,5,5,0.9999995231628418
8762,9,9,0.999984860420227
8763,0,0,0.9999973773956299
8764,0,0,0.9999960660934448
8765,0,0,0.999984622001648
8766,3,3,1.0
8767,7,7,0.9999996423721313
8768,1,1,0.9999830722808838
8769,6,6,0.9999996423721313
8770,4,4,1.0
8771,6,6,1.0
8772,0,0,1.0
8773,4,4,0.9999997615814209
8774,5,5,1.0
8775,4,4,0.9999983310699463
8776,1,1,0.9999713897705078
8777,3,3,1.0
8778,8,8,1.0
8779,6,6,1.0
8780,3,3,1.0
8781,9,9,0.9925915002822876
8782,9,9,0.99936443567276
8783,5,5,1.0
8784,9,9,0.9999984502792358
8785,3,3,0.9999996423721313
8786,7,7,1.0
8787,8,8,0.9999994039535522
8788,5,5,0.9985417127609253
8789,6,6,1.0
8790,4,4,1.0
8791,7,7,0.9999934434890747
8792,6,6,0.9999998807907104
8793,2,2,1.0
8794,2,2,1.0
8795,0,0,0.9999967813491821
8796,9,9,0.9999971389770508
8797,4,4,0.9999998807907104
8798,0,0,1.0
8799,1,1,0.9999473094940186
8800,2,2,1.0
8801,3,3,1.0
8802,4,4,1.0
8803,5,5,1.0
8804,6,6,0.999997615814209
8805,7,7,0.9999986886978149
8806,8,8,0.9999997615814209
8807,9,9,0.9999793767929077
8808,0,0,0.9999998807907104
8809,1,1,0.9999672174453735
8810,2,2,0.9999998807907104
8811,3,3,1.0
8812,4,4,0.999994158744812
8813,5,5,1.0
8814,6,6,0.9999998807907104
8815,7,7,0.9999998807907104
8816,8,8,0.999961256980896
8817,9,9,0.9999996423721313
8818,0,0,1.0
8819,1,1,0.9997075200080872
8820,2,2,1.0
8821,3,3,0.9999998807907104
8822,4,4,1.0
8823,5,5,0.9999998807907104
8824,6,6,1.0
8825,7,7,0.9999803304672241
8826,8,8,0.9999450445175171
8827,9,9,0.9999839067459106
8828,6,6,1.0
8829,4,4,0.9999997615814209
8830,2,2,1.0
8831,6,6,1.0
8832,4,4,1.0
8833,7,7,0.9999971389770508
8834,5,5,1.0
8835,5,5,1.0
8836,4,4,1.0
8837,7,7,0.9999978542327881
8838,2,2,1.0
8839,9,9,0.9999954700469971
8840,3,3,1.0
8841,9,9,1.0
8842,3,3,0.9999997615814209
8843,8,8,0.999998927116394
8844,2,2,1.0
8845,0,0,0.9999998807907104
8846,9,9,0.9997842907905579
8847,5,5,0.9999480247497559
8848,6,6,0.9999997615814209
8849,0,0,1.0
8850,1,1,0.9999850988388062
8851,0,0,0.9999997615814209
8852,6,6,1.0
8853,5,5,0.9999978542327881
8854,3,3,1.0
8855,5,5,1.0
8856,3,3,1.0
8857,8,8,0.9999997615814209
8858,0,0,0.9999998807907104
8859,0,0,1.0
8860,3,3,1.0
8861,4,4,1.0
8862,1,1,0.9999878406524658
8863,5,5,0.9999415874481201
8864,3,3,1.0
8865,0,0,0.9999998807907104
8866,8,8,0.9999974966049194
8867,3,3,1.0
8868,0,0,1.0
8869,6,6,0.999993085861206
8870,2,2,1.0
8871,7,7,0.9999996423721313
8872,8,8,1.0
8873,1,1,0.9999353885650635
8874,7,7,0.9999861717224121
8875,1,1,0.9999842643737793
8876,3,3,0.9999998807907104
8877,8,8,1.0
8878,5,5,1.0
8879,4,4,1.0
8880,2,2,1.0
8881,0,0,0.9999979734420776
8882,9,9,0.9977613687515259
8883,7,7,1.0
8884,6,6,1.0
8885,7,7,0.9999946355819702
8886,4,4,1.0
8887,1,1,0.9997263550758362
8888,6,6,1.0
8889,2,2,0.9999713897705078
8890,6,6,0.9999998807907104
8891,7,7,0.9999998807907104
8892,1,1,0.9998799562454224
8893,9,9,0.9999990463256836
8894,8,8,1.0
8895,0,0,0.9999998807907104
8896,6,6,0.9999990463256836
8897,9,9,0.9990496039390564
8898,4,4,1.0
8899,9,9,0.9999997615814209
8900,9,9,0.9999960660934448
8901,6,6,0.9999994039535522
8902,2,2,1.0
8903,3,3,1.0
8904,7,7,0.9999991655349731
8905,1,1,0.9998821020126343
8906,9,9,0.9978339076042175
8907,2,2,1.0
8908,2,2,0.9999982118606567
8909,5,5,1.0
8910,3,3,1.0
8911,7,7,0.9999946355819702
8912,8,8,0.999996542930603
8913,0,0,0.9998910427093506
8914,1,1,0.9999775886535645
8915,2,2,1.0
8916,3,3,1.0
8917,4,4,0.9999996423721313
8918,7,7,0.9999881982803345
8919,8,8,1.0
8920,9,9,0.9999994039535522
8921,0,0,0.9999966621398926
8922,1,1,0.9999958276748657
8923,2,2,1.0
8924,3,3,1.0
8925,4,4,1.0
8926,7,7,1.0
8927,8,8,0.9999998807907104
8928,9,9,0.9999759197235107
8929,0,0,1.0
8930,1,1,0.9999725818634033
8931,7,7,0.9999988079071045
8932,8,8,1.0
8933,9,9,0.9999992847442627
8934,8,8,0.9999998807907104
8935,9,9,0.9999998807907104
8936,2,2,1.0
8937,6,6,1.0
8938,1,1,0.999929666519165
8939,3,3,1.0
8940,5,5,1.0
8941,4,4,0.9999998807907104
8942,8,8,0.9999785423278809
8943,2,2,0.9999994039535522
8944,6,6,0.9999858140945435
8945,4,4,1.0
8946,3,3,0.9999990463256836
8947,4,4,0.9999998807907104
8948,5,5,0.9999973773956299
8949,9,9,0.9999997615814209
8950,2,2,0.9999994039535522
8951,0,0,0.999997615814209
8952,3,3,0.9998924732208252
8953,9,9,0.9999985694885254
8954,4,4,0.9999969005584717
8955,9,9,0.9998999834060669
8956,7,7,0.9999892711639404
8957,3,3,0.9999879598617554
8958,8,8,0.9999997615814209
8959,7,7,1.0
8960,4,4,1.0
8961,4,4,0.9999995231628418
8962,9,9,0.9999858140945435
8963,8,8,0.9999740123748779
8964,5,5,0.9999990463256836
8965,8,8,1.0
8966,2,2,1.0
8967,6,6,0.9999840259552002
8968,6,6,1.0
8969,2,2,1.0
8970,3,3,1.0
8971,1,1,0.9999905824661255
8972,3,3,1.0
8973,2,2,1.0
8974,7,7,0.9999951124191284
8975,3,3,0.9999932050704956
8976,1,1,0.9999927282333374
8977,9,9,0.9999995231628418
8978,0,0,1.0
8979,1,1,0.9999849796295166
8980,1,1,0.9997482895851135
8981,3,3,0.9999998807907104
8982,5,5,0.9999964237213135
8983,0,0,0.9999957084655762
8984,7,7,0.9999972581863403
8985,8,8,1.0
8986,1,1,0.9998088479042053
8987,5,5,1.0
8988,1,1,0.9999924898147583
8989,4,4,1.0
8990,6,6,1.0
8991,0,0,1.0
8992,0,0,1.0
8993,4,4,0.9999988079071045
8994,9,9,0.9999988079071045
8995,1,1,0.9999074935913086
8996,6,6,1.0
8997,6,6,1.0
8998,9,9,0.9999349117279053
8999,0,0,0.9999992847442627
9000,7,7,1.0
9001,6,6,0.9999994039535522
9002,1,1,0.9999878406524658
9003,1,1,0.9999854564666748
9004,0,0,0.999998927116394
9005,1,1,0.9998868703842163
9006,2,2,0.999993085861206
9007,3,3,1.0
9008,4,4,0.9999998807907104
9009,7,2,0.8322110772132874
9010,2,2,0.9932123422622681
9011,3,3,1.0
9012,4,4,0.9996451139450073
9013,5,5,0.9999910593032837
9014,6,6,0.9999969005584717
9015,7,2,0.9324180483818054
9016,0,0,0.9633297324180603
9017,1,1,0.9997860789299011
9018,2,2,0.9999957084655762
9019,7,7,0.8599468469619751
9020,8,8,0.99998939037323
9021,6,6,1.0
9022,3,3,0.999998927116394
9023,9,9,0.9999990463256836
9024,7,7,0.950697124004364
9025,1,1,0.992139995098114
9026,9,9,0.9999474287033081
9027,3,3,0.9999998807907104
9028,9,9,0.9860535264015198
9029,6,6,0.9999990463256836
9030,1,1,0.9997876286506653
9031,7,7,0.9999990463256836
9032,2,2,0.9999136924743652
9033,4,4,0.9999936819076538
9034,4,4,0.9999997615814209
9035,5,5,0.9999979734420776
9036,7,7,0.9920822381973267
9037,0,0,1.0
9038,0,0,0.9996024966239929
9039,1,1,0.9999537467956543
9040,6,6,0.9999939203262329
9041,6,6,0.9999986886978149
9042,8,8,1.0
9043,2,2,0.9999539852142334
9044,7,7,0.987758219242096
9045,7,7,0.999954104423523
9046,2,2,0.9849820137023926
9047,4,4,0.9999992847442627
9048,2,2,1.0
9049,1,1,0.999936580657959
9050,6,6,0.9999948740005493
9051,1,1,0.9864250421524048
9052,0,0,0.9999998807907104
9053,6,6,0.9999998807907104
9054,9,9,0.96722811460495
9055,8,8,1.0
9056,3,3,1.0
9057,9,9,0.9945111274719238
9058,6,6,0.9999988079071045
9059,3,3,0.9999998807907104
9060,0,0,1.0
9061,1,1,0.9993757605552673
9062,2,2,0.9999995231628418
9063,3,3,0.999998927116394
9064,4,4,1.0
9065,5,5,1.0
9066,6,6,1.0
9067,7,7,0.9999998807907104
9068,8,8,0.9999990463256836
9069,9,9,0.9988514184951782
9070,0,0,1.0
9071,1,1,0.9414840936660767
9072,2,2,0.999997615814209
9073,3,3,1.0
9074,4,4,1.0
9075,5,5,1.0
9076,6,6,1.0
9077,7,7,1.0
9078,8,8,0.9999990463256836
9079,9,9,0.9999709129333496
9080,0,0,1.0
9081,1,1,0.9996179342269897
9082,2,2,0.9999902248382568
9083,3,3,1.0
9084,4,4,0.9999996423721313
9085,5,5,0.9999971389770508
9086,6,6,1.0
9087,7,7,1.0
9088,8,8,0.9999918937683105
9089,9,9,0.999977707862854
9090,1,1,0.9999040365219116
9091,6,6,1.0
9092,8,8,1.0
9093,9,9,0.999962568283081
9094,9,9,0.99998939037323
9095,0,0,1.0
9096,1,1,0.9999754428863525
9097,2,2,1.0
9098,4,4,1.0
9099,4,4,1.0
9100,3,3,1.0
9101,7,7,1.0
9102,4,4,1.0
9103,4,4,0.9999942779541016
9104,4,4,0.999998927116394
9105,0,0,0.9999986886978149
9106,3,3,1.0
9107,8,8,1.0
9108,7,7,1.0
9109,5,5,1.0
9110,8,8,0.999747097492218
9111,2,2,1.0
9112,1,1,0.9999227523803711
9113,7,7,0.9999998807907104
9114,5,5,1.0
9115,3,3,1.0
9116,8,8,0.9999991655349731
9117,5,5,0.9999992847442627
9118,2,2,1.0
9119,5,5,1.0
9120,1,1,0.9999808073043823
9121,1,1,0.999957799911499
9122,6,6,1.0
9123,2,2,0.9999997615814209
9124,1,1,0.999988317489624
9125,3,3,1.0
9126,8,8,0.9999998807907104
9127,6,6,0.9999984502792358
9128,4,4,0.9999666213989258
9129,2,2,1.0
9130,6,6,1.0
9131,2,2,1.0
9132,5,5,0.9999996423721313
9133,5,5,0.9999998807907104
9134,0,0,0.999998927116394
9135,2,2,1.0
9136,8,8,0.9999984502792358
9137,0,0,0.9999996423721313
9138,6,6,1.0
9139,8,8,0.9999997615814209
9140,1,1,0.9999958276748657
9141,7,7,0.9999990463256836
9142,9,9,0.9999872446060181
9143,1,1,0.9999758005142212
9144,9,9,0.9999860525131226
9145,2,2,0.9999996423721313
9146,6,6,1.0
9147,7,7,1.0
9148,6,6,0.9999980926513672
9149,6,6,0.999996542930603
9150,8,8,0.9999982118606567
9151,7,7,0.9999985694885254
9152,4,4,1.0
9153,9,9,0.9998551607131958
9154,2,2,1.0
9155,1,1,0.9999573230743408
9156,3,3,1.0
9157,3,3,1.0
9158,0,0,0.9989251494407654
9159,5,5,1.0
9160,5,5,1.0
9161,8,8,1.0
9162,0,0,0.9999994039535522
9163,3,3,0.9995658993721008
9164,7,7,1.0
9165,9,9,0.9999525547027588
9166,7,7,1.0
9167,0,0,1.0
9168,2,2,0.999915599822998
9169,7,7,0.9999984502792358
9170,9,9,0.9980593323707581
9171,1,1,0.999997615814209
9172,7,7,0.9999756813049316
9173,8,8,0.9999992847442627
9174,0,0,0.9999998807907104
9175,3,3,1.0
9176,5,5,1.0
9177,3,3,1.0
9178,6,6,1.0
9179,0,0,1.0
9180,1,1,0.9999849796295166
9181,2,2,0.9999998807907104
9182,3,3,1.0
9183,4,4,0.999862551689148
9184,5,5,1.0
9185,6,6,0.9999998807907104
9186,7,7,0.9999991655349731
9187,8,8,0.9999723434448242
9188,9,9,0.9998136162757874
9189,0,0,1.0
9190,1,1,0.9999957084655762
9191,2,2,0.9999408721923828
9192,3,3,0.9999995231628418
9193,4,4,1.0
9194,5,5,0.9999991655349731
9195,6,6,0.9999996423721313
9196,7,7,1.0
9197,8,8,0.9999984502792358
9198,9,9,0.9999874830245972
9199,0,0,0.9999998807907104
9200,1,1,0.9999955892562866
9201,2,2,0.9999998807907104
9202,3,3,0.9999855756759644
9203,4,4,0.9999979734420776
9204,7,7,0.9999998807907104
9205,8,8,0.9999518394470215
9206,9,9,0.9999991655349731
9207,6,6,1.0
9208,4,4,0.9972700476646423
9209,2,2,0.999998927116394
9210,6,6,0.9999871253967285
9211,4,4,0.994428277015686
9212,7,7,0.9999998807907104
9213,8,8,0.9999990463256836
9214,9,9,0.999160647392273
9215,2,2,1.0
9216,9,9,0.9996565580368042
9217,3,3,0.9999980926513672
9218,9,9,0.9999581575393677
9219,3,3,1.0
9220,0,0,1.0
9221,0,0,0.9999881982803345
9222,1,1,0.9999291896820068
9223,0,0,1.0
9224,4,4,0.9999995231628418
9225,2,2,0.9998642206192017
9226,6,6,1.0
9227,3,3,0.999993085861206
9228,5,5,1.0
9229,3,3,1.0
9230,0,0,1.0
9231,3,3,0.9999997615814209
9232,4,4,1.0
9233,1,1,0.9999836683273315
9234,5,5,1.0
9235,3,3,1.0
9236,0,0,0.9999998807907104
9237,8,8,0.999987006187439
9238,3,3,0.9999992847442627
9239,0,0,1.0
9240,6,6,0.9999998807907104
9241,1,1,0.9999885559082031
9242,7,7,1.0
9243,8,8,0.9999874830245972
9244,0,0,1.0
9245,9,9,0.9999825954437256
9246,2,2,1.0
9247,6,6,1.0
9248,7,7,0.999998927116394
9249,1,1,0.9999904632568359
9250,9,9,0.9999958276748657
9251,6,6,0.9999990463256836
9252,9,9,0.9984760880470276
9253,4,4,0.9817653894424438
9254,9,9,0.9999744892120361
9255,9,9,0.9999579191207886
9256,6,6,0.999998927116394
9257,7,7,0.9999996423721313
9258,1,1,0.9999980926513672
9259,2,2,0.9999984502792358
9260,5,5,0.9999997615814209
9261,3,3,1.0
9262,7,7,1.0
9263,8,8,0.9999991655349731
9264,0,0,1.0
9265,1,1,0.9998170733451843
9266,2,2,1.0
9267,4,4,0.999995231628418
9268,5,5,0.9998487234115601
9269,6,6,1.0
9270,7,7,0.9999998807907104
9271,8,8,0.9999998807907104
9272,9,9,0.9999995231628418
9273,0,0,0.9999992847442627
9274,1,1,0.9999985694885254
9275,3,3,0.9999998807907104
9276,4,4,1.0
9277,5,5,1.0
9278,6,6,0.9999996423721313
9279,7,7,1.0
9280,8,8,0.9994807839393616
9281,0,0,0.9999996423721313
9282,1,1,0.9999805688858032
9283,3,3,1.0
9284,4,4,1.0
9285,7,7,1.0
9286,8,8,1.0
9287,9,9,0.9999914169311523
9288,7,7,1.0
9289,5,5,0.9999996423721313
9290,5,5,0.999991774559021
9291,1,1,0.9999898672103882
9292,9,9,0.9999953508377075
9293,9,9,0.9990208148956299
9294,7,7,1.0
9295,1,1,0.9999488592147827
9296,0,0,0.9999676942825317
9297,0,0,0.9999891519546509
9298,5,5,1.0
9299,9,9,0.9999985694885254
9300,7,7,1.0
9301,1,1,0.9999732971191406
9302,7,7,1.0
9303,2,2,0.9999994039535522
9304,2,2,0.9999997615814209
9305,3,3,0.9999998807907104
9306,6,6,1.0
9307,8,8,1.0
9308,3,3,0.9999468326568604
9309,2,2,0.9999773502349854
9310,0,0,1.0
9311,0,0,0.9999955892562866
9312,6,6,1.0
9313,1,1,0.999966025352478
9314,7,7,1.0
9315,5,5,0.9999722242355347
9316,8,8,0.9989492297172546
9317,6,6,1.0
9318,2,2,0.9999945163726807
9319,9,9,0.9999903440475464
9320,4,4,0.9999985694885254
9321,8,8,0.9999963045120239
9322,8,8,0.9999977350234985
9323,7,7,1.0
9324,1,1,0.9999806880950928
9325,0,0,0.9999998807907104
9326,8,8,0.9999943971633911
9327,7,7,1.0
9328,7,7,1.0
9329,5,5,1.0
9330,8,8,0.9999990463256836
9331,5,5,0.9998626708984375
9332,3,3,0.999995231628418
9333,4,4,1.0
9334,6,6,0.9999998807907104
9335,1,1,0.9999518394470215
9336,1,1,0.9999719858169556
9337,5,5,0.9999997615814209
9338,5,5,1.0
9339,0,0,0.9999994039535522
9340,7,7,0.9999997615814209
9341,2,2,0.9999940395355225
9342,3,3,0.9997528195381165
9343,6,6,1.0
9344,4,4,0.9999998807907104
9345,1,1,0.9999926090240479
9346,2,2,0.9999929666519165
9347,4,4,0.9999951124191284
9348,1,1,0.9999891519546509
9349,5,5,1.0
9350,4,4,0.9999918937683105
9351,2,2,0.9999991655349731
9352,0,0,0.9999998807907104
9353,4,4,0.9999998807907104
9354,8,8,0.9999995231628418
9355,6,6,0.9999994039535522
9356,1,1,0.9996092915534973
9357,9,9,0.9999943971633911
9358,0,0,0.9999977350234985
9359,2,2,1.0
9360,5,5,1.0
9361,6,6,1.0
9362,9,9,0.9999896287918091
9363,3,3,0.9999998807907104
9364,6,6,0.9999998807907104
9365,3,3,1.0
9366,6,6,0.9999992847442627
9367,0,0,1.0
9368,1,1,0.9999634027481079
9369,2,2,1.0
9370,3,3,1.0
9371,4,4,1.0
9372,5,5,0.9999983310699463
9373,6,6,1.0
9374,7,7,1.0
9375,8,8,0.9999998807907104
9376,9,9,0.9999992847442627
9377,0,0,0.9999951124191284
9378,1,1,0.9999620914459229
9379,2,2,1.0
9380,3,3,0.9999997615814209
9381,4,4,1.0
9382,5,5,0.9999226331710815
9383,6,6,1.0
9384,7,7,1.0
9385,8,8,0.999434769153595
9386,9,9,0.9999949932098389
9387,0,0,0.9999727010726929
9388,1,1,0.9999399185180664
9389,2,2,1.0
9390,3,3,0.9999988079071045
9391,5,5,0.9999409914016724
9392,6,6,0.9999997615814209
9393,7,7,1.0
9394,8,8,0.9999978542327881
9395,1,1,0.9997233748435974
9396,0,0,1.0
9397,9,9,0.9999850988388062
9398,5,5,0.9999991655349731
9399,7,7,0.9999985694885254
9400,5,5,0.9999513626098633
9401,1,1,0.9999814033508301
9402,8,8,1.0
9403,6,6,1.0
9404,9,9,0.9999997615814209
9405,0,0,0.9999998807907104
9406,4,4,0.9999997615814209
9407,1,1,0.9999351501464844
9408,9,9,0.9999994039535522
9409,3,3,1.0
9410,8,8,0.9999996423721313
9411,4,4,0.9999972581863403
9412,4,4,0.9999998807907104
9413,7,7,0.9999943971633911
9414,0,0,0.9999998807907104
9415,1,1,0.9999681711196899
9416,9,9,0.9999845027923584
9417,2,2,1.0
9418,8,8,0.9999997615814209
9419,7,7,0.9999998807907104
9420,8,8,0.9999998807907104
9421,2,2,0.9999946355819702
9422,5,5,0.9919278621673584
9423,9,9,0.9990112781524658
9424,6,6,1.0
9425,0,0,0.9997445940971375
9426,6,6,0.9999915361404419
9427,5,5,0.9999715089797974
9428,5,5,1.0
9429,3,3,1.0
9430,3,3,1.0
9431,3,3,1.0
9432,9,9,0.9999969005584717
9433,8,8,0.9999916553497314
9434,1,1,0.9999773502349854
9435,1,1,0.9999637603759766
9436,0,0,0.9999992847442627
9437,6,6,0.9999998807907104
9438,1,1,0.9999861717224121
9439,0,0,0.9999998807907104
9440,0,0,0.9999926090240479
9441,6,6,1.0
9442,2,2,1.0
9443,1,1,0.9999970197677612
9444,1,1,0.9999607801437378
9445,3,3,1.0
9446,2,2,0.9991965889930725
9447,7,7,0.9999967813491821
9448,7,7,0.9999809265136719
9449,8,8,0.9999998807907104
9450,8,8,0.9999727010726929
9451,7,7,0.9999998807907104
9452,8,8,1.0
9453,4,4,0.9999998807907104
9454,6,6,0.9999861717224121
9455,0,0,0.9999988079071045
9456,2,2,0.9998817443847656
9457,0,0,0.9999994039535522
9458,7,7,0.9999997615814209
9459,0,0,0.9999997615814209
9460,3,3,1.0
9461,6,6,1.0
9462,8,8,1.0
9463,7,7,0.9998138546943665
9464,1,1,0.9999345541000366
9465,5,5,0.9999988079071045
9466,9,9,0.9999600648880005
9467,9,9,0.9999852180480957
9468,3,3,1.0
9469,7,7,0.9999657869338989
9470,2,2,1.0
9471,4,4,0.999997615814209
9472,9,9,0.9999951124191284
9473,4,4,0.9999998807907104
9474,3,3,0.9999996423721313
9475,6,6,1.0
9476,2,2,1.0
9477,2,2,0.9999916553497314
9478,5,5,0.997713565826416
9479,3,3,1.0
9480,2,2,1.0
9481,5,5,1.0
9482,5,5,0.9999985694885254
9483,9,9,0.9999942779541016
9484,4,4,0.9999954700469971
9485,1,1,0.9999725818634033
9486,7,7,0.9999997615814209
9487,2,2,1.0
9488,0,0,0.9999830722808838
9489,1,1,0.9999071359634399
9490,2,2,0.9999923706054688
9491,3,3,0.9999771118164062
9492,4,4,0.9968593120574951
9493,5,5,0.999988317489624
9494,6,6,1.0
9495,7,7,0.9999521970748901
9496,8,8,0.9999996423721313
9497,9,9,0.9635995030403137
9498,0,0,1.0
9499,1,1,0.9999427795410156
9500,2,2,0.9999184608459473
9501,3,3,0.9999998807907104
9502,4,4,0.9999998807907104
9503,5,5,1.0
9504,6,6,1.0
9505,7,7,0.8123589158058167
9506,8,8,1.0
9507,9,9,0.9988061189651489
9508,0,0,1.0
9509,1,1,0.9996243715286255
9510,2,2,0.9999997615814209
9511,3,3,0.9999990463256836
9512,4,4,0.99983811378479
9513,5,5,0.9998717308044434
9514,6,6,0.9999934434890747
9515,7,7,0.9999972581863403
9516,8,8,1.0
9517,9,9,0.9780693054199219
9518,1,1,0.9999462366104126
9519,0,0,1.0
9520,1,1,0.9999667406082153
9521,2,2,1.0
9522,7,7,0.9999971389770508
9523,5,5,1.0
9524,3,3,1.0
9525,4,4,0.9999990463256836
9526,4,4,0.9999994039535522
9527,0,0,0.9987261891365051
9528,0,0,1.0
9529,6,6,1.0
9530,9,8,0.7324152588844299
9531,6,6,0.9999977350234985
9532,6,6,0.9999995231628418
9533,5,5,0.9999889135360718
9534,7,7,0.9999959468841553
9535,2,2,0.9999995231628418
9536,3,3,0.9999843835830688
9537,4,4,0.9999998807907104
9538,4,4,0.9663296341896057
9539,9,9,0.9965857267379761
9540,1,8,0.4257065951824188
9541,4,4,0.9996196031570435
9542,0,0,0.99988853931427
9543,7,7,0.9999970197677612
9544,9,9,0.9997796416282654
9545,5,5,1.0
9546,7,7,0.9999889135360718
9547,2,2,1.0
9548,3,3,1.0
9549,1,1,0.9991480112075806
9550,4,4,0.9999972581863403
9551,4,4,0.9999995231628418
9552,0,0,0.999998927116394
9553,9,9,0.9991346001625061
9554,9,9,0.9736245274543762
9555,6,6,1.0
9556,1,1,0.9998078942298889
9557,8,8,0.9999992847442627
9558,3,3,0.9999998807907104
9559,3,3,0.9999983310699463
9560,7,7,0.9998596906661987
9561,3,3,0.9999995231628418
9562,9,9,0.9913007616996765
9563,8,8,1.0
9564,8,8,0.9999902248382568
9565,4,4,1.0
9566,7,7,0.9999979734420776
9567,7,7,0.9999912977218628
9568,6,6,1.0
9569,2,2,0.999995231628418
9570,1,1,0.9999359846115112
9571,9,9,0.9922871589660645
9572,8,8,0.9999998807907104
9573,7,7,1.0
9574,8,8,1.0
9575,8,8,1.0
9576,7,7,0.9999518394470215
9577,2,2,0.9999996423721313
9578,2,2,1.0
9579,3,3,0.9999990463256836
9580,9,9,0.986871600151062
9581,3,3,1.0
9582,3,3,1.0
9583,5,5,0.9999659061431885
9584,5,5,1.0
9585,0,0,0.9999862909317017
9586,7,7,0.9999955892562866
9587,9,9,0.9807448387145996
9588,5,5,1.0
9589,6,6,1.0
9590,5,5,1.0
9591,1,1,0.9997556805610657
9592,4,4,0.9999995231628418
9593,1,1,0.9997273087501526
9594,1,1,0.9981866478919983
9595,2,2,0.9999712705612183
9596,8,8,0.9999872446060181
9597,2,2,1.0
9598,6,6,1.0
9599,1,1,0.9966854453086853
9600,5,5,1.0
9601,0,0,0.9999994039535522
9602,1,1,0.9995212554931641
9603,2,2,0.9999954700469971
9604,3,3,1.0
9605,4,4,0.9999995231628418
9606,5,5,0.9998519420623779
9607,6,6,0.9999294281005859
9608,7,7,0.9999847412109375
9609,8,8,1.0
9610,9,9,0.9980117082595825
9611,0,0,1.0
9612,1,1,0.9941977262496948
9613,2,2,0.8647717237472534
9614,3,3,0.9999865293502808
9615,4,4,0.9999450445175171
9616,5,5,1.0
9617,6,6,0.9999209642410278
9618,7,7,0.9999940395355225
9619,8,8,0.9999986886978149
9620,9,9,0.8155980110168457
9621,0,0,0.999980092048645
9622,1,1,0.9980486631393433
9623,2,2,0.9999992847442627
9624,3,3,1.0
9625,4,9,0.6036158204078674
9626,5,5,0.999983549118042
9627,6,6,0.9927603006362915
9628,7,7,0.9999817609786987
9629,8,8,0.9996854066848755
9630,8,8,0.9999957084655762
9631,0,0,0.9999982118606567
9632,6,6,0.9999139308929443
9633,0,0,0.9999996423721313
9634,0,0,0.716576874256134
9635,2,2,1.0
9636,3,3,0.9992699027061462
9637,7,7,0.999247670173645
9638,9,9,0.6202331185340881
9639,4,4,0.9999886751174927
9640,7,7,0.9999957084655762
9641,1,1,0.9968841671943665
9642,9,7,0.8305637836456299
9643,1,1,0.8537846207618713
9644,7,7,0.9998301267623901
9645,1,1,0.9884600639343262
9646,4,4,0.9999834299087524
9647,0,0,1.0
9648,0,0,1.0
9649,1,1,0.9993603825569153
9650,7,7,1.0
9651,5,5,0.9997187256813049
9652,7,7,0.9998674392700195
9653,1,1,0.9993956089019775
9654,3,3,1.0
9655,3,3,0.9998947381973267
9656,3,3,0.9999278783798218
9657,1,1,0.9986380934715271
9658,6,6,0.9999889135360718
9659,9,9,0.9999920129776001
9660,7,7,0.9999973773956299
9661,1,1,0.9993199110031128
9662,3,3,0.9999995231628418
9663,0,0,0.9999970197677612
9664,2,7,0.8968160152435303
9665,6,6,0.9999980926513672
9666,0,0,0.9996806383132935
9667,8,8,0.9999951124191284
9668,9,9,0.999889612197876
9669,4,4,0.8422362208366394
9670,3,3,1.0
9671,5,5,0.9999983310699463
9672,4,4,0.9999961853027344
9673,8,8,1.0
9674,1,1,0.9998838901519775
9675,5,5,0.9999996423721313
9676,9,9,0.9964349269866943
9677,0,0,0.9847412705421448
9678,6,6,0.9999678134918213
9679,6,3,0.4596598148345947
9680,3,3,1.0
9681,8,8,0.9999997615814209
9682,1,1,0.999045193195343
9683,4,4,0.9999325275421143
9684,7,7,0.9999998807907104
9685,5,5,0.9999972581863403
9686,2,2,0.9998468160629272
9687,0,0,0.9999904632568359
9688,0,0,0.9999916553497314
9689,1,1,0.9999237060546875
9690,7,7,0.9999971389770508
9691,8,8,0.9999806880950928
9692,9,7,0.9530854225158691
9693,6,6,0.9995916485786438
9694,8,8,0.9990280866622925
9695,8,8,0.9975506663322449
9696,2,2,0.9971687197685242
9697,3,3,0.9999986886978149
9698,6,5,0.6643553972244263
9699,1,1,0.9946622252464294
9700,2,2,0.9876888394355774
9701,9,9,0.9822523593902588
9702,5,5,1.0
9703,2,2,0.9952567219734192
9704,0,0,0.9999997615814209
9705,1,1,0.9999858140945435
9706,2,2,1.0
9707,3,3,1.0
9708,4,4,0.9999958276748657
9709,5,5,0.9999136924743652
9710,6,6,0.9999992847442627
9711,7,7,0.9999988079071045
9712,8,8,0.9996418952941895
9713,9,9,0.9999852180480957
9714,0,0,0.9845805764198303
9715,1,1,0.9999504089355469
9716,2,2,0.9999810457229614
9717,3,3,0.9999986886978149
9718,4,4,1.0
9719,5,5,0.9999219179153442
9720,6,6,0.9999946355819702
9721,7,7,0.9999990463256836
9722,8,8,1.0
9723,9,9,0.999975323677063
9724,0,0,0.9999899864196777
9725,1,1,0.9999289512634277
9726,2,2,0.9998972415924072
9727,3,3,0.9999994039535522
9728,4,4,0.9999983310699463
9729,5,6,0.958061695098877
9730,6,6,0.9999634027481079
9731,7,7,0.9999967813491821
9732,8,8,0.9999899864196777
9733,9,9,0.9800475239753723
9734,7,7,0.9999959468841553
9735,4,4,0.9462449550628662
9736,6,6,0.9999641180038452
9737,1,1,0.999873161315918
9738,4,4,0.9999964237213135
9739,0,0,0.9999915361404419
9740,9,9,0.9996267557144165
9741,9,9,0.9908503293991089
9742,3,3,0.9999998807907104
9743,7,7,0.999998927116394
9744,8,8,0.9998700618743896
9745,4,4,0.9994345307350159
9746,7,7,0.9999905824661255
9747,5,5,0.9996129870414734
9748,8,8,0.9999951124191284
9749,5,5,0.9639943838119507
9750,3,3,0.9949541687965393
9751,2,2,0.9990676045417786
9752,2,2,0.9988295435905457
9753,0,0,0.9999992847442627
9754,5,5,0.9955470561981201
9755,8,8,0.9997885823249817
9756,6,6,0.9999802112579346
9757,0,0,0.9999994039535522
9758,3,3,0.9999978542327881
9759,8,8,0.9996356964111328
9760,1,1,0.9994822144508362
9761,0,0,0.9999973773956299
9762,3,3,0.9841124415397644
9763,0,0,0.9999957084655762
9764,4,4,0.9992009997367859
9765,7,7,0.9999971389770508
9766,4,4,0.9999998807907104
9767,9,9,0.9987021684646606
9768,2,0,0.5603261590003967
9769,9,9,0.9999715089797974
9770,5,0,0.998166561126709
9771,7,7,0.9999963045120239
9772,1,1,0.9999942779541016
9773,7,7,0.9999945163726807
9774,1,1,0.9999769926071167
9775,6,6,1.0
9776,6,6,0.9999971389770508
9777,5,5,0.9977935552597046
9778,6,6,0.9999884366989136
9779,2,2,0.9979648590087891
9780,8,8,0.9992295503616333
9781,7,7,0.9999762773513794
9782,6,6,0.972385823726654
9783,4,4,0.9999510049819946
9784,9,9,0.9999786615371704
9785,9,9,0.9999933242797852
9786,5,5,0.9999943971633911
9787,3,3,0.9999998807907104
9788,7,7,0.9999974966049194
9789,4,4,0.9997484087944031
9790,3,3,0.999932050704956
9791,0,0,0.9999996423721313
9792,4,9,0.6868287920951843
9793,6,6,0.9850025773048401
9794,6,6,1.0
9795,1,1,0.9989246726036072
9796,1,1,0.9998500347137451
9797,3,3,0.9999943971633911
9798,2,2,0.9999977350234985
9799,1,1,0.999750554561615
9800,0,0,0.9998892545700073
9801,0,0,1.0
9802,1,1,0.9998517036437988
9803,2,2,0.9999173879623413
9804,3,3,0.9999994039535522
9805,4,4,1.0
9806,7,7,0.9999972581863403
9807,8,8,1.0
9808,9,9,0.9999366998672485
9809,0,0,0.9999983310699463
9810,1,1,0.9998852014541626
9811,2,2,0.9227575659751892
9812,3,3,1.0
9813,4,4,0.9999719858169556
9814,5,5,0.9999973773956299
9815,6,6,0.9999681711196899
9816,7,7,0.9999016523361206
9817,8,8,0.9992594122886658
9818,0,0,0.9999980926513672
9819,1,1,0.9999923706054688
9820,2,2,0.9998396635055542
9821,3,3,1.0
9822,4,4,1.0
9823,7,7,0.999998927116394
9824,8,8,0.9999996423721313
9825,9,9,0.9999768733978271
9826,0,0,0.9999686479568481
9827,8,8,0.9999963045120239
9828,3,3,0.9951423406600952
9829,9,9,0.9999368190765381
9830,5,5,0.9999969005584717
9831,5,5,0.9969371557235718
9832,2,2,0.9986887574195862
9833,6,6,0.9999295473098755
9834,8,8,0.9992257356643677
9835,4,4,1.0
9836,1,1,0.99983811378479
9837,7,7,0.9999818801879883
9838,1,1,0.9998210072517395
9839,2,2,0.6876484751701355
9840,3,3,0.9999141693115234
9841,5,5,0.9998679161071777
9842,6,6,0.9999425411224365
9843,9,9,0.9996331930160522
9844,1,1,0.9997122883796692
9845,1,1,0.9993405938148499
9846,1,1,0.9990478157997131
9847,2,2,0.9998780488967896
9848,1,1,0.9999953508377075
9849,2,2,0.9974076151847839
9850,0,0,0.9074423909187317
9851,7,7,0.9999985694885254
9852,7,7,0.9999874830245972
9853,5,5,0.9999809265136719
9854,8,8,0.9998940229415894
9855,2,2,0.9998037219047546
9856,9,9,0.9979555606842041
9857,8,8,0.9996311664581299
9858,6,6,0.9673568606376648
9859,7,7,0.9999948740005493
9860,3,3,0.9999321699142456
9861,4,4,1.0
9862,6,6,0.9984367489814758
9863,8,8,0.999380350112915
9864,7,7,0.9999088048934937
9865,0,0,0.9999992847442627
9866,4,4,1.0
9867,2,2,0.9998226761817932
9868,7,7,0.999975323677063
9869,7,7,0.9999997615814209
9870,5,5,0.9999992847442627
9871,4,4,1.0
9872,3,3,1.0
9873,4,4,1.0
9874,2,2,0.9970773458480835
9875,8,8,0.999957799911499
9876,1,1,0.9999780654907227
9877,5,5,0.9999994039535522
9878,1,1,0.9999251365661621
9879,0,0,0.9917002320289612
9880,2,2,0.998134195804596
9881,3,3,0.999997615814209
9882,3,3,0.9998098015785217
9883,5,5,0.9599334597587585
9884,7,7,0.9999955892562866
9885,0,0,0.9999983310699463
9886,6,6,0.9993579983711243
9887,8,8,0.9997727274894714
9888,6,6,0.9774797558784485
9889,3,3,0.9999983310699463
9890,9,9,0.9987385869026184
9891,9,9,0.921875
9892,8,8,0.9905781745910645
9893,2,2,0.622117817401886
9894,7,7,0.9997584223747253
9895,7,7,0.9999905824661255
9896,1,1,0.9999113082885742
9897,0,0,0.9999974966049194
9898,1,1,0.9999697208404541
9899,7,7,0.9999818801879883
9900,8,8,0.9999967813491821
9901,9,9,0.9999970197677612
9902,0,0,0.9999885559082031
9903,1,1,0.9997789263725281
9904,2,2,0.6957420706748962
9905,3,3,0.995027482509613
9906,4,4,0.9999284744262695
9907,5,5,0.9999986886978149
9908,6,6,0.9999988079071045
9909,7,7,0.9999656677246094
9910,8,8,0.9999915361404419
9911,0,0,0.9999959468841553
9912,1,1,0.9999468326568604
9913,2,2,0.9999830722808838
9914,3,3,0.9999980926513672
9915,4,4,0.9999879598617554
9916,7,7,0.9999229907989502
9917,8,8,0.9999992847442627
9918,9,9,0.9999815225601196
9919,7,7,0.9999709129333496
9920,8,8,1.0
9921,6,6,0.9999998807907104
9922,4,4,0.7884783744812012
9923,1,1,0.9999624490737915
9924,9,9,0.9989917874336243
9925,3,3,0.9999819993972778
9926,8,8,0.9997311234474182
9927,4,4,0.9999991655349731
9928,4,4,0.9999998807907104
9929,7,7,0.9999957084655762
9930,0,0,0.9999996423721313
9931,1,1,0.9995385408401489
9932,9,9,0.9999245405197144
9933,2,2,1.0
9934,8,8,0.9999996423721313
9935,7,7,0.9999669790267944
9936,8,8,0.9999979734420776
9937,2,2,1.0
9938,6,6,0.9999973773956299
9939,0,0,0.9999996423721313
9940,6,6,0.9999614953994751
9941,5,5,0.9986920952796936
9942,3,3,1.0
9943,3,3,0.9999994039535522
9944,3,3,0.9999998807907104
9945,9,9,0.9999363422393799
9946,1,1,0.9999037981033325
9947,4,4,0.9998619556427002
9948,0,0,0.9999734163284302
9949,6,6,1.0
9950,1,1,0.9999549388885498
9951,0,0,0.9999899864196777
9952,0,0,0.9999998807907104
9953,6,6,0.999982476234436
9954,2,2,0.9999998807907104
9955,1,1,0.9999068975448608
9956,1,1,0.9999538660049438
9957,7,7,0.9999768733978271
9958,7,7,0.9999901056289673
9959,8,8,0.9999121427536011
9960,4,4,0.9999996423721313
9961,6,6,0.9999998807907104
9962,0,0,1.0
9963,7,7,0.9999556541442871
9964,0,0,0.999976634979248
9965,3,3,0.9999990463256836
9966,6,6,1.0
9967,8,8,1.0
9968,7,7,0.9999432563781738
9969,1,1,0.999902606010437
9970,5,5,0.9998466968536377
9971,2,2,0.9999973773956299
9972,4,4,0.9999998807907104
9973,9,9,0.9999560117721558
9974,4,4,0.9999819993972778
9975,3,3,0.9991198182106018
9976,6,6,0.9951305389404297
9977,4,4,0.9999551773071289
9978,1,1,0.9996280670166016
9979,7,7,0.9999991655349731
9980,2,2,0.9999994039535522
9981,6,6,0.9997867941856384
9982,5,5,0.9990329742431641
9983,0,0,1.0
9984,1,1,0.9999411106109619
9985,2,2,0.9999736547470093
9986,3,3,1.0
9987,4,4,0.9999998807907104
9988,5,5,1.0
9989,6,6,1.0
9990,7,7,0.9999836683273315
9991,8,8,0.9999998807907104
9992,9,9,0.9999833106994629
9993,0,0,0.999990701675415
9994,1,1,0.9999233484268188
9995,2,2,1.0
9996,3,3,0.9999997615814209
9997,4,4,0.9999973773956299
9998,5,5,0.9998852014541626
9999,6,6,0.9999998807907104
