index,true,pred,confidence
0,7,7,0.9999901056289673
1,2,2,0.9999997615814209
2,1,1,0.9994206428527832
3,0,0,0.9961806535720825
4,4,4,0.9999924898147583
5,1,1,0.9999313354492188
6,4,4,0.9993768334388733
7,9,9,0.9699221253395081
8,5,5,0.995057225227356
9,9,9,0.997173547744751
10,0,0,0.999990701675415
11,6,6,0.999962329864502
12,9,9,0.9993577599525452
13,0,0,1.0
14,1,1,0.9978452920913696
15,5,5,0.9996860027313232
16,9,9,0.9996036887168884
17,7,7,0.9999991655349731
18,3,3,0.7629324793815613
19,4,4,0.9999161958694458
20,9,9,0.9954586029052734
21,6,6,0.9998639822006226
22,6,6,0.9999984502792358
23,5,5,0.9999986886978149
24,4,4,0.9997207522392273
25,0,0,0.9997074007987976
26,7,7,0.9990584254264832
27,4,4,0.9999997615814209
28,0,0,0.999996542930603
29,1,1,0.9972987771034241
30,3,3,0.999998927116394
31,1,1,0.9990795850753784
32,3,3,0.9999994039535522
33,4,4,0.9995954632759094
34,7,7,0.9999629259109497
35,2,2,0.9999827146530151
36,7,7,0.9999914169311523
37,1,1,0.9992884397506714
38,2,2,0.9991045594215393
39,1,1,0.999721348285675
40,1,1,0.9762900471687317
41,7,7,0.997397780418396
42,4,4,0.9999908208847046
43,2,2,0.9980373978614807
44,3,3,0.9998090863227844
45,5,5,0.9963338375091553
46,1,1,0.9990664124488831
47,2,2,0.9999978542327881
48,4,4,0.9993413090705872
49,4,4,1.0
50,6,6,0.9999376535415649
51,3,3,0.9999997615814209
52,5,5,0.9999998807907104
53,5,5,0.9999040365219116
54,6,6,0.9999949932098389
55,0,0,0.9999983310699463
56,4,4,0.9999998807907104
57,1,1,0.9994596838951111
58,9,9,0.9999957084655762
59,5,5,0.9996987581253052
60,7,7,0.9999994039535522
61,8,8,0.9999909400939941
62,9,9,0.6058922410011292
63,3,3,0.9888319969177246
64,7,7,0.9999988079071045
65,4,4,0.9919940233230591
66,6,6,0.9999879598617554
67,4,4,0.9999196529388428
68,3,3,1.0
69,0,0,0.9999929666519165
70,7,7,0.9999575614929199
71,0,0,0.9999998807907104
72,2,2,0.9999998807907104
73,9,9,0.9085831046104431
74,1,1,0.9998204112052917
75,7,7,0.9999951124191284
76,3,3,0.9999986886978149
77,2,2,0.9971255660057068
78,9,9,0.8884673118591309
79,7,7,0.9990513920783997
80,7,7,0.9992222785949707
81,6,6,0.9999986886978149
82,2,2,0.9999991655349731
83,7,7,0.9999874830245972
84,8,8,0.9999926090240479
85,4,4,0.999997615814209
86,7,7,0.9999774694442749
87,3,3,0.7585089802742004
88,6,6,1.0
89,1,1,0.999630331993103
90,3,3,0.9999996423721313
91,6,6,0.9999986886978149
92,9,9,0.8978638052940369
93,3,3,0.9999394416809082
94,1,1,0.9962463974952698
95,4,4,0.9755213856697083
96,1,1,0.9787366390228271
97,7,7,0.9999681711196899
98,6,6,0.9997252821922302
99,9,9,0.999995231628418
100,6,6,0.9999847412109375
101,0,0,0.9999990463256836
102,5,5,0.9999783039093018
103,4,4,1.0
104,9,9,0.999901294708252
105,9,9,0.9997627139091492
106,2,2,0.9999966621398926
107,1,1,0.9969582557678223
108,9,9,0.9970410466194153
109,4,4,0.9999986886978149
110,8,8,0.9999986886978149
111,7,7,0.9896366000175476
112,3,3,0.9999363422393799
113,9,9,0.9998748302459717
114,7,7,0.9999778270721436
115,4,4,0.8742820620536804
116,4,4,0.9982361793518066
117,4,4,0.999994158744812
118,9,9,0.9984762072563171
119,2,2,0.9979497790336609
120,5,5,0.9999983310699463
121,4,4,0.9926568865776062
122,7,7,0.9991739392280579
123,6,6,0.9999991655349731
124,7,7,0.9995996356010437
125,9,9,0.9971930384635925
126,0,0,0.9999985694885254
127,5,5,1.0
128,8,8,0.9999986886978149
129,5,5,0.9999992847442627
130,6,6,0.9999861717224121
131,6,6,0.9999735355377197
132,5,5,0.9999912977218628
133,7,7,0.9999988079071045
134,8,8,0.9999996423721313
135,1,1,0.9998575448989868
136,0,0,0.9999971389770508
137,1,1,0.9998276233673096
138,6,6,1.0
139,4,4,0.9995611310005188
140,6,6,0.9999920129776001
141,7,7,0.9999997615814209
142,3,3,0.9999967813491821
143,1,1,0.9994969367980957
144,7,7,0.9992165565490723
145,1,1,0.998891294002533
146,8,8,0.9999995231628418
147,2,2,0.9999960660934448
148,0,0,0.9999966621398926
149,2,2,0.9957089424133301
150,9,9,0.9998962879180908
151,9,9,0.8268623948097229
152,5,5,0.9999997615814209
153,5,5,0.9999927282333374
154,1,1,0.9979273080825806
155,5,5,0.9999982118606567
156,6,6,1.0
157,0,0,0.9999901056289673
158,3,3,0.9953423738479614
159,4,4,0.9981464147567749
160,4,4,0.9992852807044983
161,6,6,0.999996542930603
162,5,5,1.0
163,4,4,1.0
164,6,6,0.9999988079071045
165,5,5,0.9999998807907104
166,4,4,0.9999961853027344
167,5,5,0.997148334980011
168,1,1,0.9997469782829285
169,4,4,0.9999626874923706
170,4,4,0.9999349117279053
171,7,7,0.9699606895446777
172,2,2,0.9997798800468445
173,3,3,0.9995889067649841
174,2,2,0.9999969005584717
175,7,7,0.7962253093719482
176,1,1,0.968660295009613
177,8,8,0.9997251629829407
178,1,1,0.9998924732208252
179,8,8,0.9999558925628662
180,1,1,0.9990919828414917
181,8,8,0.9999994039535522
182,5,5,0.9999885559082031
183,0,0,0.9999998807907104
184,8,8,0.5155171751976013
185,9,9,0.9887978434562683
186,2,2,0.999860405921936
187,5,5,0.9999995231628418
188,0,0,0.9999996423721313
189,1,1,0.995837926864624
190,1,1,0.9995554089546204
191,1,1,0.9948518872261047
192,0,0,0.9999945163726807
193,9,9,0.96586012840271
194,0,0,0.9999905824661255
195,3,3,0.9985464215278625
196,1,1,0.9996421337127686
197,6,6,0.9999748468399048
198,4,4,0.9999024868011475
199,2,2,0.9971418976783752
200,3,3,0.999992847442627
201,6,6,1.0
202,1,1,0.9999352693557739
203,1,1,0.9965141415596008
204,1,1,0.9992092251777649
205,3,3,0.9999364614486694
206,9,9,0.9771132469177246
207,5,5,0.9999970197677612
208,2,2,0.9999918937683105
209,9,9,0.9551476240158081
210,4,4,0.9999995231628418
211,5,5,0.9813703894615173
212,9,9,0.9999881982803345
213,3,3,0.999985933303833
214,9,9,0.900274932384491
215,0,0,0.9999996423721313
216,3,3,0.9999996423721313
217,6,6,0.9487180709838867
218,5,5,0.9999992847442627
219,5,5,0.9999988079071045
220,7,7,0.9999756813049316
221,2,2,0.9987266659736633
222,2,2,0.9972527623176575
223,7,7,0.9997584223747253
224,1,1,0.9975190162658691
225,2,2,0.9951633214950562
226,8,8,0.9999822378158569
227,4,4,0.9983803033828735
228,1,1,0.9989149570465088
229,7,7,0.9967382550239563
230,3,3,0.9998863935470581
231,3,3,0.999990701675415
232,8,8,0.9998728036880493
233,8,8,0.9999984502792358
234,7,7,0.9993628859519958
235,9,9,0.9934989213943481
236,2,2,0.9999943971633911
237,2,2,0.9999998807907104
238,4,4,1.0
239,1,1,0.9986609220504761
240,5,5,0.9999865293502808
241,9,9,0.8413731455802917
242,8,8,0.9956931471824646
243,7,7,0.998410701751709
244,2,2,0.9925212264060974
245,3,3,0.9404340982437134
246,0,0,1.0
247,4,4,0.994809627532959
248,4,4,0.9999970197677612
249,2,2,0.9990596175193787
250,4,4,0.9220689535140991
251,1,1,0.994350790977478
252,9,9,0.9999624490737915
253,5,5,0.9998455047607422
254,7,7,0.9999111890792847
255,7,7,0.998794436454773
256,2,2,0.9993759989738464
257,8,8,0.9997443556785583
258,2,2,0.999215841293335
259,6,6,0.9991051554679871
260,8,8,0.9999998807907104
261,5,5,0.9993172883987427
262,7,7,0.9999916553497314
263,7,7,0.9998903274536133
264,9,9,0.9923965334892273
265,1,1,0.9984013438224792
266,8,8,0.9418752193450928
267,1,1,0.9990555644035339
268,8,8,0.9999942779541016
269,0,0,0.999906063079834
270,3,3,0.9992762207984924
271,0,0,0.9999964237213135
272,1,1,0.9988981485366821
273,9,9,0.9864581227302551
274,9,9,0.9999765157699585
275,4,4,0.999955415725708
276,1,1,0.9998511075973511
277,8,8,0.9999654293060303
278,2,2,0.9998304843902588
279,1,1,0.9982733726501465
280,2,2,0.9998237490653992
281,9,9,0.999990701675415
282,7,7,0.9967294931411743
283,5,5,0.9999951124191284
284,9,9,0.9997394680976868
285,2,2,0.9999996423721313
286,6,6,0.9998341798782349
287,4,4,0.9999973773956299
288,1,1,0.9998121857643127
289,5,5,0.9996569156646729
290,8,8,0.905907154083252
291,2,2,0.9998136162757874
292,9,9,0.7733317613601685
293,2,2,0.9999151229858398
294,0,0,0.9999961853027344
295,4,4,0.9999955892562866
296,0,0,0.9999998807907104
297,0,0,0.9997857213020325
298,2,2,0.9998897314071655
299,8,8,0.9999831914901733
300,4,4,0.9999622106552124
301,7,7,0.9970717430114746
302,1,1,0.99952232837677
303,2,2,0.9999287128448486
304,4,4,0.999996542930603
305,0,0,1.0
306,2,2,0.9999960660934448
307,7,7,0.9995201826095581
308,4,4,0.9996215105056763
309,3,3,0.9999992847442627
310,3,3,0.9999947547912598
311,0,0,0.999996542930603
312,0,0,0.9999994039535522
313,3,3,0.9999910593032837
314,1,1,0.997194766998291
315,9,9,0.9999816417694092
316,6,6,0.9847604632377625
317,5,5,0.9949206709861755
318,2,2,0.9817517399787903
319,5,5,0.9999775886535645
320,9,9,0.8235626220703125
321,2,2,0.7427866458892822
322,9,9,0.9982879757881165
323,3,3,0.9999942779541016
324,0,0,0.9733569025993347
325,4,4,0.9985851049423218
326,2,2,0.994067907333374
327,0,0,0.9999997615814209
328,7,7,0.9993196725845337
329,1,1,0.9991244673728943
330,1,1,0.998694121837616
331,2,2,0.9994125366210938
332,1,1,0.999864935874939
333,5,5,0.9990341663360596
334,3,3,0.9999992847442627
335,3,3,0.9999406337738037
336,9,9,0.9993228912353516
337,7,7,0.9953781366348267
338,8,8,0.9996585845947266
339,6,6,0.9962748289108276
340,5,5,0.9523126482963562
341,6,6,0.9992438554763794
342,1,1,0.9994722008705139
343,3,3,0.9999969005584717
344,8,8,0.9995579123497009
345,1,1,0.9978454113006592
346,0,0,0.9999747276306152
347,5,5,0.9999985694885254
348,1,1,0.9995406866073608
349,3,3,0.9999831914901733
350,1,1,0.9944316744804382
351,5,5,1.0
352,5,5,0.9999232292175293
353,6,6,0.9999481439590454
354,1,1,0.9993502497673035
355,8,8,0.9999297857284546
356,5,5,0.9999998807907104
357,1,1,0.9970300197601318
358,7,7,0.9735783338546753
359,9,9,0.6486395597457886
360,4,4,0.9999833106994629
361,6,6,0.9999994039535522
362,2,2,0.9846506118774414
363,2,2,0.9999721050262451
364,5,5,1.0
365,0,0,0.9999817609786987
366,6,6,0.9967771172523499
367,5,5,0.9999998807907104
368,6,6,0.9996399879455566
369,3,3,0.997718870639801
370,7,7,0.9999078512191772
371,2,2,0.999955415725708
372,0,0,0.9988818764686584
373,8,8,0.9999995231628418
374,8,8,0.9999966621398926
375,5,5,1.0
376,4,4,0.9674821496009827
377,1,1,0.9987800717353821
378,1,1,0.9963118433952332
379,4,4,0.9999897480010986
380,0,0,0.9999995231628418
381,3,3,0.9944966435432434
382,3,3,0.9999995231628418
383,7,7,0.9996098875999451
384,6,6,0.9999998807907104
385,1,1,0.9986169338226318
386,6,6,0.9991401433944702
387,2,2,0.9999037981033325
388,1,1,0.9997084736824036
389,9,9,0.9992347955703735
390,2,2,0.9999372959136963
391,8,8,0.9998506307601929
392,6,6,0.999997615814209
393,1,1,0.9992814660072327
394,9,9,0.9971066117286682
395,5,5,0.9999750852584839
396,2,2,0.9999994039535522
397,5,5,0.9995940327644348
398,4,4,0.9999817609786987
399,4,4,0.999993085861206
400,2,2,0.9998316764831543
401,8,8,0.9997027516365051
402,3,3,0.9999468326568604
403,8,8,0.9997884631156921
404,2,2,0.9833858609199524
405,4,4,0.9999998807907104
406,5,5,0.9999772310256958
407,0,0,1.0
408,3,3,0.9999880790710449
409,1,1,0.9974068999290466
410,7,7,0.9999991655349731
411,7,7,0.999138355255127
412,5,5,0.9532903432846069
413,7,7,0.9999760389328003
414,9,9,0.9962548017501831
415,7,7,0.9997254014015198
416,1,1,0.999723494052887
417,9,9,0.9976329803466797
418,2,2,0.9999972581863403
419,1,1,0.9978249073028564
420,4,4,0.9998161196708679
421,2,2,0.9996383190155029
422,9,9,0.9993084669113159
423,2,2,0.9999133348464966
424,0,0,0.9999852180480957
425,4,4,0.9999998807907104
426,9,9,0.9992793202400208
427,1,1,0.9991300702095032
428,4,4,0.9999998807907104
429,8,8,0.9999998807907104
430,1,1,0.9990788698196411
431,8,8,0.9999858140945435
432,4,4,0.9999957084655762
433,5,5,0.9999901056289673
434,9,9,0.9997254014015198
435,8,8,0.9506348371505737
436,8,8,0.9999922513961792
437,3,3,0.9999711513519287
438,7,7,0.999687671661377
439,6,6,0.9992867112159729
440,0,0,0.9999997615814209
441,0,0,0.9999889135360718
442,3,3,0.9999985694885254
443,0,0,0.9978894591331482
444,2,2,0.9541023373603821
445,6,0,0.8215160369873047
446,6,6,0.999943733215332
447,4,4,0.989113450050354
448,9,9,0.9114125967025757
449,3,5,0.8968220353126526
450,3,3,0.987511396408081
451,3,3,0.9999978542327881
452,2,2,0.9999814033508301
453,3,3,0.9999980926513672
454,9,9,0.9998822212219238
455,1,1,0.9999368190765381
456,2,2,0.9952288866043091
457,6,6,0.9974790215492249
458,8,8,1.0
459,0,0,0.9999986886978149
460,5,5,0.9998680353164673
461,6,6,0.9999996423721313
462,6,6,0.9995052814483643
463,6,6,1.0
464,3,3,0.9997726082801819
465,8,8,0.9935831427574158
466,8,8,0.9999457597732544
467,2,2,0.9991379976272583
468,7,7,0.9979918003082275
469,5,5,0.9998493194580078
470,8,8,0.9999401569366455
471,9,9,0.9628006815910339
472,6,6,1.0
473,1,1,0.9960008263587952
474,8,8,0.9999982118606567
475,4,4,0.9999959468841553
476,1,1,0.999057948589325
477,2,2,0.9999994039535522
478,5,5,0.9999475479125977
479,9,9,0.9553248286247253
480,1,1,0.9986646175384521
481,9,9,0.9999760389328003
482,7,7,1.0
483,5,5,0.9999120235443115
484,4,4,0.9999983310699463
485,0,0,0.9999573230743408
486,8,8,0.999992847442627
487,9,9,0.9998189806938171
488,9,9,0.9877545237541199
489,1,1,0.9996271133422852
490,0,0,0.9997089505195618
491,5,5,0.9999569654464722
492,2,2,0.9987610578536987
493,3,3,1.0
494,7,7,0.9999982118606567
495,8,8,0.8651089668273926
496,9,9,0.9999674558639526
497,4,4,0.6564289927482605
498,0,0,0.999929666519165
499,6,6,0.9991223216056824
500,3,3,0.9999995231628418
501,9,9,0.9999985694885254
502,5,5,0.9994649291038513
503,2,2,1.0
504,1,1,0.9985257983207703
505,3,3,0.9999949932098389
506,1,1,0.9996565580368042
507,3,3,0.998320996761322
508,6,6,0.9940887689590454
509,5,5,0.9995521903038025
510,7,7,0.9989196062088013
511,4,4,0.9952762126922607
512,2,2,0.9999879598617554
513,2,2,0.9999980926513672
514,6,6,0.9999974966049194
515,3,3,0.9999592304229736
516,2,2,1.0
517,6,6,0.9999995231628418
518,5,5,0.9999996423721313
519,4,4,0.9994148015975952
520,8,8,0.9998052716255188
521,9,9,0.9912370443344116
522,7,7,0.9999561309814453
523,1,1,0.9833871722221375
524,3,3,0.9999516010284424
525,0,0,0.9999973773956299
526,3,3,0.9999902248382568
527,8,8,0.999998927116394
528,3,3,0.9999301433563232
529,1,1,0.9998434782028198
530,9,9,0.9987179040908813
531,3,3,0.9999889135360718
532,4,4,0.9992935657501221
533,4,4,1.0
534,6,6,0.9999697208404541
535,4,4,0.9999995231628418
536,2,2,0.9999558925628662
537,1,1,0.9993463158607483
538,8,8,0.9998844861984253
539,2,2,0.9999912977218628
540,5,5,0.9999998807907104
541,4,4,0.9999995231628418
542,8,8,0.8718361854553223
543,8,8,0.9998072981834412
544,4,4,0.9999963045120239
545,0,0,0.999998927116394
546,0,0,0.9999997615814209
547,2,2,0.9915659427642822
548,3,3,0.9999747276306152
549,2,2,1.0
550,7,7,0.9998610019683838
551,7,7,0.9986894726753235
552,0,0,0.9936042428016663
553,8,8,0.9999804496765137
554,7,7,0.9999896287918091
555,4,4,0.9999600648880005
556,4,4,0.9999997615814209
557,7,7,0.9986000657081604
558,9,9,0.9992877840995789
559,6,6,0.9999819993972778
560,9,9,0.9998223185539246
561,0,0,0.9907253384590149
562,9,9,0.998056948184967
563,8,8,0.9999915361404419
564,0,0,0.9999939203262329
565,4,4,0.9999443292617798
566,6,6,0.9993038177490234
567,0,0,0.9998947381973267
568,6,6,0.9999551773071289
569,3,3,0.9999982118606567
570,5,5,0.9999995231628418
571,4,4,0.851850152015686
572,8,8,0.9998956918716431
573,3,3,0.9999972581863403
574,3,3,0.9999997615814209
575,9,9,0.9980199337005615
576,3,3,0.9999741315841675
577,3,3,0.9999995231628418
578,3,3,0.9998760223388672
579,7,7,0.9999591112136841
580,8,8,0.9997968077659607
581,0,0,0.9996814727783203
582,8,2,0.7510684728622437
583,2,7,0.7950103282928467
584,1,1,0.9987179040908813
585,7,7,0.9999978542327881
586,0,0,0.9999938011169434
587,6,6,0.9999794960021973
588,5,5,0.9999995231628418
589,4,4,0.9998918771743774
590,3,3,1.0
591,8,8,0.9892151951789856
592,0,0,0.9999998807907104
593,9,9,0.5198230743408203
594,6,6,0.9999444484710693
595,3,3,0.9999979734420776
596,8,8,0.9991004467010498
597,0,0,0.9757829308509827
598,9,9,0.9990712404251099
599,9,9,0.999907374382019
600,6,6,0.9999994039535522
601,8,8,0.9974045157432556
602,6,6,0.9999998807907104
603,8,8,0.9995692372322083
604,5,5,0.9999998807907104
605,7,7,0.9972962737083435
606,8,8,0.999991774559021
607,6,6,0.9999984502792358
608,0,0,0.9999963045120239
609,2,2,0.9997299313545227
610,4,4,0.9999885559082031
611,0,0,0.9999982118606567
612,2,2,1.0
613,2,2,0.9877442717552185
614,3,3,0.9993118047714233
615,1,1,0.9998406171798706
616,9,9,0.9999439716339111
617,7,7,0.9999051094055176
618,5,5,0.9999862909317017
619,1,1,0.3671568036079407
620,0,0,0.9996881484985352
621,8,8,0.9999982118606567
622,4,4,0.9999943971633911
623,6,6,0.9999988079071045
624,2,2,0.9993288516998291
625,6,6,0.857619047164917
626,7,7,0.9999992847442627
627,9,9,0.9975281357765198
628,3,3,0.999997615814209
629,2,2,0.9966855645179749
630,9,9,0.9998682737350464
631,8,8,0.9999911785125732
632,2,2,0.9999840259552002
633,2,2,0.9999998807907104
634,9,9,0.9999978542327881
635,2,2,0.9998781681060791
636,7,7,0.9999984502792358
637,3,3,0.9998730421066284
638,5,5,0.9999693632125854
639,9,9,0.998875081539154
640,1,1,0.9988401532173157
641,8,8,0.9999260902404785
642,0,0,0.9785536527633667
643,2,2,0.9999642372131348
644,0,0,0.9999996423721313
645,5,5,0.9974048733711243
646,2,2,0.5508368015289307
647,1,1,0.9990059733390808
648,3,3,1.0
649,7,7,0.9993170499801636
650,6,6,0.999371349811554
651,7,7,0.9999431371688843
652,1,1,0.9998500347137451
653,2,2,0.9999501705169678
654,5,5,0.9999041557312012
655,8,8,0.9994681477546692
656,0,0,0.9999998807907104
657,3,3,0.9999996423721313
658,7,7,0.9994557499885559
659,2,3,0.5223243832588196
660,4,4,0.9999980926513672
661,0,0,0.9988818764686584
662,9,9,0.9999921321868896
663,1,1,0.9998797178268433
664,8,8,0.9999958276748657
665,6,6,0.9999996423721313
666,7,7,0.9991624355316162
667,7,7,0.9865325689315796
668,4,4,0.9999997615814209
669,3,3,0.9999943971633911
670,4,4,0.9997149109840393
671,9,9,0.9997522234916687
672,1,1,0.9997807145118713
673,9,9,0.9978716373443604
674,5,5,0.9118351340293884
675,1,1,0.9994113445281982
676,7,7,0.9981886744499207
677,3,3,0.9999988079071045
678,9,9,0.9997562766075134
679,7,7,0.999885082244873
680,6,6,0.9999998807907104
681,9,9,0.999988317489624
682,1,1,0.9964759945869446
683,3,3,0.9999740123748779
684,7,7,0.9928908348083496
685,8,8,0.9994055032730103
686,3,3,0.9999996423721313
687,3,3,0.9999995231628418
688,6,6,0.9978277087211609
689,7,7,0.9704837203025818
690,2,2,0.9998446702957153
691,8,8,0.9945425987243652
692,5,5,0.9997934699058533
693,8,8,0.9997653365135193
694,5,5,0.9999865293502808
695,1,1,0.9998654127120972
696,1,1,0.9456892609596252
697,4,4,0.9999997615814209
698,4,4,0.9999768733978271
699,3,3,0.999993085861206
700,1,1,0.9988824725151062
701,0,0,0.9999945163726807
702,7,7,0.996378481388092
703,7,7,0.9999899864196777
704,0,0,0.999962329864502
705,7,7,0.9998506307601929
706,9,9,0.999962568283081
707,4,4,0.9956001043319702
708,4,4,0.9999392032623291
709,8,8,0.9999997615814209
710,5,5,0.9999997615814209
711,5,5,0.999997615814209
712,4,4,0.9944508075714111
713,0,0,0.9999716281890869
714,8,8,0.9999964237213135
715,2,2,0.9993639588356018
716,1,7,0.6712008714675903
717,0,0,0.9883130192756653
718,8,8,0.9999489784240723
719,4,4,0.9999996423721313
720,5,5,0.9993304014205933
721,0,0,0.9999924898147583
722,4,4,1.0
723,0,0,0.993846595287323
724,6,6,0.999998927116394
725,1,1,0.9993828535079956
726,7,4,0.8244315385818481
727,3,3,0.9999938011169434
728,2,2,0.9980053305625916
729,6,6,0.999776303768158
730,7,7,0.9999973773956299
731,2,2,0.9997872710227966
732,6,6,1.0
733,9,9,0.999963641166687
734,3,3,0.9999992847442627
735,1,1,0.9993372559547424
736,4,4,0.9999886751174927
737,6,6,0.9999938011169434
738,2,2,0.9995297193527222
739,5,5,0.9999717473983765
740,4,4,0.8283390998840332
741,2,2,0.9993239641189575
742,0,0,0.9999998807907104
743,6,6,0.999897837638855
744,2,2,0.9999990463256836
745,1,1,0.9999866485595703
746,7,7,0.9968992471694946
747,3,3,0.9999997615814209
748,4,4,0.9868428111076355
749,1,1,0.9964042901992798
750,0,0,0.9999997615814209
751,5,5,0.9999997615814209
752,4,4,0.9999897480010986
753,3,3,0.9999961853027344
754,1,1,0.9995841383934021
755,1,1,0.9991218447685242
756,7,7,0.9998917579650879
757,4,4,0.9999773502349854
758,9,9,0.999723494052887
759,9,9,0.999738872051239
760,4,4,0.9934114813804626
761,8,8,0.9885513782501221
762,4,4,0.9997064471244812
763,0,0,0.9999740123748779
764,2,2,0.9999985694885254
765,4,4,0.9999549388885498
766,5,5,0.999997615814209
767,1,1,0.9994636178016663
768,1,1,0.9996067881584167
769,6,6,0.9999517202377319
770,4,4,0.9999970197677612
771,7,7,0.9999270439147949
772,1,1,0.9977771639823914
773,9,9,0.9997633099555969
774,4,4,0.8171671628952026
775,2,2,0.9998220801353455
776,4,4,0.9999822378158569
777,1,1,0.9916881918907166
778,5,5,0.9999998807907104
779,5,5,0.999996542930603
780,3,3,0.9999456405639648
781,8,8,0.9985235333442688
782,3,3,0.9999984502792358
783,1,1,0.9969243407249451
784,4,4,0.9999537467956543
785,5,5,0.9999977350234985
786,6,6,0.9984669089317322
787,8,8,0.9999996423721313
788,9,9,0.999894380569458
789,4,4,0.9987272620201111
790,1,1,0.9996309280395508
791,5,5,0.9999995231628418
792,3,3,1.0
793,8,8,1.0
794,0,0,0.9999996423721313
795,3,3,0.9999501705169678
796,2,2,0.9999433755874634
797,5,5,0.999698281288147
798,1,1,0.9944700002670288
799,2,2,0.9999992847442627
800,8,8,0.99873286485672
801,3,3,0.9999998807907104
802,4,4,0.9979548454284668
803,4,4,0.9999992847442627
804,0,0,0.9992185831069946
805,8,8,0.9999998807907104
806,8,8,1.0
807,3,3,0.9999996423721313
808,3,3,0.9999810457229614
809,1,1,0.9905410408973694
810,7,7,0.9998977184295654
811,3,3,0.9999996423721313
812,5,5,1.0
813,9,8,0.9252445697784424
814,6,6,0.9999514818191528
815,3,3,0.9999933242797852
816,2,2,0.9996347427368164
817,6,6,0.9999998807907104
818,1,1,0.9601544141769409
819,3,3,1.0
820,6,6,0.9999970197677612
821,0,0,0.9999622106552124
822,7,7,0.9999991655349731
823,2,2,0.9998138546943665
824,1,1,0.9994353652000427
825,7,7,0.9959030747413635
826,1,1,0.9997226595878601
827,4,4,0.9996060729026794
828,2,2,0.9953821301460266
829,4,4,0.9997010231018066
830,2,2,0.9883249998092651
831,1,1,0.9991030693054199
832,7,7,0.9997770190238953
833,9,9,0.9986650943756104
834,6,6,0.9999545812606812
835,1,1,0.9991959929466248
836,1,1,0.999842643737793
837,2,2,0.9999775886535645
838,4,4,0.9999998807907104
839,8,8,0.9981623291969299
840,1,1,0.9998698234558105
841,7,7,0.9999998807907104
842,7,7,0.9937134385108948
843,4,4,1.0
844,8,8,0.9885228872299194
845,0,0,0.9999982118606567
846,7,7,0.9940590858459473
847,3,3,0.9999997615814209
848,1,1,0.9999061822891235
849,3,3,0.9999991655349731
850,1,1,0.9988987445831299
851,0,0,0.9999958276748657
852,7,7,0.9998843669891357
853,7,7,0.9994155168533325
854,0,0,0.9999996423721313
855,3,3,1.0
856,5,5,0.9999558925628662
857,5,5,0.9999773502349854
858,2,2,0.9999957084655762
859,7,7,0.9999067783355713
860,6,6,0.9999992847442627
861,6,6,0.9999992847442627
862,9,9,0.9998294115066528
863,2,2,0.9981020092964172
864,8,8,0.9999804496765137
865,3,3,0.9999896287918091
866,5,5,0.9938015341758728
867,2,2,0.999974250793457
868,2,2,0.9998401403427124
869,5,5,0.9999940395355225
870,6,6,0.9954822063446045
871,0,0,0.9999985694885254
872,8,8,0.9995467066764832
873,2,2,0.9992156028747559
874,9,9,0.9802863001823425
875,2,2,0.9998857975006104
876,8,8,0.9999995231628418
877,8,8,0.990520715713501
878,8,8,0.9995623230934143
879,8,8,0.999794065952301
880,7,7,0.9994982481002808
881,4,4,0.9176989197731018
882,9,9,0.6904241442680359
883,3,3,0.8712049126625061
884,0,0,0.9999974966049194
885,6,6,0.9998917579650879
886,6,6,1.0
887,3,3,0.9999996423721313
888,2,2,0.9999898672103882
889,1,1,0.9992283582687378
890,3,3,0.9998499155044556
891,2,2,0.9999967813491821
892,2,2,0.9999850988388062
893,9,9,0.9998669624328613
894,3,3,0.9999014139175415
895,0,0,0.8339883685112
896,0,0,0.9999065399169922
897,5,5,1.0
898,7,7,0.9984477758407593
899,8,8,0.9999997615814209
900,1,1,0.9947063326835632
901,4,4,0.9999985694885254
902,4,4,0.9589360952377319
903,6,6,0.9999427795410156
904,0,0,0.9999737739562988
905,2,2,0.9999748468399048
906,9,9,0.9999226331710815
907,1,1,0.9995346069335938
908,4,4,0.9999643564224243
909,7,7,0.9994823932647705
910,4,4,0.9999951124191284
911,7,7,0.9999942779541016
912,3,3,1.0
913,9,9,0.9997628331184387
914,8,8,0.9999998807907104
915,8,8,0.9997524619102478
916,4,4,0.9999655485153198
917,7,7,0.9999170303344727
918,1,1,0.9943108558654785
919,2,2,0.9997784495353699
920,1,1,0.9995872378349304
921,2,2,0.9999997615814209
922,2,2,0.9992246627807617
923,3,3,0.9999998807907104
924,2,2,0.8467282652854919
925,3,3,1.0
926,2,2,0.9959259033203125
927,3,3,0.9999998807907104
928,9,9,0.9989939332008362
929,1,1,0.9986743927001953
930,7,7,0.9995689988136292
931,4,4,0.9990134239196777
932,0,0,0.9999940395355225
933,3,3,1.0
934,5,5,1.0
935,5,5,0.9999054670333862
936,8,8,0.9982771873474121
937,6,6,1.0
938,3,5,0.8901191353797913
939,2,2,0.9976660013198853
940,6,6,0.9988808035850525
941,7,7,0.9999986886978149
942,6,6,0.9999818801879883
943,6,6,0.9996315240859985
944,3,3,0.9998788833618164
945,2,2,0.9999980926513672
946,7,7,0.9995020627975464
947,8,8,0.8679439425468445
948,1,1,0.9982962012290955
949,1,1,0.9992341995239258
950,7,7,0.9977869987487793
951,5,5,0.9987572431564331
952,6,6,0.9999446868896484
953,4,4,0.9999357461929321
954,9,9,0.99982088804245
955,5,5,0.9999014139175415
956,1,1,0.9886156916618347
957,3,3,0.9996975660324097
958,3,3,0.8150906562805176
959,4,4,0.997867226600647
960,7,7,0.9999145269393921
961,8,8,0.9999996423721313
962,9,9,0.9752370715141296
963,1,1,0.9982195496559143
964,1,1,0.9978131055831909
965,6,6,0.9111533761024475
966,9,9,0.9438539743423462
967,1,1,0.998630166053772
968,4,4,0.9999948740005493
969,4,4,0.9989264607429504
970,5,5,0.9999960660934448
971,4,4,0.9999988079071045
972,0,0,0.9999997615814209
973,6,6,0.9999991655349731
974,2,2,0.9999929666519165
975,2,2,0.9997417330741882
976,3,3,0.9998834133148193
977,1,1,0.9997366070747375
978,5,5,0.9999959468841553
979,1,1,0.9968736171722412
980,2,2,0.9999996423721313
981,0,0,0.999995231628418
982,3,3,0.9993357062339783
983,8,8,0.9999934434890747
984,1,1,0.9976125955581665
985,2,2,0.9967844486236572
986,6,6,0.9999802112579346
987,7,7,0.9999932050704956
988,1,1,0.9885572195053101
989,6,6,0.9999574422836304
990,2,2,0.9992545247077942
991,3,3,0.9999786615371704
992,9,9,0.9957428574562073
993,0,0,0.9999929666519165
994,1,1,0.9704678058624268
995,2,2,0.9986901879310608
996,2,2,0.9999996423721313
997,0,0,0.9999994039535522
998,8,8,0.9993821382522583
999,9,9,0.997365415096283
1000,9,9,0.9991600513458252
1001,0,0,0.9999953508377075
1002,2,2,0.9978298544883728
1003,5,5,0.9994922876358032
1004,1,1,0.9981895089149475
1005,9,9,0.9998701810836792
1006,7,7,0.9998375177383423
1007,8,8,0.9999831914901733
1008,1,1,0.9996613264083862
1009,0,0,0.9999895095825195
1010,4,4,0.9999533891677856
1011,1,1,0.9998679161071777
1012,7,7,0.9959762692451477
1013,9,9,0.9988790154457092
1014,6,6,0.5805696249008179
1015,4,4,0.999670147895813
1016,2,2,0.9999990463256836
1017,6,6,0.9999978542327881
1018,8,8,0.9999737739562988
1019,1,1,0.9995768666267395
1020,3,3,0.9996751546859741
1021,7,7,0.9996843338012695
1022,5,5,0.999985933303833
1023,4,4,1.0
1024,4,4,0.9828014969825745
1025,1,1,0.9999291896820068
1026,8,8,0.9860791563987732
1027,1,1,0.9996656179428101
1028,3,3,0.999998927116394
1029,8,8,0.9999754428863525
1030,1,1,0.9989926218986511
1031,2,2,0.9999809265136719
1032,5,5,0.9963072538375854
1033,8,8,0.5380167961120605
1034,0,0,0.9999970197677612
1035,6,6,0.9999998807907104
1036,2,2,0.9998461008071899
1037,1,1,0.9943729639053345
1038,1,1,0.9984222650527954
1039,7,1,0.47080639004707336
1040,1,1,0.9938551783561707
1041,5,5,1.0
1042,3,3,0.999976396560669
1043,4,4,0.9999748468399048
1044,6,6,0.9983232617378235
1045,9,9,0.5110294222831726
1046,5,5,0.9999657869338989
1047,0,0,0.9999686479568481
1048,9,9,0.9999985694885254
1049,2,2,0.9999996423721313
1050,2,2,0.6045402884483337
1051,4,4,0.9998854398727417
1052,8,8,0.9999994039535522
1053,2,2,0.9999843835830688
1054,1,1,0.9907446503639221
1055,7,7,0.9999463558197021
1056,2,2,0.9952647686004639
1057,4,4,0.9999815225601196
1058,9,9,0.9998383522033691
1059,4,4,0.9999992847442627
1060,4,4,0.9999984502792358
1061,0,0,0.9998732805252075
1062,3,3,0.9989796280860901
1063,9,9,0.9998569488525391
1064,2,2,0.9999662637710571
1065,2,2,0.9999929666519165
1066,3,3,0.9988217949867249
1067,3,3,0.9999790191650391
1068,8,8,0.9819048047065735
1069,3,3,0.9999488592147827
1070,5,5,0.9999998807907104
1071,7,7,0.9997662901878357
1072,3,3,0.9613797068595886
1073,5,5,0.9999872446060181
1074,8,8,1.0
1075,1,1,0.9940997362136841
1076,2,2,0.9995741248130798
1077,4,4,0.9997314810752869
1078,4,4,0.9999663829803467
1079,6,6,0.9995972514152527
1080,4,4,0.9993143081665039
1081,9,9,0.9983385801315308
1082,5,5,0.9998144507408142
1083,1,1,0.9970353841781616
1084,0,0,0.9999967813491821
1085,6,6,0.9999914169311523
1086,9,9,0.9992583394050598
1087,5,5,0.9999961853027344
1088,9,9,0.9999839067459106
1089,5,5,0.9999781847000122
1090,9,9,0.952075719833374
1091,7,7,0.99991774559021
1092,3,3,0.9999971389770508
1093,8,8,0.9998699426651001
1094,0,0,0.9999891519546509
1095,3,3,0.9999984502792358
1096,7,7,0.9999979734420776
1097,1,1,0.9959457516670227
1098,3,3,0.999997615814209
1099,6,6,0.9997780919075012
1100,7,7,0.9999090433120728
1101,8,8,0.9991014003753662
1102,5,5,1.0
1103,9,9,0.9998018145561218
1104,7,7,0.9998912811279297
1105,9,9,0.9999878406524658
1106,6,6,0.9999998807907104
1107,9,9,0.9900972843170166
1108,6,6,0.9997871518135071
1109,3,3,0.9999996423721313
1110,7,7,0.9998314380645752
1111,4,4,0.9999814033508301
1112,4,6,0.590878963470459
1113,5,5,0.9999998807907104
1114,3,3,0.9869298934936523
1115,5,5,0.9999938011169434
1116,4,4,0.9998557567596436
1117,7,7,0.9999479055404663
1118,8,8,0.9958410859107971
1119,7,7,0.9970581531524658
1120,8,8,0.999980092048645
1121,0,0,0.9994240999221802
1122,7,7,0.9939910769462585
1123,6,6,0.9999988079071045
1124,8,8,0.9987756609916687
1125,8,8,0.9999978542327881
1126,7,7,0.9999982118606567
1127,3,3,0.9999818801879883
1128,3,3,0.9998171925544739
1129,1,1,0.9995183944702148
1130,9,9,0.9994823932647705
1131,5,5,0.9999706745147705
1132,2,2,0.9999961853027344
1133,7,7,0.9992383718490601
1134,3,3,0.9999998807907104
1135,5,5,0.9999042749404907
1136,1,1,0.9996562004089355
1137,1,1,0.9901862144470215
1138,2,2,0.9752625823020935
1139,1,1,0.999537467956543
1140,4,4,0.9999949932098389
1141,7,7,0.9998120665550232
1142,4,4,0.9999969005584717
1143,7,7,0.9907783269882202
1144,5,5,0.9999991655349731
1145,4,4,0.9999985694885254
1146,5,5,0.9999747276306152
1147,4,4,0.9995506405830383
1148,0,0,0.9999994039535522
1149,8,8,0.9999971389770508
1150,3,3,0.999997615814209
1151,6,6,0.9944450259208679
1152,9,9,0.9993177652359009
1153,6,6,0.9944254159927368
1154,0,0,0.9999992847442627
1155,2,2,0.9999713897705078
1156,7,7,0.9975257515907288
1157,4,4,0.9999719858169556
1158,4,4,1.0
1159,4,4,0.9998792409896851
1160,4,4,0.999997615814209
1161,6,6,0.9999889135360718
1162,6,6,0.999996542930603
1163,4,4,0.9999949932098389
1164,7,7,0.9998490810394287
1165,9,9,0.9990777969360352
1166,3,3,0.9943788647651672
1167,4,4,0.9924094676971436
1168,5,5,0.9999959468841553
1169,5,5,0.9997058510780334
1170,8,8,0.9999995231628418
1171,7,7,0.9997199177742004
1172,3,3,0.9999995231628418
1173,7,7,0.9989385008811951
1174,2,2,0.9999995231628418
1175,7,7,0.9999216794967651
1176,0,0,0.9999982118606567
1177,2,2,0.999921441078186
1178,4,4,0.983540952205658
1179,1,1,0.99795001745224
1180,1,1,0.9992545247077942
1181,6,6,0.9986225366592407
1182,6,6,0.7408962249755859
1183,9,9,0.999056875705719
1184,2,2,0.9981858134269714
1185,8,8,0.9999457597732544
1186,7,7,0.9999988079071045
1187,2,2,0.9999278783798218
1188,0,0,0.9999967813491821
1189,1,1,0.995335042476654
1190,5,5,0.9999996423721313
1191,0,0,0.9819262623786926
1192,9,9,0.7599380612373352
1193,1,1,0.9997079968452454
1194,7,7,0.921355664730072
1195,0,0,0.9999985694885254
1196,6,6,0.9999922513961792
1197,0,0,0.9994196891784668
1198,8,8,0.9987736344337463
1199,6,6,0.9999895095825195
1200,8,8,0.999005138874054
1201,1,1,0.9940903782844543
1202,8,8,0.9982847571372986
1203,0,0,0.9999991655349731
1204,3,3,0.9999809265136719
1205,3,3,1.0
1206,7,7,0.9966095685958862
1207,2,2,0.9999996423721313
1208,3,3,0.9992777705192566
1209,6,6,0.9794504046440125
1210,2,2,0.9999971389770508
1211,1,1,0.9999638795852661
1212,6,6,0.9926156997680664
1213,1,1,0.9998108744621277
1214,1,1,0.9996812343597412
1215,3,3,0.999994158744812
1216,7,7,0.9943400025367737
1217,9,9,0.9813901782035828
1218,0,0,0.9999459981918335
1219,8,8,0.9999940395355225
1220,0,0,0.9999949932098389
1221,5,5,0.9999988079071045
1222,4,4,0.9999984502792358
1223,0,0,0.9999947547912598
1224,2,2,0.9967652559280396
1225,8,8,0.9999995231628418
1226,7,7,0.7769783735275269
1227,2,2,0.9999439716339111
1228,9,9,0.9977039694786072
1229,8,8,0.999764621257782
1230,4,4,0.9999864101409912
1231,0,0,0.9999804496765137
1232,9,4,0.9732537269592285
1233,5,5,0.9999924898147583
1234,8,8,0.9998377561569214
1235,5,5,0.9998461008071899
1236,1,1,0.998786985874176
1237,2,2,0.9999977350234985
1238,1,1,0.9993807077407837
1239,3,3,0.9990726709365845
1240,1,1,0.9984304308891296
1241,7,7,0.9998512268066406
1242,4,4,0.6563416719436646
1243,5,5,0.9999561309814453
1244,7,7,0.9983689188957214
1245,2,2,0.9999997615814209
1246,0,0,0.9999696016311646
1247,9,5,0.919160783290863
1248,8,8,0.9991785883903503
1249,8,8,0.9999973773956299
1250,6,6,0.9963222742080688
1251,2,2,0.9999974966049194
1252,5,5,0.9999912977218628
1253,4,4,1.0
1254,1,1,0.9994025230407715
1255,9,9,0.9998407363891602
1256,2,2,0.9493574500083923
1257,1,1,0.9995682835578918
1258,5,5,0.9994939565658569
1259,8,8,0.9988023042678833
1260,7,7,0.8892691135406494
1261,0,0,0.999998927116394
1262,2,2,0.9999431371688843
1263,4,4,0.999985933303833
1264,4,4,0.9996684789657593
1265,3,3,0.9999961853027344
1266,6,6,0.9999998807907104
1267,8,8,0.9999997615814209
1268,8,8,0.9999990463256836
1269,2,2,0.9999191761016846
1270,4,4,0.994125247001648
1271,0,0,1.0
1272,5,5,0.9999991655349731
1273,0,0,0.9993552565574646
1274,4,4,0.9515724778175354
1275,4,4,0.9989553689956665
1276,7,7,0.999997615814209
1277,9,9,0.9999651908874512
1278,3,3,0.9999998807907104
1279,4,4,0.9999129772186279
1280,1,1,0.99946528673172
1281,5,5,0.9998384714126587
1282,9,9,0.9991389513015747
1283,7,7,0.9979526996612549
1284,3,3,1.0
1285,5,5,0.999998927116394
1286,8,8,0.9999750852584839
1287,8,8,0.9999184608459473
1288,0,0,0.9998643398284912
1289,5,5,0.9960774779319763
1290,3,3,0.7794117331504822
1291,3,3,0.9999966621398926
1292,6,6,0.9987175464630127
1293,6,6,0.9999988079071045
1294,0,0,0.9999997615814209
1295,1,1,0.9999018907546997
1296,6,6,0.9649360775947571
1297,0,0,0.9999998807907104
1298,3,3,0.9999939203262329
1299,5,5,0.9654284715652466
1300,4,4,0.9999771118164062
1301,4,4,0.9996961355209351
1302,1,1,0.9988130331039429
1303,2,2,0.9999823570251465
1304,9,9,0.9999691247940063
1305,1,1,0.9999178647994995
1306,4,4,0.9999997615814209
1307,6,6,0.9999994039535522
1308,9,9,0.9999940395355225
1309,9,9,0.9999666213989258
1310,3,3,0.9901401400566101
1311,9,9,0.99677973985672
1312,8,8,0.9999597072601318
1313,4,4,0.9999017715454102
1314,4,4,0.9999914169311523
1315,3,3,0.9999895095825195
1316,1,1,0.9997746348381042
1317,3,3,0.9999997615814209
1318,1,1,0.9998207688331604
1319,8,8,0.9957635402679443
1320,8,8,0.9997814297676086
1321,7,7,0.9994128942489624
1322,9,9,0.9998743534088135
1323,4,4,0.9999946355819702
1324,8,8,0.9998617172241211
1325,8,8,0.9994128942489624
1326,7,7,0.9680115580558777
1327,9,9,0.999599277973175
1328,7,7,0.9805533289909363
1329,1,1,0.9981200098991394
1330,4,4,0.9996591806411743
1331,5,5,0.9996793270111084
1332,6,6,0.9999966621398926
1333,0,0,1.0
1334,5,5,0.9999943971633911
1335,2,2,0.999886155128479
1336,2,2,0.9997050166130066
1337,2,2,0.9994694590568542
1338,1,1,0.9987012147903442
1339,5,5,0.9999294281005859
1340,5,5,0.9999979734420776
1341,2,2,0.9999980926513672
1342,4,4,0.9999996423721313
1343,9,9,0.9990289211273193
1344,6,6,0.9934784173965454
1345,2,2,0.9992927312850952
1346,7,7,0.9997101426124573
1347,7,7,0.9997108578681946
1348,2,2,0.9999880790710449
1349,2,2,0.996427595615387
1350,1,1,0.9997219443321228
1351,1,1,0.9996780157089233
1352,2,2,0.9995377063751221
1353,8,8,0.9999982118606567
1354,3,3,0.9999858140945435
1355,7,7,0.9893503785133362
1356,2,2,0.9976758360862732
1357,4,4,0.9896132349967957
1358,1,1,0.9991550445556641
1359,7,7,0.9998824596405029
1360,1,1,0.9957536458969116
1361,7,7,0.9999686479568481
1362,6,6,1.0
1363,7,7,0.9993422627449036
1364,8,8,0.7731146216392517
1365,2,2,0.9997547268867493
1366,7,7,0.9988895058631897
1367,3,3,1.0
1368,1,1,0.9958756566047668
1369,7,7,0.9999998807907104
1370,5,5,0.9999878406524658
1371,8,8,1.0
1372,2,2,0.9997335076332092
1373,6,6,0.9999998807907104
1374,2,2,0.9999986886978149
1375,2,2,0.9999717473983765
1376,5,5,0.9999998807907104
1377,6,6,0.9999992847442627
1378,5,5,0.9999433755874634
1379,0,0,0.9999996423721313
1380,9,9,0.9999667406082153
1381,2,2,0.9999867677688599
1382,4,4,1.0
1383,3,3,0.9999886751174927
1384,3,3,0.9999829530715942
1385,9,9,0.9784128069877625
1386,7,7,0.9999823570251465
1387,6,6,0.9999995231628418
1388,6,6,0.9999994039535522
1389,8,8,0.9999994039535522
1390,0,0,0.9999992847442627
1391,4,4,0.9999874830245972
1392,1,1,0.9969289898872375
1393,5,5,0.7047266364097595
1394,8,8,0.9980411529541016
1395,2,2,0.9682928919792175
1396,9,9,0.9999431371688843
1397,1,1,0.9989529848098755
1398,8,8,0.9995905756950378
1399,0,0,0.999987006187439
1400,6,6,0.9994081258773804
1401,7,7,0.9999209642410278
1402,2,2,0.9832760095596313
1403,1,1,0.7296647429466248
1404,0,0,0.9999663829803467
1405,5,5,0.9999520778656006
1406,5,5,0.9999823570251465
1407,2,2,0.9999998807907104
1408,0,0,0.9999372959136963
1409,2,2,0.9976580142974854
1410,2,2,0.9999971389770508
1411,0,0,0.9993971586227417
1412,2,2,0.9992351531982422
1413,4,4,0.9949603080749512
1414,9,9,0.9384306073188782
1415,8,8,0.9944612979888916
1416,0,0,0.9999982118606567
1417,9,9,0.9993630051612854
1418,9,9,0.9997875094413757
1419,4,4,0.9999979734420776
1420,6,6,0.9999738931655884
1421,5,5,0.9999991655349731
1422,4,4,0.9999847412109375
1423,9,9,0.9990203380584717
1424,1,1,0.9994972944259644
1425,8,8,0.5417917966842651
1426,3,3,1.0
1427,4,4,0.9998760223388672
1428,9,9,0.9976682066917419
1429,9,9,0.9765951037406921
1430,1,1,0.999559223651886
1431,2,2,0.999606192111969
1432,2,2,0.9999457597732544
1433,8,8,0.9993088245391846
1434,1,1,0.9998996257781982
1435,9,9,0.986434817314148
1436,6,6,0.9803726077079773
1437,4,4,0.999940037727356
1438,0,0,0.962755024433136
1439,9,9,0.9981253743171692
1440,4,4,0.9894298911094666
1441,8,8,0.9772870540618896
1442,3,3,0.9999977350234985
1443,8,8,0.9999985694885254
1444,6,6,0.9999359846115112
1445,0,0,0.9999926090240479
1446,2,2,0.9999468326568604
1447,5,5,0.9988846182823181
1448,1,1,0.9998598098754883
1449,9,9,0.9999914169311523
1450,6,6,0.9999998807907104
1451,2,2,0.9997654557228088
1452,9,9,0.9999982118606567
1453,4,4,0.982092022895813
1454,0,0,0.9999899864196777
1455,9,9,0.9975323677062988
1456,6,6,0.9999997615814209
1457,0,0,0.9999997615814209
1458,6,6,0.9999995231628418
1459,2,3,0.7793897986412048
1460,5,5,1.0
1461,4,4,0.9999991655349731
1462,2,2,0.9166995882987976
1463,3,3,0.9999791383743286
1464,8,8,0.9999089241027832
1465,4,4,0.9997546076774597
1466,5,5,0.9978294968605042
1467,5,5,0.999992847442627
1468,0,0,0.9999903440475464
1469,3,3,0.999920129776001
1470,8,8,0.9999727010726929
1471,5,5,0.9999960660934448
1472,3,3,0.9999728202819824
1473,5,5,0.9999984502792358
1474,8,8,0.9998452663421631
1475,6,6,0.9993875026702881
1476,5,5,0.9997630715370178
1477,7,7,0.9999860525131226
1478,6,6,0.9999638795852661
1479,3,3,1.0
1480,3,3,1.0
1481,9,9,0.9999003410339355
1482,6,6,0.9997779726982117
1483,1,1,0.9961816072463989
1484,1,1,0.9968453049659729
1485,2,2,1.0
1486,9,9,0.9995146989822388
1487,0,0,0.999974250793457
1488,4,4,0.9999997615814209
1489,3,3,0.9999967813491821
1490,3,3,0.9999828338623047
1491,6,6,0.9999996423721313
1492,9,9,0.9998303651809692
1493,5,5,0.9999991655349731
1494,7,7,0.9997629523277283
1495,3,3,0.9995515942573547
1496,7,7,0.9777371287345886
1497,7,7,0.9999984502792358
1498,7,7,0.9999986886978149
1499,8,8,0.9999872446060181
1500,7,7,0.9709389805793762
1501,9,9,0.9994631409645081
1502,8,8,0.9708572030067444
1503,3,3,0.999980092048645
1504,0,0,0.9999792575836182
1505,7,7,0.9977951049804688
1506,2,2,0.9999998807907104
1507,7,7,0.998788058757782
1508,9,9,0.9764159321784973
1509,4,4,0.995051920413971
1510,5,5,0.9999991655349731
1511,4,4,0.9999978542327881
1512,9,9,0.9991889595985413
1513,3,3,0.9999749660491943
1514,2,2,0.9994262456893921
1515,1,1,0.9997941851615906
1516,4,4,0.9952753782272339
1517,0,0,0.9999995231628418
1518,2,2,0.9994452595710754
1519,3,3,0.9999990463256836
1520,7,7,0.9999592304229736
1521,5,5,0.9999995231628418
1522,7,7,0.6740193367004395
1523,8,8,0.9985150694847107
1524,8,8,0.9999986886978149
1525,5,5,0.9999626874923706
1526,0,0,0.9999947547912598
1527,1,5,0.46586865186691284
1528,1,1,0.9991399049758911
1529,4,4,1.0
1530,8,8,0.854878306388855
1531,3,3,0.9800975918769836
1532,9,9,0.9994871616363525
1533,0,0,0.9948457479476929
1534,0,0,0.9999455213546753
1535,0,0,0.9999942779541016
1536,6,6,0.9999995231628418
1537,6,6,0.9999983310699463
1538,2,2,0.9999674558639526
1539,3,3,0.9999986886978149
1540,7,7,0.9998990297317505
1541,8,8,0.9999890327453613
1542,4,4,0.9999988079071045
1543,7,7,0.9668781757354736
1544,7,7,0.9999997615814209
1545,9,9,0.9999923706054688
1546,2,2,0.9975161552429199
1547,4,4,0.9993922710418701
1548,1,1,0.9944655299186707
1549,4,4,0.9995779395103455
1550,5,5,0.9999967813491821
1551,2,2,0.9996891021728516
1552,4,4,0.9997590184211731
1553,9,9,0.9246600866317749
1554,9,9,0.9816287755966187
1555,1,1,0.9998961687088013
1556,8,8,0.9999998807907104
1557,4,4,0.9995131492614746
1558,0,0,0.9997715353965759
1559,9,9,0.7425629496574402
1560,8,8,0.9999996423721313
1561,4,4,0.999819815158844
1562,8,8,0.9999269247055054
1563,7,7,0.9999181032180786
1564,7,7,0.999864935874939
1565,0,0,0.9999953508377075
1566,7,7,0.9981555342674255
1567,8,8,1.0
1568,8,8,0.999591052532196
1569,6,6,0.9999507665634155
1570,0,0,0.9979244470596313
1571,4,4,0.9998914003372192
1572,8,8,0.9999890327453613
1573,8,8,0.9999889135360718
1574,2,2,1.0
1575,4,4,0.9999969005584717
1576,7,7,0.9996336698532104
1577,6,6,0.999998927116394
1578,6,6,0.9999992847442627
1579,6,6,0.9970608353614807
1580,4,4,0.9999473094940186
1581,7,7,0.9967701435089111
1582,1,1,0.999056875705719
1583,8,8,0.9997703433036804
1584,8,8,0.987149178981781
1585,2,2,0.9999852180480957
1586,3,3,0.9999929666519165
1587,6,6,0.999373733997345
1588,3,3,1.0
1589,0,0,0.9999996423721313
1590,0,0,0.9999996423721313
1591,3,3,0.9999736547470093
1592,7,7,0.9999904632568359
1593,6,6,0.9999353885650635
1594,9,9,0.9967586398124695
1595,7,7,0.9942518472671509
1596,9,9,0.9989919066429138
1597,9,9,0.8794543743133545
1598,5,5,1.0
1599,4,4,0.9999984502792358
1600,3,3,0.9997897744178772
1601,3,3,0.9999934434890747
1602,6,6,0.9999337196350098
1603,1,1,0.9992190599441528
1604,2,2,0.9997854828834534
1605,3,3,0.9999996423721313
1606,7,7,0.999957799911499
1607,3,3,0.9996249675750732
1608,3,3,1.0
1609,2,2,0.9978038668632507
1610,0,0,0.9999998807907104
1611,3,3,0.872569739818573
1612,3,3,0.9999512434005737
1613,8,8,0.9999724626541138
1614,4,4,0.9999170303344727
1615,3,3,0.9999992847442627
1616,6,6,0.9999953508377075
1617,3,3,0.9998691082000732
1618,5,5,0.9985758066177368
1619,0,0,0.9999842643737793
1620,2,2,0.9988706707954407
1621,0,6,0.7390254139900208
1622,9,9,0.9999901056289673
1623,0,0,0.9999997615814209
1624,7,7,0.9999699592590332
1625,4,4,1.0
1626,6,6,0.9991124272346497
1627,9,9,0.999991774559021
1628,3,3,0.9999977350234985
1629,5,5,0.999998927116394
1630,1,1,0.998893678188324
1631,9,9,0.9991446733474731
1632,6,6,0.9999771118164062
1633,1,1,0.9998685121536255
1634,4,4,0.9836785197257996
1635,5,5,0.9999899864196777
1636,4,4,0.9999134540557861
1637,5,5,0.99936443567276
1638,0,0,0.9999977350234985
1639,5,5,0.9999995231628418
1640,9,9,0.9999678134918213
1641,5,5,0.9844450354576111
1642,2,2,0.9999479055404663
1643,1,1,0.9994518160820007
1644,2,2,0.9989638328552246
1645,9,9,0.9998860359191895
1646,1,1,0.9999420642852783
1647,9,9,0.999372661113739
1648,9,9,0.9998712539672852
1649,4,4,0.9998856782913208
1650,0,0,0.9995133876800537
1651,8,8,0.9999977350234985
1652,4,4,0.9999723434448242
1653,5,5,0.9999994039535522
1654,2,2,0.9860637784004211
1655,9,9,0.9995980858802795
1656,2,2,0.9999728202819824
1657,1,1,0.9987187385559082
1658,2,2,0.9999853372573853
1659,1,1,0.9998038411140442
1660,7,7,0.9990729093551636
1661,3,3,0.9999984502792358
1662,6,6,0.9999994039535522
1663,8,8,0.9999994039535522
1664,8,8,0.9999909400939941
1665,4,4,0.9993506073951721
1666,9,9,0.9997382760047913
1667,1,1,0.9996699094772339
1668,9,9,0.9997642636299133
1669,8,8,0.9999418258666992
1670,5,5,0.9999935626983643
1671,7,7,0.9996551275253296
1672,5,5,0.9998581409454346
1673,1,1,0.9803072810173035
1674,1,1,0.9989757537841797
1675,8,8,0.999998927116394
1676,6,6,0.7869912385940552
1677,5,5,0.9999904632568359
1678,2,2,0.9956015348434448
1679,4,4,0.9999983310699463
1680,4,4,0.9998337030410767
1681,3,3,0.7946999073028564
1682,2,2,0.9999496936798096
1683,3,3,0.9999994039535522
1684,5,5,0.99998939037323
1685,6,6,0.9999994039535522
1686,8,8,0.9892355799674988
1687,8,8,0.9993792772293091
1688,6,6,0.9983980059623718
1689,2,2,0.9959220886230469
1690,3,3,0.9999980926513672
1691,1,1,0.8142273426055908
1692,0,0,0.9999994039535522
1693,5,5,0.9999779462814331
1694,8,8,0.9622412919998169
1695,9,9,0.9732465744018555
1696,2,2,0.9995561242103577
1697,9,9,0.9902744293212891
1698,6,6,1.0
1699,7,7,0.9999983310699463
1700,0,0,0.9999994039535522
1701,4,4,0.9984585046768188
1702,8,8,0.9969410300254822
1703,7,7,0.9990692734718323
1704,1,1,0.9998645782470703
1705,7,7,0.9999363422393799
1706,4,4,0.9998494386672974
1707,1,1,0.9990780353546143
1708,0,0,0.9999762773513794
1709,9,5,0.7398965358734131
1710,7,7,0.9993183612823486
1711,2,2,0.9998416900634766
1712,0,0,0.9999997615814209
1713,0,0,0.999997615814209
1714,9,9,0.9982446432113647
1715,1,1,0.9987255930900574
1716,7,7,0.9239206314086914
1717,8,8,0.9995644688606262
1718,7,7,0.9997305274009705
1719,8,8,1.0
1720,4,4,0.9999998807907104
1721,7,7,0.9772687554359436
1722,2,2,0.989591658115387
1723,0,0,1.0
1724,4,4,0.999998927116394
1725,6,6,0.9979051351547241
1726,0,0,0.9999991655349731
1727,3,3,0.9999946355819702
1728,1,1,0.9986245632171631
1729,1,1,0.9998898506164551
1730,3,3,0.9801417589187622
1731,3,3,1.0
1732,9,9,0.9978245496749878
1733,6,6,0.9999656677246094
1734,7,7,0.9999996423721313
1735,4,4,0.9982896447181702
1736,1,1,0.9981828331947327
1737,5,5,0.763128936290741
1738,3,3,0.9999995231628418
1739,0,0,0.9999978542327881
1740,8,8,0.9999958276748657
1741,7,7,0.9997695088386536
1742,3,3,0.9999996423721313
1743,9,9,0.9997913241386414
1744,6,6,0.9999946355819702
1745,9,9,0.9999698400497437
1746,3,3,0.9999774694442749
1747,5,5,0.9987057447433472
1748,0,0,0.9998884201049805
1749,2,2,0.9996022582054138
1750,7,7,0.9999334812164307
1751,4,4,0.9976490139961243
1752,5,5,0.9999982118606567
1753,1,1,0.9995133876800537
1754,7,7,0.9871557950973511
1755,5,5,0.9998966455459595
1756,8,8,0.9999762773513794
1757,0,0,0.9999892711639404
1758,8,8,0.9999998807907104
1759,8,8,0.9998028874397278
1760,1,1,0.997526228427887
1761,5,5,0.9999231100082397
1762,0,0,0.9999899864196777
1763,3,3,0.9999843835830688
1764,0,0,0.9999984502792358
1765,3,3,0.9998880624771118
1766,1,1,0.9995893836021423
1767,4,4,0.9998144507408142
1768,0,0,0.999995231628418
1769,3,3,0.999975323677063
1770,7,7,0.9999715089797974
1771,2,2,0.9997904896736145
1772,7,7,1.0
1773,1,1,0.8103507161140442
1774,8,8,0.9971556663513184
1775,0,0,0.9999774694442749
1776,7,7,0.999098539352417
1777,0,0,0.9999645948410034
1778,4,4,0.999994158744812
1779,3,3,0.9999568462371826
1780,1,1,0.9978907704353333
1781,9,9,0.9996355772018433
1782,8,8,0.9769733548164368
1783,7,7,0.9999712705612183
1784,7,7,0.9999370574951172
1785,1,1,0.9985992312431335
1786,4,4,0.9999685287475586
1787,9,9,0.9999872446060181
1788,9,9,0.9997344613075256
1789,3,3,0.9999442100524902
1790,2,7,0.44260475039482117
1791,1,1,0.999492883682251
1792,7,7,0.9999910593032837
1793,9,9,0.9999992847442627
1794,0,0,0.9987068176269531
1795,2,2,0.9999998807907104
1796,0,0,0.9999252557754517
1797,3,3,0.999948263168335
1798,3,3,0.9999974966049194
1799,7,7,0.9999363422393799
1800,6,6,0.999874472618103
1801,9,9,0.9997602105140686
1802,2,2,0.9997723698616028
1803,3,3,0.9999998807907104
1804,3,3,1.0
1805,7,7,0.9999961853027344
1806,7,7,0.999014139175415
1807,0,0,0.9999969005584717
1808,0,0,0.9873895645141602
1809,7,7,0.9882899522781372
1810,5,5,0.9999990463256836
1811,2,2,0.9978588223457336
1812,9,9,0.9999499320983887
1813,8,8,0.9979793429374695
1814,7,7,0.9999489784240723
1815,4,4,0.9999971389770508
1816,4,4,0.9985197186470032
1817,2,2,0.9999417066574097
1818,6,6,0.9999321699142456
1819,6,6,0.9984885454177856
1820,1,1,0.9999263286590576
1821,9,9,0.9999923706054688
1822,6,6,0.9994195699691772
1823,8,8,0.9898528456687927
1824,2,2,0.9999500513076782
1825,9,9,0.9972140192985535
1826,0,0,0.9999988079071045
1827,8,8,0.9999908208847046
1828,3,3,0.9999097585678101
1829,1,1,0.9985818862915039
1830,1,1,0.9991769194602966
1831,6,6,0.9999746084213257
1832,3,3,0.9999996423721313
1833,5,5,0.9997677206993103
1834,1,1,0.9998655319213867
1835,1,1,0.9989367127418518
1836,1,1,0.9995521903038025
1837,3,3,0.9999988079071045
1838,1,1,0.9998204112052917
1839,2,2,0.9973067045211792
1840,3,3,0.9999970197677612
1841,0,0,0.9999854564666748
1842,2,2,0.9930226802825928
1843,0,0,0.9993405938148499
1844,1,1,0.998205304145813
1845,3,3,0.9999997615814209
1846,5,5,0.999833345413208
1847,5,5,0.9986391663551331
1848,7,7,0.9999352693557739
1849,4,4,0.9992446899414062
1850,8,8,0.9998854398727417
1851,9,9,0.9988887906074524
1852,6,6,0.9997633099555969
1853,9,9,0.9966259002685547
1854,6,6,0.9999332427978516
1855,8,8,0.9993427395820618
1856,3,3,0.9999959468841553
1857,6,6,0.9999994039535522
1858,6,6,0.9999995231628418
1859,8,8,0.99845290184021
1860,5,5,0.9999712705612183
1861,1,1,0.9949663281440735
1862,4,4,0.9967454671859741
1863,2,2,0.9999997615814209
1864,4,4,0.9998699426651001
1865,4,4,0.9996602535247803
1866,5,5,0.9999648332595825
1867,1,1,0.9996222257614136
1868,1,1,0.9745469689369202
1869,9,9,0.9993002414703369
1870,0,0,0.9999998807907104
1871,2,2,0.9884981513023376
1872,4,4,0.9999808073043823
1873,9,9,0.999998927116394
1874,5,5,0.9999408721923828
1875,7,7,0.9999994039535522
1876,1,1,0.9998786449432373
1877,8,8,0.9999147653579712
1878,8,8,0.5544527769088745
1879,5,5,0.9999552965164185
1880,6,6,0.9995042085647583
1881,9,9,0.9998005032539368
1882,8,8,0.9999973773956299
1883,7,7,0.9998196959495544
1884,1,1,0.999797523021698
1885,1,1,0.998103141784668
1886,6,6,0.9999181032180786
1887,7,7,0.999995231628418
1888,6,6,0.9883037805557251
1889,3,3,0.999998927116394
1890,2,2,1.0
1891,2,2,0.9999998807907104
1892,0,0,1.0
1893,8,8,0.9999938011169434
1894,9,9,0.9958394765853882
1895,2,2,0.9991292357444763
1896,5,5,1.0
1897,1,1,0.9997321963310242
1898,0,0,0.9880027770996094
1899,8,8,0.9999798536300659
1900,1,1,0.9721121191978455
1901,9,4,0.7243893146514893
1902,5,5,0.9999964237213135
1903,7,7,0.9946103096008301
1904,9,9,0.9995099306106567
1905,6,6,0.9999995231628418
1906,9,9,0.9993340373039246
1907,0,0,0.999985933303833
1908,6,6,0.9999524354934692
1909,1,1,0.9885504841804504
1910,5,5,0.9999651908874512
1911,5,5,0.9865532517433167
1912,8,8,0.9992647767066956
1913,3,3,0.9999961853027344
1914,8,8,0.9999979734420776
1915,2,2,0.9920028448104858
1916,6,6,0.9976188540458679
1917,5,5,0.9999996423721313
1918,0,0,0.9999959468841553
1919,7,7,0.9999788999557495
1920,4,4,0.9997319579124451
1921,6,6,0.9999998807907104
1922,1,1,0.9994637370109558
1923,3,3,1.0
1924,4,4,0.9995138645172119
1925,7,7,0.9996559619903564
1926,3,3,0.9999831914901733
1927,2,2,0.9992141723632812
1928,3,3,0.9999927282333374
1929,4,4,0.9995537400245667
1930,2,2,1.0
1931,5,5,0.9999573230743408
1932,2,2,0.9999364614486694
1933,7,7,0.9999791383743286
1934,1,1,0.9988151788711548
1935,7,7,0.9996857643127441
1936,2,2,0.9999990463256836
1937,6,6,0.9999253749847412
1938,4,4,0.9989374279975891
1939,1,1,0.9995703101158142
1940,5,5,0.9987590312957764
1941,7,7,0.9932307004928589
1942,8,8,0.9998680353164673
1943,6,6,0.9998071789741516
1944,0,0,0.9997166991233826
1945,1,1,0.9995737671852112
1946,8,8,0.999998927116394
1947,2,2,0.9986454844474792
1948,5,5,0.9999735355377197
1949,7,7,0.9867027997970581
1950,7,7,0.9999449253082275
1951,6,6,0.9998791217803955
1952,9,9,0.9948659539222717
1953,3,3,0.9999858140945435
1954,5,5,0.9998973608016968
1955,8,8,0.9993914365768433
1956,4,4,0.9799907207489014
1957,2,2,0.9999996423721313
1958,4,4,0.9999998807907104
1959,0,0,0.9999282360076904
1960,8,8,0.999996542930603
1961,8,8,0.99989914894104
1962,3,3,0.9999990463256836
1963,4,4,0.9898661971092224
1964,9,9,0.998831570148468
1965,2,2,0.9972375631332397
1966,7,7,0.9999998807907104
1967,5,5,0.9999997615814209
1968,8,8,0.9938791990280151
1969,6,6,0.9986116886138916
1970,5,5,0.9999988079071045
1971,6,6,0.99998939037323
1972,0,0,0.9999996423721313
1973,8,8,0.9999407529830933
1974,6,6,0.9999988079071045
1975,7,7,0.999974250793457
1976,3,3,0.994362473487854
1977,6,6,0.9999129772186279
1978,4,4,0.999911904335022
1979,9,9,0.9998958110809326
1980,4,4,0.9999990463256836
1981,6,6,0.9998151659965515
1982,6,6,0.9882442951202393
1983,3,3,0.999975323677063
1984,2,2,0.9999558925628662
1985,4,4,0.9999972581863403
1986,1,1,0.9987456798553467
1987,0,0,0.9999909400939941
1988,1,1,0.9945136308670044
1989,4,4,0.998913049697876
1990,6,6,0.9998651742935181
1991,2,2,0.9999843835830688
1992,9,9,0.8218091130256653
1993,1,1,0.9976123571395874
1994,1,1,0.9976018071174622
1995,0,0,0.9999994039535522
1996,6,6,0.9999376535415649
1997,3,3,0.9999997615814209
1998,9,9,0.994976818561554
1999,5,5,0.9999128580093384
2000,6,6,0.9996249675750732
2001,5,5,0.9999972581863403
2002,6,6,0.9999451637268066
2003,5,5,0.9999972581863403
2004,8,8,0.9999489784240723
2005,4,4,0.9998680353164673
2006,6,6,0.9997637867927551
2007,4,4,0.9999998807907104
2008,3,3,0.9999966621398926
2009,9,9,0.9994229078292847
2010,1,1,0.9990139007568359
2011,3,3,0.9999983310699463
2012,4,4,0.9998668432235718
2013,1,1,0.9986913800239563
2014,9,9,0.9994059801101685
2015,1,1,0.9993734955787659
2016,7,7,0.9996422529220581
2017,1,1,0.999174177646637
2018,1,7,0.6834319233894348
2019,9,9,0.9997350573539734
2020,3,3,0.9999998807907104
2021,5,5,0.9999997615814209
2022,4,4,0.9982798099517822
2023,0,0,0.9652706384658813
2024,7,7,0.988613486289978
2025,3,3,0.9941498041152954
2026,6,6,0.9999985694885254
2027,1,1,0.9863302111625671
2028,7,7,0.9923204779624939
2029,5,5,0.9994847774505615
2030,5,5,0.9999985694885254
2031,3,3,1.0
2032,3,3,0.9999995231628418
2033,0,0,0.999982476234436
2034,1,1,0.9982998967170715
2035,5,3,0.9024270176887512
2036,7,7,0.9999853372573853
2037,5,5,0.9999955892562866
2038,8,8,0.9998536109924316
2039,6,6,0.9999992847442627
2040,5,5,0.6021115183830261
2041,1,1,0.9983556866645813
2042,0,0,0.9999998807907104
2043,4,4,0.5516602396965027
2044,2,2,0.9980455636978149
2045,3,3,0.9999961853027344
2046,4,4,0.9999884366989136
2047,6,6,0.999997615814209
2048,7,7,0.992060661315918
2049,9,9,0.9914156794548035
2050,8,8,0.9999933242797852
2051,1,1,0.9995744824409485
2052,8,8,0.9758599400520325
2053,4,4,0.9720280766487122
2054,9,9,0.9994246959686279
2055,2,2,0.9991928935050964
2056,8,8,0.9999440908432007
2057,6,6,0.9999991655349731
2058,2,2,0.9958376884460449
2059,7,7,0.9953191876411438
2060,0,0,0.9993129968643188
2061,0,0,0.9999600648880005
2062,6,6,0.9999998807907104
2063,7,7,0.9733036160469055
2064,5,5,0.9999991655349731
2065,8,8,0.9999514818191528
2066,6,6,0.9998894929885864
2067,0,0,0.9998708963394165
2068,9,9,0.9990272521972656
2069,3,3,0.9999994039535522
2070,7,9,0.4996865689754486
2071,1,1,0.9976006150245667
2072,3,3,0.999998927116394
2073,5,5,0.9997236132621765
2074,4,4,0.9999890327453613
2075,3,3,0.9999979734420776
2076,3,3,0.9999998807907104
2077,5,5,0.9999946355819702
2078,5,5,0.9999904632568359
2079,6,6,0.9997524619102478
2080,3,3,0.9999997615814209
2081,0,0,0.999990701675415
2082,2,2,0.9998594522476196
2083,3,3,0.9999971389770508
2084,4,4,0.9982684850692749
2085,2,2,0.9998754262924194
2086,3,3,1.0
2087,0,0,0.9999890327453613
2088,9,9,0.9998912811279297
2089,9,9,0.9993727803230286
2090,4,4,0.9974364638328552
2091,7,7,0.9999997615814209
2092,2,2,0.9999914169311523
2093,8,8,0.9445152282714844
2094,4,4,0.9952470660209656
2095,7,7,0.9999804496765137
2096,0,0,0.9999997615814209
2097,6,6,0.9999387264251709
2098,2,2,0.7658878564834595
2099,8,8,0.9999064207077026
2100,5,5,0.9999922513961792
2101,2,2,0.9998587369918823
2102,8,8,0.9999971389770508
2103,5,5,0.999998927116394
2104,7,7,0.9995092153549194
2105,3,3,0.9934045672416687
2106,0,0,0.9999992847442627
2107,8,8,0.9932388067245483
2108,2,2,0.9993048906326294
2109,3,3,0.6129230260848999
2110,2,2,0.999652624130249
2111,8,8,0.9999986886978149
2112,2,2,0.9999885559082031
2113,5,5,0.9990768432617188
2114,5,5,0.9999988079071045
2115,7,7,0.9999998807907104
2116,6,6,0.9992675185203552
2117,4,4,0.9999995231628418
2118,6,6,0.617402195930481
2119,8,8,0.9999978542327881
2120,4,4,0.9999991655349731
2121,8,8,0.9998677968978882
2122,2,2,0.9997150301933289
2123,7,7,0.9966014623641968
2124,4,4,0.9999998807907104
2125,5,5,0.9997102618217468
2126,2,2,0.9999855756759644
2127,0,0,0.9999890327453613
2128,3,3,0.9999991655349731
2129,9,2,0.7015360593795776
2130,4,9,0.7902746200561523
2131,6,6,0.9991028308868408
2132,7,7,0.9999637603759766
2133,2,2,0.9999663829803467
2134,5,5,0.999994158744812
2135,6,6,0.7462444305419922
2136,1,1,0.9982825517654419
2137,1,1,0.9992890357971191
2138,2,2,0.9975907802581787
2139,3,3,1.0
2140,6,6,0.9999998807907104
2141,7,7,0.9999772310256958
2142,8,8,0.9924966096878052
2143,7,7,0.9998979568481445
2144,6,6,0.9999850988388062
2145,4,4,1.0
2146,8,8,0.9999868869781494
2147,9,9,0.993925154209137
2148,4,4,0.6397174000740051
2149,8,8,0.9994903802871704
2150,6,6,0.9999983310699463
2151,3,3,0.999988317489624
2152,8,8,0.9999904632568359
2153,3,3,0.9999797344207764
2154,1,1,0.9999302625656128
2155,0,0,0.9999819993972778
2156,6,6,0.9999721050262451
2157,2,2,0.9997199177742004
2158,2,2,0.9974428415298462
2159,5,5,0.9999996423721313
2160,6,6,0.9998071789741516
2161,9,9,0.9856407642364502
2162,5,5,0.9967185854911804
2163,8,8,0.9999995231628418
2164,1,1,0.9989455342292786
2165,4,4,0.9999994039535522
2166,1,1,0.9951411485671997
2167,7,7,0.9996474981307983
2168,8,8,0.9998902082443237
2169,4,4,0.9968942403793335
2170,6,6,1.0
2171,1,1,0.9980341792106628
2172,8,8,0.9999949932098389
2173,4,4,0.9999948740005493
2174,3,3,0.9914795160293579
2175,1,1,0.992233157157898
2176,2,2,0.9999966621398926
2177,8,8,0.9999995231628418
2178,0,0,0.9999992847442627
2179,8,8,0.9996280670166016
2180,5,5,0.9999915361404419
2181,9,9,0.9999908208847046
2182,1,3,0.9463730454444885
2183,4,4,0.9999964237213135
2184,2,2,0.9999996423721313
2185,0,0,0.9907863140106201
2186,2,0,0.6406878232955933
2187,7,7,0.9999910593032837
2188,0,0,0.9997203946113586
2189,9,9,0.787105917930603
2190,0,0,0.9999121427536011
2191,2,2,0.9999831914901733
2192,5,5,0.9999890327453613
2193,7,7,0.9999186992645264
2194,6,6,0.9999555349349976
2195,7,7,0.9995288848876953
2196,9,9,0.9998131394386292
2197,4,4,0.9999021291732788
2198,2,2,0.9991876482963562
2199,6,6,0.9979410767555237
2200,2,2,0.9999929666519165
2201,4,4,0.9999985694885254
2202,4,4,0.9999853372573853
2203,8,8,0.9999945163726807
2204,0,0,0.9998854398727417
2205,4,4,0.9999988079071045
2206,4,4,0.9999507665634155
2207,5,5,0.9999998807907104
2208,8,8,0.9999881982803345
2209,0,0,0.9998006224632263
2210,6,6,0.9999693632125854
2211,8,8,0.9999995231628418
2212,9,9,0.9369996190071106
2213,8,8,1.0
2214,5,5,0.9999996423721313
2215,6,6,0.9998651742935181
2216,9,9,0.9993496537208557
2217,0,0,0.9999986886978149
2218,4,4,0.999500036239624
2219,8,8,0.999998927116394
2220,7,7,0.9999992847442627
2221,1,1,0.9975760579109192
2222,3,3,0.9999954700469971
2223,4,4,0.9999949932098389
2224,5,5,0.9993439316749573
2225,8,8,0.9928843975067139
2226,0,0,0.9999955892562866
2227,9,9,0.9997424483299255
2228,1,1,0.998868465423584
2229,3,3,0.9999997615814209
2230,3,3,1.0
2231,6,6,1.0
2232,9,9,0.9970051646232605
2233,8,8,0.9999955892562866
2234,7,7,0.999705970287323
2235,1,1,0.9997640252113342
2236,0,0,0.9999899864196777
2237,5,5,0.9991018772125244
2238,7,7,0.9999557733535767
2239,1,1,0.9986636638641357
2240,7,7,0.9999996423721313
2241,5,5,0.9998652935028076
2242,2,2,0.9994263648986816
2243,7,7,0.9998382329940796
2244,9,9,0.9998453855514526
2245,1,1,0.9701340794563293
2246,8,8,0.9999061822891235
2247,5,5,0.9999998807907104
2248,2,2,0.9981696605682373
2249,4,4,1.0
2250,9,9,0.9997202754020691
2251,4,4,0.999977707862854
2252,7,7,0.9987574815750122
2253,2,2,0.9999905824661255
2254,2,2,0.9999483823776245
2255,3,3,0.9999890327453613
2256,4,4,1.0
2257,9,9,0.99998939037323
2258,1,1,0.9973182082176208
2259,9,9,0.9995738863945007
2260,2,2,1.0
2261,1,1,0.9998667240142822
2262,7,7,0.9996022582054138
2263,9,9,0.9999973773956299
2264,4,4,0.9999994039535522
2265,4,4,0.99989914894104
2266,1,5,0.3257544934749603
2267,6,6,0.9999940395355225
2268,7,7,0.9983353018760681
2269,2,2,0.9999982118606567
2270,7,7,0.9991150498390198
2271,8,8,0.9999922513961792
2272,8,8,0.9999507665634155
2273,1,1,0.999233603477478
2274,9,9,0.999133288860321
2275,7,7,0.9995927214622498
2276,1,1,0.9278424978256226
2277,1,1,0.9981666803359985
2278,7,7,0.9999957084655762
2279,5,5,0.9999967813491821
2280,3,3,0.6526979207992554
2281,3,3,0.9999961853027344
2282,5,5,0.9999676942825317
2283,1,1,0.9996523857116699
2284,3,3,0.9999914169311523
2285,7,7,0.9999985694885254
2286,6,6,0.9999992847442627
2287,1,1,0.9993723034858704
2288,3,3,0.9998944997787476
2289,8,8,0.9999949932098389
2290,7,7,0.9990710020065308
2291,5,5,0.9999262094497681
2292,9,9,0.998021125793457
2293,9,4,0.933414876461029
2294,0,0,0.9999868869781494
2295,0,0,0.9999947547912598
2296,2,2,0.9998138546943665
2297,8,8,0.9999977350234985
2298,8,8,0.9981920123100281
2299,2,2,0.9962432384490967
2300,3,3,0.9994416832923889
2301,7,7,0.9999376535415649
2302,1,1,0.9994292855262756
2303,3,3,0.9999998807907104
2304,0,0,0.9999864101409912
2305,3,3,0.9998656511306763
2306,4,4,0.9991645812988281
2307,4,4,0.9998180270195007
2308,3,3,0.9804045557975769
2309,8,8,0.986339807510376
2310,9,9,0.9994611144065857
2311,2,2,0.9999582767486572
2312,3,3,0.9999808073043823
2313,9,9,0.9999843835830688
2314,7,7,0.9997382760047913
2315,1,1,0.998532772064209
2316,1,1,0.9994578957557678
2317,7,7,0.9999830722808838
2318,0,0,0.8081917762756348
2319,4,4,1.0
2320,9,9,0.9986242055892944
2321,6,6,0.9999990463256836
2322,5,5,0.9999986886978149
2323,9,9,0.9999151229858398
2324,1,1,0.9936497807502747
2325,7,7,0.9999903440475464
2326,0,0,0.9993854761123657
2327,2,2,0.9986094236373901
2328,0,0,0.9999984502792358
2329,0,0,0.991257905960083
2330,4,4,0.9999575614929199
2331,6,6,0.9999998807907104
2332,7,7,0.9999017715454102
2333,0,0,0.9993020296096802
2334,7,7,0.9999680519104004
2335,1,1,0.9996137022972107
2336,4,4,0.9999970197677612
2337,6,6,1.0
2338,4,4,0.9999839067459106
2339,5,5,0.9953344464302063
2340,4,4,1.0
2341,9,9,0.9984851479530334
2342,9,9,0.9999257326126099
2343,1,1,0.6044495105743408
2344,7,7,0.9999948740005493
2345,9,9,0.9991788268089294
2346,5,5,0.9999998807907104
2347,3,3,0.9999977350234985
2348,3,3,0.9999083280563354
2349,8,8,1.0
2350,2,2,0.9999996423721313
2351,3,3,0.9999986886978149
2352,6,6,0.9999998807907104
2353,2,2,0.9999974966049194
2354,2,2,0.9999896287918091
2355,1,1,0.9600323438644409
2356,1,1,0.9992382526397705
2357,1,1,0.9996793270111084
2358,1,1,0.9960248470306396
2359,1,1,0.9980539083480835
2360,6,6,0.9999996423721313
2361,9,9,0.9970579147338867
2362,8,8,0.9999511241912842
2363,4,4,0.9960399866104126
2364,3,3,0.999993085861206
2365,7,7,0.9999217987060547
2366,1,1,0.9998524188995361
2367,6,6,0.9997500777244568
2368,4,4,0.9999994039535522
2369,5,5,0.9252306222915649
2370,0,0,0.9999997615814209
2371,4,4,0.998153030872345
2372,7,7,0.9999035596847534
2373,4,4,0.9999837875366211
2374,2,2,0.9932374954223633
2375,4,4,1.0
2376,0,0,0.9999444484710693
2377,7,7,0.9997028708457947
2378,0,0,0.9999532699584961
2379,1,1,0.9997733235359192
2380,9,9,0.9948936700820923
2381,8,8,0.9999723434448242
2382,8,8,0.9858716130256653
2383,6,6,0.9999994039535522
2384,0,0,0.9999897480010986
2385,0,0,0.999997615814209
2386,4,4,0.9998470544815063
2387,9,9,0.9770771861076355
2388,6,6,0.9997828602790833
2389,8,8,0.9999990463256836
2390,2,2,0.9999984502792358
2391,2,2,0.999998927116394
2392,3,3,0.9995251893997192
2393,8,8,0.9998360872268677
2394,4,4,0.9999731779098511
2395,8,8,0.9834861755371094
2396,2,2,0.9999973773956299
2397,2,2,0.9979429841041565
2398,1,1,0.9530830383300781
2399,7,7,0.9999667406082153
2400,5,5,0.9999982118606567
2401,4,4,0.9999949932098389
2402,4,4,0.9999388456344604
2403,0,0,0.9998964071273804
2404,4,4,0.9994949102401733
2405,3,3,0.999972939491272
2406,9,9,0.6397817730903625
2407,7,7,0.9999995231628418
2408,3,3,0.9989325404167175
2409,1,1,0.9995958209037781
2410,0,0,0.9999972581863403
2411,1,1,0.9974266886711121
2412,2,2,0.9998075366020203
2413,5,5,0.9999998807907104
2414,9,9,0.7239832282066345
2415,2,2,0.9350825548171997
2416,1,1,0.9946520328521729
2417,0,0,0.999935507774353
2418,1,1,0.9999221563339233
2419,8,8,0.9960081577301025
2420,9,9,0.9999256134033203
2421,1,1,0.9997323155403137
2422,6,6,0.9951342940330505
2423,8,8,0.9998958110809326
2424,3,3,0.9999485015869141
2425,8,8,0.9999151229858398
2426,9,9,0.9787712693214417
2427,3,3,0.9999997615814209
2428,6,6,0.9999973773956299
2429,2,2,0.9860730171203613
2430,8,8,0.9998763799667358
2431,3,3,0.9999979734420776
2432,2,2,0.9998134970664978
2433,2,2,0.9837184548377991
2434,1,1,0.9985496401786804
2435,0,0,0.9999938011169434
2436,4,4,1.0
2437,2,2,0.9928510189056396
2438,9,9,0.9997543692588806
2439,2,2,0.9999788999557495
2440,4,4,1.0
2441,3,3,0.9976171851158142
2442,7,7,0.999994158744812
2443,9,9,0.999895453453064
2444,1,1,0.9938511848449707
2445,5,5,0.9999933242797852
2446,2,2,0.9999998807907104
2447,4,4,0.7268688678741455
2448,9,9,0.5991408228874207
2449,0,0,0.9957564473152161
2450,3,3,0.9998528957366943
2451,8,8,1.0
2452,5,5,0.9999994039535522
2453,3,3,0.999910831451416
2454,6,5,0.5077569484710693
2455,0,0,0.9993727803230286
2456,9,9,0.9991150498390198
2457,4,4,0.984373927116394
2458,6,6,0.9999997615814209
2459,2,2,0.9838106632232666
2460,5,5,0.9999852180480957
2461,0,0,0.9999929666519165
2462,2,0,0.9093994498252869
2463,7,7,0.9933614730834961
2464,4,4,0.9999998807907104
2465,6,6,0.9999998807907104
2466,6,6,0.9999724626541138
2467,8,8,0.999994158744812
2468,6,6,0.9999997615814209
2469,6,6,0.999913215637207
2470,8,8,0.9999973773956299
2471,6,6,0.9999933242797852
2472,9,9,0.986427366733551
2473,1,1,0.9884830117225647
2474,7,7,0.9996987581253052
2475,2,2,0.9999769926071167
2476,5,5,0.9999892711639404
2477,9,9,0.999913215637207
2478,9,9,0.9974029660224915
2479,0,0,0.9999436140060425
2480,7,7,0.8839964866638184
2481,2,2,0.992891788482666
2482,7,7,0.9999736547470093
2483,6,6,0.9999997615814209
2484,7,7,0.999039351940155
2485,0,0,0.9999958276748657
2486,6,6,0.9999998807907104
2487,5,5,0.9999997615814209
2488,2,7,0.54942387342453
2489,4,4,0.999998927116394
2490,7,7,0.9895961880683899
2491,2,2,0.9999711513519287
2492,0,0,0.9999440908432007
2493,9,9,0.9998077750205994
2494,9,9,0.9999256134033203
2495,2,2,0.9999997615814209
2496,2,2,0.999757707118988
2497,9,9,0.9975510239601135
2498,4,4,0.9999958276748657
2499,4,4,0.9999974966049194
2500,2,2,0.9969606995582581
2501,3,3,0.9999998807907104
2502,3,3,0.9999954700469971
2503,2,2,1.0
2504,1,1,0.9957295060157776
2505,7,7,1.0
2506,0,0,0.9999978542327881
2507,7,7,0.9949199557304382
2508,6,6,0.9859927296638489
2509,4,4,0.999924898147583
2510,1,1,0.9989719390869141
2511,3,3,0.9999963045120239
2512,8,8,0.9998201727867126
2513,7,7,0.9999446868896484
2514,4,4,0.9932811260223389
2515,5,5,0.9999167919158936
2516,9,9,0.9996600151062012
2517,2,2,0.9999734163284302
2518,5,5,1.0
2519,1,1,0.9993916749954224
2520,8,8,0.9999936819076538
2521,7,7,0.997742772102356
2522,3,3,0.9999488592147827
2523,7,7,0.8784295916557312
2524,1,1,0.9994413256645203
2525,5,5,0.9961236119270325
2526,5,5,0.9985349178314209
2527,0,0,0.9999927282333374
2528,9,9,0.9941272735595703
2529,1,1,0.9999098777770996
2530,4,4,0.9999573230743408
2531,0,0,0.9999973773956299
2532,6,6,0.9426634907722473
2533,3,3,0.9998581409454346
2534,3,3,0.7994397282600403
2535,6,6,0.9999779462814331
2536,0,0,0.9999839067459106
2537,4,4,0.9978546500205994
2538,9,9,0.9998847246170044
2539,7,7,0.9998745918273926
2540,5,5,0.999510645866394
2541,1,1,0.9992572665214539
2542,6,6,1.0
2543,8,8,0.9997546076774597
2544,9,9,0.998723566532135
2545,5,5,0.999504566192627
2546,5,5,0.9999994039535522
2547,7,7,0.9999830722808838
2548,9,9,0.9912300109863281
2549,3,3,0.9999990463256836
2550,8,8,0.9999978542327881
2551,3,3,0.9992775321006775
2552,8,8,0.9999889135360718
2553,1,1,0.9997308850288391
2554,5,5,0.9998987913131714
2555,3,3,0.9999867677688599
2556,5,5,0.9999407529830933
2557,0,0,0.9999940395355225
2558,5,5,0.9999970197677612
2559,5,5,0.9984583854675293
2560,3,3,0.9999886751174927
2561,8,8,0.9999992847442627
2562,6,6,0.9999713897705078
2563,7,7,0.9998694658279419
2564,7,7,0.9995255470275879
2565,7,7,1.0
2566,3,3,0.9999991655349731
2567,7,7,0.9999268054962158
2568,0,0,0.999972939491272
2569,5,5,0.9997314810752869
2570,9,9,0.9930852651596069
2571,0,0,0.9992817044258118
2572,2,2,0.9999955892562866
2573,5,5,0.9786869883537292
2574,5,5,0.9932690262794495
2575,3,3,1.0
2576,1,1,0.9866132140159607
2577,7,7,0.9997244477272034
2578,7,7,0.9666697978973389
2579,8,8,0.9999984502792358
2580,6,6,0.9999219179153442
2581,5,5,0.9999991655349731
2582,9,9,0.5711513161659241
2583,3,3,0.9999969005584717
2584,8,8,0.9999997615814209
2585,9,9,0.9999005794525146
2586,5,5,0.9999465942382812
2587,3,3,0.9996160268783569
2588,7,7,0.9999997615814209
2589,9,9,0.7480411529541016
2590,1,1,0.9996028542518616
2591,7,7,0.9999159574508667
2592,0,0,0.9999904632568359
2593,0,0,1.0
2594,3,3,0.9999988079071045
2595,7,7,0.9999994039535522
2596,2,2,0.9457023739814758
2597,5,3,0.8544197678565979
2598,8,8,0.9990874528884888
2599,1,1,0.9976917505264282
2600,8,8,0.9999990463256836
2601,6,6,0.9999781847000122
2602,2,2,0.9996390342712402
2603,9,9,0.9947285056114197
2604,5,5,0.9999876022338867
2605,7,7,0.9999508857727051
2606,5,5,0.9999985694885254
2607,7,7,0.9998063445091248
2608,8,8,0.9999856948852539
2609,6,6,0.9999743700027466
2610,2,2,0.9922089576721191
2611,5,5,0.9999586343765259
2612,1,1,0.9973251819610596
2613,4,4,1.0
2614,8,8,0.9999966621398926
2615,4,4,0.9999990463256836
2616,5,5,0.9999599456787109
2617,8,8,0.9996359348297119
2618,3,3,0.9842780232429504
2619,0,0,0.9999943971633911
2620,6,6,0.9999862909317017
2621,2,2,1.0
2622,7,7,0.9999699592590332
2623,3,3,0.9999783039093018
2624,3,3,0.999985933303833
2625,2,2,0.9999366998672485
2626,1,1,0.9997023940086365
2627,0,0,0.9999980926513672
2628,7,7,0.9999581575393677
2629,3,3,0.9996993541717529
2630,4,4,0.9995521903038025
2631,0,0,0.9974856376647949
2632,3,3,0.9999979734420776
2633,9,9,0.9998880624771118
2634,3,3,0.9999998807907104
2635,2,2,0.9939802885055542
2636,8,8,0.9997889399528503
2637,9,9,0.9999985694885254
2638,0,0,0.9989020824432373
2639,3,3,0.9999998807907104
2640,8,8,0.9999961853027344
2641,0,0,0.9999886751174927
2642,7,7,0.9993776679039001
2643,6,6,0.9999610185623169
2644,5,5,0.9999972581863403
2645,4,4,0.9972821474075317
2646,7,7,0.9999228715896606
2647,3,3,0.9999961853027344
2648,9,9,0.8945344686508179
2649,0,0,0.9994192123413086
2650,8,8,0.9999653100967407
2651,6,6,0.9978456497192383
2652,2,2,0.9998342990875244
2653,5,5,0.9999370574951172
2654,6,6,0.9171034097671509
2655,1,1,0.9997850060462952
2656,0,0,0.9999850988388062
2657,0,0,0.9999995231628418
2658,4,4,0.998375415802002
2659,4,4,0.9973105192184448
2660,0,0,0.9999065399169922
2661,1,1,0.9993851184844971
2662,2,2,1.0
2663,3,3,0.9999985694885254
2664,2,2,0.9999980926513672
2665,7,7,0.9999686479568481
2666,7,7,0.9999985694885254
2667,8,8,0.9998393058776855
2668,5,5,0.9999352693557739
2669,2,2,1.0
2670,5,5,0.9999699592590332
2671,7,7,0.9992320537567139
2672,6,6,0.9999945163726807
2673,9,9,0.9978004097938538
2674,1,1,0.9971803426742554
2675,4,4,1.0
2676,1,1,0.9994432330131531
2677,6,6,0.9999916553497314
2678,4,4,0.9813030362129211
2679,2,2,0.9999955892562866
2680,4,4,0.9999716281890869
2681,3,3,0.9999943971633911
2682,5,5,0.9999972581863403
2683,4,4,0.9998466968536377
2684,3,3,0.9999933242797852
2685,9,9,0.9997772574424744
2686,5,5,0.9999884366989136
2687,0,0,0.9999771118164062
2688,1,1,0.9996834993362427
2689,5,5,0.9803822040557861
2690,3,3,0.9999990463256836
2691,8,8,0.9999983310699463
2692,9,9,0.9981091022491455
2693,1,1,0.9997056126594543
2694,9,9,0.9986945986747742
2695,7,7,0.6135428547859192
2696,9,9,0.9992778897285461
2697,5,5,0.9999991655349731
2698,5,5,0.9998517036437988
2699,2,2,0.9982902407646179
2700,7,7,0.9953342080116272
2701,4,4,0.9999383687973022
2702,6,6,0.9999998807907104
2703,0,0,0.999860405921936
2704,1,1,0.9968599081039429
2705,1,1,0.9668078422546387
2706,1,1,0.9959473013877869
2707,0,0,0.9999997615814209
2708,4,4,0.9996740818023682
2709,4,4,0.9999918937683105
2710,7,7,0.9986556768417358
2711,6,6,1.0
2712,3,3,0.9999977350234985
2713,0,0,0.9887526631355286
2714,0,0,0.9999929666519165
2715,4,4,0.998675525188446
2716,3,3,0.9999990463256836
2717,0,0,0.9999887943267822
2718,6,6,0.9995833039283752
2719,1,1,0.9997609257698059
2720,9,9,0.8169628977775574
2721,6,6,0.9994896650314331
2722,1,1,0.9986294507980347
2723,3,3,0.9999926090240479
2724,8,8,0.9991788268089294
2725,1,1,0.9999785423278809
2726,2,2,0.9999980926513672
2727,5,5,0.9999978542327881
2728,6,6,0.9999998807907104
2729,2,2,0.9999645948410034
2730,7,7,0.9954655766487122
2731,3,3,0.9999961853027344
2732,6,6,0.9934618473052979
2733,0,0,0.9999912977218628
2734,1,1,0.9856679439544678
2735,9,9,0.9549406170845032
2736,7,7,0.9997623562812805
2737,6,6,0.999997615814209
2738,6,6,0.9991212487220764
2739,8,8,0.9995118379592896
2740,9,9,0.9955801367759705
2741,2,2,0.9999972581863403
2742,9,9,0.9603597521781921
2743,5,5,0.9965335130691528
2744,8,8,0.9999992847442627
2745,3,3,0.9999953508377075
2746,1,1,0.9999058246612549
2747,0,0,0.9999690055847168
2748,0,0,0.9998700618743896
2749,7,7,0.9999996423721313
2750,6,6,0.9804271459579468
2751,6,6,0.9997281432151794
2752,2,2,1.0
2753,1,1,0.9863200783729553
2754,6,6,0.999984622001648
2755,9,9,0.9991191029548645
2756,3,3,0.9997029900550842
2757,1,1,0.9997566342353821
2758,8,8,0.8817718625068665
2759,6,6,0.9999998807907104
2760,9,9,0.8842186331748962
2761,0,0,0.9999958276748657
2762,6,6,0.9999769926071167
2763,0,0,0.9999812841415405
2764,0,0,0.999980092048645
2765,0,0,0.9999996423721313
2766,6,6,0.9989885687828064
2767,3,3,0.999613344669342
2768,5,5,0.9999998807907104
2769,9,9,0.7707286477088928
2770,3,3,0.9867056012153625
2771,4,4,0.7032111287117004
2772,5,5,0.9963189363479614
2773,5,5,0.9999996423721313
2774,8,8,0.9999995231628418
2775,5,5,0.9999991655349731
2776,3,3,0.9999938011169434
2777,0,0,0.999769389629364
2778,4,4,0.9987882971763611
2779,0,0,0.9999998807907104
2780,2,2,0.8260326981544495
2781,9,9,0.9997977614402771
2782,6,6,0.9999270439147949
2783,8,8,0.9998894929885864
2784,2,2,0.9991230368614197
2785,3,3,0.9999949932098389
2786,1,1,0.991275429725647
2787,2,2,0.9999105930328369
2788,1,1,0.9977532029151917
2789,1,1,0.9997041821479797
2790,5,5,0.999975323677063
2791,6,6,0.9999332427978516
2792,9,9,0.9993723034858704
2793,8,8,0.9956926703453064
2794,0,0,0.9999783039093018
2795,6,6,0.9999958276748657
2796,6,6,0.9998505115509033
2797,5,5,0.9999995231628418
2798,5,5,0.9999998807907104
2799,3,3,0.9999997615814209
2800,8,8,0.9997522234916687
2801,6,6,0.9999496936798096
2802,2,2,0.999985933303833
2803,1,1,0.9586656093597412
2804,4,4,0.9997518658638
2805,5,5,0.9999995231628418
2806,4,4,0.9999444484710693
2807,3,3,0.9999873638153076
2808,7,7,0.9947329759597778
2809,8,8,0.9999954700469971
2810,5,5,0.9987406134605408
2811,0,0,0.9997128844261169
2812,9,9,0.99395352602005
2813,3,3,0.9999961853027344
2814,5,5,0.9999788999557495
2815,1,1,0.9994077682495117
2816,1,1,0.9995483756065369
2817,0,0,0.9988598823547363
2818,4,4,0.9962354302406311
2819,4,4,0.9999736547470093
2820,7,7,0.9999853372573853
2821,0,0,0.9943021535873413
2822,1,1,0.994786262512207
2823,7,7,0.8155418634414673
2824,0,0,1.0
2825,1,1,0.9893742203712463
2826,6,6,0.9999997615814209
2827,1,1,0.9934700727462769
2828,4,4,0.9998772144317627
2829,5,5,0.9999924898147583
2830,6,6,0.9999955892562866
2831,6,6,0.9998490810394287
2832,5,5,0.9998225569725037
2833,7,7,1.0
2834,8,8,0.9999436140060425
2835,4,4,0.9999991655349731
2836,4,4,0.9941163063049316
2837,7,7,0.9999865293502808
2838,2,2,0.99998939037323
2839,5,5,1.0
2840,3,3,0.999997615814209
2841,7,7,0.9999959468841553
2842,0,0,0.9999998807907104
2843,7,7,0.9888719916343689
2844,7,7,0.9999980926513672
2845,9,9,0.9983479976654053
2846,6,6,0.9999964237213135
2847,4,4,0.9984752535820007
2848,2,2,0.9999403953552246
2849,8,8,0.9999927282333374
2850,5,5,0.9994925260543823
2851,7,7,0.999142050743103
2852,8,8,0.999273955821991
2853,3,3,0.9997110962867737
2854,9,9,0.8996601700782776
2855,5,5,0.9999889135360718
2856,8,8,0.9999921321868896
2857,9,9,0.9999392032623291
2858,9,9,0.9992716908454895
2859,8,8,0.9999971389770508
2860,6,6,0.9930911064147949
2861,2,2,0.9996271133422852
2862,8,8,0.9991661310195923
2863,9,9,0.9309250116348267
2864,2,2,0.9990035891532898
2865,3,3,0.9999997615814209
2866,6,6,0.9999639987945557
2867,1,1,0.9893555045127869
2868,1,1,0.9996765851974487
2869,8,8,0.9989332556724548
2870,9,9,0.9999462366104126
2871,3,3,0.9999969005584717
2872,4,4,0.999984622001648
2873,0,0,0.9999927282333374
2874,7,7,0.9999884366989136
2875,9,9,0.9983482360839844
2876,6,6,0.9999834299087524
2877,4,4,0.9971629977226257
2878,1,1,0.9992863535881042
2879,4,4,0.9999866485595703
2880,1,1,0.9998589754104614
2881,3,3,0.9999998807907104
2882,4,4,0.9997476935386658
2883,9,9,0.9999160766601562
2884,3,3,0.9999998807907104
2885,1,1,0.9944940209388733
2886,4,4,0.9999960660934448
2887,7,7,0.9999334812164307
2888,7,7,0.9997382760047913
2889,4,4,1.0
2890,7,7,0.9999024868011475
2891,2,2,0.9985160231590271
2892,9,9,0.999997615814209
2893,3,3,0.9999483823776245
2894,0,0,0.9927750825881958
2895,8,8,1.0
2896,8,8,0.9667968153953552
2897,8,8,0.9999852180480957
2898,4,4,0.9997170567512512
2899,0,0,0.9999998807907104
2900,4,4,0.9999430179595947
2901,4,4,0.9980524778366089
2902,1,1,0.9983009696006775
2903,5,5,1.0
2904,2,2,0.9999996423721313
2905,8,8,0.999998927116394
2906,3,3,0.9999597072601318
2907,4,4,0.8547130823135376
2908,9,9,0.9999864101409912
2909,5,5,0.9999839067459106
2910,2,2,0.975790798664093
2911,8,8,0.9999099969863892
2912,1,1,0.9993948936462402
2913,5,5,0.999985933303833
2914,3,3,0.9999964237213135
2915,7,7,0.8925794363021851
2916,9,9,0.9936263561248779
2917,4,4,0.9995249509811401
2918,2,2,1.0
2919,5,5,0.9999794960021973
2920,6,6,0.9998770952224731
2921,3,3,0.9991777539253235
2922,5,5,0.9999979734420776
2923,9,9,0.9992214441299438
2924,3,3,0.9984486103057861
2925,5,5,0.9994126558303833
2926,9,9,0.9915090799331665
2927,3,3,0.7347743511199951
2928,1,1,0.9999886751174927
2929,9,9,0.9999167919158936
2930,5,5,0.7054965496063232
2931,3,3,0.9999992847442627
2932,0,0,0.9999998807907104
2933,6,6,0.9999011754989624
2934,9,9,0.9999778270721436
2935,8,8,0.9999995231628418
2936,4,4,0.9999904632568359
2937,0,0,0.9999865293502808
2938,4,4,0.9989689588546753
2939,9,5,0.8867518901824951
2940,2,2,0.9997262358665466
2941,9,9,0.9999303817749023
2942,0,0,0.9999998807907104
2943,1,1,0.9578856825828552
2944,0,0,0.998729407787323
2945,3,3,0.9978594183921814
2946,1,1,0.9997088313102722
2947,6,6,0.9999966621398926
2948,5,5,0.9999974966049194
2949,8,8,0.9999852180480957
2950,1,1,0.9995608925819397
2951,5,5,0.9996525049209595
2952,3,3,0.9869658946990967
2953,3,3,0.9733352661132812
2954,0,0,0.99936443567276
2955,3,3,0.9999977350234985
2956,5,5,0.9956570863723755
2957,5,5,0.9998947381973267
2958,9,9,0.9999420642852783
2959,2,2,0.84941166639328
2960,8,8,0.9997484087944031
2961,7,7,0.9993465542793274
2962,0,0,0.9999995231628418
2963,4,4,1.0
2964,9,9,0.9955224990844727
2965,1,1,0.9998041987419128
2966,9,9,0.9649254083633423
2967,7,7,0.9999983310699463
2968,7,7,0.9973748922348022
2969,5,5,0.9977990984916687
2970,5,5,0.9969696402549744
2971,2,2,0.99992835521698
2972,0,0,0.9513566493988037
2973,9,9,0.9999065399169922
2974,1,1,0.9996445178985596
2975,8,8,0.9997684359550476
2976,6,6,0.9999426603317261
2977,2,2,0.9963597655296326
2978,3,3,1.0
2979,9,9,0.7048527002334595
2980,6,6,0.9999978542327881
2981,2,2,0.9994021654129028
2982,1,1,0.9993158578872681
2983,9,9,0.9999063014984131
2984,1,1,0.9989380240440369
2985,3,3,0.9999781847000122
2986,5,5,0.9997134804725647
2987,5,5,0.9999904632568359
2988,0,0,0.9999961853027344
2989,3,3,0.9999921321868896
2990,8,8,0.9999830722808838
2991,3,3,0.9999843835830688
2992,3,3,0.9999994039535522
2993,7,7,0.9992690682411194
2994,6,6,0.999985933303833
2995,6,8,0.5123999714851379
2996,0,0,0.9999998807907104
2997,1,1,0.9993946552276611
2998,4,4,0.995530903339386
2999,0,0,0.9999998807907104
3000,6,6,0.9996834993362427
3001,9,9,0.9695379137992859
3002,8,8,0.9999954700469971
3003,1,1,0.9993220567703247
3004,2,2,0.998691737651825
3005,9,9,0.9496029019355774
3006,9,9,0.9998944997787476
3007,5,5,0.9999706745147705
3008,9,9,0.9996650218963623
3009,7,7,0.9997479319572449
3010,3,3,0.9999923706054688
3011,7,7,0.9999998807907104
3012,8,8,0.9988497495651245
3013,0,0,0.9999994039535522
3014,1,1,0.9945921301841736
3015,3,3,0.9999998807907104
3016,0,0,0.9872732162475586
3017,4,4,0.9999864101409912
3018,6,6,0.999994158744812
3019,1,1,0.9990991353988647
3020,0,0,0.9998899698257446
3021,2,2,0.9852424263954163
3022,5,5,0.9999895095825195
3023,8,8,0.8809612989425659
3024,4,4,1.0
3025,4,4,0.9999943971633911
3026,1,1,0.9998098015785217
3027,1,1,0.9978127479553223
3028,5,5,1.0
3029,4,4,0.9986615180969238
3030,6,8,0.5821084976196289
3031,6,6,1.0
3032,0,0,0.9999699592590332
3033,6,6,0.9999816417694092
3034,9,9,0.9955117106437683
3035,2,2,0.9999927282333374
3036,6,6,0.9999997615814209
3037,2,2,0.9999998807907104
3038,7,7,0.9998835325241089
3039,1,1,0.989501416683197
3040,7,7,0.9990441203117371
3041,9,9,0.9999070167541504
3042,4,4,0.9999979734420776
3043,0,0,0.9996510744094849
3044,0,0,0.9999997615814209
3045,3,3,0.9999967813491821
3046,8,8,0.9999996423721313
3047,2,2,0.999981164932251
3048,2,2,0.9997095465660095
3049,3,3,0.9999995231628418
3050,1,1,0.9996411800384521
3051,6,6,0.9999663829803467
3052,0,0,1.0
3053,5,5,0.9999996423721313
3054,7,7,0.9956075549125671
3055,7,7,0.9997465014457703
3056,9,9,0.9997245669364929
3057,2,2,0.9999997615814209
3058,6,6,0.9999983310699463
3059,7,7,0.9694858193397522
3060,9,9,0.5399138331413269
3061,7,7,0.9999966621398926
3062,8,8,0.9924478530883789
3063,6,6,0.9999604225158691
3064,8,8,0.9999752044677734
3065,8,8,0.9974228143692017
3066,4,4,0.9999334812164307
3067,6,6,0.9999960660934448
3068,8,8,0.9996751546859741
3069,4,4,0.9999998807907104
3070,1,1,0.9989672899246216
3071,2,2,0.9999974966049194
3072,8,8,0.9999996423721313
3073,1,2,0.9712494015693665
3074,3,3,0.9999995231628418
3075,9,9,0.9999899864196777
3076,4,4,0.9999984502792358
3077,0,0,0.9998037219047546
3078,3,3,0.997718870639801
3079,7,7,0.9999954700469971
3080,3,3,1.0
3081,2,2,0.9999920129776001
3082,3,3,0.9999903440475464
3083,3,3,0.9999958276748657
3084,7,7,0.9987351298332214
3085,3,3,0.9999872446060181
3086,4,4,0.9998598098754883
3087,0,0,0.9999678134918213
3088,6,6,0.9999943971633911
3089,2,2,0.9999518394470215
3090,0,0,0.9999997615814209
3091,8,8,0.9999799728393555
3092,1,1,0.9998661279678345
3093,5,5,0.9999901056289673
3094,3,3,0.9993569254875183
3095,5,5,0.9999949932098389
3096,4,4,0.9999992847442627
3097,1,1,0.9999008178710938
3098,7,7,0.9999797344207764
3099,1,1,0.9991664886474609
3100,5,5,0.999908447265625
3101,7,7,0.9997584223747253
3102,5,5,0.9987186193466187
3103,7,7,0.9968211650848389
3104,3,3,0.9999206066131592
3105,2,2,0.9999988079071045
3106,2,2,0.9954133629798889
3107,7,7,0.9999961853027344
3108,3,3,0.7778406143188477
3109,7,7,0.9707978367805481
3110,3,3,0.9999964237213135
3111,7,7,0.9978935122489929
3112,8,8,0.999988317489624
3113,5,5,0.9999996423721313
3114,4,4,0.9991375207901001
3115,5,5,0.9873617887496948
3116,2,2,0.9999963045120239
3117,5,5,0.9999703168869019
3118,6,6,0.9999778270721436
3119,5,5,0.9999998807907104
3120,3,3,0.9999387264251709
3121,6,6,0.9999082088470459
3122,7,7,0.9999967813491821
3123,4,4,0.9999923706054688
3124,1,1,0.9974985718727112
3125,7,7,0.999982476234436
3126,1,1,0.9982025623321533
3127,5,5,0.9997792840003967
3128,2,2,0.9999653100967407
3129,3,3,0.9962803721427917
3130,6,6,0.9958409667015076
3131,3,3,0.9999998807907104
3132,1,1,0.4947640597820282
3133,4,4,0.9921505451202393
3134,2,2,0.9968233108520508
3135,6,6,0.999997615814209
3136,7,7,0.9996542930603027
3137,4,4,0.9999939203262329
3138,3,3,0.9999486207962036
3139,8,8,0.9999926090240479
3140,0,0,0.9999910593032837
3141,6,6,0.9999816417694092
3142,2,2,0.9998471736907959
3143,1,1,0.9980864524841309
3144,6,6,1.0
3145,5,5,0.999998927116394
3146,3,3,0.9996250867843628
3147,9,9,0.9999886751174927
3148,1,1,0.999000608921051
3149,9,9,0.9999076128005981
3150,3,3,0.9999988079071045
3151,2,2,0.9868062734603882
3152,1,1,0.9976280331611633
3153,8,8,0.9999816417694092
3154,4,4,0.9999998807907104
3155,4,4,0.9999140501022339
3156,6,6,0.9999954700469971
3157,5,5,0.9953795671463013
3158,8,8,0.9999953508377075
3159,6,6,0.9999761581420898
3160,9,9,0.9783651232719421
3161,7,7,0.9976868629455566
3162,7,7,0.9999778270721436
3163,8,8,0.9999819993972778
3164,6,6,0.9999399185180664
3165,9,9,0.9997232556343079
3166,7,7,0.9987989664077759
3167,3,3,0.9995381832122803
3168,9,9,0.9999809265136719
3169,4,4,0.9999997615814209
3170,0,0,0.9999996423721313
3171,5,5,0.9986656904220581
3172,4,4,0.9991349577903748
3173,6,6,0.9996896982192993
3174,4,4,1.0
3175,1,1,0.9993521571159363
3176,2,2,0.9985504746437073
3177,3,3,0.999992847442627
3178,0,0,0.9999984502792358
3179,0,0,1.0
3180,2,2,0.9999395608901978
3181,6,6,0.999998927116394
3182,6,6,1.0
3183,5,5,0.9999997615814209
3184,7,7,0.9998083710670471
3185,0,0,0.9998716115951538
3186,8,8,0.9999611377716064
3187,6,6,0.9999942779541016
3188,4,4,0.9999867677688599
3189,7,7,0.9982250332832336
3190,9,9,0.999626636505127
3191,0,0,0.9998437166213989
3192,7,7,0.9999854564666748
3193,3,3,0.9999958276748657
3194,4,4,0.9999191761016846
3195,2,2,0.9999896287918091
3196,1,1,0.9969937801361084
3197,8,8,0.999998927116394
3198,8,8,0.9999996423721313
3199,5,5,1.0
3200,9,9,0.9999939203262329
3201,2,2,0.9999988079071045
3202,7,7,0.9999390840530396
3203,1,1,0.9962016940116882
3204,8,8,0.9999736547470093
3205,8,8,0.9998112320899963
3206,8,8,0.9998842477798462
3207,2,2,0.999292254447937
3208,7,7,0.999699592590332
3209,6,6,0.9999474287033081
3210,0,0,0.9999743700027466
3211,1,1,0.9977748990058899
3212,2,2,0.9999942779541016
3213,7,7,0.9664547443389893
3214,1,1,0.9993983507156372
3215,0,0,0.9999995231628418
3216,8,8,0.9999092817306519
3217,3,3,0.9999996423721313
3218,6,6,0.9872199296951294
3219,0,0,0.9999746084213257
3220,5,5,0.9999996423721313
3221,3,3,0.9999996423721313
3222,6,6,0.9999947547912598
3223,2,2,1.0
3224,8,8,0.9998455047607422
3225,7,7,0.6985813975334167
3226,0,0,0.9999998807907104
3227,1,1,0.9977341890335083
3228,4,4,0.9982678890228271
3229,2,2,0.9991124272346497
3230,1,1,0.9987109899520874
3231,1,1,0.9993904829025269
3232,4,4,0.9998971223831177
3233,4,4,0.9999649524688721
3234,4,4,1.0
3235,4,4,0.9999126195907593
3236,7,7,0.946500301361084
3237,1,1,0.9961484670639038
3238,6,6,0.9979569911956787
3239,2,2,0.9998621940612793
3240,9,9,0.9977442026138306
3241,9,9,0.9999830722808838
3242,0,0,0.9999948740005493
3243,0,0,0.9999661445617676
3244,1,1,0.9996755123138428
3245,8,8,0.9999823570251465
3246,8,8,0.9985949397087097
3247,4,4,0.9996503591537476
3248,3,3,0.9999994039535522
3249,4,4,0.9999983310699463
3250,2,2,0.9906345009803772
3251,0,0,0.9999735355377197
3252,6,6,0.9955055713653564
3253,1,1,0.9996732473373413
3254,6,6,0.9848465919494629
3255,1,1,0.9997145533561707
3256,2,2,0.9998660087585449
3257,2,2,0.9999712705612183
3258,2,2,0.9999921321868896
3259,1,1,0.9959892630577087
3260,2,2,0.9946078062057495
3261,3,3,0.9997181296348572
3262,7,7,0.9963352680206299
3263,8,8,0.9999816417694092
3264,1,1,0.9992414712905884
3265,0,0,1.0
3266,0,0,0.8599190711975098
3267,2,2,0.9983075857162476
3268,1,1,0.9993000030517578
3269,6,6,0.8908734917640686
3270,6,6,0.9999940395355225
3271,0,0,0.9999957084655762
3272,1,1,0.9998514652252197
3273,6,6,0.9999802112579346
3274,2,2,0.9999998807907104
3275,5,5,0.9995173215866089
3276,1,1,0.997774064540863
3277,7,7,0.997917115688324
3278,4,4,0.9999998807907104
3279,8,8,0.9999961853027344
3280,2,2,0.9880714416503906
3281,1,1,0.9983799457550049
3282,4,4,0.9998602867126465
3283,3,3,0.9995859265327454
3284,8,8,0.9999998807907104
3285,3,3,0.9999831914901733
3286,9,9,0.9999608993530273
3287,9,9,0.9999022483825684
3288,4,4,0.9706844091415405
3289,8,8,0.9986750483512878
3290,3,3,0.9999996423721313
3291,4,4,0.9999668598175049
3292,7,7,0.999998927116394
3293,2,2,0.9999973773956299
3294,7,7,0.9999992847442627
3295,5,5,0.9999988079071045
3296,7,7,0.9998685121536255
3297,0,0,0.9999425411224365
3298,4,4,0.9999948740005493
3299,3,3,0.999930739402771
3300,3,3,0.9999089241027832
3301,2,2,0.9999996423721313
3302,6,6,0.9999014139175415
3303,7,7,0.9990233182907104
3304,6,6,0.9999517202377319
3305,0,0,0.9971101880073547
3306,0,0,0.9999954700469971
3307,6,6,1.0
3308,7,7,0.9999910593032837
3309,7,7,0.999862551689148
3310,0,0,0.9999918937683105
3311,5,5,0.9999990463256836
3312,5,5,0.9999980926513672
3313,8,8,0.9999715089797974
3314,1,1,0.9998096823692322
3315,0,0,0.9999998807907104
3316,7,7,0.9155210256576538
3317,0,0,0.9999761581420898
3318,2,2,0.9999872446060181
3319,8,8,0.9999881982803345
3320,1,1,0.9990406632423401
3321,5,5,0.9999686479568481
3322,0,0,0.9999878406524658
3323,8,8,0.9999501705169678
3324,8,8,0.9999865293502808
3325,0,0,0.9999995231628418
3326,3,3,0.9948246479034424
3327,2,2,0.9999856948852539
3328,7,7,0.9998917579650879
3329,7,7,0.9868916869163513
3330,2,2,0.6749144792556763
3331,6,6,0.9998534917831421
3332,4,4,0.9995309114456177
3333,7,7,0.994172990322113
3334,5,5,0.9999855756759644
3335,5,5,0.9971091151237488
3336,5,5,0.9981228709220886
3337,2,2,0.7720752358436584
3338,9,9,0.9992820620536804
3339,2,2,0.9636596441268921
3340,8,8,0.999998927116394
3341,4,4,0.9999581575393677
3342,6,6,0.9991294741630554
3343,8,8,0.9990891218185425
3344,6,6,0.9869393110275269
3345,5,5,0.9999964237213135
3346,0,0,0.9999978542327881
3347,0,0,0.9999651908874512
3348,8,8,0.9999954700469971
3349,7,7,0.9999585151672363
3350,6,6,0.9999977350234985
3351,1,1,0.9936026930809021
3352,7,7,0.9999560117721558
3353,1,1,0.9997895359992981
3354,1,1,0.9995656609535217
3355,2,2,1.0
3356,7,7,0.9999966621398926
3357,4,4,1.0
3358,0,0,0.9999593496322632
3359,0,0,0.9999823570251465
3360,7,7,0.9997337460517883
3361,7,7,0.9997754693031311
3362,6,6,1.0
3363,3,3,0.9999932050704956
3364,8,8,0.9967994689941406
3365,6,6,0.9595365524291992
3366,4,4,0.9999935626983643
3367,2,2,0.9997285008430481
3368,0,0,0.9999983310699463
3369,9,9,0.9771106243133545
3370,4,4,0.9999985694885254
3371,0,0,0.9999990463256836
3372,5,5,0.9999954700469971
3373,7,7,0.999997615814209
3374,8,8,0.9997631907463074
3375,2,2,0.9951916933059692
3376,7,7,0.9978035092353821
3377,4,4,0.9974295496940613
3378,7,7,0.9999911785125732
3379,1,1,0.9993718266487122
3380,1,1,0.9960712194442749
3381,3,3,0.9996505975723267
3382,6,6,0.9999951124191284
3383,6,6,0.9999723434448242
3384,2,2,0.9951570630073547
3385,9,9,0.9999988079071045
3386,1,1,0.999687671661377
3387,9,9,0.9998623132705688
3388,4,4,0.9995852112770081
3389,8,8,0.9999313354492188
3390,3,3,0.9999995231628418
3391,6,6,0.9998937845230103
3392,9,9,0.9995669722557068
3393,5,5,0.9999934434890747
3394,9,9,0.9999672174453735
3395,6,6,0.9999988079071045
3396,2,2,0.9999650716781616
3397,4,4,1.0
3398,6,6,0.9999775886535645
3399,7,7,0.9999966621398926
3400,7,7,0.9999735355377197
3401,0,0,0.9999990463256836
3402,6,6,0.9999552965164185
3403,6,6,0.9999969005584717
3404,9,9,0.9999287128448486
3405,4,4,0.9988688826560974
3406,8,8,0.9999892711639404
3407,3,3,0.9999985694885254
3408,5,5,0.9999955892562866
3409,3,3,0.9999983310699463
3410,4,4,0.9999336004257202
3411,9,9,0.9978528022766113
3412,0,0,0.9999823570251465
3413,0,0,0.9999711513519287
3414,5,5,0.9999972581863403
3415,2,2,0.9957168698310852
3416,5,5,0.9999970197677612
3417,0,0,0.9999995231628418
3418,7,7,0.9997429251670837
3419,1,1,0.9990094900131226
3420,1,1,0.9997691512107849
3421,1,1,0.9995729327201843
3422,6,6,0.9293235540390015
3423,7,7,0.9986341595649719
3424,6,6,0.9999001026153564
3425,7,7,0.9940126538276672
3426,9,9,0.9994352459907532
3427,6,6,0.9974349141120911
3428,6,6,0.9998822212219238
3429,4,4,0.9879189133644104
3430,1,1,0.9966149926185608
3431,4,4,0.9999995231628418
3432,3,3,0.9998461008071899
3433,1,1,0.999929666519165
3434,1,1,0.9996434450149536
3435,2,2,0.9999850988388062
3436,2,2,0.9980334639549255
3437,4,4,0.9799637198448181
3438,1,1,0.9994595646858215
3439,0,0,0.9999933242797852
3440,8,8,0.999943733215332
3441,7,7,0.9987043142318726
3442,6,6,0.9989803433418274
3443,3,3,0.9999978542327881
3444,4,4,0.9999994039535522
3445,0,0,1.0
3446,0,0,0.9991958737373352
3447,6,6,0.9999996423721313
3448,3,3,0.9978640675544739
3449,3,3,0.9999985694885254
3450,0,0,0.9993788003921509
3451,7,9,0.3598983883857727
3452,1,1,0.9997401833534241
3453,7,7,0.9991804957389832
3454,1,1,0.9996819496154785
3455,1,1,0.9988394379615784
3456,3,3,0.9998599290847778
3457,1,1,0.698527455329895
3458,0,0,0.9999926090240479
3459,9,9,0.9999980926513672
3460,9,9,0.9959992170333862
3461,7,7,0.9999861717224121
3462,5,5,1.0
3463,4,4,0.9999998807907104
3464,1,1,0.9956825971603394
3465,4,4,0.9999489784240723
3466,8,8,0.9992055296897888
3467,9,9,0.9988431930541992
3468,5,5,0.9999988079071045
3469,3,3,0.9996709823608398
3470,5,5,0.9999951124191284
3471,1,1,0.9999494552612305
3472,9,9,0.9999277591705322
3473,8,8,0.9999635219573975
3474,2,7,0.8109526634216309
3475,3,3,0.995162308216095
3476,3,3,0.9999572038650513
3477,9,9,0.9691734313964844
3478,9,9,0.9999558925628662
3479,0,0,0.9999752044677734
3480,1,1,0.9999529123306274
3481,0,0,0.9999988079071045
3482,2,2,0.9999992847442627
3483,9,9,0.9999744892120361
3484,3,3,0.9999988079071045
3485,9,9,0.999974250793457
3486,3,3,1.0
3487,3,3,0.9999974966049194
3488,6,6,0.9999862909317017
3489,2,2,0.9999909400939941
3490,4,4,0.9094470739364624
3491,9,9,0.9986311793327332
3492,8,8,0.9973157048225403
3493,3,3,1.0
3494,7,7,0.9992721676826477
3495,4,4,0.999752938747406
3496,0,0,0.9998956918716431
3497,4,4,0.9999274015426636
3498,7,7,0.9992413520812988
3499,8,8,0.9999960660934448
3500,4,4,1.0
3501,9,9,0.999910831451416
3502,8,8,0.9993321299552917
3503,9,9,0.9804580807685852
3504,9,9,0.9681466221809387
3505,7,7,0.9999796152114868
3506,5,5,0.9999922513961792
3507,9,9,0.999962568283081
3508,2,2,0.9999752044677734
3509,8,8,0.9883521199226379
3510,2,2,0.9999982118606567
3511,2,2,0.9553279876708984
3512,0,0,0.9999996423721313
3513,2,2,0.9999343156814575
3514,2,2,0.9997958540916443
3515,3,3,0.9999983310699463
3516,8,8,0.9989795088768005
3517,4,4,1.0
3518,6,6,0.9998261332511902
3519,8,8,0.9998262524604797
3520,6,4,0.850296676158905
3521,8,8,0.9999330043792725
3522,2,2,0.9998795986175537
3523,4,4,0.9999581575393677
3524,6,6,0.9999314546585083
3525,7,7,0.9998399019241333
3526,9,9,0.9998235106468201
3527,3,3,0.9999996423721313
3528,3,3,0.9999996423721313
3529,9,9,0.9955000281333923
3530,4,4,0.9998763799667358
3531,3,3,0.9999924898147583
3532,1,1,0.9982957243919373
3533,4,4,0.9967273473739624
3534,4,4,0.5274601578712463
3535,7,7,0.9999992847442627
3536,0,0,0.9999747276306152
3537,5,5,0.9998272061347961
3538,9,9,0.9995953440666199
3539,6,6,0.9999960660934448
3540,0,0,0.993680477142334
3541,4,4,0.9999988079071045
3542,4,4,0.9999966621398926
3543,4,4,0.9999980926513672
3544,4,4,0.999996542930603
3545,6,6,0.9999998807907104
3546,1,1,0.9995998740196228
3547,2,2,0.9999866485595703
3548,3,3,0.9999980926513672
3549,3,3,0.9998164772987366
3550,6,6,0.9941218495368958
3551,4,4,0.9999786615371704
3552,5,5,0.9999877214431763
3553,9,9,0.9997448325157166
3554,6,6,0.9999998807907104
3555,8,8,0.9945430755615234
3556,5,5,0.9999845027923584
3557,6,6,0.9992196559906006
3558,5,5,0.7944591045379639
3559,8,8,0.8403042554855347
3560,6,6,0.9999996423721313
3561,4,4,0.9984556436538696
3562,1,1,0.9999183416366577
3563,8,8,0.9994757771492004
3564,6,6,0.9978615641593933
3565,5,5,0.9999963045120239
3566,2,2,0.9999967813491821
3567,8,8,0.9991950392723083
3568,4,4,0.9995989203453064
3569,5,5,1.0
3570,5,5,0.9999979734420776
3571,4,4,0.9930451512336731
3572,7,7,0.9997391104698181
3573,7,7,0.9999698400497437
3574,0,0,0.9965785145759583
3575,7,7,0.9999995231628418
3576,8,8,0.9999531507492065
3577,2,2,0.9992747902870178
3578,2,2,0.9991108775138855
3579,3,3,0.9999992847442627
3580,7,7,0.9995858073234558
3581,0,0,0.9999974966049194
3582,1,1,0.9971855282783508
3583,8,8,0.9999285936355591
3584,0,0,0.9999957084655762
3585,7,7,0.9999986886978149
3586,1,1,0.9998468160629272
3587,9,9,0.9997230172157288
3588,8,8,0.9999998807907104
3589,7,7,0.9988952875137329
3590,5,5,0.9999982118606567
3591,5,5,0.9999867677688599
3592,9,9,0.9967820644378662
3593,1,1,0.9999667406082153
3594,7,7,0.9999994039535522
3595,5,5,0.999998927116394
3596,4,4,0.9999978542327881
3597,9,9,0.9932912588119507
3598,1,1,0.998875081539154
3599,2,2,0.8783096671104431
3600,2,2,0.9980188608169556
3601,1,1,0.7840422987937927
3602,6,6,1.0
3603,6,6,1.0
3604,7,7,0.9999445676803589
3605,1,1,0.9997569918632507
3606,1,1,0.9880712032318115
3607,4,4,0.9999369382858276
3608,0,0,0.999998927116394
3609,7,7,0.9990953207015991
3610,4,4,0.999983549118042
3611,2,2,0.9986281394958496
3612,4,4,0.9999961853027344
3613,0,0,0.999995231628418
3614,6,6,0.9999957084655762
3615,4,4,0.9964774250984192
3616,7,7,0.9999771118164062
3617,6,6,0.9999722242355347
3618,9,9,0.9812943935394287
3619,5,5,0.9999208450317383
3620,3,3,0.9999998807907104
3621,4,4,0.9999996423721313
3622,6,6,0.9999996423721313
3623,5,5,0.9999829530715942
3624,0,0,0.9998119473457336
3625,1,1,0.9995263814926147
3626,8,8,0.9762157201766968
3627,8,8,0.9992419481277466
3628,2,2,0.9999998807907104
3629,8,8,0.9878748059272766
3630,3,3,0.9999998807907104
3631,5,5,1.0
3632,7,7,0.9999918937683105
3633,8,8,0.9999972581863403
3634,0,0,0.9999960660934448
3635,8,8,0.9988044500350952
3636,5,5,0.9999980926513672
3637,7,7,0.999396800994873
3638,1,1,0.9999076128005981
3639,1,1,0.9993744492530823
3640,0,0,0.9995031356811523
3641,1,1,0.997857391834259
3642,3,3,1.0
3643,7,7,0.9999622106552124
3644,8,8,0.9999719858169556
3645,5,5,0.9999877214431763
3646,0,0,0.9999090433120728
3647,7,7,0.9999666213989258
3648,1,1,0.9998186230659485
3649,1,1,0.9975282549858093
3650,0,0,0.999994158744812
3651,1,1,0.9985217452049255
3652,1,1,0.9984254837036133
3653,4,4,0.9915598034858704
3654,5,5,0.9989445805549622
3655,2,2,0.9999978542327881
3656,7,7,0.9999847412109375
3657,6,6,1.0
3658,2,2,0.9997660517692566
3659,3,3,1.0
3660,0,0,0.9999983310699463
3661,2,2,0.999996542930603
3662,8,8,0.9160081744194031
3663,5,5,0.9999666213989258
3664,9,9,0.9984104633331299
3665,6,6,0.9999998807907104
3666,9,9,0.9987596273422241
3667,7,7,0.9999938011169434
3668,2,2,0.9999996423721313
3669,1,1,0.9990377426147461
3670,3,3,0.9999970197677612
3671,6,6,0.9999980926513672
3672,4,4,0.9991694688796997
3673,1,1,0.9996981620788574
3674,8,8,0.9915726184844971
3675,2,2,0.9999998807907104
3676,4,4,0.9999916553497314
3677,0,0,0.9999938011169434
3678,5,5,0.9999988079071045
3679,1,1,0.9998511075973511
3680,0,0,0.999962568283081
3681,2,2,0.9983609318733215
3682,2,2,0.9999864101409912
3683,6,6,0.999991774559021
3684,4,4,0.9999680519104004
3685,4,4,0.9999518394470215
3686,3,3,0.9999780654907227
3687,9,9,0.9989088773727417
3688,6,6,0.9946728348731995
3689,1,1,0.9998301267623901
3690,6,6,0.9997546076774597
3691,5,5,1.0
3692,7,7,0.9999980926513672
3693,9,9,0.999808132648468
3694,2,2,0.9997875094413757
3695,0,0,0.999990701675415
3696,2,2,0.9999058246612549
3697,6,6,0.9999685287475586
3698,0,0,0.9966711401939392
3699,1,1,0.9961215853691101
3700,4,4,0.9999806880950928
3701,3,3,0.9999988079071045
3702,5,5,0.9957892298698425
3703,2,2,0.9999874830245972
3704,8,8,0.9999998807907104
3705,8,8,0.9999855756759644
3706,0,0,0.9998503923416138
3707,8,8,0.9999997615814209
3708,8,8,0.9999997615814209
3709,9,9,0.9998853206634521
3710,0,0,0.9999115467071533
3711,9,9,0.9993166923522949
3712,6,6,0.9999998807907104
3713,7,7,0.9999262094497681
3714,6,6,0.9999964237213135
3715,3,3,0.9999997615814209
3716,9,9,0.9895297884941101
3717,3,3,0.9999997615814209
3718,4,4,0.9886429905891418
3719,7,7,0.9995967745780945
3720,7,7,0.9999996423721313
3721,7,7,0.9987819790840149
3722,4,4,0.9999970197677612
3723,9,9,0.9998142123222351
3724,0,0,0.9982455968856812
3725,6,6,0.9999986886978149
3726,4,4,0.7514045238494873
3727,8,8,0.7628109455108643
3728,4,4,0.9991878867149353
3729,2,2,0.9838169813156128
3730,7,7,0.9727378487586975
3731,2,2,1.0
3732,8,8,0.9997407793998718
3733,1,1,0.9998064637184143
3734,0,0,0.9999994039535522
3735,0,0,0.9999998807907104
3736,7,7,0.999826967716217
3737,8,8,0.9999673366546631
3738,3,3,0.999998927116394
3739,3,3,0.9966498017311096
3740,3,3,0.9999986886978149
3741,1,1,0.9986730813980103
3742,3,3,0.9987213015556335
3743,7,7,0.9999594688415527
3744,6,6,0.9973032474517822
3745,1,1,0.9988613128662109
3746,3,3,0.9999597072601318
3747,1,1,0.9992682337760925
3748,6,6,0.9975977540016174
3749,6,6,0.9998546838760376
3750,5,5,0.9999996423721313
3751,7,7,0.9988383650779724
3752,4,4,1.0
3753,7,7,0.9999816417694092
3754,5,5,0.9996294975280762
3755,9,9,0.9966004490852356
3756,5,5,0.9996235370635986
3757,8,8,0.9975693821907043
3758,4,4,0.9999649524688721
3759,9,9,0.9999022483825684
3760,9,9,0.9997392296791077
3761,1,1,0.9913257956504822
3762,6,8,0.8771358728408813
3763,5,5,0.9999955892562866
3764,0,0,0.999887228012085
3765,1,1,0.9997385144233704
3766,3,3,0.9351667165756226
3767,7,7,0.9982442855834961
3768,0,0,0.9999096393585205
3769,3,3,0.9998729228973389
3770,4,4,1.0
3771,8,8,0.999988317489624
3772,2,2,0.9417020082473755
3773,2,2,0.999143123626709
3774,0,0,0.9999414682388306
3775,2,2,0.9999606609344482
3776,5,5,0.9996836185455322
3777,1,1,0.9986774325370789
3778,5,5,0.8735378980636597
3779,1,1,0.9996789693832397
3780,4,4,0.9869205951690674
3781,8,8,0.9999289512634277
3782,8,8,0.99940025806427
3783,9,9,0.9997199177742004
3784,1,1,0.9991219639778137
3785,2,2,0.9370445013046265
3786,1,1,0.998734176158905
3787,3,3,0.9998161196708679
3788,5,5,1.0
3789,1,1,0.9646255970001221
3790,0,0,0.9993294477462769
3791,9,9,0.9980500936508179
3792,4,4,0.9999996423721313
3793,4,4,0.9999606609344482
3794,8,8,0.9962128400802612
3795,3,3,0.9999827146530151
3796,2,2,0.8866487741470337
3797,5,5,1.0
3798,9,9,0.999397873878479
3799,7,7,0.999974250793457
3800,6,6,0.9960001111030579
3801,6,6,0.9999921321868896
3802,2,2,1.0
3803,0,0,0.9999963045120239
3804,0,0,0.9999861717224121
3805,0,0,0.9999970197677612
3806,5,5,0.9492685198783875
3807,8,8,1.0
3808,7,8,0.8773909211158752
3809,1,1,0.9994745850563049
3810,5,5,0.9996768236160278
3811,2,2,0.939594566822052
3812,3,3,0.9999980926513672
3813,8,8,0.9999991655349731
3814,5,5,0.9999943971633911
3815,1,1,0.9997161030769348
3816,8,8,0.9999953508377075
3817,2,2,0.999735414981842
3818,0,0,0.9586035013198853
3819,4,4,1.0
3820,9,9,0.999948263168335
3821,9,9,0.9664596915245056
3822,6,6,1.0
3823,2,2,0.9999994039535522
3824,3,3,1.0
3825,3,3,0.9999995231628418
3826,5,5,0.9999829530715942
3827,6,6,0.9999998807907104
3828,4,4,0.9999998807907104
3829,8,8,0.999997615814209
3830,0,0,1.0
3831,9,9,0.9843375086784363
3832,2,2,0.9999853372573853
3833,8,8,0.9997314810752869
3834,3,3,0.9999897480010986
3835,6,6,0.9999995231628418
3836,7,7,0.9999998807907104
3837,5,5,0.9999992847442627
3838,7,7,0.9707040786743164
3839,2,2,0.9993008375167847
3840,9,9,0.9996421337127686
3841,4,4,1.0
3842,9,9,0.9999915361404419
3843,1,1,0.9966030120849609
3844,2,2,0.9999827146530151
3845,8,8,0.9999994039535522
3846,6,6,0.9999332427978516
3847,0,0,0.9999498128890991
3848,7,7,0.9999717473983765
3849,0,0,0.9999998807907104
3850,9,4,0.6933053731918335
3851,1,1,0.9938725233078003
3852,1,1,0.999734103679657
3853,6,6,0.9235011339187622
3854,7,7,0.9999986886978149
3855,5,5,0.9999672174453735
3856,9,9,0.9970858693122864
3857,9,9,0.9993977546691895
3858,1,1,0.999529242515564
3859,9,9,0.9353705644607544
3860,5,5,0.9999998807907104
3861,9,9,0.9986916184425354
3862,2,2,0.9913711547851562
3863,5,5,0.9999808073043823
3864,0,0,0.9999967813491821
3865,4,4,1.0
3866,1,1,0.9992938041687012
3867,0,0,0.9999785423278809
3868,8,8,0.9999985694885254
3869,9,9,0.7442141175270081
3870,0,0,0.9999704360961914
3871,8,8,0.9467890858650208
3872,9,9,0.9999511241912842
3873,8,8,0.999987006187439
3874,9,9,0.9994600415229797
3875,4,4,0.9999793767929077
3876,2,2,0.9914301037788391
3877,5,5,0.9999957084655762
3878,7,7,0.9982007741928101
3879,9,9,0.9994630217552185
3880,8,8,0.9999502897262573
3881,9,9,0.9995833039283752
3882,8,8,0.9999992847442627
3883,0,0,0.9999995231628418
3884,9,9,0.9999163150787354
3885,9,9,0.9999821186065674
3886,6,6,0.9999996423721313
3887,8,8,0.9999973773956299
3888,9,9,0.9997418522834778
3889,9,9,0.9981486797332764
3890,5,5,0.9998641014099121
3891,9,9,0.9992775321006775
3892,8,8,1.0
3893,5,5,0.9999157190322876
3894,1,1,0.999333918094635
3895,0,0,0.9999973773956299
3896,3,3,1.0
3897,3,3,0.9997546076774597
3898,5,5,0.9999396800994873
3899,2,2,0.9991157650947571
3900,1,1,0.9997256398200989
3901,6,6,0.9999234676361084
3902,5,5,0.9954765439033508
3903,0,0,0.9999988079071045
3904,2,2,0.9997612833976746
3905,8,8,0.999581515789032
3906,1,1,0.865724503993988
3907,5,5,0.9999994039535522
3908,6,6,0.9999721050262451
3909,2,2,0.9936723709106445
3910,3,3,1.0
3911,0,0,0.9999686479568481
3912,2,2,0.9999995231628418
3913,2,2,0.998325526714325
3914,6,6,0.9999992847442627
3915,4,4,0.9999747276306152
3916,3,3,0.9999847412109375
3917,5,5,0.999998927116394
3918,5,5,0.9999704360961914
3919,1,1,0.9985040426254272
3920,7,7,1.0
3921,2,2,0.9998648166656494
3922,1,1,0.9986990690231323
3923,6,6,0.9999830722808838
3924,9,9,0.9883182644844055
3925,1,1,0.9999771118164062
3926,9,9,0.8928853869438171
3927,9,9,0.9990590214729309
3928,5,5,0.9999815225601196
3929,5,5,0.9999990463256836
3930,1,1,0.9998446702957153
3931,6,6,0.999966025352478
3932,2,2,1.0
3933,2,2,1.0
3934,8,8,0.9999997615814209
3935,6,6,0.9999992847442627
3936,7,7,0.9999964237213135
3937,1,1,0.9989339709281921
3938,4,4,0.999974250793457
3939,6,6,0.9999986886978149
3940,0,0,0.9998156428337097
3941,4,4,0.9997920393943787
3942,0,0,0.9998866319656372
3943,3,3,0.9999516010284424
3944,3,3,0.9999992847442627
3945,2,2,1.0
3946,2,2,0.9726514220237732
3947,3,3,1.0
3948,6,6,0.9999998807907104
3949,8,8,0.9999842643737793
3950,9,9,0.9642640948295593
3951,8,8,0.9997474551200867
3952,5,5,0.9999886751174927
3953,3,3,0.9998873472213745
3954,8,8,0.9999964237213135
3955,5,5,0.9999979734420776
3956,4,4,0.9999923706054688
3957,5,5,0.9999943971633911
3958,2,2,0.9999880790710449
3959,0,0,0.9999991655349731
3960,5,5,0.999958872795105
3961,6,6,0.999663233757019
3962,3,3,0.9997885823249817
3963,2,2,0.9999998807907104
3964,8,8,0.9999966621398926
3965,3,3,0.9999996423721313
3966,9,9,0.9999967813491821
3967,9,9,0.9884840846061707
3968,5,5,0.9515530467033386
3969,7,7,0.9983742237091064
3970,9,9,0.9844124913215637
3971,4,4,0.9948238134384155
3972,6,6,0.9998390674591064
3973,7,7,0.9999897480010986
3974,1,1,0.9851123690605164
3975,3,3,0.9999880790710449
3976,7,7,0.9314913749694824
3977,3,3,0.9998911619186401
3978,6,6,0.9994093179702759
3979,6,6,0.9999719858169556
3980,0,0,0.9999997615814209
3981,9,9,0.9999792575836182
3982,0,0,0.9999992847442627
3983,1,1,0.9995618462562561
3984,9,9,0.9912902116775513
3985,9,4,0.6249936819076538
3986,2,2,0.9997583031654358
3987,8,8,0.9999316930770874
3988,8,8,0.9982960820198059
3989,0,0,0.9993670582771301
3990,1,1,0.9959579110145569
3991,6,6,0.9999988079071045
3992,9,9,0.999990701675415
3993,7,7,0.99996018409729
3994,5,5,0.9999717473983765
3995,3,3,0.9909381866455078
3996,4,4,0.9997304081916809
3997,7,7,0.9997038245201111
3998,4,4,0.9999608993530273
3999,9,9,0.9999988079071045
4000,9,9,0.9967585206031799
4001,4,4,0.9997103810310364
4002,3,3,0.9994528889656067
4003,6,6,0.9999880790710449
4004,3,3,0.9999971389770508
4005,1,1,0.9985445737838745
4006,1,1,0.9995647072792053
4007,7,7,0.7097451686859131
4008,6,6,0.9999970197677612
4009,9,9,0.9954581260681152
4010,1,1,0.9992191791534424
4011,8,8,0.9999206066131592
4012,4,4,0.999997615814209
4013,1,1,0.9999669790267944
4014,1,1,0.9990900754928589
4015,9,9,0.99810791015625
4016,9,9,0.9999089241027832
4017,4,4,0.9291033148765564
4018,3,3,0.8667064309120178
4019,6,6,0.9999332427978516
4020,8,8,0.9999994039535522
4021,1,1,0.9997426867485046
4022,6,6,0.9996836185455322
4023,0,0,0.9999998807907104
4024,4,4,0.9998636245727539
4025,1,1,0.9986966252326965
4026,3,3,0.9999901056289673
4027,7,7,0.6552018523216248
4028,7,7,0.999991774559021
4029,4,4,0.9988129138946533
4030,9,9,0.9991588592529297
4031,5,5,0.9997815489768982
4032,1,1,0.9980682730674744
4033,0,0,0.9999992847442627
4034,0,0,0.9994845390319824
4035,1,1,0.9993969202041626
4036,1,1,0.9993233680725098
4037,6,6,0.9989312291145325
4038,2,2,0.999835729598999
4039,1,1,0.9998083710670471
4040,9,9,0.9999595880508423
4041,8,8,0.999992847442627
4042,4,4,0.9999997615814209
4043,0,0,0.9999996423721313
4044,3,3,0.9996252059936523
4045,6,6,0.9999996423721313
4046,4,4,0.9999923706054688
4047,9,9,0.9995343685150146
4048,0,0,0.9999847412109375
4049,7,7,0.999977707862854
4050,1,1,0.9876496195793152
4051,6,6,0.9999980926513672
4052,5,5,0.9991588592529297
4053,7,7,0.9809451103210449
4054,5,5,0.9999977350234985
4055,2,2,0.9999574422836304
4056,5,5,0.9999727010726929
4057,1,1,0.9992446899414062
4058,8,8,0.9999667406082153
4059,5,5,0.9999998807907104
4060,4,4,0.9997501969337463
4061,7,7,0.999081015586853
4062,0,0,0.9999768733978271
4063,6,6,0.7903269529342651
4064,7,7,0.9999929666519165
4065,0,0,0.4446291923522949
4066,2,2,0.999984622001648
4067,5,5,0.9999808073043823
4068,8,8,0.9999886751174927
4069,1,1,0.9991069436073303
4070,0,0,0.9999998807907104
4071,4,4,0.999987006187439
4072,5,5,0.999972939491272
4073,7,7,0.9999973773956299
4074,1,1,0.9976321458816528
4075,8,8,0.997368574142456
4076,5,5,0.9999953508377075
4077,1,1,0.9994339346885681
4078,9,9,0.9200099110603333
4079,0,0,0.9999892711639404
4080,0,0,0.999995231628418
4081,6,6,0.9999297857284546
4082,0,0,0.9999997615814209
4083,7,7,0.9999990463256836
4084,3,3,0.9998739957809448
4085,1,1,0.9988364577293396
4086,8,8,0.9979388117790222
4087,3,3,0.9999946355819702
4088,9,9,0.9994661211967468
4089,7,7,0.9999451637268066
4090,0,0,0.9999991655349731
4091,0,0,0.9999990463256836
4092,8,8,0.9962453246116638
4093,9,9,0.9601448774337769
4094,5,5,0.999855637550354
4095,9,9,0.9994818568229675
4096,8,8,0.9999892711639404
4097,3,3,0.9999986886978149
4098,2,2,0.9999791383743286
4099,7,7,0.9987320303916931
4100,2,2,0.9510666131973267
4101,9,9,0.9997532963752747
4102,7,7,0.9999973773956299
4103,2,2,0.9998754262924194
4104,1,1,0.9999244213104248
4105,1,1,0.9998003840446472
4106,3,3,0.9999982118606567
4107,7,7,0.9999953508377075
4108,5,5,0.9999864101409912
4109,3,3,0.999954342842102
4110,1,1,0.9997223019599915
4111,9,9,0.9989237189292908
4112,8,8,0.9995962977409363
4113,2,2,0.999957799911499
4114,2,2,0.9819477796554565
4115,2,2,0.9999986886978149
4116,8,8,0.9988085031509399
4117,8,8,0.9989996552467346
4118,5,5,0.9999964237213135
4119,7,7,0.9999279975891113
4120,3,3,0.9999887943267822
4121,8,8,0.9999486207962036
4122,9,9,0.9999783039093018
4123,8,8,0.999722421169281
4124,8,8,0.9993757605552673
4125,6,6,0.9990718364715576
4126,8,8,0.9763582944869995
4127,2,2,0.9999958276748657
4128,3,3,0.9999912977218628
4129,9,9,0.9925585985183716
4130,7,7,0.9999946355819702
4131,5,5,0.9999817609786987
4132,6,6,0.999990701675415
4133,2,2,0.9999984502792358
4134,9,9,0.9987189769744873
4135,2,2,0.9992479681968689
4136,8,8,0.999995231628418
4137,8,8,0.9644466042518616
4138,1,1,0.999940037727356
4139,6,6,0.9999997615814209
4140,8,8,0.9999995231628418
4141,8,8,0.9999616146087646
4142,7,7,0.9997981190681458
4143,9,9,0.9989866614341736
4144,1,1,0.9988967180252075
4145,8,8,0.994825005531311
4146,0,0,0.9988333582878113
4147,1,1,0.9943404197692871
4148,7,7,0.9999430179595947
4149,2,2,0.9989364743232727
4150,0,0,1.0
4151,7,7,0.9999861717224121
4152,5,5,0.9998456239700317
4153,1,1,0.9994180202484131
4154,9,9,0.9999288320541382
4155,0,0,0.9999997615814209
4156,2,2,0.9808974862098694
4157,0,0,0.9997833371162415
4158,9,9,0.9999005794525146
4159,8,8,0.9999583959579468
4160,6,6,0.9999154806137085
4161,2,2,0.9999263286590576
4162,3,3,1.0
4163,9,9,0.9226990938186646
4164,3,3,0.9999997615814209
4165,8,8,0.9995515942573547
4166,0,0,0.9999990463256836
4167,2,2,0.9836220145225525
4168,1,1,0.9997480511665344
4169,1,1,0.999715268611908
4170,1,1,0.9983507394790649
4171,1,1,0.9889655113220215
4172,4,4,0.9999743700027466
4173,2,2,0.9997943043708801
4174,9,9,0.9944262504577637
4175,7,7,0.9999369382858276
4176,2,7,0.9985426664352417
4177,5,5,0.9999915361404419
4178,1,1,0.9826796054840088
4179,1,1,0.9988766312599182
4180,2,2,0.9973119497299194
4181,1,1,0.9990436434745789
4182,9,9,0.9998451471328735
4183,9,9,0.9999525547027588
4184,9,9,0.9989448189735413
4185,1,1,0.9871500730514526
4186,0,0,0.9999948740005493
4187,2,2,0.9999123811721802
4188,0,0,0.9999980926513672
4189,2,2,0.999804675579071
4190,1,1,0.9994627833366394
4191,1,1,0.9995203018188477
4192,4,4,0.9999221563339233
4193,6,6,0.9961775541305542
4194,4,4,0.996448278427124
4195,1,1,0.9969620108604431
4196,5,5,0.9996839761734009
4197,4,4,0.9972283244132996
4198,9,9,0.9999334812164307
4199,7,7,0.9008949995040894
4200,7,7,0.9999983310699463
4201,1,7,0.5943137407302856
4202,5,5,0.9999910593032837
4203,6,6,0.9999992847442627
4204,2,2,0.999946117401123
4205,2,2,0.756583571434021
4206,2,2,0.9999953508377075
4207,8,8,0.8994492292404175
4208,0,0,0.9999773502349854
4209,6,6,0.9999699592590332
4210,9,9,0.9999079704284668
4211,6,6,0.9879360198974609
4212,1,1,0.9963327646255493
4213,9,9,0.9986465573310852
4214,7,7,0.9999977350234985
4215,7,7,0.9999666213989258
4216,1,1,0.9952817559242249
4217,4,4,0.9999994039535522
4218,8,8,0.9999505281448364
4219,5,5,1.0
4220,3,3,0.9999996423721313
4221,4,4,0.998467743396759
4222,3,3,0.9999998807907104
4223,4,4,0.9999374151229858
4224,9,9,0.9037457704544067
4225,7,7,0.9999924898147583
4226,5,5,0.9999998807907104
4227,0,0,0.9999802112579346
4228,7,7,0.9999748468399048
4229,4,4,0.9999995231628418
4230,8,8,0.999921441078186
4231,8,8,0.9999864101409912
4232,1,1,0.993992030620575
4233,5,5,0.9999943971633911
4234,3,3,0.9999998807907104
4235,9,9,0.9998983144760132
4236,5,5,1.0
4237,9,9,0.9999308586120605
4238,7,7,0.9422598481178284
4239,6,6,0.9984226226806641
4240,9,9,0.9999947547912598
4241,0,0,1.0
4242,3,3,0.9999959468841553
4243,6,6,0.9983866214752197
4244,3,3,0.9997312426567078
4245,9,9,0.9999741315841675
4246,8,8,0.9999998807907104
4247,2,2,0.999967098236084
4248,2,2,0.6125624775886536
4249,1,1,0.9992382526397705
4250,2,2,0.9997939467430115
4251,8,8,0.999997615814209
4252,6,6,0.9999740123748779
4253,8,8,0.9999997615814209
4254,5,5,0.9999951124191284
4255,5,5,0.9996781349182129
4256,3,3,0.9758063554763794
4257,9,9,0.999974250793457
4258,4,4,0.9999723434448242
4259,9,9,0.8742446899414062
4260,2,2,0.9981778860092163
4261,5,5,0.9999986886978149
4262,1,1,0.9999411106109619
4263,5,5,0.9997162222862244
4264,1,1,0.9983952641487122
4265,4,4,0.9895620942115784
4266,4,4,0.9980242252349854
4267,1,1,0.9999464750289917
4268,4,4,0.9999935626983643
4269,4,4,0.9997401833534241
4270,3,3,0.9999983310699463
4271,5,5,0.9693906903266907
4272,9,9,0.9998971223831177
4273,1,1,0.9991186261177063
4274,2,2,0.9999157190322876
4275,2,2,0.9999548196792603
4276,3,3,0.9999995231628418
4277,3,3,0.9999901056289673
4278,0,0,1.0
4279,2,2,0.9999901056289673
4280,9,9,0.9993475079536438
4281,0,0,0.9999840259552002
4282,0,0,0.9999903440475464
4283,9,9,0.9996968507766724
4284,9,9,0.6038198471069336
4285,6,6,0.9995507597923279
4286,0,0,0.9999959468841553
4287,9,9,0.99623703956604
4288,3,3,0.9999996423721313
4289,2,2,0.7544571161270142
4290,8,8,0.9999991655349731
4291,4,4,0.9999849796295166
4292,1,1,0.9980204105377197
4293,9,9,0.9999724626541138
4294,9,9,0.9973188042640686
4295,7,7,0.9997416138648987
4296,2,2,0.9999972581863403
4297,7,7,0.9996535778045654
4298,9,9,0.9999889135360718
4299,9,9,0.9897655248641968
4300,5,5,0.9998527765274048
4301,9,9,0.9996297359466553
4302,5,5,0.9993534684181213
4303,1,1,0.9996894598007202
4304,1,1,0.9988941550254822
4305,8,8,0.9999973773956299
4306,3,3,0.8570730090141296
4307,5,5,0.9999958276748657
4308,1,1,0.991273820400238
4309,9,9,0.9851425290107727
4310,5,5,0.9999669790267944
4311,3,3,0.9999970197677612
4312,5,5,0.9999810457229614
4313,4,4,0.9907718896865845
4314,9,9,0.9479410648345947
4315,5,5,0.9997296929359436
4316,9,9,0.9988694787025452
4317,3,3,0.9914724826812744
4318,1,1,0.998757004737854
4319,9,9,0.9999524354934692
4320,0,0,0.9999967813491821
4321,9,9,0.9999688863754272
4322,7,7,0.9999939203262329
4323,5,5,0.9989521503448486
4324,4,4,0.9999583959579468
4325,9,9,0.9815334677696228
4326,2,2,0.9999834299087524
4327,0,0,0.9999650716781616
4328,1,1,0.9997640252113342
4329,0,0,0.999972939491272
4330,5,5,0.9994304776191711
4331,1,1,0.9968248605728149
4332,4,4,0.9999970197677612
4333,9,9,0.9242475032806396
4334,3,3,0.999995231628418
4335,3,3,0.9999810457229614
4336,6,6,0.9999823570251465
4337,1,1,0.9995773434638977
4338,5,5,0.9999939203262329
4339,2,2,0.9995349645614624
4340,5,5,0.9999847412109375
4341,2,2,0.99946528673172
4342,2,2,0.9995334148406982
4343,0,0,0.9999963045120239
4344,9,9,0.9906898736953735
4345,2,2,0.9999998807907104
4346,6,6,0.999994158744812
4347,6,6,0.9999943971633911
4348,0,0,0.9999963045120239
4349,1,1,0.9967858791351318
4350,2,2,0.9879273772239685
4351,0,0,0.9999939203262329
4352,3,3,1.0
4353,0,0,0.999998927116394
4354,2,2,0.9992758631706238
4355,5,5,0.9999529123306274
4356,5,5,0.9978534579277039
4357,7,7,1.0
4358,9,9,0.9998718500137329
4359,5,5,0.9933567643165588
4360,5,5,0.9275103807449341
4361,0,0,0.999977707862854
4362,8,8,0.9999985694885254
4363,9,9,0.935931921005249
4364,5,5,0.9999932050704956
4365,0,0,0.9999992847442627
4366,3,3,0.9999997615814209
4367,2,2,0.9999970197677612
4368,5,5,0.9977062940597534
4369,9,9,0.6184171438217163
4370,0,0,0.9996930360794067
4371,8,8,0.999969482421875
4372,8,8,0.9999998807907104
4373,4,4,0.9999955892562866
4374,5,5,0.9957899451255798
4375,8,8,0.9999090433120728
4376,8,8,0.999976396560669
4377,4,4,0.9998592138290405
4378,5,5,0.9999997615814209
4379,4,4,0.9995474219322205
4380,8,8,0.9169108867645264
4381,5,5,0.9999980926513672
4382,4,4,0.9971873164176941
4383,9,9,0.9998970031738281
4384,2,2,0.9940703511238098
4385,2,2,0.9996269941329956
4386,1,1,0.9995904564857483
4387,2,2,0.9999717473983765
4388,6,6,0.9999336004257202
4389,8,8,0.9999679327011108
4390,8,8,0.9999969005584717
4391,7,7,0.9999996423721313
4392,0,0,1.0
4393,3,3,0.9971427321434021
4394,6,6,0.9999977350234985
4395,6,6,1.0
4396,4,4,0.9998774528503418
4397,3,3,0.999981164932251
4398,8,8,0.9998775720596313
4399,8,8,0.9991177916526794
4400,7,7,0.9937492609024048
4401,2,2,0.9830647110939026
4402,2,2,1.0
4403,0,0,0.999977707862854
4404,0,0,0.9999978542327881
4405,9,9,0.8896495699882507
4406,3,3,0.9999998807907104
4407,9,9,0.9999637603759766
4408,9,9,0.9987053871154785
4409,1,1,0.9998674392700195
4410,9,9,0.9962782263755798
4411,8,8,0.9999969005584717
4412,6,6,0.999996542930603
4413,6,6,0.9961100220680237
4414,4,4,0.9999959468841553
4415,2,2,0.9999933242797852
4416,6,6,0.999997615814209
4417,9,9,0.9999704360961914
4418,2,2,0.9999997615814209
4419,8,8,0.7484374046325684
4420,5,5,0.9998918771743774
4421,4,4,0.9999985694885254
4422,5,5,0.9999856948852539
4423,7,7,0.9999979734420776
4424,9,9,0.9927918910980225
4425,9,9,0.9576810598373413
4426,9,9,0.9988836646080017
4427,2,2,0.9975881576538086
4428,1,1,0.9982397556304932
4429,8,8,0.996650755405426
4430,3,3,0.9999997615814209
4431,4,4,0.9985839128494263
4432,0,0,0.9999406337738037
4433,7,7,0.9986968636512756
4434,8,8,0.9999901056289673
4435,3,3,0.9982836246490479
4436,9,9,0.9999698400497437
4437,3,3,0.9994378685951233
4438,4,4,0.9892159700393677
4439,6,6,0.9993664622306824
4440,5,5,0.9999986886978149
4441,6,6,0.9999997615814209
4442,2,2,0.9999253749847412
4443,3,3,0.9760856628417969
4444,9,9,0.9994831085205078
4445,2,2,0.9999114274978638
4446,6,6,0.9999997615814209
4447,0,0,0.9999986886978149
4448,0,0,0.9999986886978149
4449,6,6,0.9996533393859863
4450,1,1,0.9992355108261108
4451,2,2,0.9778562188148499
4452,8,8,0.9999653100967407
4453,7,7,0.9995788931846619
4454,9,9,0.9893369674682617
4455,8,8,0.9930196404457092
4456,2,2,0.9999092817306519
4457,0,0,0.9999978542327881
4458,4,4,0.9999984502792358
4459,7,7,0.9999899864196777
4460,7,7,0.9918103814125061
4461,5,5,0.9999873638153076
4462,0,0,0.9999985694885254
4463,5,5,0.9998689889907837
4464,6,6,1.0
4465,4,4,0.9993308782577515
4466,6,6,0.999990701675415
4467,7,7,0.9998934268951416
4468,4,4,0.999987006187439
4469,3,3,0.9998894929885864
4470,0,0,0.9999855756759644
4471,7,7,0.9999638795852661
4472,5,5,0.9998651742935181
4473,0,0,0.9999706745147705
4474,7,7,1.0
4475,4,4,0.9999779462814331
4476,2,2,0.9999253749847412
4477,0,0,0.9179097414016724
4478,8,8,0.9999877214431763
4479,9,9,0.9981679916381836
4480,9,9,0.9993521571159363
4481,4,4,0.9924564361572266
4482,2,2,0.9949617385864258
4483,4,4,0.9993390440940857
4484,6,6,0.9999845027923584
4485,7,7,0.9999657869338989
4486,8,8,0.9999457597732544
4487,7,7,0.9999243021011353
4488,6,6,0.9983585476875305
4489,9,9,0.9980658888816833
4490,4,4,0.9999995231628418
4491,1,1,0.9995818734169006
4492,3,3,0.9999986886978149
4493,7,7,0.9996873140335083
4494,3,3,0.9937942028045654
4495,0,0,0.9999984502792358
4496,8,8,0.9999990463256836
4497,8,8,0.6856365203857422
4498,7,7,0.999980092048645
4499,6,6,0.9999639987945557
4500,9,9,0.922427773475647
4501,3,3,0.9999994039535522
4502,9,9,0.999974250793457
4503,2,2,0.9995672106742859
4504,2,2,0.9250168800354004
4505,9,9,0.9172377586364746
4506,2,2,0.9981977343559265
4507,1,1,0.8732331991195679
4508,8,8,0.9999915361404419
4509,3,3,0.999977707862854
4510,2,2,0.9999974966049194
4511,9,9,0.9996687173843384
4512,6,6,0.9999884366989136
4513,8,8,0.9824839234352112
4514,4,4,0.9985544085502625
4515,0,0,0.9999983310699463
4516,1,1,0.9988382458686829
4517,2,2,0.9999997615814209
4518,8,8,0.999870777130127
4519,4,4,0.997150719165802
4520,5,5,0.9999990463256836
4521,2,2,0.9939913153648376
4522,7,7,0.9999898672103882
4523,8,8,0.9988818764686584
4524,1,1,0.9998657703399658
4525,1,1,0.9994219541549683
4526,3,3,0.9999951124191284
4527,0,0,0.9999737739562988
4528,3,3,0.9799615144729614
4529,5,5,0.9999984502792358
4530,7,7,0.9999661445617676
4531,0,0,0.9999938011169434
4532,3,3,0.9999998807907104
4533,1,1,0.9972746968269348
4534,9,9,0.9985673427581787
4535,3,3,1.0
4536,6,6,0.8906694650650024
4537,3,3,0.9999992847442627
4538,1,1,0.9919154047966003
4539,7,7,0.9999889135360718
4540,7,7,0.9998494386672974
4541,3,3,0.9999992847442627
4542,0,0,0.9999997615814209
4543,8,8,0.9980185031890869
4544,4,4,0.9999783039093018
4545,8,8,0.9999901056289673
4546,2,2,0.9986667633056641
4547,6,6,0.9005497097969055
4548,5,5,0.9974724650382996
4549,2,2,0.99937903881073
4550,9,9,0.99980229139328
4551,7,7,0.962644100189209
4552,3,3,0.9999876022338867
4553,9,9,0.999942421913147
4554,0,0,0.9999994039535522
4555,9,9,0.9997809529304504
4556,9,9,0.9984568357467651
4557,6,6,0.9999974966049194
4558,4,4,0.9997697472572327
4559,2,2,0.9999970197677612
4560,9,9,0.999937891960144
4561,7,7,0.9982665777206421
4562,2,2,0.9999967813491821
4563,1,1,0.9969756603240967
4564,1,1,0.9996265172958374
4565,6,6,0.9998725652694702
4566,7,7,0.9997102618217468
4567,4,4,0.9364989399909973
4568,7,7,0.9986419081687927
4569,5,5,0.9997993111610413
4570,9,9,0.9985620379447937
4571,6,6,0.7788051962852478
4572,8,8,0.9999560117721558
4573,2,2,0.9703691005706787
4574,1,1,0.9937487840652466
4575,4,2,0.8001838326454163
4576,4,4,0.9999829530715942
4577,5,5,0.999565064907074
4578,7,7,0.8823192715644836
4579,6,6,0.9986448884010315
4580,1,1,0.9999681711196899
4581,3,3,0.9999998807907104
4582,2,2,0.9999901056289673
4583,5,5,0.9998393058776855
4584,9,9,0.9995855689048767
4585,9,9,0.9993746876716614
4586,3,3,0.9999496936798096
4587,6,6,0.9999998807907104
4588,1,1,0.9994730353355408
4589,1,1,0.9989990592002869
4590,4,4,0.9999686479568481
4591,6,6,0.9999986886978149
4592,9,9,0.9999802112579346
4593,7,7,0.9992311000823975
4594,2,2,0.9300263524055481
4595,1,1,0.9990944862365723
4596,5,5,0.9999992847442627
4597,1,1,0.9993632435798645
4598,4,4,0.9998397827148438
4599,6,6,0.9999494552612305
4600,3,3,1.0
4601,8,8,0.9999573230743408
4602,1,1,0.9998667240142822
4603,1,1,0.9983939528465271
4604,0,0,0.5281661152839661
4605,3,3,0.9999819993972778
4606,1,1,0.9997734427452087
4607,6,6,0.9999792575836182
4608,8,8,0.9999312162399292
4609,4,4,0.9999685287475586
4610,9,9,0.9993377327919006
4611,0,0,0.9999995231628418
4612,7,7,0.9999935626983643
4613,3,3,0.9999970197677612
4614,0,0,0.9981929659843445
4615,2,2,0.9936382174491882
4616,9,9,0.9999855756759644
4617,0,0,0.9995633959770203
4618,6,6,0.9999964237213135
4619,6,6,0.9976644515991211
4620,6,6,0.9978858828544617
4621,3,3,1.0
4622,6,6,0.9999964237213135
4623,7,7,0.9999934434890747
4624,7,7,0.9997331500053406
4625,2,2,0.9948453903198242
4626,8,8,0.99994957447052
4627,6,6,1.0
4628,0,0,1.0
4629,8,8,0.9999997615814209
4630,3,3,0.9946945309638977
4631,0,0,0.9999998807907104
4632,2,2,0.9999759197235107
4633,9,9,0.9938045740127563
4634,8,8,0.9999970197677612
4635,3,3,0.9828148484230042
4636,2,2,0.9999997615814209
4637,5,5,1.0
4638,3,3,0.9999998807907104
4639,8,8,0.9985159039497375
4640,8,8,0.9996383190155029
4641,0,0,0.9999895095825195
4642,0,0,0.9999715089797974
4643,1,1,0.9879814982414246
4644,9,9,0.9999183416366577
4645,5,5,0.9999997615814209
4646,1,1,0.9703355431556702
4647,3,3,0.9999617338180542
4648,9,9,0.9998397827148438
4649,6,6,0.9999977350234985
4650,0,0,0.9999891519546509
4651,1,1,0.9992679953575134
4652,4,4,0.9995930790901184
4653,1,1,0.9992534518241882
4654,7,7,1.0
4655,1,1,0.9993168115615845
4656,2,2,0.99595707654953
4657,3,3,0.9987699389457703
4658,7,7,0.9999943971633911
4659,9,9,0.9997934699058533
4660,7,7,0.9962555170059204
4661,4,4,0.9999973773956299
4662,9,9,0.9364876747131348
4663,9,9,0.999946117401123
4664,3,3,1.0
4665,9,9,0.9994852542877197
4666,2,2,0.9998741149902344
4667,8,8,0.9999998807907104
4668,2,2,0.9972352385520935
4669,7,7,0.9999827146530151
4670,1,1,0.9997385144233704
4671,8,8,0.9999959468841553
4672,0,0,0.9984487295150757
4673,9,9,0.9991468191146851
4674,1,1,0.9987404942512512
4675,0,0,0.9999912977218628
4676,1,1,0.9932079911231995
4677,7,7,0.9999760389328003
4678,7,7,0.9999970197677612
4679,9,9,0.9998788833618164
4680,6,6,1.0
4681,9,9,0.992786705493927
4682,9,9,0.999950647354126
4683,9,9,0.9997901320457458
4684,2,2,0.9998830556869507
4685,1,1,0.999761164188385
4686,6,6,0.9999872446060181
4687,1,1,0.9985478520393372
4688,3,3,0.9999979734420776
4689,5,5,0.9999909400939941
4690,7,7,0.9996339082717896
4691,1,1,0.9999481439590454
4692,9,9,0.998320996761322
4693,7,7,0.9999802112579346
4694,6,6,0.999998927116394
4695,4,4,0.9995285272598267
4696,5,5,0.9958114624023438
4697,7,7,0.9999943971633911
4698,6,6,0.9997779726982117
4699,6,6,0.9671356678009033
4700,9,9,0.9996285438537598
4701,9,9,0.9999979734420776
4702,6,6,0.997132420539856
4703,3,3,0.9999982118606567
4704,6,6,0.999803364276886
4705,2,2,0.9999908208847046
4706,9,9,0.998548686504364
4707,8,8,0.9999974966049194
4708,1,1,0.9997308850288391
4709,2,2,0.9999922513961792
4710,2,2,0.9992905855178833
4711,5,5,0.9999985694885254
4712,5,5,0.999755322933197
4713,2,2,0.999541163444519
4714,3,3,0.9999974966049194
4715,7,7,0.9999889135360718
4716,2,2,0.999908447265625
4717,1,1,0.9998564720153809
4718,0,0,0.9999997615814209
4719,1,1,0.9931790828704834
4720,0,0,0.9999589920043945
4721,4,4,0.9998606443405151
4722,5,5,0.9999135732650757
4723,2,2,0.9964424967765808
4724,8,8,0.8803457617759705
4725,2,2,0.9933131337165833
4726,8,8,0.9999926090240479
4727,3,3,0.9999836683273315
4728,5,5,0.9999537467956543
4729,1,1,0.9997614026069641
4730,7,7,0.9999998807907104
4731,8,8,0.9522503018379211
4732,1,1,0.9999687671661377
4733,1,1,0.9986055493354797
4734,2,2,0.9999324083328247
4735,9,9,0.9978390336036682
4736,7,7,0.9999911785125732
4737,8,8,0.9992167949676514
4738,4,4,0.9998413324356079
4739,0,0,0.940718412399292
4740,3,5,0.823712944984436
4741,0,0,0.9999918937683105
4742,7,7,0.9999572038650513
4743,8,8,0.9896017909049988
4744,8,8,0.9985346794128418
4745,4,4,0.9984241724014282
4746,7,7,0.999990701675415
4747,7,7,0.9999990463256836
4748,8,8,0.999998927116394
4749,5,5,0.999925971031189
4750,8,8,0.9999812841415405
4751,4,4,0.9999091625213623
4752,9,9,0.9998569488525391
4753,8,8,0.9999939203262329
4754,1,1,0.9996071457862854
4755,3,3,0.999384880065918
4756,8,8,0.999792754650116
4757,0,0,0.9999995231628418
4758,3,3,0.9999996423721313
4759,1,1,0.9904099702835083
4760,7,7,0.9992913007736206
4761,9,8,0.9506182074546814
4762,5,5,0.9999878406524658
4763,5,5,0.9934821724891663
4764,1,1,0.9984145164489746
4765,6,6,0.9999963045120239
4766,5,5,0.9999990463256836
4767,7,7,0.9999994039535522
4768,4,4,0.9999997615814209
4769,9,9,0.9999982118606567
4770,3,3,0.9999997615814209
4771,5,5,0.999832272529602
4772,4,4,0.9999768733978271
4773,7,7,0.9999618530273438
4774,1,1,0.9990806579589844
4775,2,2,0.9999961853027344
4776,0,0,0.9912194609642029
4777,8,8,0.9918000102043152
4778,1,1,0.996885359287262
4779,6,6,1.0
4780,0,0,0.999997615814209
4781,7,7,0.9999974966049194
4782,3,3,0.9999984502792358
4783,4,4,0.8411653637886047
4784,7,7,0.9999997615814209
4785,3,3,0.9999998807907104
4786,9,9,0.9998888969421387
4787,6,6,0.9999994039535522
4788,0,0,0.9933096170425415
4789,8,8,0.9999496936798096
4790,6,6,0.9999457597732544
4791,4,4,0.9987082481384277
4792,8,8,0.9999994039535522
4793,7,7,0.9999181032180786
4794,7,7,0.999977707862854
4795,9,9,0.9999434947967529
4796,3,3,0.9999536275863647
4797,8,8,1.0
4798,6,6,0.9991132616996765
4799,9,9,0.9999287128448486
4800,7,7,0.9999927282333374
4801,2,2,0.9999990463256836
4802,3,3,0.9999685287475586
4803,4,4,0.9999972581863403
4804,0,0,0.9850408434867859
4805,2,2,0.9999945163726807
4806,1,1,0.9989359974861145
4807,8,8,0.9883149862289429
4808,3,5,0.6007485389709473
4809,5,5,0.9999991655349731
4810,5,5,0.9999977350234985
4811,7,7,0.9999979734420776
4812,2,2,0.9996138215065002
4813,4,4,0.9999967813491821
4814,6,6,0.9929496049880981
4815,7,7,0.9840972423553467
4816,2,2,0.9998693466186523
4817,8,8,0.9999998807907104
4818,3,3,1.0
4819,0,0,0.9999837875366211
4820,8,8,0.9999914169311523
4821,7,7,0.9999998807907104
4822,8,8,0.9998729228973389
4823,9,4,0.737799882888794
4824,0,0,0.999990701675415
4825,8,8,0.9994296431541443
4826,4,4,0.9995891451835632
4827,4,4,0.9999548196792603
4828,5,5,0.9999300241470337
4829,8,8,0.9999867677688599
4830,5,5,0.9999984502792358
4831,6,6,0.9998043179512024
4832,6,6,0.9998611211776733
4833,3,3,0.9999970197677612
4834,0,0,0.9980588555335999
4835,9,9,0.9980499744415283
4836,3,3,0.999964714050293
4837,7,7,0.9973113536834717
4838,6,6,0.6999396681785583
4839,8,8,0.9942482709884644
4840,9,9,0.9983525276184082
4841,3,3,0.9999734163284302
4842,4,4,0.9999010562896729
4843,9,9,0.9999861717224121
4844,5,5,0.9999420642852783
4845,8,8,0.9974470138549805
4846,9,9,0.9951766729354858
4847,1,1,0.9981409311294556
4848,2,2,0.9998865127563477
4849,8,8,0.9999709129333496
4850,8,8,0.9999985694885254
4851,6,6,0.9983464479446411
4852,8,8,0.991038978099823
4853,1,1,0.9997794032096863
4854,3,3,0.9999632835388184
4855,7,7,0.9999969005584717
4856,9,9,0.9999871253967285
4857,0,0,0.9999892711639404
4858,1,1,0.9999133348464966
4859,1,1,0.9996697902679443
4860,4,4,0.9202097058296204
4861,7,7,0.9966121315956116
4862,0,0,0.9999983310699463
4863,8,8,0.9982303977012634
4864,1,1,0.9704155921936035
4865,7,7,1.0
4866,4,4,0.9999386072158813
4867,5,5,0.9999805688858032
4868,7,7,0.9997065663337708
4869,1,1,0.9992769360542297
4870,2,2,1.0
4871,1,1,0.9921088814735413
4872,1,1,0.9996316432952881
4873,3,3,0.9999884366989136
4874,9,9,0.9940515160560608
4875,6,6,0.999996542930603
4876,2,2,0.9997584223747253
4877,1,1,0.9977239966392517
4878,2,2,0.9999964237213135
4879,8,8,0.6880246996879578
4880,0,0,0.9998522996902466
4881,7,7,0.9999862909317017
4882,6,6,0.9998757839202881
4883,6,6,0.9999867677688599
4884,9,9,0.999092698097229
4885,3,3,0.9999997615814209
4886,7,7,0.9933351278305054
4887,0,0,0.9999945163726807
4888,5,5,0.9994932413101196
4889,2,2,0.9999798536300659
4890,8,8,0.996982991695404
4891,0,0,0.9999994039535522
4892,5,5,0.9999998807907104
4893,4,4,0.9947729706764221
4894,3,3,0.9999873638153076
4895,8,8,0.9999886751174927
4896,4,4,0.999835729598999
4897,6,6,0.9996210336685181
4898,6,6,0.9998490810394287
4899,2,2,0.9994475245475769
4900,7,7,0.999796450138092
4901,9,9,0.9998596906661987
4902,5,5,0.9937938451766968
4903,1,1,0.996350884437561
4904,3,3,0.9999997615814209
4905,2,2,0.999967098236084
4906,4,4,0.9999970197677612
4907,3,3,0.9997794032096863
4908,6,6,0.9999948740005493
4909,1,1,0.9992270469665527
4910,9,9,0.9999277591705322
4911,4,4,0.9613853096961975
4912,4,4,0.9999991655349731
4913,7,7,0.9998204112052917
4914,6,6,0.9999984502792358
4915,5,5,0.999906063079834
4916,4,4,0.9999979734420776
4917,1,1,0.9981632828712463
4918,9,9,0.9643937349319458
4919,9,9,0.9997900128364563
4920,2,2,1.0
4921,7,7,0.99104905128479
4922,8,8,0.9999649524688721
4923,0,0,0.9999822378158569
4924,1,1,0.9850460886955261
4925,3,3,0.9999945163726807
4926,6,6,0.9999949932098389
4927,1,1,0.9990918636322021
4928,3,3,0.9999997615814209
4929,4,4,0.9867266416549683
4930,1,1,0.9992790818214417
4931,1,1,0.999437153339386
4932,1,1,0.9998923540115356
4933,5,5,0.9999997615814209
4934,6,6,0.9997617602348328
4935,0,0,0.9999998807907104
4936,7,7,0.9998605251312256
4937,0,0,1.0
4938,7,7,0.9994271993637085
4939,2,2,0.996224045753479
4940,3,3,0.9999994039535522
4941,2,2,0.9996293783187866
4942,5,5,0.9990602135658264
4943,2,2,0.9933366775512695
4944,2,2,0.9997590184211731
4945,9,9,0.9998689889907837
4946,4,4,0.999953031539917
4947,9,9,0.9996709823608398
4948,8,8,0.9999607801437378
4949,1,1,0.9993987083435059
4950,2,2,0.996634304523468
4951,1,1,0.9998160004615784
4952,6,6,0.9937459230422974
4953,1,1,0.9992069602012634
4954,2,2,0.9998996257781982
4955,7,7,0.9999992847442627
4956,8,8,0.8908208012580872
4957,0,0,0.9999960660934448
4958,0,0,0.9999992847442627
4959,0,0,0.9998598098754883
4960,8,8,0.9992448091506958
4961,2,2,0.9999988079071045
4962,2,2,1.0
4963,9,9,0.994945228099823
4964,2,2,0.9997860789299011
4965,2,2,0.9999953508377075
4966,7,7,0.9999622106552124
4967,9,9,0.9993689656257629
4968,9,9,0.9987169504165649
4969,2,2,0.9994016885757446
4970,7,7,0.9993513226509094
4971,5,5,0.9999271631240845
4972,1,1,0.9996053576469421
4973,3,3,1.0
4974,4,4,0.9999469518661499
4975,9,9,0.9999638795852661
4976,4,4,0.9999879598617554
4977,1,1,0.9976836442947388
4978,8,8,0.9988605976104736
4979,5,5,0.9999979734420776
4980,6,6,0.9999991655349731
4981,2,2,0.9948082566261292
4982,8,8,0.9986007809638977
4983,3,3,1.0
4984,1,1,0.9995229244232178
4985,2,2,0.9999992847442627
4986,8,8,0.9998852014541626
4987,4,4,0.9994634985923767
4988,9,9,0.9998769760131836
4989,9,9,0.9850998520851135
4990,3,3,0.9996166229248047
4991,7,7,0.9999438524246216
4992,0,0,1.0
4993,7,7,0.9997034668922424
4994,7,7,0.9999431371688843
4995,2,2,0.9993854761123657
4996,3,3,0.9999990463256836
4997,2,2,0.9953644275665283
4998,4,4,0.9998217225074768
4999,0,0,1.0
5000,3,3,0.9999997615814209
5001,9,9,0.9992295503616333
5002,9,9,0.9999873638153076
5003,8,8,0.9999970197677612
5004,4,4,0.9999998807907104
5005,1,1,0.9999663829803467
5006,0,0,0.999954342842102
5007,6,6,0.9999954700469971
5008,0,0,0.9999961853027344
5009,9,9,0.99903404712677
5010,6,6,0.9999978542327881
5011,8,8,0.9999748468399048
5012,6,6,0.9999998807907104
5013,1,1,0.999923586845398
5014,1,1,0.9999537467956543
5015,9,9,0.9976918697357178
5016,8,8,0.9999996423721313
5017,9,9,0.9999109506607056
5018,2,2,1.0
5019,3,3,0.9999780654907227
5020,5,5,0.9999988079071045
5021,5,5,0.9999911785125732
5022,9,9,0.9997925162315369
5023,4,4,0.9999995231628418
5024,2,2,0.9999833106994629
5025,1,1,0.9999749660491943
5026,9,9,0.9999595880508423
5027,4,4,0.9994852542877197
5028,3,3,1.0
5029,9,9,0.9984604120254517
5030,6,6,0.9999995231628418
5031,0,0,0.9999985694885254
5032,4,4,0.9999958276748657
5033,0,0,0.9999901056289673
5034,6,6,0.9999994039535522
5035,0,0,0.9995467066764832
5036,1,1,0.9999661445617676
5037,2,2,0.9999973773956299
5038,3,3,0.9999887943267822
5039,4,4,0.999998927116394
5040,7,7,0.9940629601478577
5041,8,8,0.9999997615814209
5042,9,9,0.999993085861206
5043,0,0,0.9999871253967285
5044,1,1,0.9999796152114868
5045,2,2,0.9999998807907104
5046,3,3,0.9976414442062378
5047,4,4,0.9999991655349731
5048,7,7,0.999748170375824
5049,8,8,0.999931812286377
5050,9,9,0.9999690055847168
5051,0,0,0.9995200634002686
5052,1,1,0.9999649524688721
5053,2,2,0.9999966621398926
5054,3,3,0.9980194568634033
5055,4,4,0.9999998807907104
5056,5,5,0.9997005462646484
5057,6,6,0.9999788999557495
5058,7,7,0.9999022483825684
5059,8,8,0.9999970197677612
5060,9,9,0.999957799911499
5061,8,8,0.999982476234436
5062,3,3,0.9999719858169556
5063,4,4,0.9999983310699463
5064,7,7,0.9994392991065979
5065,8,8,0.9987239241600037
5066,6,6,0.9999982118606567
5067,3,3,0.6805419325828552
5068,4,4,0.9966654181480408
5069,0,0,0.9999992847442627
5070,9,9,0.999956488609314
5071,7,7,0.999977707862854
5072,1,1,0.9999823570251465
5073,9,9,0.9999905824661255
5074,3,3,0.9999953508377075
5075,8,8,0.999966025352478
5076,4,4,0.9999997615814209
5077,7,7,0.9997574687004089
5078,3,3,0.9944619536399841
5079,0,0,0.9999847412109375
5080,9,9,0.9999841451644897
5081,1,1,0.9998384714126587
5082,4,4,0.999996542930603
5083,5,5,0.9900868535041809
5084,4,4,0.9997972846031189
5085,6,6,0.9999556541442871
5086,2,2,0.999902606010437
5087,0,0,0.9999784231185913
5088,6,6,0.9983173608779907
5089,2,2,0.9999985694885254
5090,1,1,0.9952532052993774
5091,1,1,0.9997566342353821
5092,1,1,0.9998472929000854
5093,1,1,0.9998483657836914
5094,7,7,0.999862551689148
5095,2,2,1.0
5096,4,4,0.9999951124191284
5097,7,7,0.9999922513961792
5098,5,5,0.9966970682144165
5099,2,2,0.9973204731941223
5100,9,9,0.9955559372901917
5101,4,4,0.9999254941940308
5102,5,5,0.9999704360961914
5103,8,8,0.9999973773956299
5104,4,4,0.9999990463256836
5105,2,2,0.9991059899330139
5106,9,9,0.9997205138206482
5107,7,7,0.9998295307159424
5108,0,0,0.9999622106552124
5109,0,0,0.9999978542327881
5110,7,7,0.9991299510002136
5111,5,5,0.999678373336792
5112,1,1,0.9999788999557495
5113,1,1,0.9999637603759766
5114,7,7,0.9985144734382629
5115,6,6,0.9999963045120239
5116,6,6,0.9999998807907104
5117,6,6,0.999991774559021
5118,8,8,0.9999935626983643
5119,2,2,0.9999837875366211
5120,2,2,0.9998093247413635
5121,7,7,0.9978081583976746
5122,7,7,0.9990535378456116
5123,4,4,1.0
5124,0,0,0.9999983310699463
5125,2,2,0.9986434578895569
5126,4,4,0.9999970197677612
5127,2,2,0.9651871919631958
5128,1,1,0.9999114274978638
5129,8,8,1.0
5130,9,9,0.9999760389328003
5131,6,6,0.9999526739120483
5132,1,1,0.9999698400497437
5133,0,0,0.9999916553497314
5134,5,5,0.9993842840194702
5135,9,9,0.9999159574508667
5136,6,6,0.9998784065246582
5137,9,9,0.9999914169311523
5138,8,8,0.9970272183418274
5139,0,0,0.9999988079071045
5140,3,3,0.9745995998382568
5141,0,0,0.9999842643737793
5142,8,8,0.9999988079071045
5143,3,3,0.9999812841415405
5144,9,9,0.999671220779419
5145,6,6,0.9999843835830688
5146,3,3,0.9999626874923706
5147,0,0,0.999958872795105
5148,1,1,0.9996628761291504
5149,2,2,0.9999964237213135
5150,3,3,1.0
5151,4,4,0.9999926090240479
5152,5,5,0.9999366998672485
5153,6,6,0.9999998807907104
5154,7,7,0.9998255372047424
5155,0,0,0.9920712113380432
5156,1,1,0.9995984435081482
5157,2,2,0.9999985694885254
5158,3,3,0.9999997615814209
5159,4,4,0.9732488393783569
5160,5,5,0.9999996423721313
5161,6,6,1.0
5162,7,7,0.9967384934425354
5163,8,8,0.9999945163726807
5164,9,9,0.9998304843902588
5165,0,0,0.9783008694648743
5166,1,1,0.9999046325683594
5167,2,2,0.999954104423523
5168,3,3,1.0
5169,4,4,0.9999969005584717
5170,5,5,0.9999920129776001
5171,6,6,1.0
5172,7,7,0.9996981620788574
5173,8,8,0.9993805885314941
5174,5,5,0.999998927116394
5175,4,4,0.9999428987503052
5176,8,8,0.9167660474777222
5177,7,7,0.9997040629386902
5178,4,4,0.999997615814209
5179,7,7,0.9999998807907104
5180,7,7,0.9994496703147888
5181,3,3,1.0
5182,9,9,0.9989508390426636
5183,8,8,0.9986745119094849
5184,8,8,0.9999679327011108
5185,3,3,0.9999996423721313
5186,1,1,0.9999185800552368
5187,5,5,0.9999933242797852
5188,8,8,0.9999258518218994
5189,2,2,0.9999961853027344
5190,7,7,0.9997673630714417
5191,4,4,1.0
5192,2,2,0.9999983310699463
5193,1,1,0.9997767806053162
5194,5,5,0.9802578091621399
5195,4,4,0.9999996423721313
5196,5,5,0.9999998807907104
5197,5,5,0.9999958276748657
5198,8,8,0.9998279809951782
5199,6,6,0.9570155739784241
5200,4,4,0.9999178647994995
5201,4,4,0.9998962879180908
5202,4,4,0.999988317489624
5203,1,1,0.988935649394989
5204,8,8,0.9993521571159363
5205,7,7,0.999962329864502
5206,5,5,0.9999997615814209
5207,5,5,0.9999936819076538
5208,1,1,0.9997541308403015
5209,8,8,0.9965684413909912
5210,9,9,0.9996082186698914
5211,1,1,0.9999076128005981
5212,3,3,1.0
5213,6,6,0.9999983310699463
5214,3,3,0.9999997615814209
5215,3,3,0.9999995231628418
5216,2,2,0.9999996423721313
5217,2,2,0.9997928738594055
5218,6,6,0.9999998807907104
5219,9,9,0.999089241027832
5220,9,9,0.999885082244873
5221,6,6,0.999640941619873
5222,5,5,0.9999998807907104
5223,5,5,0.9999998807907104
5224,3,3,1.0
5225,3,3,0.9999985694885254
5226,8,8,0.9999967813491821
5227,1,1,0.9999823570251465
5228,6,6,0.9990416169166565
5229,5,5,0.9999825954437256
5230,6,6,0.9999997615814209
5231,8,8,0.9999929666519165
5232,1,1,0.9999052286148071
5233,9,9,0.9999109506607056
5234,7,7,0.9998296499252319
5235,6,6,1.0
5236,8,8,0.9959486722946167
5237,3,3,0.9999997615814209
5238,7,7,0.999817430973053
5239,4,4,0.9999594688415527
5240,7,7,0.9983391761779785
5241,0,0,0.9999948740005493
5242,9,9,0.9912727475166321
5243,0,0,0.9687876105308533
5244,0,0,0.999649167060852
5245,3,3,0.9999997615814209
5246,7,7,0.9894794821739197
5247,9,9,0.9996219873428345
5248,3,3,0.9999958276748657
5249,0,0,0.9999840259552002
5250,2,2,0.9996695518493652
5251,0,0,0.9985144734382629
5252,1,1,0.999663233757019
5253,0,0,0.9997417330741882
5254,1,1,0.9998462200164795
5255,0,0,0.9983499050140381
5256,4,4,1.0
5257,0,0,0.9999707937240601
5258,1,1,0.9999653100967407
5259,0,0,0.9999938011169434
5260,4,4,0.9999710321426392
5261,7,7,0.9933695197105408
5262,9,9,0.99760901927948
5263,6,6,0.9999994039535522
5264,2,2,0.9999942779541016
5265,6,6,0.9999924898147583
5266,2,2,0.9999972581863403
5267,2,2,0.9999867677688599
5268,9,8,0.8430879712104797
5269,9,9,0.9428144693374634
5270,0,0,0.9999988079071045
5271,1,1,0.9999328851699829
5272,2,2,0.9999953508377075
5273,3,3,0.9999946355819702
5274,4,4,0.9999992847442627
5275,5,5,0.9999994039535522
5276,6,6,0.9999998807907104
5277,7,7,0.9999567270278931
5278,8,8,0.99980229139328
5279,9,9,0.9999758005142212
5280,0,0,0.9999988079071045
5281,1,1,0.9999195337295532
5282,2,2,1.0
5283,3,3,0.9999980926513672
5284,4,4,0.9999977350234985
5285,5,5,0.9999986886978149
5286,6,6,0.9999977350234985
5287,7,7,0.9999997615814209
5288,8,8,0.9989387392997742
5289,9,9,0.9999939203262329
5290,0,0,0.9999996423721313
5291,1,1,0.9999591112136841
5292,2,2,0.9999874830245972
5293,3,3,1.0
5294,4,4,0.9999997615814209
5295,5,5,0.9999997615814209
5296,6,6,0.9999973773956299
5297,7,7,0.9999903440475464
5298,8,8,0.9998137354850769
5299,9,9,0.9999297857284546
5300,8,8,0.9999923706054688
5301,0,0,0.9999982118606567
5302,5,5,0.9999988079071045
5303,6,6,0.9999995231628418
5304,6,6,0.9999986886978149
5305,0,0,1.0
5306,8,8,0.9999450445175171
5307,0,0,0.9999991655349731
5308,2,2,0.9999821186065674
5309,3,3,1.0
5310,7,7,0.9999191761016846
5311,9,9,0.9998663663864136
5312,4,4,0.9999946355819702
5313,7,7,0.9999996423721313
5314,1,1,0.9998218417167664
5315,9,9,0.9999585151672363
5316,1,1,0.9999409914016724
5317,7,7,0.9999901056289673
5318,1,1,0.9999533891677856
5319,4,4,0.9999972581863403
5320,0,0,0.9999996423721313
5321,0,0,0.9999992847442627
5322,4,4,0.9999529123306274
5323,1,1,0.9999309778213501
5324,7,7,0.9999397993087769
5325,5,5,0.9999996423721313
5326,7,7,0.9999973773956299
5327,1,1,0.9999841451644897
5328,3,3,0.9999954700469971
5329,3,3,0.9999998807907104
5330,3,3,0.9999997615814209
5331,1,1,0.9926511645317078
5332,6,6,0.9999977350234985
5333,9,9,0.9999915361404419
5334,7,7,0.9999815225601196
5335,4,4,0.9992088675498962
5336,3,3,1.0
5337,0,0,1.0
5338,2,2,0.9999980926513672
5339,5,5,0.9999973773956299
5340,2,2,1.0
5341,6,6,0.9999958276748657
5342,0,0,0.9999997615814209
5343,8,8,0.9997732043266296
5344,9,9,0.9999990463256836
5345,4,4,0.9999779462814331
5346,3,3,0.9999995231628418
5347,5,5,1.0
5348,4,4,0.9999779462814331
5349,8,8,0.9999985694885254
5350,1,1,0.99988853931427
5351,5,5,0.9999992847442627
5352,9,9,0.9999840259552002
5353,0,0,0.9999994039535522
5354,6,6,0.9999945163726807
5355,4,4,0.9999979734420776
5356,3,3,0.9999998807907104
5357,6,6,0.9999948740005493
5358,3,3,0.999998927116394
5359,3,3,0.9999994039535522
5360,8,8,0.999997615814209
5361,1,1,0.9999537467956543
5362,4,4,0.9999979734420776
5363,7,7,0.9996248483657837
5364,5,5,1.0
5365,7,7,0.9999988079071045
5366,2,2,1.0
5367,2,2,0.9999996423721313
5368,0,0,1.0
5369,0,0,1.0
5370,1,1,0.9998868703842163
5371,7,7,0.9997550845146179
5372,7,7,0.9991956353187561
5373,9,9,0.9999916553497314
5374,5,5,0.9999996423721313
5375,9,9,0.9999110698699951
5376,8,8,0.9999992847442627
5377,9,9,0.9999880790710449
5378,6,6,0.9999990463256836
5379,8,8,0.99998939037323
5380,8,8,0.9999724626541138
5381,2,2,0.9999890327453613
5382,3,3,0.999996542930603
5383,6,6,0.999998927116394
5384,1,1,0.9998480081558228
5385,2,2,1.0
5386,9,9,0.99997878074646
5387,8,8,0.9998534917831421
5388,9,9,0.9999421834945679
5389,5,5,0.9999995231628418
5390,2,2,0.9999997615814209
5391,6,6,0.9999979734420776
5392,2,2,0.9999992847442627
5393,4,4,0.9999996423721313
5394,8,8,0.9998880624771118
5395,4,4,0.9999978542327881
5396,6,6,0.9999974966049194
5397,5,5,0.9999932050704956
5398,0,0,0.9999837875366211
5399,1,1,0.9998695850372314
5400,5,5,0.9999986886978149
5401,6,6,0.9997686743736267
5402,7,7,0.9999698400497437
5403,8,8,0.9999263286590576
5404,9,9,0.9999839067459106
5405,0,0,0.9999648332595825
5406,1,1,0.9996490478515625
5407,2,2,0.9936980605125427
5408,3,3,0.9999971389770508
5409,4,4,0.9960017800331116
5410,5,5,0.9999865293502808
5411,6,6,0.9999996423721313
5412,7,7,0.9999613761901855
5413,8,8,0.999923825263977
5414,9,9,0.9999678134918213
5415,0,0,0.9999995231628418
5416,1,1,0.9992509484291077
5417,2,2,0.9992019534111023
5418,3,3,1.0
5419,4,4,0.9999995231628418
5420,5,5,0.9998840093612671
5421,6,6,0.9999945163726807
5422,7,7,0.9999983310699463
5423,8,8,0.9999901056289673
5424,9,9,0.9989612102508545
5425,7,7,0.9999850988388062
5426,4,4,1.0
5427,2,2,0.9996349811553955
5428,0,0,0.9999969005584717
5429,9,9,0.9997633099555969
5430,0,0,0.9999903440475464
5431,1,1,0.999957799911499
5432,5,5,0.9999998807907104
5433,8,8,0.9999798536300659
5434,8,8,0.9999983310699463
5435,0,0,0.9999983310699463
5436,2,2,1.0
5437,7,7,0.9999830722808838
5438,8,8,0.9999910593032837
5439,4,4,0.9999998807907104
5440,4,4,0.9994170665740967
5441,6,6,1.0
5442,1,1,0.9998588562011719
5443,0,0,0.9998486042022705
5444,4,4,0.9999991655349731
5445,5,5,0.9999935626983643
5446,3,3,0.9999998807907104
5447,9,9,0.9999712705612183
5448,4,4,0.9999942779541016
5449,2,2,0.9213018417358398
5450,0,0,0.9507598280906677
5451,5,5,1.0
5452,0,0,0.9999274015426636
5453,1,1,0.9997995495796204
5454,3,3,0.9999980926513672
5455,2,2,0.9999622106552124
5456,9,9,0.9999902248382568
5457,1,1,0.5624276995658875
5458,6,6,1.0
5459,0,0,0.9993466734886169
5460,1,1,0.9999817609786987
5461,1,1,0.9999632835388184
5462,8,8,1.0
5463,0,0,0.9999723434448242
5464,4,4,0.9999996423721313
5465,7,7,0.9999998807907104
5466,7,7,0.9999877214431763
5467,6,6,0.9999994039535522
5468,3,3,0.9999969005584717
5469,6,6,0.9999749660491943
5470,0,0,0.9999006986618042
5471,7,7,0.9999656677246094
5472,3,3,1.0
5473,5,5,1.0
5474,4,4,0.9999984502792358
5475,2,2,0.9999997615814209
5476,4,4,1.0
5477,1,1,0.9999450445175171
5478,8,8,0.999998927116394
5479,3,3,0.9999998807907104
5480,5,5,0.9999998807907104
5481,6,6,1.0
5482,7,7,0.9999997615814209
5483,0,0,0.9999885559082031
5484,6,6,1.0
5485,7,7,0.9999970197677612
5486,1,1,0.999975323677063
5487,2,2,0.999997615814209
5488,5,5,1.0
5489,8,8,0.9999995231628418
5490,1,1,0.9999734163284302
5491,9,9,0.9998980760574341
5492,3,3,1.0
5493,8,8,0.9999943971633911
5494,2,2,0.9999997615814209
5495,8,8,0.9999880790710449
5496,7,7,0.999782383441925
5497,6,6,1.0
5498,7,7,0.9999996423721313
5499,1,1,0.9999414682388306
5500,4,4,1.0
5501,6,6,1.0
5502,2,2,0.9999865293502808
5503,9,9,0.9999964237213135
5504,3,3,0.9999809265136719
5505,0,0,0.9999961853027344
5506,1,1,0.999735414981842
5507,2,2,0.999994158744812
5508,3,3,0.9999997615814209
5509,4,4,1.0
5510,5,5,1.0
5511,6,6,1.0
5512,7,7,0.9999641180038452
5513,0,0,0.9999997615814209
5514,1,1,0.9995107650756836
5515,2,2,0.9999995231628418
5516,3,3,0.9999979734420776
5517,4,4,0.9999998807907104
5518,5,5,1.0
5519,0,0,0.99983811378479
5520,1,1,0.9994957447052002
5521,2,2,0.9999998807907104
5522,8,8,0.9995736479759216
5523,9,9,0.9998939037322998
5524,1,1,0.9992530941963196
5525,4,4,0.9998206496238708
5526,0,0,0.9999992847442627
5527,9,9,0.9902204275131226
5528,5,5,0.9999997615814209
5529,0,0,0.9999998807907104
5530,8,8,0.999956488609314
5531,0,0,0.9999997615814209
5532,7,7,0.999962329864502
5533,7,7,0.9999072551727295
5534,1,1,0.9995336532592773
5535,1,1,0.9983922839164734
5536,2,2,0.997791051864624
5537,9,9,0.9951266050338745
5538,3,3,1.0
5539,6,6,0.999983549118042
5540,7,7,0.9999101161956787
5541,2,2,0.9998424053192139
5542,3,3,0.9999998807907104
5543,8,8,0.9999794960021973
5544,1,1,0.9993579983711243
5545,2,2,0.9999600648880005
5546,9,9,0.9983581900596619
5547,8,8,0.9993689656257629
5548,8,8,0.9999983310699463
5549,7,7,0.9999904632568359
5550,1,1,0.999128520488739
5551,7,7,0.9999932050704956
5552,1,1,0.9996263980865479
5553,1,1,0.9994845390319824
5554,0,0,0.9999998807907104
5555,3,3,1.0
5556,4,4,0.9998843669891357
5557,2,2,0.9999518394470215
5558,6,6,0.9999905824661255
5559,4,4,0.9978086352348328
5560,7,7,0.9997784495353699
5561,4,4,0.9996640682220459
5562,2,2,0.9989705085754395
5563,7,7,0.9999881982803345
5564,4,4,0.9998849630355835
5565,9,9,0.9998370409011841
5566,1,1,0.9995027780532837
5567,0,0,0.9999970197677612
5568,6,6,0.9999978542327881
5569,8,8,0.9993453621864319
5570,5,5,0.9999998807907104
5571,5,5,1.0
5572,5,5,1.0
5573,3,3,0.9979614019393921
5574,5,5,0.9999997615814209
5575,9,9,0.9996321201324463
5576,7,7,0.9999973773956299
5577,4,4,0.9999597072601318
5578,8,8,0.9996539354324341
5579,5,5,0.9999996423721313
5580,9,9,0.9984011054039001
5581,6,6,0.9999728202819824
5582,9,9,0.9996687173843384
5583,3,3,0.9997504353523254
5584,0,0,0.9999998807907104
5585,3,3,1.0
5586,8,8,0.9735281467437744
5587,9,9,0.999950647354126
5588,1,1,0.9982581734657288
5589,8,8,0.999997615814209
5590,1,1,0.9991734623908997
5591,6,6,0.9999940395355225
5592,0,0,0.9999998807907104
5593,0,0,0.9999634027481079
5594,1,1,0.9958637952804565
5595,2,2,0.9998395442962646
5596,3,3,0.9999980926513672
5597,4,4,0.9999910593032837
5598,5,5,1.0
5599,6,6,0.9999996423721313
5600,7,7,0.9450854659080505
5601,8,8,0.9999572038650513
5602,9,9,0.9997833371162415
5603,0,0,0.9999879598617554
5604,1,1,0.9990033507347107
5605,2,2,0.9999953508377075
5606,3,3,1.0
5607,4,4,0.9999876022338867
5608,5,5,0.9996795654296875
5609,6,6,1.0
5610,7,7,0.9999998807907104
5611,8,8,0.9999874830245972
5612,9,9,0.9995850920677185
5613,0,0,0.9999947547912598
5614,1,1,0.9995437264442444
5615,2,2,0.9999468326568604
5616,3,3,0.9999963045120239
5617,4,4,0.9999643564224243
5618,5,5,0.9999991655349731
5619,6,6,1.0
5620,7,7,0.9999051094055176
5621,8,8,0.9999833106994629
5622,9,9,0.9998788833618164
5623,3,3,0.9820943474769592
5624,5,5,0.9999983310699463
5625,3,3,0.9999997615814209
5626,2,2,0.9993731379508972
5627,9,9,0.999830961227417
5628,3,3,0.9999982118606567
5629,2,2,0.9998812675476074
5630,1,1,0.9941439032554626
5631,4,4,0.9999961853027344
5632,5,5,0.9999953508377075
5633,5,5,0.9999974966049194
5634,2,2,0.9987753033638
5635,3,3,0.9999995231628418
5636,2,2,0.9788099527359009
5637,1,1,0.9985682964324951
5638,3,3,0.9999936819076538
5639,9,9,0.9982585310935974
5640,7,7,0.9999897480010986
5641,2,2,0.9999353885650635
5642,1,1,0.977286159992218
5643,2,2,0.9999270439147949
5644,8,8,0.9999909400939941
5645,9,9,0.9998922348022461
5646,1,1,0.998286783695221
5647,8,8,0.9998701810836792
5648,8,8,0.9999427795410156
5649,7,7,0.9974568486213684
5650,8,8,0.9999204874038696
5651,1,1,0.9976697564125061
5652,0,0,0.9999707937240601
5653,0,0,0.9999582767486572
5654,7,7,0.6654337048530579
5655,7,7,0.9884649515151978
5656,8,8,0.9999994039535522
5657,7,7,0.9999948740005493
5658,5,5,0.9998624324798584
5659,0,0,0.9999998807907104
5660,6,6,0.9999850988388062
5661,1,1,0.9752358198165894
5662,5,5,0.999984860420227
5663,7,7,0.999794065952301
5664,4,4,0.9999864101409912
5665,6,6,0.9999984502792358
5666,1,1,0.9997983574867249
5667,2,2,0.9993062019348145
5668,5,5,0.9999998807907104
5669,0,0,0.9999997615814209
5670,7,7,0.9999949932098389
5671,9,9,0.9999568462371826
5672,9,9,0.9999792575836182
5673,0,0,1.0
5674,3,3,0.9999986886978149
5675,8,8,0.9999866485595703
5676,4,4,0.8730558753013611
5677,4,4,0.9995594620704651
5678,8,8,0.9956212639808655
5679,1,1,0.9990304708480835
5680,8,8,0.9999980926513672
5681,6,6,0.9999982118606567
5682,5,5,1.0
5683,9,9,0.9999805688858032
5684,0,0,0.9999997615814209
5685,0,0,0.9999998807907104
5686,0,0,0.9999997615814209
5687,3,3,0.9999997615814209
5688,7,7,0.9994791150093079
5689,1,1,0.9994314312934875
5690,6,6,1.0
5691,4,4,0.9999748468399048
5692,2,2,1.0
5693,6,6,0.9999972581863403
5694,6,6,1.0
5695,0,0,1.0
5696,4,4,0.9997096657752991
5697,5,5,0.999992847442627
5698,4,4,0.9999440908432007
5699,1,1,0.9994164705276489
5700,3,3,0.9999939203262329
5701,8,8,0.9999514818191528
5702,6,6,1.0
5703,3,3,0.9994321465492249
5704,9,9,0.9999644756317139
5705,9,9,0.9999736547470093
5706,5,5,0.9999951124191284
5707,9,9,0.9993057250976562
5708,3,3,0.9996076226234436
5709,7,7,0.9904184937477112
5710,8,8,0.9999865293502808
5711,5,5,0.9999998807907104
5712,6,6,1.0
5713,4,4,0.9999992847442627
5714,7,7,0.9993925094604492
5715,6,6,0.9999998807907104
5716,2,2,0.999995231628418
5717,2,2,0.994520902633667
5718,0,0,0.9999992847442627
5719,9,9,0.8493395447731018
5720,4,4,0.9996929168701172
5721,0,0,0.9999996423721313
5722,1,1,0.9997676014900208
5723,2,2,0.9999998807907104
5724,3,3,1.0
5725,4,4,0.9999995231628418
5726,5,5,0.9999960660934448
5727,6,6,0.9999948740005493
5728,7,7,0.9999979734420776
5729,8,8,0.9999915361404419
5730,9,9,0.9998103976249695
5731,0,0,0.9997715353965759
5732,1,1,0.9996933937072754
5733,2,2,0.9999997615814209
5734,3,3,0.9941768646240234
5735,5,5,0.9921435117721558
5736,6,6,0.9789583683013916
5737,0,0,0.9999998807907104
5738,1,1,0.9999643564224243
5739,2,2,0.9999730587005615
5740,3,3,0.9998254179954529
5741,4,4,0.9999533891677856
5742,5,5,0.9997814297676086
5743,6,6,0.9976957440376282
5744,8,8,0.9999921321868896
5745,7,7,0.9845608472824097
5746,1,1,0.9873538613319397
5747,3,3,0.9999982118606567
5748,2,2,0.9999853372573853
5749,8,8,0.9807891249656677
5750,0,0,0.9999971389770508
5751,7,7,0.9999088048934937
5752,5,5,0.9988052845001221
5753,9,9,0.999817430973053
5754,9,9,0.9999886751174927
5755,6,6,1.0
5756,0,0,0.9999556541442871
5757,9,9,0.9896385669708252
5758,4,4,0.9999996423721313
5759,1,1,0.998496413230896
5760,3,3,0.9999933242797852
5761,2,2,1.0
5762,1,1,0.9995865225791931
5763,2,2,0.9999816417694092
5764,3,3,0.9999974966049194
5765,8,8,0.9999990463256836
5766,3,3,0.9999998807907104
5767,2,2,0.9999998807907104
5768,6,6,1.0
5769,5,5,0.9997901320457458
5770,6,6,0.9999992847442627
5771,8,8,0.9999350309371948
5772,2,2,0.9999032020568848
5773,7,7,0.9999933242797852
5774,4,4,0.9999754428863525
5775,8,8,0.9999985694885254
5776,1,1,0.9999408721923828
5777,8,8,0.9999600648880005
5778,0,0,0.9997672438621521
5779,5,5,0.9999995231628418
5780,3,3,0.9998384714126587
5781,9,9,0.999920129776001
5782,4,4,0.9999990463256836
5783,1,1,0.9998317956924438
5784,9,9,0.9999829530715942
5785,2,2,0.9999990463256836
5786,1,1,0.9997186064720154
5787,9,9,0.9999234676361084
5788,6,6,1.0
5789,7,7,0.9999973773956299
5790,9,9,0.9999055862426758
5791,0,0,0.9999990463256836
5792,4,4,0.9999997615814209
5793,6,6,1.0
5794,1,1,0.999925971031189
5795,7,7,0.9999889135360718
5796,3,3,1.0
5797,8,8,0.9999997615814209
5798,7,7,0.999858021736145
5799,2,2,0.9999781847000122
5800,9,9,0.9999862909317017
5801,6,6,0.995915949344635
5802,5,5,0.9992824196815491
5803,8,8,0.999863862991333
5804,3,3,1.0
5805,9,9,0.9999136924743652
5806,0,0,0.9999632835388184
5807,5,5,0.9999901056289673
5808,7,7,0.9998636245727539
5809,1,1,0.9998101592063904
5810,6,6,0.9999998807907104
5811,1,1,0.9999493360519409
5812,0,0,0.999982476234436
5813,9,9,0.999991774559021
5814,3,3,0.999998927116394
5815,3,3,0.9999994039535522
5816,4,4,0.9999998807907104
5817,4,4,0.9999998807907104
5818,0,0,0.999994158744812
5819,6,6,0.9999914169311523
5820,2,2,0.9998157620429993
5821,5,5,0.9994459748268127
5822,4,4,0.9999996423721313
5823,2,2,0.9993440508842468
5824,3,3,0.9999960660934448
5825,4,4,1.0
5826,6,6,1.0
5827,0,0,0.9999521970748901
5828,0,0,0.9989814162254333
5829,2,2,1.0
5830,0,0,0.9999921321868896
5831,1,1,0.994090735912323
5832,4,4,0.9998979568481445
5833,5,5,0.9999444484710693
5834,6,6,0.9999998807907104
5835,7,7,0.9999901056289673
5836,8,8,0.9999995231628418
5837,9,9,0.9998522996902466
5838,0,0,0.9999966621398926
5839,1,1,0.9998977184295654
5840,2,2,0.999779999256134
5841,3,3,0.999546229839325
5842,4,4,0.9965429902076721
5843,5,5,0.9999995231628418
5844,6,6,1.0
5845,7,7,0.999983549118042
5846,8,8,1.0
5847,0,0,0.9999990463256836
5848,1,1,0.9999135732650757
5849,2,2,0.999631404876709
5850,3,3,1.0
5851,4,4,0.9999561309814453
5852,5,5,1.0
5853,6,6,0.9999887943267822
5854,7,7,0.9999970197677612
5855,8,8,0.9999868869781494
5856,9,9,0.9999181032180786
5857,8,8,0.9999479055404663
5858,7,7,0.9999799728393555
5859,1,1,0.9997007846832275
5860,3,3,0.9999998807907104
5861,7,7,0.9999901056289673
5862,5,5,0.9999877214431763
5863,2,2,0.9999895095825195
5864,8,8,0.9999998807907104
5865,0,0,0.9999998807907104
5866,7,7,0.9999959468841553
5867,5,5,0.9999980926513672
5868,9,9,0.9996296167373657
5869,9,9,0.9999775886535645
5870,0,0,0.999950647354126
5871,9,9,0.9999450445175171
5872,1,1,0.9994643330574036
5873,1,1,0.994461178779602
5874,5,5,0.9999594688415527
5875,8,8,0.9999984502792358
5876,8,8,0.9999809265136719
5877,6,6,0.9997463822364807
5878,3,3,0.9558960199356079
5879,2,2,0.9999996423721313
5880,1,1,0.9991307854652405
5881,8,8,0.9999994039535522
5882,3,3,0.9999997615814209
5883,2,2,0.9999960660934448
5884,6,6,1.0
5885,5,5,0.9999488592147827
5886,6,6,0.9999980926513672
5887,7,7,0.9996095299720764
5888,4,4,0.9996629953384399
5889,1,1,0.9991707801818848
5890,0,0,0.9995972514152527
5891,5,5,0.9999920129776001
5892,3,3,0.9999986886978149
5893,1,1,0.9996819496154785
5894,9,9,0.9999717473983765
5895,2,2,0.9999964237213135
5896,1,1,0.99958735704422
5897,9,9,0.9998260140419006
5898,6,6,0.9999998807907104
5899,0,0,0.9999995231628418
5900,4,4,0.9999998807907104
5901,6,6,0.9999974966049194
5902,1,1,0.999666690826416
5903,7,7,0.9993137121200562
5904,3,3,0.9999620914459229
5905,8,8,0.9999823570251465
5906,7,7,0.9994375109672546
5907,2,2,0.9999637603759766
5908,9,9,0.9999655485153198
5909,6,6,0.9999995231628418
5910,5,5,0.9999998807907104
5911,8,8,0.9999994039535522
5912,3,3,0.9999899864196777
5913,5,5,0.9999911785125732
5914,7,7,0.9999872446060181
5915,1,1,0.9997208714485168
5916,6,6,0.9999994039535522
5917,1,1,0.9997705817222595
5918,0,0,0.9996877908706665
5919,9,9,0.9982538819313049
5920,6,6,0.9999971389770508
5921,2,2,0.999626874923706
5922,5,5,0.9999992847442627
5923,4,4,0.9999063014984131
5924,2,2,0.9999765157699585
5925,3,3,0.9999994039535522
5926,4,4,0.9990020394325256
5927,4,4,0.9999998807907104
5928,6,6,0.9999998807907104
5929,0,0,0.9999997615814209
5930,0,0,0.9999996423721313
5931,2,2,1.0
5932,0,0,0.9999840259552002
5933,1,1,0.999549925327301
5934,2,2,0.9994785189628601
5935,3,3,0.9955220222473145
5936,4,4,0.9950874447822571
5937,5,5,0.508195698261261
5938,6,6,0.9999990463256836
5939,7,7,0.9957147240638733
5940,8,8,0.9999986886978149
5941,9,9,0.9999980926513672
5942,0,0,0.9999529123306274
5943,1,1,0.9984662532806396
5944,2,2,0.9998063445091248
5945,3,3,0.9999916553497314
5946,4,4,0.9999991655349731
5947,5,5,0.999990701675415
5948,6,6,0.9999938011169434
5949,7,7,0.9993016719818115
5950,8,8,0.9998592138290405
5951,9,9,0.9999287128448486
5952,0,0,0.9998862743377686
5953,1,1,0.9986593723297119
5954,2,2,0.9999967813491821
5955,3,3,0.6063199043273926
5956,4,4,0.9999932050704956
5957,5,5,0.9999985694885254
5958,6,6,0.9999996423721313
5959,7,7,0.9982513785362244
5960,8,8,0.999975323677063
5961,9,9,0.9990754127502441
5962,8,8,0.9999998807907104
5963,6,6,0.9999511241912842
5964,5,5,0.9999067783355713
5965,0,0,0.9992142915725708
5966,6,6,0.9999864101409912
5967,8,8,0.9999020099639893
5968,9,9,0.9999902248382568
5969,4,4,0.9999785423278809
5970,1,1,0.9994961023330688
5971,9,9,0.9999892711639404
5972,5,5,0.9996318817138672
5973,3,3,0.9776884317398071
5974,0,0,0.9999878406524658
5975,4,4,0.9999759197235107
5976,8,8,0.9999867677688599
5977,9,9,0.9994223117828369
5978,1,1,0.9981850981712341
5979,4,4,0.9999958276748657
5980,0,0,0.9988889098167419
5981,5,5,0.9668039679527283
5982,5,5,0.9970531463623047
5983,2,2,0.9998037219047546
5984,1,1,0.9986786246299744
5985,5,5,0.9994080066680908
5986,4,4,0.9999839067459106
5987,0,0,0.999686598777771
5988,7,7,0.9984001517295837
5989,6,6,0.9997765421867371
5990,0,0,0.9999955892562866
5991,1,1,0.99945467710495
5992,7,7,0.9995561242103577
5993,0,0,0.9999951124191284
5994,6,6,0.9999996423721313
5995,8,8,0.999997615814209
5996,9,9,0.99993896484375
5997,5,5,0.9873985052108765
5998,1,1,0.974560558795929
5999,7,7,0.9999277591705322
6000,9,9,0.9986870884895325
6001,8,8,0.9999877214431763
6002,6,6,0.9999393224716187
6003,0,0,0.9412513375282288
6004,8,8,0.9993240833282471
6005,1,1,0.9967515468597412
6006,7,7,0.9947935938835144
6007,7,7,0.9994681477546692
6008,1,1,0.9974347949028015
6009,3,3,0.9922921657562256
6010,2,2,0.9999262094497681
6011,3,5,0.5483352541923523
6012,1,1,0.9996534585952759
6013,4,4,0.9999936819076538
6014,2,2,0.9999985694885254
6015,0,0,0.9991000890731812
6016,0,0,0.999911904335022
6017,7,7,0.9999943971633911
6018,8,8,0.9999945163726807
6019,4,4,0.9996331930160522
6020,6,6,0.9996064305305481
6021,4,4,0.9996598958969116
6022,9,9,0.9999784231185913
6023,3,3,0.9726492762565613
6024,8,8,0.9999749660491943
6025,4,4,0.9999978542327881
6026,7,7,0.9955772161483765
6027,2,2,0.9998593330383301
6028,5,5,0.998828113079071
6029,6,6,0.9998906850814819
6030,3,3,0.9999828338623047
6031,6,6,0.9993947744369507
6032,9,9,0.9999955892562866
6033,6,6,0.9999817609786987
6034,3,3,0.9999551773071289
6035,2,2,0.9977208971977234
6036,2,2,0.9999843835830688
6037,4,4,0.9999668598175049
6038,6,6,0.9999996423721313
6039,9,9,0.9999337196350098
6040,0,0,0.9999760389328003
6041,2,2,0.9999688863754272
6042,5,5,0.9990146160125732
6043,5,5,0.9999264478683472
6044,1,1,0.9997076392173767
6045,3,3,0.999998927116394
6046,3,3,0.99998939037323
6047,9,9,0.9999978542327881
6048,7,7,0.9996719360351562
6049,8,8,0.9999898672103882
6050,7,7,0.9999182224273682
6051,2,2,0.9989216327667236
6052,2,2,0.9972912669181824
6053,5,5,0.9990764856338501
6054,7,7,0.9995285272598267
6055,9,9,0.9999345541000366
6056,8,8,0.9999982118606567
6057,2,2,0.9999760389328003
6058,1,1,0.9988521337509155
6059,3,3,0.9612817764282227
6060,1,1,0.9990550875663757
6061,3,3,0.9999996423721313
6062,0,0,0.999966025352478
6063,1,1,0.9883239269256592
6064,2,2,0.9996914863586426
6065,3,3,0.9973969459533691
6066,4,4,1.0
6067,5,5,0.9999994039535522
6068,6,6,1.0
6069,7,7,0.9999363422393799
6070,8,8,0.9999384880065918
6071,9,9,0.7964078187942505
6072,0,0,0.998659610748291
6073,1,1,0.9971321821212769
6074,2,2,0.9999750852584839
6075,3,3,0.9997908473014832
6076,4,4,0.9999998807907104
6077,5,5,1.0
6078,6,6,1.0
6079,7,7,0.9999866485595703
6080,8,8,0.9997557997703552
6081,9,3,0.7154492139816284
6082,0,0,0.9999444484710693
6083,1,1,0.9975536465644836
6084,2,2,0.9982427358627319
6085,3,3,0.9999791383743286
6086,4,4,0.9999995231628418
6087,5,5,0.9999790191650391
6088,6,6,0.9999998807907104
6089,7,7,0.9999685287475586
6090,8,8,0.972542405128479
6091,9,3,0.5868960618972778
6092,1,1,0.9980261921882629
6093,2,2,0.9725430607795715
6094,6,6,0.9999996423721313
6095,5,5,0.9999992847442627
6096,3,3,0.9999966621398926
6097,0,0,0.9996337890625
6098,7,7,0.9999483823776245
6099,0,0,0.9998741149902344
6100,4,4,0.9999998807907104
6101,1,1,0.5964897274971008
6102,4,4,1.0
6103,3,3,0.9999954700469971
6104,6,6,0.9999994039535522
6105,7,7,0.9999521970748901
6106,2,2,0.9999610185623169
6107,3,3,0.9999966621398926
6108,1,1,0.9997935891151428
6109,2,2,0.9969717264175415
6110,1,1,0.9983707070350647
6111,2,2,0.9999650716781616
6112,9,9,0.9666858911514282
6113,6,6,0.9999544620513916
6114,0,0,0.999998927116394
6115,1,1,0.9982276558876038
6116,3,3,0.9999872446060181
6117,0,0,0.9999957084655762
6118,2,2,0.9999572038650513
6119,7,7,0.9999935626983643
6120,5,5,0.9999911785125732
6121,7,7,0.9999828338623047
6122,6,6,0.9999998807907104
6123,2,2,0.9999854564666748
6124,9,9,0.9956706762313843
6125,1,1,0.999537467956543
6126,9,9,0.9870520830154419
6127,0,0,0.9999998807907104
6128,6,6,0.9999998807907104
6129,0,0,0.9999995231628418
6130,6,6,0.9999991655349731
6131,0,0,0.999998927116394
6132,2,2,0.9999445676803589
6133,0,0,0.9999954700469971
6134,6,6,0.9999988079071045
6135,1,1,0.9997795224189758
6136,5,5,0.9999916553497314
6137,8,8,0.9999768733978271
6138,4,4,1.0
6139,3,3,0.9999984502792358
6140,0,0,0.9997550845146179
6141,1,1,0.9998728036880493
6142,5,5,0.9999916553497314
6143,4,4,0.9999997615814209
6144,4,4,0.9999996423721313
6145,8,8,0.9999951124191284
6146,5,5,1.0
6147,7,7,0.9999517202377319
6148,5,5,0.9999997615814209
6149,7,7,0.9997184872627258
6150,8,8,0.9999740123748779
6151,3,3,0.9999666213989258
6152,4,4,0.9999997615814209
6153,8,8,0.9999985694885254
6154,8,8,0.9999891519546509
6155,5,5,0.9999947547912598
6156,2,2,0.999998927116394
6157,9,9,0.8142754435539246
6158,7,7,0.9999523162841797
6159,1,1,0.9995201826095581
6160,3,3,0.9999980926513672
6161,8,8,0.998245358467102
6162,1,1,0.998116135597229
6163,0,0,0.9987584352493286
6164,7,7,0.9999926090240479
6165,5,5,0.9998729228973389
6166,9,9,0.6520586609840393
6167,6,6,1.0
6168,9,9,0.9642125964164734
6169,4,4,0.9999998807907104
6170,7,7,0.9997981190681458
6171,7,7,0.9999872446060181
6172,9,9,0.773189127445221
6173,9,8,0.5267637372016907
6174,3,3,0.993631899356842
6175,4,4,0.9999997615814209
6176,4,4,1.0
6177,3,3,0.9999945163726807
6178,8,8,0.9999467134475708
6179,6,6,0.9999879598617554
6180,2,2,0.9993683695793152
6181,0,0,0.9999949932098389
6182,1,1,0.9999560117721558
6183,2,2,0.9999909400939941
6184,3,3,1.0
6185,4,4,0.9999996423721313
6186,5,5,0.9999992847442627
6187,6,6,1.0
6188,7,7,0.9990416169166565
6189,8,8,0.9999991655349731
6190,9,9,0.9999686479568481
6191,0,0,0.9999998807907104
6192,1,1,0.9998227953910828
6193,2,2,0.9999966621398926
6194,3,3,0.9999997615814209
6195,4,4,0.9999997615814209
6196,5,5,0.9999994039535522
6197,6,6,1.0
6198,7,7,0.9999762773513794
6199,8,8,0.9999980926513672
6200,9,9,0.9992800354957581
6201,0,0,0.9999991655349731
6202,1,1,0.9998396635055542
6203,2,2,0.9999988079071045
6204,3,3,0.9999998807907104
6205,4,4,0.999998927116394
6206,5,5,0.9999982118606567
6207,6,6,0.9999997615814209
6208,7,7,0.9999207258224487
6209,8,8,0.9999990463256836
6210,9,9,0.9996132254600525
6211,0,0,0.9999994039535522
6212,8,8,0.9999996423721313
6213,3,3,0.9988424181938171
6214,9,9,0.9999393224716187
6215,5,5,0.9999973773956299
6216,5,5,0.9999998807907104
6217,2,2,0.9999991655349731
6218,6,6,1.0
6219,8,8,0.9999927282333374
6220,4,4,0.9999984502792358
6221,9,9,0.9998145699501038
6222,1,1,0.9997857213020325
6223,7,7,0.9999821186065674
6224,1,1,0.9998514652252197
6225,2,2,0.9999997615814209
6226,3,3,1.0
6227,5,5,0.9983047246932983
6228,9,9,0.9999520778656006
6229,6,6,0.9999990463256836
6230,9,9,0.9999514818191528
6231,1,1,0.9998458623886108
6232,1,1,0.9998335838317871
6233,1,1,0.9998812675476074
6234,2,2,0.9997921586036682
6235,9,9,0.9996280670166016
6236,5,5,0.9999923706054688
6237,6,6,0.9999860525131226
6238,8,8,0.9999943971633911
6239,1,1,0.9998210072517395
6240,2,2,0.9999927282333374
6241,0,0,0.9999833106994629
6242,7,7,0.9993289709091187
6243,7,7,0.9977815747261047
6244,5,5,0.9999475479125977
6245,8,8,0.9999994039535522
6246,2,2,1.0
6247,9,9,0.9995167255401611
6248,8,8,0.9999996423721313
6249,9,9,0.997710108757019
6250,0,0,0.999990701675415
6251,4,4,0.999988317489624
6252,6,6,0.9999988079071045
6253,7,7,0.9999624490737915
6254,1,1,0.9999573230743408
6255,3,3,0.9999995231628418
6256,4,4,0.9999990463256836
6257,5,5,1.0
6258,6,6,1.0
6259,0,0,0.9999998807907104
6260,3,3,0.9999995231628418
6261,6,6,1.0
6262,8,8,0.9999951124191284
6263,7,7,0.9999967813491821
6264,0,0,0.9999675750732422
6265,4,4,0.9999936819076538
6266,2,2,0.9999912977218628
6267,7,7,0.9998922348022461
6268,4,4,0.9999997615814209
6269,7,7,0.9999992847442627
6270,5,5,1.0
6271,4,4,0.9999823570251465
6272,3,3,0.9999977350234985
6273,4,4,0.9999995231628418
6274,2,2,0.9999958276748657
6275,8,8,0.9999998807907104
6276,1,1,0.9999173879623413
6277,5,5,1.0
6278,1,1,0.9998378753662109
6279,2,2,0.9999998807907104
6280,0,0,0.999998927116394
6281,2,2,0.9999998807907104
6282,5,5,1.0
6283,6,6,0.9999990463256836
6284,4,4,0.9999988079071045
6285,3,3,0.9999992847442627
6286,0,0,0.9999992847442627
6287,0,0,0.9999996423721313
6288,0,0,0.9999980926513672
6289,3,3,0.9999998807907104
6290,3,3,0.9999868869781494
6291,5,5,1.0
6292,7,7,0.9999840259552002
6293,0,0,0.999998927116394
6294,6,6,0.9999979734420776
6295,4,4,0.9999986886978149
6296,8,8,0.9999991655349731
6297,8,8,0.9999998807907104
6298,6,6,0.999991774559021
6299,3,3,1.0
6300,4,4,0.9999991655349731
6301,6,6,0.9999998807907104
6302,9,9,0.9996955394744873
6303,9,9,0.9996258020401001
6304,8,8,0.9999693632125854
6305,2,2,0.9999955892562866
6306,7,7,0.9997233748435974
6307,7,7,0.9999867677688599
6308,1,1,0.999902606010437
6309,0,0,0.9999995231628418
6310,1,1,0.999932050704956
6311,2,2,1.0
6312,3,3,0.9999996423721313
6313,4,4,1.0
6314,5,5,0.9999995231628418
6315,6,6,0.9999994039535522
6316,7,7,0.9999915361404419
6317,8,8,0.9999933242797852
6318,9,9,0.9999325275421143
6319,0,0,0.9999964237213135
6320,1,1,0.9999475479125977
6321,2,2,1.0
6322,3,3,0.9999985694885254
6323,4,4,0.9999991655349731
6324,5,5,1.0
6325,6,6,1.0
6326,7,7,0.9999998807907104
6327,8,8,0.9999995231628418
6328,0,0,0.9999963045120239
6329,1,1,0.9997809529304504
6330,2,2,1.0
6331,3,3,0.9999998807907104
6332,4,4,1.0
6333,5,5,0.9999997615814209
6334,6,6,0.9999996423721313
6335,7,7,0.9999991655349731
6336,8,8,0.9999938011169434
6337,2,2,0.9999983310699463
6338,1,1,0.9986096620559692
6339,7,7,0.9999825954437256
6340,2,2,0.9999991655349731
6341,5,5,0.9999998807907104
6342,0,0,0.9999992847442627
6343,8,8,0.9999997615814209
6344,0,0,0.9999746084213257
6345,2,2,0.9999996423721313
6346,7,7,0.9999932050704956
6347,8,8,0.9999730587005615
6348,8,8,0.9999288320541382
6349,3,3,0.9999991655349731
6350,6,6,1.0
6351,0,0,0.9999890327453613
6352,2,2,0.9999991655349731
6353,7,7,0.9999995231628418
6354,6,6,0.9999998807907104
6355,6,6,0.9999998807907104
6356,1,1,0.9989062547683716
6357,2,2,1.0
6358,8,8,0.9999997615814209
6359,8,8,0.9981295466423035
6360,7,7,1.0
6361,7,7,0.999998927116394
6362,4,4,0.9999998807907104
6363,7,7,0.9999998807907104
6364,7,7,0.9999998807907104
6365,3,3,1.0
6366,7,7,0.9999977350234985
6367,4,4,0.9999992847442627
6368,5,5,0.999998927116394
6369,4,4,0.9999972581863403
6370,3,3,0.9998849630355835
6371,3,3,0.9999985694885254
6372,8,8,0.9999953508377075
6373,4,4,1.0
6374,1,1,0.9995495676994324
6375,1,1,0.9986579418182373
6376,9,9,0.994450569152832
6377,7,7,0.999756395816803
6378,4,4,0.9999953508377075
6379,3,3,0.99998939037323
6380,7,7,0.9998661279678345
6381,3,3,0.9997377991676331
6382,3,3,1.0
6383,0,0,0.9999955892562866
6384,2,2,1.0
6385,5,5,0.9999997615814209
6386,5,5,0.9999985694885254
6387,6,6,1.0
6388,6,6,0.9999996423721313
6389,3,3,0.9999997615814209
6390,5,5,0.9999969005584717
6391,2,2,0.9945899248123169
6392,5,5,0.999901533126831
6393,9,9,0.9936975836753845
6394,9,9,0.9999744892120361
6395,8,8,0.9999967813491821
6396,4,4,0.9999946355819702
6397,1,1,0.9994428753852844
6398,0,0,0.9986855387687683
6399,6,6,0.9999998807907104
6400,0,0,0.9917762279510498
6401,9,9,0.9979085922241211
6402,6,6,0.9999728202819824
6403,8,8,0.9999866485595703
6404,8,8,0.9999990463256836
6405,5,5,0.9999997615814209
6406,6,6,0.9999958276748657
6407,1,1,0.9997674822807312
6408,1,1,0.9994470477104187
6409,9,9,0.9999617338180542
6410,8,8,0.9997861981391907
6411,9,9,0.9988607168197632
6412,2,2,0.9999992847442627
6413,3,3,1.0
6414,5,5,0.999997615814209
6415,5,5,0.9999990463256836
6416,9,9,0.9999779462814331
6417,4,4,0.9999889135360718
6418,2,2,0.9973485469818115
6419,1,1,0.9998780488967896
6420,9,9,0.9983603358268738
6421,3,3,0.9999356269836426
6422,9,9,0.9998204112052917
6423,2,2,1.0
6424,0,0,0.999954104423523
6425,6,6,0.9999561309814453
6426,0,0,0.9999868869781494
6427,4,4,0.9999992847442627
6428,0,0,0.9999386072158813
6429,0,0,0.9999996423721313
6430,1,1,0.9999254941940308
6431,2,2,1.0
6432,3,3,1.0
6433,4,4,0.9999997615814209
6434,7,7,0.9995675683021545
6435,8,8,0.9999997615814209
6436,9,9,0.9999665021896362
6437,0,0,1.0
6438,1,1,0.9999507665634155
6439,2,2,1.0
6440,3,3,1.0
6441,7,7,0.9998157620429993
6442,8,8,1.0
6443,9,9,0.9999316930770874
6444,0,0,0.9999990463256836
6445,1,1,0.9998918771743774
6446,2,2,0.9999997615814209
6447,3,3,0.9999998807907104
6448,4,4,0.9999997615814209
6449,7,7,0.9999176263809204
6450,8,8,0.999995231628418
6451,9,9,0.9998893737792969
6452,7,7,0.9999967813491821
6453,3,3,0.999998927116394
6454,0,0,0.9999839067459106
6455,3,3,0.9999994039535522
6456,1,1,0.9999130964279175
6457,8,8,0.9999933242797852
6458,7,7,0.9988083839416504
6459,6,6,0.9999990463256836
6460,4,4,0.9999699592590332
6461,0,0,0.9999985694885254
6462,2,2,1.0
6463,6,6,0.9999998807907104
6464,8,8,0.9999997615814209
6465,3,3,0.9999995231628418
6466,2,2,1.0
6467,8,8,0.9999997615814209
6468,1,1,0.9999356269836426
6469,2,2,0.9999995231628418
6470,0,0,0.9997947812080383
6471,7,7,0.9971672892570496
6472,1,1,0.9998968839645386
6473,0,0,0.9999819993972778
6474,4,4,0.9999998807907104
6475,4,4,1.0
6476,5,5,0.9999988079071045
6477,8,8,0.9999897480010986
6478,0,0,0.9999948740005493
6479,6,6,0.9999946355819702
6480,2,2,0.9989684820175171
6481,3,3,1.0
6482,1,1,0.999983549118042
6483,5,5,0.9999992847442627
6484,1,1,0.9998031258583069
6485,8,8,0.9999740123748779
6486,5,5,0.9999973773956299
6487,9,9,0.9999185800552368
6488,4,4,0.9999998807907104
6489,0,0,0.999996542930603
6490,7,7,0.9998190999031067
6491,5,5,0.9999970197677612
6492,8,8,0.9999954700469971
6493,8,8,0.9999996423721313
6494,3,3,0.9999901056289673
6495,8,8,0.9996604919433594
6496,9,9,0.9995527863502502
6497,2,2,0.9999998807907104
6498,6,6,0.9999985694885254
6499,2,2,0.9997422099113464
6500,5,5,0.9999998807907104
6501,3,3,0.9999998807907104
6502,1,1,0.9999747276306152
6503,7,7,0.9995645880699158
6504,3,3,0.9999998807907104
6505,9,9,0.6191843748092651
6506,1,1,0.9999748468399048
6507,9,9,0.9999063014984131
6508,9,9,0.9999250173568726
6509,6,6,0.9999995231628418
6510,0,0,0.9999954700469971
6511,3,3,0.999397873878479
6512,9,9,0.9996516704559326
6513,2,2,0.9999911785125732
6514,8,8,0.9999972581863403
6515,1,1,0.9999704360961914
6516,4,4,1.0
6517,3,3,0.9999943971633911
6518,5,5,0.9999997615814209
6519,2,2,1.0
6520,9,9,0.9998993873596191
6521,2,2,0.9999982118606567
6522,5,5,0.9999994039535522
6523,8,8,0.999970555305481
6524,9,9,0.9999529123306274
6525,5,5,0.9999830722808838
6526,0,0,0.9997941851615906
6527,1,1,0.9999583959579468
6528,2,2,1.0
6529,4,4,0.9999996423721313
6530,5,5,0.999862790107727
6531,6,6,0.9999998807907104
6532,0,0,0.6838264465332031
6533,1,1,0.9997125267982483
6534,2,2,0.999957799911499
6535,3,3,0.9999997615814209
6536,4,4,0.9999606609344482
6537,5,5,0.9999972581863403
6538,6,6,0.9989245533943176
6539,7,7,0.9999523162841797
6540,1,1,0.9931173324584961
6541,2,2,0.9999969005584717
6542,3,3,0.9997549653053284
6543,4,4,0.9998741149902344
6544,5,5,0.9970083832740784
6545,1,1,0.999371349811554
6546,0,0,0.9791650772094727
6547,4,4,1.0
6548,5,5,0.9999665021896362
6549,6,6,0.9999992847442627
6550,6,6,0.9999990463256836
6551,3,3,0.9999971389770508
6552,4,4,0.9999439716339111
6553,4,4,0.9891809821128845
6554,2,2,0.9667525887489319
6555,8,8,0.9439380168914795
6556,1,1,0.9998973608016968
6557,0,0,0.9573814868927002
6558,6,6,0.3768375515937805
6559,4,4,0.9954500794410706
6560,9,9,0.9940335154533386
6561,7,7,0.7194638848304749
6562,2,2,0.9983494281768799
6563,3,3,0.9999746084213257
6564,3,3,0.995266318321228
6565,9,9,0.9927080273628235
6566,2,2,0.9999980926513672
6567,0,0,0.9991243481636047
6568,9,9,0.7680901288986206
6569,3,3,0.5226998329162598
6570,3,3,0.9993109703063965
6571,9,7,0.6509695053100586
6572,1,1,0.8765715956687927
6573,5,5,0.9970672726631165
6574,2,2,0.9776632785797119
6575,3,3,0.9854645133018494
6576,7,1,0.9530395269393921
6577,7,7,0.9372076988220215
6578,8,8,0.7638491988182068
6579,4,4,0.9997407793998718
6580,0,0,0.9999978542327881
6581,2,2,0.9998842477798462
6582,4,4,0.9999995231628418
6583,0,0,0.9999603033065796
6584,2,2,0.9920862317085266
6585,4,4,0.9999996423721313
6586,7,7,0.9994533658027649
6587,8,8,0.9999791383743286
6588,0,0,0.9999898672103882
6589,7,7,0.9978424310684204
6590,0,0,0.9859880805015564
6591,6,6,0.9999997615814209
6592,9,9,0.8121627569198608
6593,3,3,0.999980092048645
6594,2,2,0.9999600648880005
6595,8,8,0.9999998807907104
6596,6,6,0.9998664855957031
6597,0,7,0.5700834393501282
6598,5,5,0.9979127049446106
6599,7,7,0.9724741578102112
6600,5,5,0.9998546838760376
6601,1,1,0.9999130964279175
6602,0,0,0.999863862991333
6603,8,8,0.9999972581863403
6604,1,1,0.9983108043670654
6605,6,6,0.808794379234314
6606,7,7,0.9999861717224121
6607,2,2,0.9996652603149414
6608,9,9,0.9721521735191345
6609,7,7,0.9928501844406128
6610,9,9,0.9898073077201843
6611,5,5,0.9985074400901794
6612,8,8,0.9999785423278809
6613,6,6,0.9924334287643433
6614,2,7,0.5720551609992981
6615,6,6,0.9992824196815491
6616,2,2,0.9999754428863525
6617,8,8,0.9999593496322632
6618,1,1,0.9979141354560852
6619,7,7,0.9999961853027344
6620,5,5,0.9999843835830688
6621,0,0,0.9998738765716553
6622,1,1,0.9996237754821777
6623,1,1,0.9711431264877319
6624,3,3,0.9998989105224609
6625,8,4,0.6252081394195557
6626,4,4,0.999822199344635
6627,9,9,0.9924253225326538
6628,1,1,0.9925382733345032
6629,8,8,0.9997127652168274
6630,6,6,0.9999998807907104
6631,8,8,0.9967619180679321
6632,9,9,0.8266457915306091
6633,0,0,0.9999974966049194
6634,1,1,0.9999090433120728
6635,2,2,0.9997631907463074
6636,3,3,0.999997615814209
6637,4,4,0.9997832179069519
6638,5,5,0.9999994039535522
6639,6,6,0.999992847442627
6640,7,7,0.9999881982803345
6641,8,8,0.9996341466903687
6642,9,9,0.9925647974014282
6643,0,0,0.9999538660049438
6644,1,1,0.9994515776634216
6645,2,2,0.9993915557861328
6646,3,3,0.9999992847442627
6647,4,4,0.9999990463256836
6648,7,7,0.999051034450531
6649,8,8,0.9999995231628418
6650,9,9,0.9982901215553284
6651,0,0,0.6563708186149597
6652,1,1,0.9990881681442261
6653,7,7,0.999893307685852
6654,8,8,0.9999982118606567
6655,9,9,0.9991446733474731
6656,9,9,0.9995546936988831
6657,8,8,0.9999186992645264
6658,9,9,0.9992170333862305
6659,8,8,0.9999839067459106
6660,4,4,0.9999998807907104
6661,1,1,0.9999688863754272
6662,7,7,0.9759843349456787
6663,7,7,0.9999812841415405
6664,3,3,0.999992847442627
6665,3,3,0.9999997615814209
6666,7,7,0.9999467134475708
6667,6,6,0.997772753238678
6668,6,6,0.9994001388549805
6669,6,6,0.9995715022087097
6670,1,1,0.999829888343811
6671,9,9,0.9993909597396851
6672,0,0,0.9997817873954773
6673,1,1,0.9984148740768433
6674,7,7,0.999955415725708
6675,6,6,0.9999964237213135
6676,3,3,1.0
6677,2,2,0.9994762539863586
6678,1,1,0.999984622001648
6679,7,7,0.9999693632125854
6680,1,1,0.9999399185180664
6681,3,3,0.9999971389770508
6682,9,9,0.9999781847000122
6683,1,1,0.9999351501464844
6684,7,7,0.9993341565132141
6685,6,6,0.9999892711639404
6686,8,8,0.9999438524246216
6687,4,4,0.9999992847442627
6688,1,1,0.9999672174453735
6689,4,4,0.9999938011169434
6690,3,3,1.0
6691,6,6,0.9987269043922424
6692,9,9,0.9904866814613342
6693,6,6,0.9999332427978516
6694,1,1,0.9999867677688599
6695,4,4,0.9999828338623047
6696,4,4,0.9999994039535522
6697,7,7,0.9997909665107727
6698,2,2,0.9999991655349731
6699,4,4,0.9999890327453613
6700,4,4,0.999688982963562
6701,0,0,0.9999997615814209
6702,1,1,0.9998422861099243
6703,2,2,0.9999487400054932
6704,3,3,0.9999994039535522
6705,4,4,1.0
6706,5,5,0.9993626475334167
6707,6,6,0.9999908208847046
6708,7,7,0.9995611310005188
6709,8,8,0.9999886751174927
6710,9,9,0.9996949434280396
6711,0,0,0.9999998807907104
6712,1,1,0.9998757839202881
6713,2,2,1.0
6714,3,3,1.0
6715,4,4,0.9999997615814209
6716,5,5,0.9997902512550354
6717,6,6,0.9999899864196777
6718,9,9,0.9954884648323059
6719,0,0,0.9999982118606567
6720,1,1,0.9998779296875
6721,2,2,0.9968646168708801
6722,3,3,0.9999951124191284
6723,4,4,0.9999524354934692
6724,7,7,0.9994041919708252
6725,8,8,0.9998619556427002
6726,1,1,0.999962329864502
6727,3,3,1.0
6728,5,5,0.9999779462814331
6729,1,1,0.9999358654022217
6730,7,7,0.9997658133506775
6731,7,7,0.9991000890731812
6732,2,2,0.9999897480010986
6733,1,1,0.9999237060546875
6734,4,4,0.9999990463256836
6735,8,8,0.9999974966049194
6736,3,3,0.9999998807907104
6737,4,4,0.9999967813491821
6738,4,4,0.9999996423721313
6739,3,3,0.9999992847442627
6740,9,9,0.9903374910354614
6741,7,7,0.9996325969696045
6742,4,4,1.0
6743,1,1,0.9999877214431763
6744,2,2,0.9870124459266663
6745,3,3,0.9998162388801575
6746,5,5,0.9998551607131958
6747,9,9,0.9919179081916809
6748,1,1,0.9998800754547119
6749,6,6,0.9981606602668762
6750,0,0,0.9999234676361084
6751,1,1,0.9999735355377197
6752,0,0,0.9999996423721313
6753,0,0,0.9999943971633911
6754,2,2,0.9999876022338867
6755,8,8,0.9937430024147034
6756,7,7,0.9985930323600769
6757,1,1,0.9999520778656006
6758,1,1,0.9999275207519531
6759,4,4,0.999936580657959
6760,0,0,0.9999847412109375
6761,4,4,0.9999995231628418
6762,7,7,0.999089241027832
6763,3,3,0.9999979734420776
6764,6,6,0.9942545294761658
6765,8,8,0.9992673993110657
6766,0,0,0.9999969005584717
6767,3,3,1.0
6768,7,7,0.9995680451393127
6769,4,4,0.9999154806137085
6770,0,0,0.9999996423721313
6771,6,6,0.9996067881584167
6772,9,9,0.9998772144317627
6773,2,2,0.9999651908874512
6774,6,6,0.9998947381973267
6775,5,5,0.9999783039093018
6776,8,8,0.9999215602874756
6777,6,6,0.9999924898147583
6778,9,9,0.996582567691803
6779,0,0,0.9999926090240479
6780,4,4,0.9999574422836304
6781,0,0,0.9999885559082031
6782,6,6,0.999924898147583
6783,1,6,0.6181280612945557
6784,9,9,0.9999421834945679
6785,2,2,0.9994664788246155
6786,0,0,0.9999840259552002
6787,9,9,0.9848280549049377
6788,5,5,0.9936580061912537
6789,1,1,0.9999555349349976
6790,3,3,0.9999988079071045
6791,7,7,0.9996802806854248
6792,6,6,0.9999858140945435
6793,9,9,0.979874312877655
6794,3,3,1.0
6795,0,0,0.9999966621398926
6796,2,2,0.9844982028007507
6797,2,2,0.9953979849815369
6798,0,0,0.9999985694885254
6799,1,1,0.9998350143432617
6800,2,2,0.9999977350234985
6801,3,3,0.9999974966049194
6802,4,4,1.0
6803,5,5,1.0
6804,6,6,0.9999984502792358
6805,7,7,0.9999402761459351
6806,8,8,0.9973553419113159
6807,9,9,0.9982463121414185
6808,0,0,0.9999817609786987
6809,1,1,0.9992514252662659
6810,2,2,0.9999995231628418
6811,3,3,0.9999865293502808
6812,4,4,0.9999996423721313
6813,5,5,0.9999995231628418
6814,6,6,1.0
6815,7,7,0.9999961853027344
6816,8,8,0.9999970197677612
6817,9,9,0.990626335144043
6818,0,0,0.9999902248382568
6819,1,1,0.9996939897537231
6820,2,2,0.9999977350234985
6821,3,3,0.9999980926513672
6822,4,4,0.9999996423721313
6823,5,5,0.9999911785125732
6824,6,6,0.9999998807907104
6825,7,7,0.9999814033508301
6826,8,8,0.9999991655349731
6827,9,9,0.9991827607154846
6828,2,2,0.9999862909317017
6829,1,1,0.9993748068809509
6830,7,7,0.9999096393585205
6831,2,2,0.9999995231628418
6832,5,5,0.9999998807907104
6833,0,0,0.9999998807907104
6834,8,8,0.9999967813491821
6835,0,0,0.9999998807907104
6836,2,2,0.9999949932098389
6837,7,7,0.9999485015869141
6838,8,8,0.9999977350234985
6839,8,8,0.9999756813049316
6840,3,3,0.9999756813049316
6841,0,0,0.9998432397842407
6842,6,6,0.9999998807907104
6843,0,0,0.9999159574508667
6844,2,2,0.9999998807907104
6845,7,7,0.9999511241912842
6846,6,6,1.0
6847,6,6,0.9954674243927002
6848,1,1,0.9995005130767822
6849,2,2,0.9999935626983643
6850,8,8,1.0
6851,8,8,0.9998654127120972
6852,7,7,0.9996808767318726
6853,7,7,0.9999697208404541
6854,4,4,0.9999996423721313
6855,7,7,1.0
6856,7,7,0.999873161315918
6857,3,3,0.999997615814209
6858,7,7,0.9999871253967285
6859,4,4,0.9999984502792358
6860,5,5,1.0
6861,4,4,1.0
6862,3,3,0.9999904632568359
6863,3,3,0.9999995231628418
6864,8,8,0.9999929666519165
6865,4,4,0.9999988079071045
6866,5,5,0.9999998807907104
6867,4,4,0.9999821186065674
6868,1,1,0.9997337460517883
6869,1,1,0.9995585083961487
6870,9,9,0.9995453953742981
6871,7,7,0.9999903440475464
6872,4,4,0.9999949932098389
6873,3,3,0.9999938011169434
6874,7,7,0.9999946355819702
6875,3,3,0.9999998807907104
6876,3,3,0.9999063014984131
6877,0,0,0.9999992847442627
6878,2,2,0.999941349029541
6879,5,5,0.9999998807907104
6880,5,5,0.999998927116394
6881,6,6,1.0
6882,3,3,0.9999985694885254
6883,1,1,0.9305368065834045
6884,5,5,0.9999992847442627
6885,2,2,0.999987006187439
6886,5,5,0.9996587038040161
6887,9,9,0.9997492432594299
6888,9,9,0.9999439716339111
6889,8,8,0.9999980926513672
6890,4,4,0.9999994039535522
6891,1,1,0.999415397644043
6892,0,0,0.9999991655349731
6893,6,6,0.9999666213989258
6894,0,0,0.973013699054718
6895,9,9,0.9970951080322266
6896,6,6,0.9999998807907104
6897,8,8,0.9999964237213135
6898,8,8,0.9999938011169434
6899,5,5,0.9998983144760132
6900,6,6,0.9999916553497314
6901,1,1,0.9989750385284424
6902,1,1,0.9988396763801575
6903,9,9,0.9999005794525146
6904,8,8,0.9999973773956299
6905,9,9,0.9981456995010376
6906,2,2,0.9998941421508789
6907,3,3,1.0
6908,5,5,0.9999997615814209
6909,5,5,0.9999926090240479
6910,9,9,0.9995560050010681
6911,4,4,1.0
6912,2,2,0.9993911981582642
6913,1,1,0.9985494017601013
6914,9,9,0.9986473917961121
6915,4,4,1.0
6916,9,9,0.9994945526123047
6917,1,1,0.9997656941413879
6918,3,3,0.9999960660934448
6919,9,9,0.9937957525253296
6920,2,2,0.9999969005584717
6921,0,0,0.9999905824661255
6922,6,6,0.9999451637268066
6923,0,0,0.9999966621398926
6924,4,4,0.9999881982803345
6925,0,0,0.9999915361404419
6926,6,6,0.9998202919960022
6927,0,0,0.9999970197677612
6928,1,1,0.9999667406082153
6929,2,2,0.9999288320541382
6930,3,3,0.9999991655349731
6931,4,4,0.9999849796295166
6932,5,5,0.9999995231628418
6933,6,6,0.9999998807907104
6934,7,7,0.9999029636383057
6935,8,8,1.0
6936,9,9,0.9984349608421326
6937,0,0,0.9999980926513672
6938,1,1,0.9999291896820068
6939,2,2,0.999991774559021
6940,3,3,0.9998455047607422
6941,4,4,0.9999933242797852
6942,5,5,0.9999628067016602
6943,6,6,0.99983811378479
6944,7,7,0.9999802112579346
6945,8,8,0.9999871253967285
6946,9,9,0.9999710321426392
6947,0,0,0.9999998807907104
6948,1,1,0.9999477863311768
6949,2,2,0.9999995231628418
6950,3,3,0.9999967813491821
6951,4,4,0.9999969005584717
6952,5,5,0.9998908042907715
6953,6,6,0.9999977350234985
6954,7,7,0.9978378415107727
6955,8,8,0.999962329864502
6956,9,9,0.9998321533203125
6957,3,3,0.9999983310699463
6958,8,8,0.9999997615814209
6959,0,0,0.9999995231628418
6960,7,7,0.9999839067459106
6961,1,1,0.9999657869338989
6962,0,0,0.9998620748519897
6963,7,7,0.9999641180038452
6964,5,5,0.9997424483299255
6965,5,5,0.9999293088912964
6966,6,6,0.999998927116394
6967,9,9,0.9959685802459717
6968,0,0,0.9999819993972778
6969,1,1,0.99992835521698
6970,0,0,0.9997408986091614
6971,0,0,0.9997922778129578
6972,8,8,1.0
6973,3,3,0.9999997615814209
6974,4,4,0.999991774559021
6975,3,3,0.9999985694885254
6976,1,1,0.9999086856842041
6977,5,5,0.999980092048645
6978,0,0,0.9999983310699463
6979,0,0,0.9999551773071289
6980,9,9,0.9980539083480835
6981,5,5,0.9870729446411133
6982,3,3,0.9999998807907104
6983,4,4,0.9994439482688904
6984,9,9,0.9998290538787842
6985,3,3,0.9999982118606567
6986,7,7,0.999700665473938
6987,6,6,0.9999995231628418
6988,9,9,0.9997478127479553
6989,2,2,0.9999974966049194
6990,4,4,0.9999688863754272
6991,5,5,0.999991774559021
6992,7,7,0.9999997615814209
6993,2,2,1.0
6994,6,6,0.9999799728393555
6995,4,4,0.9999997615814209
6996,9,9,0.9898348450660706
6997,4,4,0.9981911778450012
6998,9,9,0.9981610178947449
6999,4,4,0.9999351501464844
7000,1,1,0.9996138215065002
7001,2,2,0.9999287128448486
7002,2,2,0.9999070167541504
7003,5,5,0.999977707862854
7004,8,8,0.9999991655349731
7005,1,1,0.9998733997344971
7006,3,3,1.0
7007,2,2,1.0
7008,9,9,0.999438464641571
7009,4,4,0.9998877048492432
7010,3,3,0.9999998807907104
7011,8,8,1.0
7012,2,2,1.0
7013,2,2,1.0
7014,1,1,0.9997876286506653
7015,2,2,0.9999991655349731
7016,8,8,0.9999974966049194
7017,6,6,0.9999979734420776
7018,5,5,0.9999915361404419
7019,1,1,0.9998326301574707
7020,6,6,0.9999834299087524
7021,7,7,0.9996904134750366
7022,2,2,0.9999998807907104
7023,1,1,0.9999653100967407
7024,3,3,0.9999991655349731
7025,9,9,0.9988075494766235
7026,3,3,0.9999979734420776
7027,8,8,1.0
7028,7,7,0.9980377554893494
7029,5,5,0.9999942779541016
7030,7,7,0.998917818069458
7031,0,0,0.9947898387908936
7032,7,7,0.9999524354934692
7033,4,4,0.9999175071716309
7034,8,8,0.9999997615814209
7035,8,8,0.999922513961792
7036,5,5,1.0
7037,0,0,0.9999938011169434
7038,6,6,1.0
7039,6,6,0.9999967813491821
7040,3,3,0.9999997615814209
7041,7,7,0.999996542930603
7042,6,6,0.9999997615814209
7043,9,9,0.9984186887741089
7044,9,9,0.9976944327354431
7045,4,4,0.9999866485595703
7046,8,8,0.999963641166687
7047,4,4,0.9998291730880737
7048,1,1,0.999916672706604
7049,0,0,0.9999121427536011
7050,6,6,0.9999785423278809
7051,6,6,0.9949133396148682
7052,0,0,0.9999997615814209
7053,1,1,0.9999544620513916
7054,2,2,0.9989855885505676
7055,3,3,0.9999995231628418
7056,4,4,0.9999942779541016
7057,5,5,0.9999940395355225
7058,6,6,0.9999984502792358
7059,7,7,0.9998931884765625
7060,8,8,0.9999552965164185
7061,9,9,0.9985094666481018
7062,0,0,0.9999994039535522
7063,1,1,0.9999020099639893
7064,2,2,0.9999878406524658
7065,3,3,0.9999997615814209
7066,4,4,1.0
7067,5,5,0.9999837875366211
7068,6,6,0.9999693632125854
7069,7,7,0.9998818635940552
7070,8,8,0.9999420642852783
7071,9,9,0.9967703819274902
7072,0,0,0.9999961853027344
7073,1,1,0.9999438524246216
7074,2,2,0.9994291663169861
7075,3,3,0.999988317489624
7076,4,4,0.9999979734420776
7077,5,5,0.9999970197677612
7078,6,6,1.0
7079,7,7,0.9997279047966003
7080,8,8,0.9999940395355225
7081,9,9,0.9738125205039978
7082,7,7,0.9999955892562866
7083,4,4,0.9999991655349731
7084,0,0,0.9997026324272156
7085,4,4,0.9999967813491821
7086,0,0,0.9999814033508301
7087,1,1,0.9998419284820557
7088,7,7,0.9999943971633911
7089,9,9,0.9994656443595886
7090,5,5,0.9999932050704956
7091,1,1,0.9999797344207764
7092,4,4,1.0
7093,2,2,0.9994707703590393
7094,8,8,0.9995726943016052
7095,9,9,0.9962596893310547
7096,4,4,1.0
7097,3,3,0.9999948740005493
7098,7,7,0.9996464252471924
7099,8,8,0.9997456669807434
7100,2,2,0.9999071359634399
7101,4,4,0.9999948740005493
7102,4,4,0.9998087286949158
7103,3,3,0.9999992847442627
7104,3,3,0.9999979734420776
7105,6,6,0.9999998807907104
7106,9,9,0.9981738328933716
7107,9,9,0.9951640367507935
7108,5,5,0.9999933242797852
7109,8,8,0.9999769926071167
7110,6,6,0.9999995231628418
7111,7,7,0.9999814033508301
7112,0,0,0.9999927282333374
7113,6,6,0.9999998807907104
7114,8,8,0.9999984502792358
7115,2,2,0.9998704195022583
7116,6,6,1.0
7117,3,3,0.9999995231628418
7118,9,9,0.9989681243896484
7119,3,3,0.9999986886978149
7120,2,2,0.9999403953552246
7121,8,8,0.9979660511016846
7122,6,6,0.9999890327453613
7123,1,1,0.9999269247055054
7124,7,7,0.9998390674591064
7125,4,4,0.9999998807907104
7126,8,8,0.999997615814209
7127,8,8,0.9999935626983643
7128,9,9,0.9994328618049622
7129,0,0,0.9999796152114868
7130,3,3,0.9999998807907104
7131,3,3,1.0
7132,9,9,0.9963351488113403
7133,0,0,0.9999817609786987
7134,5,5,0.9999979734420776
7135,2,2,0.9993689656257629
7136,9,9,0.9970152378082275
7137,4,4,0.999998927116394
7138,1,1,0.9998007416725159
7139,0,0,0.9999935626983643
7140,3,3,1.0
7141,7,7,0.9999716281890869
7142,5,5,0.9999982118606567
7143,8,8,0.9999997615814209
7144,7,7,0.9999747276306152
7145,7,7,0.9999779462814331
7146,8,8,0.9999996423721313
7147,2,2,0.9999991655349731
7148,9,9,0.9978110194206238
7149,7,7,0.9999324083328247
7150,1,1,0.9999686479568481
7151,2,2,0.9995473027229309
7152,6,6,0.9999998807907104
7153,4,4,0.9999953508377075
7154,2,2,0.999913215637207
7155,5,5,0.9999922513961792
7156,2,2,0.9999788999557495
7157,3,3,0.9999982118606567
7158,6,6,0.9999902248382568
7159,6,6,0.9999996423721313
7160,5,5,0.9999876022338867
7161,0,0,0.9999961853027344
7162,0,0,0.9998843669891357
7163,2,2,0.9997245669364929
7164,8,8,1.0
7165,1,1,0.9999744892120361
7166,6,6,0.9999802112579346
7167,1,1,0.9998904466629028
7168,0,0,0.9999963045120239
7169,4,4,0.9999994039535522
7170,3,3,0.999998927116394
7171,1,1,0.9999531507492065
7172,6,6,0.9999995231628418
7173,1,1,0.9999544620513916
7174,9,9,0.9977545142173767
7175,0,0,0.9999998807907104
7176,1,1,0.9991284012794495
7177,4,4,0.9996354579925537
7178,5,5,0.9999716281890869
7179,6,6,0.9990625977516174
7180,7,7,0.9999850988388062
7181,8,8,0.9997254014015198
7182,9,9,0.9995883107185364
7183,1,1,0.9993688464164734
7184,2,2,0.9999998807907104
7185,3,3,0.9999986886978149
7186,4,4,0.9999200105667114
7187,5,5,0.9999089241027832
7188,6,6,0.9999929666519165
7189,7,7,0.9993452429771423
7190,0,0,0.9996732473373413
7191,1,1,0.9996631145477295
7192,2,2,0.9999984502792358
7193,3,3,0.9999990463256836
7194,4,4,0.9999896287918091
7195,5,5,0.9993808269500732
7196,6,6,0.9998891353607178
7197,7,7,0.9999876022338867
7198,8,8,0.9960479140281677
7199,9,9,0.999982476234436
7200,8,8,0.9990711212158203
7201,4,4,0.9999997615814209
7202,0,0,0.9999717473983765
7203,0,0,0.9999996423721313
7204,7,7,0.9999675750732422
7205,2,2,0.9999923706054688
7206,4,4,0.9999998807907104
7207,3,3,0.9999997615814209
7208,8,8,0.9841486811637878
7209,6,6,0.9985418319702148
7210,6,6,0.9996381998062134
7211,3,3,0.9999874830245972
7212,2,2,0.9928817749023438
7213,6,6,0.9999767541885376
7214,3,3,1.0
7215,3,3,1.0
7216,0,0,0.9213273525238037
7217,1,1,0.9998588562011719
7218,4,4,0.9999974966049194
7219,7,7,0.9999990463256836
7220,8,8,0.9998315572738647
7221,0,0,0.9999995231628418
7222,3,3,1.0
7223,1,1,0.9995631575584412
7224,9,9,0.9999700784683228
7225,0,0,0.9999772310256958
7226,1,1,0.9996809959411621
7227,9,9,0.9999655485153198
7228,1,1,0.9992055296897888
7229,2,2,0.9999918937683105
7230,7,7,0.9995412826538086
7231,0,0,0.9999971389770508
7232,1,1,0.9986863732337952
7233,3,3,0.9989020824432373
7234,8,8,0.9989137649536133
7235,2,2,0.999970555305481
7236,9,9,0.9999343156814575
7237,2,2,0.9999955892562866
7238,7,7,0.9975226521492004
7239,6,6,0.9999594688415527
7240,5,5,0.9915809035301208
7241,5,5,0.9995637536048889
7242,9,9,0.9995984435081482
7243,9,9,0.9996658563613892
7244,8,8,0.9999992847442627
7245,2,2,0.9999980926513672
7246,9,9,0.9999828338623047
7247,1,1,0.9992668032646179
7248,3,3,0.999904990196228
7249,2,2,0.9986496567726135
7250,3,3,1.0
7251,4,4,1.0
7252,3,3,1.0
7253,1,1,0.9998648166656494
7254,9,9,0.9999755620956421
7255,0,0,0.9999997615814209
7256,9,9,0.9999916553497314
7257,3,3,1.0
7258,6,6,0.9971488118171692
7259,8,8,0.9920135140419006
7260,7,7,0.999974250793457
7261,0,0,0.9999278783798218
7262,1,1,0.999970555305481
7263,0,0,0.9976198077201843
7264,5,5,0.9999147653579712
7265,8,8,0.9985290765762329
7266,2,2,1.0
7267,7,7,0.9996981620788574
7268,7,7,0.9892967343330383
7269,0,0,0.9999984502792358
7270,1,1,0.99940025806427
7271,2,2,0.9608370661735535
7272,3,3,0.9999971389770508
7273,4,4,0.9999973773956299
7274,5,5,0.9999971389770508
7275,6,6,0.9999971389770508
7276,7,7,0.999901294708252
7277,8,8,0.9997939467430115
7278,9,9,0.999242901802063
7279,0,0,0.9999715089797974
7280,1,1,0.9997977614402771
7281,2,2,0.9999970197677612
7282,3,3,0.9999881982803345
7283,4,4,0.9999545812606812
7284,5,5,0.9999887943267822
7285,6,6,0.9999988079071045
7286,7,7,0.9999864101409912
7287,8,8,0.9993076324462891
7288,9,9,0.9981746673583984
7289,0,0,0.9999988079071045
7290,1,1,0.9998747110366821
7291,2,2,0.9999812841415405
7292,3,3,0.9999970197677612
7293,4,4,0.9999815225601196
7294,5,5,0.9999622106552124
7295,6,6,0.9999997615814209
7296,7,7,0.9999544620513916
7297,8,8,0.9998563528060913
7298,9,9,0.9999493360519409
7299,1,1,0.9999516010284424
7300,7,7,0.9999529123306274
7301,4,4,0.9999734163284302
7302,8,8,0.9999650716781616
7303,1,1,0.9999009370803833
7304,5,5,0.9997661709785461
7305,6,6,0.9999998807907104
7306,5,5,0.9999803304672241
7307,7,7,0.9994020462036133
7308,2,2,0.999988317489624
7309,8,8,0.970198392868042
7310,6,6,0.9999943971633911
7311,3,3,0.9999208450317383
7312,3,3,0.9999998807907104
7313,8,8,1.0
7314,6,6,0.9999939203262329
7315,5,5,0.9999935626983643
7316,4,4,0.9999972581863403
7317,0,0,0.9952040910720825
7318,9,9,0.999950647354126
7319,1,1,0.9997518658638
7320,7,7,0.9999306201934814
7321,2,2,0.9999992847442627
7322,9,9,0.9998748302459717
7323,1,1,0.9997066855430603
7324,5,5,0.9997838139533997
7325,1,1,0.9997275471687317
7326,3,3,0.9999985694885254
7327,2,2,0.9999253749847412
7328,2,2,0.9997768998146057
7329,3,3,0.9999969005584717
7330,0,0,0.9997404217720032
7331,6,6,0.999998927116394
7332,4,4,0.9999394416809082
7333,3,3,0.9991118311882019
7334,7,7,0.9999332427978516
7335,6,6,0.9999374151229858
7336,9,9,0.99996018409729
7337,0,0,0.999271810054779
7338,4,4,0.9995964169502258
7339,8,8,0.999886155128479
7340,1,1,0.9996412992477417
7341,4,4,0.9999889135360718
7342,0,0,0.9999971389770508
7343,6,6,0.9999951124191284
7344,1,1,0.9999791383743286
7345,2,2,0.9984387755393982
7346,6,6,0.9999998807907104
7347,9,9,0.9997926354408264
7348,2,2,0.9993694424629211
7349,2,2,0.9986222982406616
7350,3,3,0.9999982118606567
7351,5,5,0.9999967813491821
7352,5,5,0.999996542930603
7353,1,1,0.999948263168335
7354,0,0,0.9700707197189331
7355,7,7,0.9999982118606567
7356,7,7,0.9995649456977844
7357,9,9,0.9998867511749268
7358,6,6,0.9999983310699463
7359,2,2,0.999984860420227
7360,9,9,0.9999324083328247
7361,4,4,0.9999147653579712
7362,7,7,0.9999700784683228
7363,0,0,0.9998925924301147
7364,2,2,0.9999080896377563
7365,3,3,0.9999994039535522
7366,4,4,0.9999947547912598
7367,0,0,0.9999401569366455
7368,0,0,0.9999665021896362
7369,8,8,0.9999957084655762
7370,8,8,0.999117910861969
7371,8,8,0.9999669790267944
7372,5,5,0.9999744892120361
7373,1,1,0.9998797178268433
7374,3,3,1.0
7375,7,7,0.9999896287918091
7376,4,4,0.9999985694885254
7377,9,9,0.9998688697814941
7378,8,8,0.999900221824646
7379,8,8,0.9959849119186401
7380,9,9,0.999390721321106
7381,0,0,0.9998908042907715
7382,9,9,0.9998037219047546
7383,8,8,0.9999988079071045
7384,9,9,0.996088981628418
7385,0,0,0.9999980926513672
7386,2,2,0.9996415376663208
7387,6,6,0.9999650716781616
7388,5,5,0.9999337196350098
7389,6,6,0.9999902248382568
7390,7,7,0.9986146688461304
7391,4,4,0.9999045133590698
7392,7,7,0.998860239982605
7393,5,5,0.999996542930603
7394,4,4,0.9998890161514282
7395,1,1,0.9996044039726257
7396,3,3,0.9999980926513672
7397,5,5,0.9998897314071655
7398,3,3,0.9999990463256836
7399,1,1,0.9999899864196777
7400,2,2,0.9990585446357727
7401,3,3,0.9999924898147583
7402,4,4,0.9984949827194214
7403,5,5,0.9995796084403992
7404,6,6,0.9684484004974365
7405,1,1,0.9950280785560608
7406,2,2,0.9999992847442627
7407,3,3,0.9999988079071045
7408,4,4,0.9995355606079102
7409,6,6,0.9999998807907104
7410,0,0,0.9998698234558105
7411,1,1,0.9998883008956909
7412,2,2,0.9999983310699463
7413,4,4,0.997153639793396
7414,5,5,0.9999864101409912
7415,6,6,0.9999279975891113
7416,7,7,0.999809205532074
7417,8,8,0.9999864101409912
7418,1,1,0.9997640252113342
7419,7,7,0.994989812374115
7420,2,2,0.9998010993003845
7421,4,4,0.999992847442627
7422,1,1,0.9999096393585205
7423,4,4,0.9980619549751282
7424,1,1,0.9997078776359558
7425,4,4,0.9999274015426636
7426,9,9,0.9877767562866211
7427,6,6,0.9967042803764343
7428,8,8,0.9999997615814209
7429,4,4,0.9999979734420776
7430,5,5,0.9996287822723389
7431,3,3,0.9999994039535522
7432,7,7,0.9686707258224487
7433,8,8,0.999718964099884
7434,4,4,0.9696786999702454
7435,3,3,1.0
7436,3,3,1.0
7437,5,5,0.9996533393859863
7438,6,6,0.9998476505279541
7439,7,7,0.9988019466400146
7440,0,0,0.999993085861206
7441,6,6,0.9966707825660706
7442,1,1,0.9999619722366333
7443,6,6,0.9998773336410522
7444,8,8,0.9979521632194519
7445,7,7,0.9954383969306946
7446,0,0,0.9974775910377502
7447,1,1,0.9997765421867371
7448,5,5,0.9999986886978149
7449,0,0,0.9999877214431763
7450,8,8,0.9999969005584717
7451,5,5,0.9878841042518616
7452,0,0,0.9998718500137329
7453,1,1,0.9997350573539734
7454,5,5,0.999889612197876
7455,8,8,0.9999817609786987
7456,4,4,0.9999933242797852
7457,2,2,0.999962329864502
7458,3,3,1.0
7459,9,9,0.9947210550308228
7460,7,7,0.9997084736824036
7461,6,6,0.9948573112487793
7462,9,9,0.9999204874038696
7463,1,1,0.9996635913848877
7464,9,9,0.9992247819900513
7465,0,0,0.9999817609786987
7466,6,6,0.9997429251670837
7467,7,7,0.9999955892562866
7468,1,1,0.9997896552085876
7469,2,2,0.9999995231628418
7470,3,3,0.9999996423721313
7471,9,9,0.9851993322372437
7472,2,2,0.9976309537887573
7473,4,4,0.9978803396224976
7474,5,5,0.9982376098632812
7475,5,5,0.9999996423721313
7476,3,3,0.99998939037323
7477,7,7,0.9997901320457458
7478,5,5,0.9999215602874756
7479,3,3,0.999954104423523
7480,1,1,0.9994558691978455
7481,8,8,0.9999500513076782
7482,2,2,0.9980217218399048
7483,2,2,0.9988389611244202
7484,3,3,0.9999986886978149
7485,0,0,0.9999879598617554
7486,2,2,0.9998148083686829
7487,9,9,0.9986794590950012
7488,4,4,0.9999996423721313
7489,9,9,0.9995821118354797
7490,7,7,0.9996384382247925
7491,0,0,0.9955505132675171
7492,2,2,0.9748535752296448
7493,7,7,0.9993077516555786
7494,4,4,0.9999648332595825
7495,9,9,0.9995779395103455
7496,9,9,0.9994181394577026
7497,2,2,0.9991028308868408
7498,5,5,0.9994651675224304
7499,9,9,0.9996669292449951
7500,8,8,0.9999934434890747
7501,3,3,1.0
7502,8,8,0.9999973773956299
7503,6,6,0.9987450838088989
7504,7,7,0.9997900128364563
7505,0,0,0.999743640422821
7506,0,0,0.9999828338623047
7507,1,1,0.999875545501709
7508,2,2,0.9999953508377075
7509,3,3,0.9999991655349731
7510,4,4,0.9997077584266663
7511,5,5,0.9999715089797974
7512,6,6,0.9999961853027344
7513,7,7,0.9999943971633911
7514,8,8,0.9997031092643738
7515,9,9,0.9997925162315369
7516,0,0,0.9999972581863403
7517,1,1,0.9993526339530945
7518,2,2,0.9989292025566101
7519,3,3,0.9999899864196777
7520,4,4,0.9998912811279297
7521,5,5,0.9999572038650513
7522,6,6,0.9990527033805847
7523,7,7,0.9997901320457458
7524,8,8,0.9995805621147156
7525,9,9,0.9999427795410156
7526,0,0,0.9999933242797852
7527,1,1,0.999431312084198
7528,2,2,0.999936580657959
7529,3,3,0.999976634979248
7530,4,4,0.9999573230743408
7531,5,5,0.9995469450950623
7532,6,6,0.9999611377716064
7533,7,7,0.9996582269668579
7534,8,8,0.9988948702812195
7535,9,9,0.9997524619102478
7536,0,0,0.9999986886978149
7537,0,0,0.9999971389770508
7538,7,7,0.9978973865509033
7539,2,2,0.9976885318756104
7540,6,6,0.9999983310699463
7541,5,5,0.9993295669555664
7542,5,5,0.9996271133422852
7543,3,3,1.0
7544,7,7,0.9994907379150391
7545,8,8,0.9988030195236206
7546,6,6,0.9999963045120239
7547,6,6,0.9999974966049194
7548,6,6,0.9999997615814209
7549,6,6,0.999964714050293
7550,4,4,0.999967098236084
7551,3,3,0.9999978542327881
7552,8,8,0.9930676221847534
7553,8,8,0.9996477365493774
7554,3,3,0.9999963045120239
7555,0,0,0.9999974966049194
7556,1,1,0.9992893934249878
7557,9,9,0.9999576807022095
7558,0,0,0.9995699524879456
7559,5,5,0.9999996423721313
7560,4,4,0.9995297193527222
7561,1,1,0.9998594522476196
7562,9,9,0.9996466636657715
7563,1,1,0.9999027252197266
7564,2,2,0.9998329877853394
7565,7,7,0.969550609588623
7566,0,0,0.9999961853027344
7567,1,1,0.9999555349349976
7568,3,3,0.9999995231628418
7569,8,8,0.9847055077552795
7570,2,2,0.9999473094940186
7571,9,9,0.9998687505722046
7572,2,2,0.9996644258499146
7573,7,7,0.9992885589599609
7574,4,4,0.9944297671318054
7575,2,2,0.9999368190765381
7576,6,6,0.9999997615814209
7577,5,5,0.9999045133590698
7578,5,5,0.9995564818382263
7579,9,9,0.999596893787384
7580,9,9,0.9803276658058167
7581,1,1,0.9999415874481201
7582,1,1,0.9999333620071411
7583,5,5,0.9995973706245422
7584,7,7,0.9988036155700684
7585,6,6,0.9999998807907104
7586,8,8,0.9998925924301147
7587,2,2,0.999143123626709
7588,9,9,0.9998487234115601
7589,4,4,0.9999997615814209
7590,3,3,1.0
7591,1,1,0.9999797344207764
7592,9,9,0.9991921782493591
7593,0,0,0.9999995231628418
7594,9,9,0.9999642372131348
7595,3,3,0.9999971389770508
7596,6,6,0.9999997615814209
7597,8,8,0.9965810179710388
7598,7,7,0.9999954700469971
7599,0,0,0.9999897480010986
7600,1,1,0.9999552965164185
7601,0,0,0.9999955892562866
7602,5,5,0.9999997615814209
7603,8,8,0.9998099207878113
7604,2,2,0.9994935989379883
7605,7,7,0.9983024597167969
7606,7,7,0.9956656098365784
7607,0,0,0.9999998807907104
7608,1,1,0.9998056292533875
7609,2,2,0.9999815225601196
7610,3,3,0.9999922513961792
7611,4,4,0.9999998807907104
7612,5,5,0.9999943971633911
7613,6,6,0.9999926090240479
7614,7,7,0.9999961853027344
7615,8,8,0.9999998807907104
7616,9,9,0.9993624091148376
7617,0,0,0.9999998807907104
7618,1,1,0.9997296929359436
7619,2,2,0.9998119473457336
7620,3,3,0.9999785423278809
7621,4,4,1.0
7622,5,5,0.9999979734420776
7623,8,8,1.0
7624,9,9,0.9999555349349976
7625,0,0,0.9999997615814209
7626,1,1,0.9965355396270752
7627,2,2,0.9959642887115479
7628,3,3,0.9999997615814209
7629,4,4,1.0
7630,5,5,0.999998927116394
7631,6,6,0.9999634027481079
7632,7,7,0.9999985694885254
7633,8,8,1.0
7634,9,9,0.9978975057601929
7635,2,2,0.9999898672103882
7636,1,1,0.997895359992981
7637,2,2,0.9998522996902466
7638,1,1,0.9995593428611755
7639,3,3,0.9999973773956299
7640,9,9,0.9991143345832825
7641,9,9,0.9891841411590576
7642,8,8,0.9999973773956299
7643,5,5,0.9999964237213135
7644,3,3,0.9999860525131226
7645,7,7,0.9999991655349731
7646,0,0,0.9999898672103882
7647,7,7,0.9999891519546509
7648,7,7,0.99994957447052
7649,5,5,0.9999707937240601
7650,7,7,0.9999371767044067
7651,9,9,0.9894223809242249
7652,9,9,0.9992080330848694
7653,4,4,0.9999978542327881
7654,7,7,0.9999904632568359
7655,0,0,0.9999996423721313
7656,3,3,0.999778687953949
7657,4,4,0.9995575547218323
7658,1,1,0.9950112104415894
7659,5,5,0.9999998807907104
7660,8,8,0.9999971389770508
7661,1,1,0.9989081621170044
7662,4,4,0.9999758005142212
7663,8,8,0.9999997615814209
7664,4,4,0.9999997615814209
7665,1,1,0.9997819066047668
7666,8,8,1.0
7667,6,6,0.9999996423721313
7668,6,6,0.9999960660934448
7669,4,4,0.9999864101409912
7670,6,6,0.9999990463256836
7671,0,0,0.9999529123306274
7672,5,5,0.9999688863754272
7673,5,5,0.9999161958694458
7674,3,3,1.0
7675,3,3,0.9999817609786987
7676,5,5,0.9999594688415527
7677,7,7,0.9999802112579346
7678,2,2,0.9999939203262329
7679,5,5,0.9999953508377075
7680,9,9,0.9850249290466309
7681,6,6,0.9999997615814209
7682,9,9,0.9994706511497498
7683,2,2,0.9996832609176636
7684,6,6,1.0
7685,2,2,0.9999997615814209
7686,1,1,0.9994171857833862
7687,2,2,0.9999276399612427
7688,0,0,0.9999998807907104
7689,8,8,0.99928879737854
7690,3,3,0.999983549118042
7691,8,8,0.9999499320983887
7692,3,3,0.999894380569458
7693,0,0,0.9999998807907104
7694,8,8,0.9999713897705078
7695,7,7,0.9999911785125732
7696,4,4,0.9999994039535522
7697,9,9,0.9810549020767212
7698,5,5,0.9999738931655884
7699,0,0,0.9999995231628418
7700,9,9,0.9979671835899353
7701,7,7,0.9999960660934448
7702,0,0,0.9999961853027344
7703,0,0,0.9999994039535522
7704,4,4,0.9999408721923828
7705,6,6,0.9999996423721313
7706,0,0,1.0
7707,9,9,0.9978906512260437
7708,1,1,0.9999533891677856
7709,6,6,0.9999998807907104
7710,2,2,0.9999996423721313
7711,7,7,0.9999886751174927
7712,6,6,0.9999974966049194
7713,8,8,0.9997610449790955
7714,3,3,0.999995231628418
7715,5,5,0.9999934434890747
7716,2,2,0.9999978542327881
7717,1,1,0.9995296001434326
7718,8,8,0.9998800754547119
7719,3,3,0.9999980926513672
7720,8,8,0.9996325969696045
7721,6,6,0.9999947547912598
7722,1,1,0.9998146891593933
7723,0,0,1.0
7724,2,2,0.9998685121536255
7725,1,1,0.9981358051300049
7726,4,4,0.9995272159576416
7727,0,0,0.999998927116394
7728,1,1,0.9983691573143005
7729,2,2,0.9993984699249268
7730,3,3,0.9999949932098389
7731,4,4,0.9999855756759644
7732,5,5,0.9982777833938599
7733,6,6,0.9999955892562866
7734,7,7,0.9997237324714661
7735,8,8,0.9979421496391296
7736,9,9,0.9788607954978943
7737,0,0,0.9999991655349731
7738,1,1,0.9992157220840454
7739,2,2,0.9998551607131958
7740,3,3,0.999995231628418
7741,4,4,0.9999873638153076
7742,5,5,0.9999996423721313
7743,6,6,0.9999592304229736
7744,7,7,0.9998043179512024
7745,8,8,0.9999982118606567
7746,9,9,0.978449285030365
7747,0,0,0.9999488592147827
7748,1,1,0.9998254179954529
7749,2,2,0.999941349029541
7750,3,3,0.9999978542327881
7751,4,4,0.9999980926513672
7752,5,5,0.9999998807907104
7753,6,6,0.9999998807907104
7754,7,7,0.9999456405639648
7755,8,8,0.9997561573982239
7756,9,9,0.9896109104156494
7757,7,7,0.9993131160736084
7758,6,6,0.9999994039535522
7759,4,4,0.9999978542327881
7760,7,7,0.9999748468399048
7761,6,6,1.0
7762,2,2,0.999993085861206
7763,3,3,0.9999959468841553
7764,4,4,0.9997926354408264
7765,8,8,0.9999967813491821
7766,7,7,0.9999991655349731
7767,8,8,0.9999995231628418
7768,6,6,0.999998927116394
7769,9,9,0.9986419081687927
7770,8,8,0.9999077320098877
7771,3,3,0.9999988079071045
7772,2,2,0.9999154806137085
7773,2,2,0.9995032548904419
7774,8,8,0.9999518394470215
7775,4,4,0.9999991655349731
7776,8,8,0.9999995231628418
7777,5,5,0.9999616146087646
7778,6,6,0.9999991655349731
7779,5,5,0.999941349029541
7780,0,0,0.9999991655349731
7781,2,2,0.9972579479217529
7782,0,0,0.9999903440475464
7783,1,1,0.9901546239852905
7784,1,1,0.9999196529388428
7785,2,2,0.9999685287475586
7786,9,9,0.9977012276649475
7787,6,6,1.0
7788,8,8,0.9996449947357178
7789,2,2,0.9999921321868896
7790,1,1,0.9892330169677734
7791,0,0,0.999984860420227
7792,6,6,1.0
7793,5,5,0.9999940395355225
7794,2,2,0.9999790191650391
7795,9,9,0.9993268251419067
7796,7,7,0.9997790455818176
7797,5,5,0.9999227523803711
7798,3,3,0.9999947547912598
7799,9,9,0.9986742734909058
7800,3,3,0.9822189807891846
7801,7,7,0.9999850988388062
7802,1,1,0.9994437098503113
7803,8,8,0.9984995126724243
7804,3,3,0.999995231628418
7805,8,8,0.9999986886978149
7806,1,1,0.9991727471351624
7807,9,9,0.997305154800415
7808,5,5,0.9999088048934937
7809,5,5,0.9999929666519165
7810,0,0,0.999997615814209
7811,1,1,0.9993995428085327
7812,1,1,0.9181686043739319
7813,9,9,0.9829694032669067
7814,8,8,0.9999889135360718
7815,2,2,0.9987305998802185
7816,6,6,1.0
7817,0,0,0.9998414516448975
7818,4,4,0.9999986886978149
7819,5,5,0.9999971389770508
7820,0,0,0.9999696016311646
7821,3,3,0.8307464718818665
7822,1,1,0.9919500350952148
7823,8,8,0.9999029636383057
7824,6,6,0.9999994039535522
7825,7,7,0.9991340041160583
7826,5,5,0.9997785687446594
7827,9,9,0.9999266862869263
7828,9,9,0.9995884299278259
7829,3,3,0.9999788999557495
7830,0,0,0.9999899864196777
7831,3,3,0.9999657869338989
7832,1,1,0.9998903274536133
7833,4,4,0.9999996423721313
7834,4,4,0.9999854564666748
7835,0,0,0.9999982118606567
7836,4,4,1.0
7837,9,9,0.999135434627533
7838,0,0,0.9977352619171143
7839,1,1,0.9737661480903625
7840,2,2,0.9929920434951782
7841,3,3,0.9966345429420471
7842,5,5,0.9542288780212402
7843,6,6,0.9999854564666748
7844,7,7,0.9999637603759766
7845,8,8,0.9012002348899841
7846,0,0,0.9998773336410522
7847,1,1,0.9267261028289795
7848,2,2,0.9999642372131348
7849,3,3,0.9894744157791138
7850,5,5,0.9994611144065857
7851,6,6,0.999829888343811
7852,7,7,0.9975267052650452
7853,8,8,0.9711012840270996
7854,9,9,0.9963425993919373
7855,0,0,0.9999871253967285
7856,1,1,0.7843299508094788
7857,2,2,0.9999433755874634
7858,3,3,0.999984860420227
7859,5,5,0.9998691082000732
7860,6,6,0.999852180480957
7861,7,7,0.9968603849411011
7862,8,8,0.9978628754615784
7863,9,9,0.9504293203353882
7864,9,9,0.9999077320098877
7865,7,7,0.9990642666816711
7866,0,0,0.999991774559021
7867,9,9,0.9993476271629333
7868,0,0,0.9999192953109741
7869,1,1,0.9997883439064026
7870,5,5,0.9994082450866699
7871,8,8,0.99998939037323
7872,8,8,0.9997891783714294
7873,0,0,0.9999469518661499
7874,9,9,0.9990442395210266
7875,3,3,0.9999943971633911
7876,2,2,0.9998540878295898
7877,7,7,0.999508261680603
7878,8,8,0.999974250793457
7879,4,4,0.9999969005584717
7880,6,6,0.9999781847000122
7881,1,1,0.9999624490737915
7882,0,0,0.9999974966049194
7883,4,4,0.9999977350234985
7884,9,9,0.9999593496322632
7885,4,4,0.9999878406524658
7886,2,2,0.9999996423721313
7887,0,0,0.9926525354385376
7888,5,5,0.9997405409812927
7889,0,0,0.9995473027229309
7890,1,1,0.9999744892120361
7891,6,6,0.999792754650116
7892,9,9,0.9975628852844238
7893,3,3,0.9999401569366455
7894,2,2,0.9998654127120972
7895,9,9,0.997975766658783
7896,1,1,0.9984567165374756
7897,6,6,0.9999656677246094
7898,0,0,0.9760284423828125
7899,1,1,0.9552483558654785
7900,1,1,0.9539740681648254
7901,8,8,0.9992352724075317
7902,7,7,0.900391697883606
7903,7,7,0.9790802597999573
7904,6,6,0.9999617338180542
7905,3,3,0.9999496936798096
7906,6,6,0.9999825954437256
7907,0,0,0.9901416897773743
7908,7,7,0.9992369413375854
7909,2,2,0.999777615070343
7910,4,4,0.9999935626983643
7911,1,1,0.9850097298622131
7912,7,7,0.9884650707244873
7913,0,0,0.9999196529388428
7914,6,6,0.999919056892395
7915,7,7,0.9784107208251953
7916,1,1,0.9866151809692383
7917,2,2,0.9999790191650391
7918,5,5,0.9965587258338928
7919,8,8,0.9993209838867188
7920,1,1,0.9902539849281311
7921,8,8,0.983623206615448
7922,2,2,0.999997615814209
7923,8,8,0.9988024234771729
7924,7,7,0.9848463535308838
7925,6,6,0.9999516010284424
7926,8,8,0.9998942613601685
7927,7,7,0.9954143762588501
7928,1,1,0.5644931197166443
7929,6,6,0.9999010562896729
7930,2,2,0.9999343156814575
7931,9,9,0.9996311664581299
7932,3,3,0.9999997615814209
7933,0,0,1.0
7934,1,1,0.9976363182067871
7935,2,2,0.9999940395355225
7936,3,3,0.9999997615814209
7937,4,4,0.9999978542327881
7938,5,5,1.0
7939,6,6,0.9999990463256836
7940,7,7,0.9999903440475464
7941,8,8,0.9999139308929443
7942,9,9,0.9998098015785217
7943,0,0,0.9999496936798096
7944,1,1,0.9997561573982239
7945,2,2,0.9994781613349915
7946,3,3,0.9993797540664673
7947,4,4,1.0
7948,5,5,0.9999986886978149
7949,6,6,0.999998927116394
7950,7,7,0.9999839067459106
7951,8,8,0.9999887943267822
7952,9,9,0.9996578693389893
7953,0,0,0.9999995231628418
7954,1,1,0.9998193383216858
7955,2,2,0.9999995231628418
7956,3,3,0.9999995231628418
7957,4,4,0.9999910593032837
7958,5,5,0.9999991655349731
7959,6,6,1.0
7960,7,7,0.9998950958251953
7961,8,8,0.9999960660934448
7962,9,9,0.9995012283325195
7963,8,8,0.9999955892562866
7964,9,9,0.9568366408348083
7965,5,5,1.0
7966,7,7,0.9999253749847412
7967,0,0,0.9999957084655762
7968,3,3,0.9999998807907104
7969,1,1,0.9998703002929688
7970,6,6,0.9999982118606567
7971,8,8,0.9998698234558105
7972,4,4,1.0
7973,1,1,0.9998425245285034
7974,5,5,0.9999983310699463
7975,6,6,0.999997615814209
7976,4,4,0.9999963045120239
7977,2,2,0.9999880790710449
7978,7,7,0.9982035160064697
7979,8,8,0.9999775886535645
7980,1,1,0.9999200105667114
7981,3,3,0.9999998807907104
7982,4,4,0.9999223947525024
7983,3,3,0.9999978542327881
7984,4,4,0.9999995231628418
7985,7,7,0.9954772591590881
7986,2,2,0.9978020787239075
7987,0,0,0.9999654293060303
7988,5,5,0.9999988079071045
7989,0,0,0.9999966621398926
7990,1,1,0.9747534394264221
7991,9,9,0.9404585361480713
7992,2,2,0.9999983310699463
7993,3,3,0.9999998807907104
7994,2,2,0.999995231628418
7995,3,3,1.0
7996,5,5,0.9995006322860718
7997,5,5,0.9999805688858032
7998,7,7,0.9999969005584717
7999,8,8,0.9997321963310242
8000,4,4,0.9952880144119263
8001,9,9,0.9999761581420898
8002,9,9,0.9999513626098633
8003,7,7,0.9999175071716309
8004,1,1,0.9974324107170105
8005,1,1,0.999980092048645
8006,9,9,0.9999761581420898
8007,0,0,0.9999921321868896
8008,7,7,0.9994527697563171
8009,8,8,0.9999967813491821
8010,3,3,0.9999997615814209
8011,4,4,0.9999843835830688
8012,8,8,0.9999512434005737
8013,6,6,0.9999998807907104
8014,3,3,0.9999997615814209
8015,8,8,0.9999971389770508
8016,0,0,0.9998927116394043
8017,9,9,0.9997193217277527
8018,6,6,1.0
8019,2,2,0.9985724687576294
8020,1,1,0.9936250448226929
8021,0,0,0.9998787641525269
8022,1,1,0.9936918020248413
8023,0,0,0.9997010231018066
8024,6,6,0.9999997615814209
8025,2,2,0.9999998807907104
8026,3,3,1.0
8027,8,8,0.9999983310699463
8028,9,9,0.9997873902320862
8029,0,0,0.9997020363807678
8030,7,7,0.9992178678512573
8031,2,2,0.9999984502792358
8032,3,3,0.9999994039535522
8033,4,4,0.9999974966049194
8034,5,5,0.9999858140945435
8035,5,5,0.9998960494995117
8036,2,2,0.9999996423721313
8037,8,8,0.9999872446060181
8038,5,5,1.0
8039,4,4,0.9999881982803345
8040,6,6,0.9999985694885254
8041,6,6,0.999998927116394
8042,6,6,0.9999994039535522
8043,7,7,0.9996076226234436
8044,9,9,0.9970017075538635
8045,1,1,0.9998800754547119
8046,8,8,0.9999994039535522
8047,2,2,0.9985137581825256
8048,1,1,0.9996881484985352
8049,5,5,1.0
8050,3,3,0.9999966621398926
8051,4,4,0.9999994039535522
8052,7,7,0.9999186992645264
8053,9,9,0.9862276911735535
8054,4,4,1.0
8055,0,0,0.9994989633560181
8056,0,0,0.9999970197677612
8057,0,0,0.9999994039535522
8058,1,1,0.9902293086051941
8059,2,2,0.9064134359359741
8060,3,3,0.9999827146530151
8061,4,4,0.9464573860168457
8062,5,5,0.9979350566864014
8063,6,6,0.9998865127563477
8064,7,7,0.9973505735397339
8065,8,8,0.9576011300086975
8066,9,9,0.9914210438728333
8067,0,0,0.999992847442627
8068,1,1,0.9984632730484009
8069,2,2,0.999832272529602
8070,3,3,0.9999998807907104
8071,4,4,0.9949274063110352
8072,5,5,0.9999270439147949
8073,6,6,0.9999428987503052
8074,7,7,0.9997667670249939
8075,8,8,0.9955163598060608
8076,9,9,0.9979979395866394
8077,0,0,0.9999035596847534
8078,1,1,0.9800239205360413
8079,2,2,0.9993323683738708
8080,3,3,0.9999995231628418
8081,4,4,0.995819091796875
8082,5,5,0.9999364614486694
8083,6,6,0.999993085861206
8084,9,9,0.99784255027771
8085,0,0,0.9999943971633911
8086,1,1,0.9998626708984375
8087,3,3,0.9999990463256836
8088,1,1,0.9985472559928894
8089,5,5,0.9999977350234985
8090,1,1,0.9979370832443237
8091,2,2,0.9992178678512573
8092,4,4,0.9888043999671936
8093,9,9,0.9918252229690552
8094,2,3,0.5510360598564148
8095,4,4,0.9636096954345703
8096,6,6,0.9999310970306396
8097,8,8,0.9936840534210205
8098,0,0,0.9999862909317017
8099,1,1,0.9997273087501526
8100,1,1,0.9995786547660828
8101,9,9,0.9918615818023682
8102,2,2,0.9857009649276733
8103,6,6,0.9999617338180542
8104,6,6,0.990786075592041
8105,8,8,0.845945417881012
8106,7,7,0.9812999367713928
8107,4,4,0.9804186224937439
8108,2,2,0.9983223080635071
8109,9,9,0.9988399147987366
8110,7,7,0.9915446043014526
8111,0,0,0.9999921321868896
8112,2,2,0.9906331300735474
8113,1,1,0.9999426603317261
8114,0,0,0.9999827146530151
8115,3,3,0.9909713268280029
8116,6,6,0.9999498128890991
8117,0,0,0.9999988079071045
8118,1,1,0.9999178647994995
8119,2,2,0.9999915361404419
8120,3,3,0.9999998807907104
8121,4,4,1.0
8122,5,5,0.9999971389770508
8123,6,6,0.9999974966049194
8124,7,7,0.9999498128890991
8125,8,8,0.9999974966049194
8126,9,9,0.9999926090240479
8127,0,0,0.9999991655349731
8128,1,1,0.970589816570282
8129,2,2,0.9999996423721313
8130,3,3,1.0
8131,4,4,0.9999991655349731
8132,5,5,0.9999587535858154
8133,6,6,0.9999991655349731
8134,7,7,0.9999897480010986
8135,8,8,0.9999995231628418
8136,9,9,0.9967271089553833
8137,0,0,0.9999998807907104
8138,1,1,0.9998196959495544
8139,2,2,0.9999933242797852
8140,3,3,1.0
8141,4,4,0.9999992847442627
8142,5,5,0.999372661113739
8143,6,6,0.9999847412109375
8144,7,7,0.9997766613960266
8145,8,8,0.9999980926513672
8146,9,9,0.9984291195869446
8147,8,8,0.9999995231628418
8148,6,6,0.9999992847442627
8149,5,5,0.9999979734420776
8150,9,9,0.9999287128448486
8151,7,7,0.9998243451118469
8152,0,0,0.9999997615814209
8153,2,2,0.9999953508377075
8154,3,3,0.9999997615814209
8155,4,4,0.9999994039535522
8156,3,3,0.9999988079071045
8157,8,8,0.9999998807907104
8158,5,5,0.9999648332595825
8159,1,1,0.9998875856399536
8160,5,5,0.9984979629516602
8161,2,2,1.0
8162,3,3,1.0
8163,0,0,0.9999741315841675
8164,1,1,0.9999750852584839
8165,2,2,0.9973823428153992
8166,1,1,0.9999104738235474
8167,3,3,1.0
8168,2,2,0.9999945163726807
8169,6,6,1.0
8170,5,5,0.9995971322059631
8171,3,3,0.9999873638153076
8172,0,0,0.9999995231628418
8173,7,7,0.9999034404754639
8174,2,2,0.9999942779541016
8175,7,7,0.9998406171798706
8176,4,4,0.9999998807907104
8177,6,6,0.9999997615814209
8178,4,4,0.9999998807907104
8179,0,0,0.9999992847442627
8180,5,5,0.9997575879096985
8181,9,9,0.7460898756980896
8182,9,9,0.9935802221298218
8183,8,8,0.9999932050704956
8184,9,9,0.7744660377502441
8185,5,5,0.9999815225601196
8186,3,3,1.0
8187,1,1,0.9999597072601318
8188,7,7,0.9999184608459473
8189,4,4,1.0
8190,7,7,0.9998424053192139
8191,6,6,0.9999998807907104
8192,5,5,0.9999821186065674
8193,4,4,0.9999997615814209
8194,0,0,0.9994412064552307
8195,0,0,0.9999998807907104
8196,6,6,0.9999994039535522
8197,6,6,0.999988317489624
8198,2,2,0.9999055862426758
8199,0,0,0.9999954700469971
8200,6,6,0.9999986886978149
8201,3,3,0.999993085861206
8202,7,7,0.9998146891593933
8203,7,7,0.9999594688415527
8204,4,4,1.0
8205,4,4,1.0
8206,3,3,1.0
8207,9,9,0.9991590976715088
8208,2,2,0.999924898147583
8209,8,8,0.9999825954437256
8210,9,9,0.9999641180038452
8211,6,6,1.0
8212,0,0,0.9999980926513672
8213,9,9,0.9999768733978271
8214,5,5,0.9999984502792358
8215,3,3,1.0
8216,8,8,0.9999982118606567
8217,8,8,0.9997350573539734
8218,7,7,0.9999454021453857
8219,1,1,0.9999246597290039
8220,4,4,0.9999995231628418
8221,0,0,0.999998927116394
8222,4,4,1.0
8223,8,8,0.9999998807907104
8224,5,5,0.9999998807907104
8225,2,2,0.9999878406524658
8226,3,3,0.9999896287918091
8227,9,9,0.9991641044616699
8228,0,0,0.9995729327201843
8229,1,1,0.999728262424469
8230,9,9,0.9993712306022644
8231,1,1,0.9995638728141785
8232,5,5,0.9998366832733154
8233,1,1,0.9999353885650635
8234,7,7,0.999441921710968
8235,4,4,1.0
8236,8,8,0.9976882934570312
8237,6,6,0.9999973773956299
8238,2,2,0.9999926090240479
8239,1,1,0.9993224143981934
8240,6,6,0.9999905824661255
8241,8,8,0.9998154044151306
8242,8,8,0.9999681711196899
8243,0,0,0.9974835515022278
8244,1,1,0.998420000076294
8245,2,2,0.9997430443763733
8246,3,3,0.9889150261878967
8247,4,4,0.9999998807907104
8248,7,7,0.9999821186065674
8249,8,8,0.9999997615814209
8250,9,9,0.9998949766159058
8251,0,0,0.9999908208847046
8252,1,1,0.9999098777770996
8253,2,2,0.999916672706604
8254,3,3,0.9999759197235107
8255,4,4,0.9996920824050903
8256,6,6,0.9999816417694092
8257,7,7,0.9996947050094604
8258,8,8,0.9999970197677612
8259,9,9,0.992280125617981
8260,0,0,0.9996486902236938
8261,1,1,0.9998999834060669
8262,2,2,0.9998369216918945
8263,3,3,0.9999721050262451
8264,4,4,0.999994158744812
8265,7,7,0.9999796152114868
8266,8,8,0.9999998807907104
8267,9,9,0.9879466891288757
8268,1,1,0.9999864101409912
8269,4,4,0.9999958276748657
8270,5,5,0.9978744983673096
8271,3,3,0.9999991655349731
8272,3,3,0.9999527931213379
8273,0,0,0.9969141483306885
8274,9,9,0.9998362064361572
8275,5,5,0.9869988560676575
8276,4,4,0.9999970197677612
8277,3,3,0.9591006636619568
8278,0,0,0.9735042452812195
8279,8,8,0.9981299042701721
8280,4,4,0.9999920129776001
8281,6,6,0.9990678429603577
8282,7,7,0.9997377991676331
8283,0,0,0.9986769556999207
8284,7,7,0.9999963045120239
8285,7,7,0.9999581575393677
8286,1,1,0.9997554421424866
8287,6,6,0.9941258430480957
8288,9,9,0.9995803236961365
8289,1,1,0.9999586343765259
8290,3,3,0.9996762275695801
8291,6,6,0.9999920129776001
8292,2,2,0.9999241828918457
8293,3,3,0.9997785687446594
8294,8,8,0.9999990463256836
8295,2,2,0.9999918937683105
8296,3,3,0.9999152421951294
8297,8,8,0.9999996423721313
8298,9,9,0.9975003600120544
8299,5,5,0.9894660115242004
8300,8,8,0.9999998807907104
8301,8,8,0.9999998807907104
8302,7,7,0.9999991655349731
8303,1,1,0.9999039173126221
8304,7,7,0.9999922513961792
8305,1,1,0.9994795918464661
8306,1,1,0.9997410178184509
8307,0,0,0.9999994039535522
8308,3,3,0.9994643330574036
8309,4,4,0.9999955892562866
8310,2,2,0.9958114624023438
8311,6,6,0.9997957348823547
8312,4,4,0.9999992847442627
8313,7,7,0.9993738532066345
8314,4,4,0.9999728202819824
8315,2,2,0.9996534585952759
8316,7,7,0.7690182328224182
8317,4,4,0.999997615814209
8318,2,2,0.9999678134918213
8319,9,9,0.9990503191947937
8320,2,2,0.9913800358772278
8321,7,7,0.9999895095825195
8322,9,9,0.9911493062973022
8323,2,2,0.9994195699691772
8324,1,1,0.9999607801437378
8325,0,0,0.5577430725097656
8326,6,6,0.9964727759361267
8327,5,5,0.9954990744590759
8328,3,3,1.0
8329,4,4,0.9999957084655762
8330,8,8,0.9994763731956482
8331,5,5,0.9980847835540771
8332,9,9,0.9980757236480713
8333,6,6,0.9999998807907104
8334,9,9,0.9800675511360168
8335,0,0,0.9998310804367065
8336,6,6,0.9999998807907104
8337,3,3,0.9999772310256958
8338,0,0,0.9999939203262329
8339,8,8,0.9992007613182068
8340,1,1,0.9999604225158691
8341,6,6,0.9999998807907104
8342,0,0,0.9999682903289795
8343,0,0,0.9999979734420776
8344,1,1,0.9999358654022217
8345,2,2,0.9999979734420776
8346,3,3,0.999985933303833
8347,4,4,0.9997780919075012
8348,5,5,0.9999997615814209
8349,6,6,0.9999994039535522
8350,7,7,0.9999979734420776
8351,0,0,0.9999551773071289
8352,1,1,0.9998582601547241
8353,2,2,0.9999815225601196
8354,3,3,0.9998440742492676
8355,4,4,0.9999998807907104
8356,7,7,0.9999994039535522
8357,8,8,0.9999816417694092
8358,9,9,0.9981185793876648
8359,0,0,0.9999103546142578
8360,1,1,0.9998132586479187
8361,2,2,0.9999974966049194
8362,3,3,0.999975323677063
8363,4,4,0.999988317489624
8364,7,7,0.9999743700027466
8365,2,2,0.9999995231628418
8366,5,5,0.9999978542327881
8367,1,1,0.9998517036437988
8368,6,6,0.9999961853027344
8369,4,4,0.9999967813491821
8370,3,3,1.0
8371,9,9,0.9999439716339111
8372,9,9,0.9991866946220398
8373,0,0,0.9997716546058655
8374,9,9,0.9816708564758301
8375,7,7,0.9815667867660522
8376,1,1,0.9221467971801758
8377,6,6,0.9998751878738403
8378,4,4,0.9996997117996216
8379,3,3,0.9999784231185913
8380,6,6,0.9999997615814209
8381,2,2,0.9998382329940796
8382,0,8,0.5718724131584167
8383,9,9,0.9952765703201294
8384,8,8,0.9999998807907104
8385,6,6,0.9999969005584717
8386,5,5,0.9999967813491821
8387,7,7,0.9996534585952759
8388,0,0,0.9999455213546753
8389,0,0,0.9999617338180542
8390,1,1,0.9998981952667236
8391,7,7,0.999901294708252
8392,4,4,0.9999972581863403
8393,3,3,0.9999839067459106
8394,2,2,0.999970555305481
8395,4,4,0.9999996423721313
8396,1,1,0.998703122138977
8397,3,3,0.9999637603759766
8398,7,7,0.999739944934845
8399,6,6,0.9999998807907104
8400,4,4,0.9999964237213135
8401,7,7,0.9999603033065796
8402,7,7,0.9999980926513672
8403,7,7,0.9999799728393555
8404,9,9,0.9994779229164124
8405,8,8,0.9999990463256836
8406,4,4,0.9774019718170166
8407,3,3,1.0
8408,8,8,0.7688331604003906
8409,2,2,0.9999972581863403
8410,8,8,0.9996793270111084
8411,3,3,0.9999964237213135
8412,5,5,0.9999027252197266
8413,8,8,0.9999810457229614
8414,0,0,0.9999904632568359
8415,5,5,0.9999200105667114
8416,4,4,0.9994365572929382
8417,7,7,1.0
8418,1,1,0.9998483657836914
8419,3,3,0.999990701675415
8420,1,1,0.9999399185180664
8421,7,7,0.999970555305481
8422,9,9,0.9998486042022705
8423,6,6,0.9999774694442749
8424,2,2,1.0
8425,0,0,0.9999474287033081
8426,9,9,0.9998936653137207
8427,1,1,0.9995346069335938
8428,7,7,1.0
8429,3,3,0.9999992847442627
8430,3,3,0.9999998807907104
8431,9,9,0.9998518228530884
8432,1,1,0.9999364614486694
8433,6,6,0.9999995231628418
8434,4,4,1.0
8435,3,3,0.9999947547912598
8436,9,9,0.9998880624771118
8437,8,8,0.9999990463256836
8438,2,2,0.9999997615814209
8439,1,1,0.9999141693115234
8440,8,8,0.9999998807907104
8441,6,6,1.0
8442,4,4,0.9993651509284973
8443,1,1,0.9999315738677979
8444,5,5,0.999963641166687
8445,5,5,0.999995231628418
8446,6,6,0.9999998807907104
8447,5,5,0.9999967813491821
8448,0,0,1.0
8449,1,1,0.9997064471244812
8450,2,2,1.0
8451,3,3,0.9999996423721313
8452,4,4,0.9999985694885254
8453,5,5,0.9999828338623047
8454,6,6,1.0
8455,7,7,0.9999997615814209
8456,8,8,0.9999992847442627
8457,9,9,0.9999973773956299
8458,0,0,0.999998927116394
8459,1,1,0.9939968585968018
8460,2,2,0.9999992847442627
8461,3,3,0.9999997615814209
8462,4,4,0.9999872446060181
8463,5,5,0.9996862411499023
8464,6,6,0.9999997615814209
8465,7,7,0.9998810291290283
8466,8,8,0.9999992847442627
8467,9,9,0.9999943971633911
8468,0,0,0.9999986886978149
8469,1,8,0.5023918747901917
8470,2,2,0.9999266862869263
8471,3,3,0.9999992847442627
8472,4,4,0.9999207258224487
8473,5,5,0.9999823570251465
8474,6,6,0.9999992847442627
8475,7,7,0.999971866607666
8476,8,8,0.999956488609314
8477,9,9,0.9999719858169556
8478,6,6,0.9999973773956299
8479,9,9,0.9959074258804321
8480,7,7,0.9999998807907104
8481,0,0,1.0
8482,2,2,0.9995399713516235
8483,3,3,0.9999966621398926
8484,4,4,0.9999698400497437
8485,3,3,0.9999879598617554
8486,8,8,0.9904815554618835
8487,5,5,0.9999983310699463
8488,1,1,0.9972701668739319
8489,3,3,0.9999997615814209
8490,0,0,0.9995679259300232
8491,1,1,0.9256390929222107
8492,2,2,0.9999834299087524
8493,1,1,0.9029106497764587
8494,3,3,0.9999992847442627
8495,2,2,0.9835107326507568
8496,0,0,0.9999994039535522
8497,7,7,0.9999071359634399
8498,2,2,0.999518871307373
8499,6,6,0.9999992847442627
8500,4,4,1.0
8501,0,0,0.9998828172683716
8502,5,5,0.9923673272132874
8503,9,9,0.9946250319480896
8504,9,5,0.6378831267356873
8505,8,8,0.99996018409729
8506,9,9,0.999021053314209
8507,5,5,0.9998563528060913
8508,3,3,0.9967361092567444
8509,1,8,0.574254035949707
8510,7,7,0.9997199177742004
8511,4,4,0.999993085861206
8512,7,7,0.9999701976776123
8513,0,0,0.9999818801879883
8514,0,0,0.9999991655349731
8515,6,6,0.9998791217803955
8516,6,6,0.9999974966049194
8517,6,6,0.9999877214431763
8518,3,3,0.9999986886978149
8519,7,7,0.9922237396240234
8520,4,4,0.8972948789596558
8521,2,2,0.9996141195297241
8522,8,8,0.9904900789260864
8523,9,9,0.9934334754943848
8524,8,8,0.9999873638153076
8525,7,7,0.9998101592063904
8526,1,1,0.9804030656814575
8527,4,4,0.977432906627655
8528,0,0,1.0
8529,4,4,0.9999990463256836
8530,8,8,0.9992551207542419
8531,5,5,0.9998103976249695
8532,2,2,0.9998291730880737
8533,3,3,0.9999998807907104
8534,9,9,0.9997316002845764
8535,0,0,0.9999998807907104
8536,1,1,0.9983811378479004
8537,9,9,0.9998243451118469
8538,1,1,0.9824566841125488
8539,5,5,0.999977707862854
8540,1,1,0.9973422884941101
8541,7,7,0.9993983507156372
8542,6,6,0.9999362230300903
8543,1,1,0.9989584684371948
8544,2,2,0.9999969005584717
8545,1,1,0.9960422515869141
8546,6,6,0.9999785423278809
8547,8,8,1.0
8548,0,0,0.9999997615814209
8549,1,1,0.9980916380882263
8550,2,2,0.9999960660934448
8551,3,3,1.0
8552,4,4,1.0
8553,5,5,0.9999862909317017
8554,6,6,1.0
8555,7,7,0.9999994039535522
8556,8,8,1.0
8557,9,9,0.9998818635940552
8558,0,0,0.999997615814209
8559,1,1,0.9997826218605042
8560,2,2,1.0
8561,3,3,0.9999948740005493
8562,4,4,1.0
8563,5,5,1.0
8564,6,6,0.9999914169311523
8565,7,7,0.9991137385368347
8566,8,8,1.0
8567,0,0,1.0
8568,1,1,0.9998838901519775
8569,2,2,1.0
8570,3,3,1.0
8571,5,5,0.9999899864196777
8572,6,6,1.0
8573,7,7,1.0
8574,8,8,1.0
8575,1,1,0.9994874000549316
8576,0,0,0.999998927116394
8577,4,4,0.9999680519104004
8578,5,5,0.9999963045120239
8579,6,6,0.9999998807907104
8580,6,6,0.999998927116394
8581,3,3,0.9999982118606567
8582,4,4,0.9999986886978149
8583,4,4,0.9999995231628418
8584,2,2,0.9998206496238708
8585,8,8,0.9999997615814209
8586,1,1,0.9999769926071167
8587,0,0,0.9999983310699463
8588,6,6,1.0
8589,4,4,0.9999996423721313
8590,9,9,0.999922513961792
8591,7,7,0.9999700784683228
8592,2,2,0.9999997615814209
8593,9,9,0.9989768266677856
8594,2,2,0.9993822574615479
8595,0,0,0.9999991655349731
8596,9,9,0.9998490810394287
8597,3,3,0.999992847442627
8598,3,3,0.9999935626983643
8599,9,9,0.9999427795410156
8600,1,1,0.9997809529304504
8601,5,5,0.9999997615814209
8602,2,2,1.0
8603,3,3,0.9999959468841553
8604,1,1,0.9994624257087708
8605,6,6,0.9999997615814209
8606,7,7,0.9998061060905457
8607,3,3,0.9950037598609924
8608,7,7,0.9998584985733032
8609,8,8,0.9999997615814209
8610,4,4,0.9999452829360962
8611,0,0,0.9999988079071045
8612,2,2,0.9999998807907104
8613,4,4,0.9999973773956299
8614,0,0,0.9999903440475464
8615,2,2,0.9998137354850769
8616,4,4,0.9999984502792358
8617,7,7,0.9999066591262817
8618,8,8,0.9999992847442627
8619,0,0,1.0
8620,7,7,0.9999785423278809
8621,0,0,0.9999994039535522
8622,6,6,0.9999995231628418
8623,9,9,0.9929867386817932
8624,3,3,0.9999920129776001
8625,2,2,0.9999967813491821
8626,4,4,0.9999997615814209
8627,8,8,0.9999998807907104
8628,6,6,0.9999964237213135
8629,0,0,0.9999957084655762
8630,5,5,0.9999998807907104
8631,7,7,0.9999548196792603
8632,5,5,0.9999905824661255
8633,1,1,0.9987762570381165
8634,0,0,0.9999847412109375
8635,8,8,0.9999990463256836
8636,1,1,0.9988605976104736
8637,6,6,0.9999998807907104
8638,7,7,0.9999793767929077
8639,2,2,0.9999810457229614
8640,9,9,0.9997193217277527
8641,7,7,0.9999814033508301
8642,9,9,0.9999814033508301
8643,5,5,0.9999996423721313
8644,6,6,0.9999966621398926
8645,5,5,0.9999960660934448
8646,2,2,1.0
8647,6,6,0.9999964237213135
8648,2,2,0.999998927116394
8649,8,8,0.9999990463256836
8650,1,1,0.9993066787719727
8651,7,7,0.9999916553497314
8652,5,5,0.9999924898147583
8653,5,5,0.9907483458518982
8654,7,7,0.9998412132263184
8655,3,3,0.9999997615814209
8656,5,5,0.9999911785125732
8657,0,0,0.9999998807907104
8658,1,1,0.9998748302459717
8659,1,1,0.9998341798782349
8660,3,3,1.0
8661,8,8,0.9999994039535522
8662,4,4,1.0
8663,9,9,0.9992688298225403
8664,4,4,0.9999998807907104
8665,5,5,0.9999899864196777
8666,1,1,0.9999167919158936
8667,8,8,0.9999991655349731
8668,6,6,0.9999997615814209
8669,8,8,0.9999997615814209
8670,9,9,0.9997485280036926
8671,0,0,0.9999924898147583
8672,1,1,0.9999483823776245
8673,2,2,0.9999920129776001
8674,3,3,0.9999986886978149
8675,4,4,0.9999998807907104
8676,5,5,0.9999984502792358
8677,6,6,0.9999998807907104
8678,7,7,0.9996002316474915
8679,8,8,0.9999070167541504
8680,9,9,0.999886155128479
8681,0,0,0.9999915361404419
8682,1,1,0.9999476671218872
8683,2,2,0.9999979734420776
8684,3,3,0.9999982118606567
8685,4,4,1.0
8686,5,5,0.9997398257255554
8687,6,6,0.9999967813491821
8688,7,7,0.9999440908432007
8689,8,8,0.9999990463256836
8690,9,9,0.9987824559211731
8691,0,0,1.0
8692,1,1,0.9999170303344727
8693,2,2,0.9999972581863403
8694,3,3,0.9999927282333374
8695,4,4,0.9999997615814209
8696,5,5,0.9999986886978149
8697,6,6,1.0
8698,7,7,0.9999785423278809
8699,8,8,0.9999964237213135
8700,9,9,0.9996768236160278
8701,3,3,0.9999995231628418
8702,5,5,0.9999910593032837
8703,3,3,0.9999936819076538
8704,2,2,0.9999958276748657
8705,9,9,0.9998767375946045
8706,3,3,0.9999864101409912
8707,2,2,0.9999998807907104
8708,1,1,0.9999622106552124
8709,4,4,0.9999961853027344
8710,5,5,0.9999731779098511
8711,5,5,0.999997615814209
8712,2,2,1.0
8713,3,3,0.9999974966049194
8714,2,2,0.9999918937683105
8715,1,1,0.999862790107727
8716,3,3,0.9999918937683105
8717,9,9,0.9985570311546326
8718,7,7,0.9999591112136841
8719,2,2,0.9999998807907104
8720,1,1,0.9999545812606812
8721,2,2,0.9999936819076538
8722,8,8,0.9998997449874878
8723,9,9,0.9993849992752075
8724,1,1,0.9999657869338989
8725,8,8,0.9999874830245972
8726,8,8,0.9999873638153076
8727,7,7,0.999948263168335
8728,8,8,0.999996542930603
8729,1,1,0.9996329545974731
8730,0,0,0.9999997615814209
8731,0,0,0.9999974966049194
8732,6,6,0.9999991655349731
8733,7,7,0.9999849796295166
8734,7,7,0.9999985694885254
8735,8,8,0.9999929666519165
8736,7,7,0.9994348883628845
8737,5,5,0.9999996423721313
8738,0,0,0.9998719692230225
8739,6,6,0.9999997615814209
8740,1,1,0.9999109506607056
8741,5,5,0.999990701675415
8742,7,7,0.9950295090675354
8743,4,4,1.0
8744,6,6,0.9999866485595703
8745,1,1,0.9999551773071289
8746,2,2,0.9999998807907104
8747,5,5,0.9999988079071045
8748,0,0,0.999994158744812
8749,7,7,0.9999631643295288
8750,9,9,0.9998414516448975
8751,9,9,0.9999566078186035
8752,0,0,0.9999358654022217
8753,3,3,0.9999983310699463
8754,4,4,1.0
8755,4,4,0.9999998807907104
8756,8,8,0.9996286630630493
8757,4,4,0.9999998807907104
8758,1,1,0.9999414682388306
8759,8,8,0.9997753500938416
8760,6,6,0.9999997615814209
8761,5,5,0.999991774559021
8762,9,9,0.999875545501709
8763,0,0,0.9999994039535522
8764,0,0,0.9999974966049194
8765,0,0,0.9999939203262329
8766,3,3,0.9999997615814209
8767,7,7,0.9999945163726807
8768,1,1,0.9999312162399292
8769,6,6,0.9999881982803345
8770,4,4,0.9999984502792358
8771,6,6,0.9999995231628418
8772,0,0,0.9999977350234985
8773,4,4,0.9999998807907104
8774,5,5,0.9999969005584717
8775,4,4,0.9999895095825195
8776,1,1,0.9999282360076904
8777,3,3,0.9999998807907104
8778,8,8,0.9999778270721436
8779,6,6,0.9999994039535522
8780,3,3,0.9999998807907104
8781,9,9,0.9925608038902283
8782,9,9,0.9949252605438232
8783,5,5,0.9999992847442627
8784,9,9,0.9998687505722046
8785,3,3,0.9999995231628418
8786,7,7,0.999997615814209
8787,8,8,0.9997290968894958
8788,5,5,0.9999593496322632
8789,6,6,1.0
8790,4,4,1.0
8791,7,7,0.9999730587005615
8792,6,6,1.0
8793,2,2,0.9999995231628418
8794,2,2,0.9999998807907104
8795,0,0,0.9999915361404419
8796,9,9,0.9999468326568604
8797,4,4,0.9999998807907104
8798,0,0,0.9999997615814209
8799,1,1,0.9999213218688965
8800,2,2,1.0
8801,3,3,1.0
8802,4,4,1.0
8803,5,5,0.9999991655349731
8804,6,6,0.999992847442627
8805,7,7,0.9996272325515747
8806,8,8,0.9999703168869019
8807,9,9,0.9998296499252319
8808,0,0,1.0
8809,1,1,0.9999567270278931
8810,2,2,0.9999988079071045
8811,3,3,1.0
8812,4,4,0.9999985694885254
8813,5,5,0.999998927116394
8814,6,6,0.9999980926513672
8815,7,7,0.9999483823776245
8816,8,8,0.9998680353164673
8817,9,9,0.9999858140945435
8818,0,0,0.9999998807907104
8819,1,1,0.9998593330383301
8820,2,2,0.9999996423721313
8821,3,3,0.9999997615814209
8822,4,4,1.0
8823,5,5,0.9996187686920166
8824,6,6,0.9999997615814209
8825,7,7,0.999259889125824
8826,8,8,0.9985232949256897
8827,9,9,0.9998719692230225
8828,6,6,0.9999998807907104
8829,4,4,0.9999927282333374
8830,2,2,0.9999997615814209
8831,6,6,0.9999979734420776
8832,4,4,0.9999994039535522
8833,7,7,0.9999637603759766
8834,5,5,0.9999990463256836
8835,5,5,1.0
8836,4,4,0.9999996423721313
8837,7,7,0.9999154806137085
8838,2,2,1.0
8839,9,9,0.9999148845672607
8840,3,3,1.0
8841,9,9,0.9999189376831055
8842,3,3,1.0
8843,8,8,0.9999982118606567
8844,2,2,0.9999995231628418
8845,0,0,0.999997615814209
8846,9,9,0.9996198415756226
8847,5,5,0.9999938011169434
8848,6,6,0.9999849796295166
8849,0,0,0.9999963045120239
8850,1,1,0.9999181032180786
8851,0,0,0.9999983310699463
8852,6,6,1.0
8853,5,5,0.9999978542327881
8854,3,3,1.0
8855,5,5,0.9999991655349731
8856,3,3,1.0
8857,8,8,0.9999531507492065
8858,0,0,0.9999977350234985
8859,0,0,0.9999898672103882
8860,3,3,1.0
8861,4,4,0.9999990463256836
8862,1,1,0.9999732971191406
8863,5,5,0.999941349029541
8864,3,3,0.9999995231628418
8865,0,0,0.999998927116394
8866,8,8,0.9999051094055176
8867,3,3,0.9999998807907104
8868,0,0,0.9999933242797852
8869,6,6,0.9999897480010986
8870,2,2,0.9999912977218628
8871,7,7,0.9999935626983643
8872,8,8,0.9999778270721436
8873,1,1,0.9998892545700073
8874,7,7,0.9999755620956421
8875,1,1,0.9999243021011353
8876,3,3,0.9999996423721313
8877,8,8,0.9999998807907104
8878,5,5,0.9999637603759766
8879,4,4,0.9999998807907104
8880,2,2,0.9999996423721313
8881,0,0,0.9999988079071045
8882,9,9,0.9953866600990295
8883,7,7,0.9999984502792358
8884,6,6,1.0
8885,7,7,0.9998656511306763
8886,4,4,0.9999927282333374
8887,1,1,0.9999204874038696
8888,6,6,0.9999998807907104
8889,2,2,0.9964225888252258
8890,6,6,0.9999984502792358
8891,7,7,0.9999938011169434
8892,1,1,0.999976396560669
8893,9,9,0.9999891519546509
8894,8,8,0.9999992847442627
8895,0,0,0.9999998807907104
8896,6,6,0.9999932050704956
8897,9,9,0.9665865898132324
8898,4,4,0.9999979734420776
8899,9,9,0.9999804496765137
8900,9,9,0.999605119228363
8901,6,6,0.9999092817306519
8902,2,2,0.9999998807907104
8903,3,3,1.0
8904,7,7,0.9999938011169434
8905,1,1,0.999966025352478
8906,9,9,0.9968686699867249
8907,2,2,0.9999997615814209
8908,2,2,0.9987928867340088
8909,5,5,0.9999994039535522
8910,3,3,0.9999994039535522
8911,7,7,0.9999865293502808
8912,8,8,0.999937891960144
8913,0,0,0.9998657703399658
8914,1,1,0.9998459815979004
8915,2,2,1.0
8916,3,3,1.0
8917,4,4,0.9999977350234985
8918,7,7,0.9999021291732788
8919,8,8,1.0
8920,9,9,0.9999902248382568
8921,0,0,0.999998927116394
8922,1,1,0.9997515082359314
8923,2,2,0.9999768733978271
8924,3,3,0.9999997615814209
8925,4,4,1.0
8926,7,7,0.9999996423721313
8927,8,8,0.9999996423721313
8928,9,9,0.9999173879623413
8929,0,0,0.9999949932098389
8930,1,1,0.999756395816803
8931,7,7,0.9999351501464844
8932,8,8,0.999996542930603
8933,9,9,0.9998142123222351
8934,8,8,1.0
8935,9,9,0.9999990463256836
8936,2,2,1.0
8937,6,6,1.0
8938,1,1,0.9998451471328735
8939,3,3,1.0
8940,5,5,0.9999862909317017
8941,4,4,0.9999986886978149
8942,8,8,0.9999759197235107
8943,2,2,0.9999992847442627
8944,6,6,0.9999344348907471
8945,4,4,0.9999991655349731
8946,3,3,1.0
8947,4,4,1.0
8948,5,5,0.9945517182350159
8949,9,9,0.9999685287475586
8950,2,2,0.9999992847442627
8951,0,0,0.9998742341995239
8952,3,3,0.9999545812606812
8953,9,9,0.9999685287475586
8954,4,4,0.9999979734420776
8955,9,9,0.9999887943267822
8956,7,7,0.9999576807022095
8957,3,3,1.0
8958,8,8,0.9999980926513672
8959,7,7,0.9999834299087524
8960,4,4,1.0
8961,4,4,0.9999992847442627
8962,9,9,0.9992918968200684
8963,8,8,0.9999287128448486
8964,5,5,0.9997355341911316
8965,8,8,1.0
8966,2,2,0.9999998807907104
8967,6,6,0.9999221563339233
8968,6,6,0.9999998807907104
8969,2,2,1.0
8970,3,3,1.0
8971,1,1,0.9996973276138306
8972,3,3,0.9999998807907104
8973,2,2,0.9999997615814209
8974,7,7,0.999996542930603
8975,3,3,0.9999945163726807
8976,1,1,0.9996680021286011
8977,9,9,0.9999697208404541
8978,0,0,0.9999985694885254
8979,1,1,0.9993556141853333
8980,1,1,0.9999006986618042
8981,3,3,0.9999946355819702
8982,5,5,0.9972308278083801
8983,0,0,0.9999001026153564
8984,7,7,0.9984248876571655
8985,8,8,1.0
8986,1,1,0.9997593760490417
8987,5,5,0.9999847412109375
8988,1,1,0.9998490810394287
8989,4,4,1.0
8990,6,6,0.9999986886978149
8991,0,0,0.9999984502792358
8992,0,0,0.9999996423721313
8993,4,4,0.9999985694885254
8994,9,9,0.9999805688858032
8995,1,1,0.9999167919158936
8996,6,6,0.9999998807907104
8997,6,6,0.9999990463256836
8998,9,9,0.9994381070137024
8999,0,0,0.9999364614486694
9000,7,7,0.9999756813049316
9001,6,6,1.0
9002,1,1,0.9994248151779175
9003,1,1,0.9997692704200745
9004,0,0,0.999897837638855
9005,1,1,0.9999850988388062
9006,2,2,0.9999271631240845
9007,3,3,0.9999998807907104
9008,4,4,0.9999992847442627
9009,7,2,0.8232129812240601
9010,2,2,0.9995007514953613
9011,3,3,0.9999963045120239
9012,4,4,0.9989307522773743
9013,5,5,0.9993144273757935
9014,6,6,0.9999426603317261
9015,7,2,0.7170941829681396
9016,0,0,0.9896965026855469
9017,1,1,0.9999005794525146
9018,2,2,0.9998936653137207
9019,7,7,0.8847544193267822
9020,8,8,0.9999998807907104
9021,6,6,0.9999995231628418
9022,3,3,0.9999998807907104
9023,9,9,0.9993011951446533
9024,7,7,0.9600895643234253
9025,1,1,0.989894449710846
9026,9,9,0.9999321699142456
9027,3,3,0.9999977350234985
9028,9,9,0.9988357424736023
9029,6,6,0.9999605417251587
9030,1,1,0.9999415874481201
9031,7,7,0.9999940395355225
9032,2,2,0.997541069984436
9033,4,4,0.9999980926513672
9034,4,4,0.9999984502792358
9035,5,5,0.9991123080253601
9036,7,7,0.9997041821479797
9037,0,0,0.9999417066574097
9038,0,0,0.9978938698768616
9039,1,1,0.9998206496238708
9040,6,6,0.9996488094329834
9041,6,6,0.9999812841415405
9042,8,8,1.0
9043,2,2,0.9971088767051697
9044,7,7,0.999897837638855
9045,7,7,0.9993316531181335
9046,2,2,0.9992557168006897
9047,4,4,0.9999994039535522
9048,2,2,0.9999992847442627
9049,1,1,0.9999045133590698
9050,6,6,0.999975323677063
9051,1,1,0.957725465297699
9052,0,0,0.9916977882385254
9053,6,6,0.999998927116394
9054,9,9,0.9993613362312317
9055,8,8,0.9999997615814209
9056,3,3,0.9999995231628418
9057,9,9,0.9980294108390808
9058,6,6,0.9999878406524658
9059,3,3,0.9999948740005493
9060,0,0,0.9999996423721313
9061,1,1,0.8436935544013977
9062,2,2,0.9997686743736267
9063,3,3,0.9999984502792358
9064,4,4,1.0
9065,5,5,1.0
9066,6,6,0.9999991655349731
9067,7,7,0.9999992847442627
9068,8,8,0.9999959468841553
9069,9,9,0.9198973178863525
9070,0,0,0.9999904632568359
9071,1,8,0.6957616806030273
9072,2,2,0.9998310804367065
9073,3,3,0.999997615814209
9074,4,4,0.9999998807907104
9075,5,5,1.0
9076,6,6,0.9999995231628418
9077,7,7,0.9999998807907104
9078,8,8,0.9999998807907104
9079,9,9,0.9988721013069153
9080,0,0,0.9999997615814209
9081,1,1,0.9984037280082703
9082,2,2,0.9985978007316589
9083,3,3,0.9999996423721313
9084,4,4,0.9999369382858276
9085,5,5,0.9999992847442627
9086,6,6,0.9999997615814209
9087,7,7,1.0
9088,8,8,0.9999927282333374
9089,9,9,0.9994695782661438
9090,1,1,0.9997040629386902
9091,6,6,0.9999997615814209
9092,8,8,0.9999961853027344
9093,9,9,0.9836947917938232
9094,9,9,0.989367663860321
9095,0,0,0.9999932050704956
9096,1,1,0.9987647533416748
9097,2,2,0.9999992847442627
9098,4,4,0.9999996423721313
9099,4,4,1.0
9100,3,3,0.9999997615814209
9101,7,7,0.9999986886978149
9102,4,4,0.999996542930603
9103,4,4,0.9998506307601929
9104,4,4,0.9999998807907104
9105,0,0,0.9997071623802185
9106,3,3,1.0
9107,8,8,1.0
9108,7,7,1.0
9109,5,5,1.0
9110,8,8,0.9995424747467041
9111,2,2,0.9999995231628418
9112,1,1,0.9896933436393738
9113,7,7,0.9999980926513672
9114,5,5,1.0
9115,3,3,0.9999994039535522
9116,8,8,0.9999908208847046
9117,5,5,0.9999816417694092
9118,2,2,0.9999839067459106
9119,5,5,1.0
9120,1,1,0.9997039437294006
9121,1,1,0.999883770942688
9122,6,6,0.9999980926513672
9123,2,2,0.9999871253967285
9124,1,1,0.9996474981307983
9125,3,3,1.0
9126,8,8,0.9999798536300659
9127,6,6,0.9999904632568359
9128,4,4,0.9997362494468689
9129,2,2,0.9999912977218628
9130,6,6,0.9999974966049194
9131,2,2,0.9999879598617554
9132,5,5,0.9999996423721313
9133,5,5,1.0
9134,0,0,0.9999608993530273
9135,2,2,0.9999992847442627
9136,8,8,0.9999871253967285
9137,0,0,0.9999850988388062
9138,6,6,0.9999998807907104
9139,8,8,0.9999747276306152
9140,1,1,0.9998865127563477
9141,7,7,0.9999955892562866
9142,9,9,0.9993628859519958
9143,1,1,0.9999581575393677
9144,9,9,0.9993033409118652
9145,2,2,0.9999822378158569
9146,6,6,0.9999978542327881
9147,7,7,1.0
9148,6,6,0.9999977350234985
9149,6,6,0.9999929666519165
9150,8,8,0.9990220069885254
9151,7,7,0.9999998807907104
9152,4,4,0.9999998807907104
9153,9,9,0.9993696808815002
9154,2,2,0.9999988079071045
9155,1,1,0.9993341565132141
9156,3,3,1.0
9157,3,3,0.9999996423721313
9158,0,0,0.986617386341095
9159,5,5,1.0
9160,5,5,1.0
9161,8,8,0.9999934434890747
9162,0,0,0.9999104738235474
9163,3,3,0.9957589507102966
9164,7,7,0.9999998807907104
9165,9,9,0.9988501071929932
9166,7,7,1.0
9167,0,0,0.9999985694885254
9168,2,2,0.9993560910224915
9169,7,7,0.9999994039535522
9170,9,9,0.9920600652694702
9171,1,1,0.9994974136352539
9172,7,7,0.9999984502792358
9173,8,8,0.9999969005584717
9174,0,0,0.9999710321426392
9175,3,3,0.9999804496765137
9176,5,5,1.0
9177,3,3,0.9999998807907104
9178,6,6,1.0
9179,0,0,0.9999996423721313
9180,1,1,0.999825656414032
9181,2,2,0.9999415874481201
9182,3,3,1.0
9183,4,4,0.9999898672103882
9184,5,5,0.9998900890350342
9185,6,6,0.9999982118606567
9186,7,7,0.9998955726623535
9187,8,8,0.9999959468841553
9188,9,9,0.9966893196105957
9189,0,0,0.9999978542327881
9190,1,1,0.9999455213546753
9191,2,2,0.999934196472168
9192,3,3,1.0
9193,4,4,1.0
9194,5,5,0.9993932247161865
9195,6,6,0.9999986886978149
9196,7,7,0.9999841451644897
9197,8,8,0.9999951124191284
9198,9,9,0.9819527268409729
9199,0,0,0.9996525049209595
9200,1,1,0.9999492168426514
9201,2,2,0.9999871253967285
9202,3,3,0.9997015595436096
9203,4,4,0.9999997615814209
9204,7,7,0.9999237060546875
9205,8,8,0.9999760389328003
9206,9,9,0.9949475526809692
9207,6,6,0.9999823570251465
9208,4,4,0.9982579350471497
9209,2,2,0.9999524354934692
9210,6,6,0.9998989105224609
9211,4,4,0.9990605711936951
9212,7,7,0.9999920129776001
9213,8,8,0.9999963045120239
9214,9,9,0.9973823428153992
9215,2,2,0.9999510049819946
9216,9,9,0.9949207901954651
9217,3,3,0.9999692440032959
9218,9,9,0.9980666041374207
9219,3,3,0.9999992847442627
9220,0,0,0.9999985694885254
9221,0,0,0.9999972581863403
9222,1,1,0.9992164373397827
9223,0,0,0.9999939203262329
9224,4,4,0.999985933303833
9225,2,2,0.9991480112075806
9226,6,6,0.999994158744812
9227,3,3,0.9992589354515076
9228,5,5,0.9997401833534241
9229,3,3,0.9999998807907104
9230,0,0,1.0
9231,3,3,0.9999963045120239
9232,4,4,0.9999995231628418
9233,1,1,0.9999512434005737
9234,5,5,0.9999898672103882
9235,3,3,1.0
9236,0,0,0.9999997615814209
9237,8,8,0.9999943971633911
9238,3,3,0.9999980926513672
9239,0,0,0.9999897480010986
9240,6,6,0.9999775886535645
9241,1,1,0.9999171495437622
9242,7,7,0.9999979734420776
9243,8,8,0.9999850988388062
9244,0,0,0.9999970197677612
9245,9,9,0.9965859651565552
9246,2,2,0.9999872446060181
9247,6,6,0.9999850988388062
9248,7,7,0.9999525547027588
9249,1,1,0.9999361038208008
9250,9,9,0.9995014667510986
9251,6,6,0.9999992847442627
9252,9,9,0.9944636225700378
9253,4,4,0.9999837875366211
9254,9,9,0.992764413356781
9255,9,9,0.9947755336761475
9256,6,6,0.9999810457229614
9257,7,7,0.9961023330688477
9258,1,1,0.9998832941055298
9259,2,2,0.9999096393585205
9260,5,5,0.999895453453064
9261,3,3,0.9999998807907104
9262,7,7,0.9997593760490417
9263,8,8,0.9999997615814209
9264,0,0,0.9999898672103882
9265,1,1,0.996932864189148
9266,2,2,0.9999582767486572
9267,4,4,0.9999934434890747
9268,5,5,0.9999996423721313
9269,6,6,0.9999997615814209
9270,7,7,0.9999861717224121
9271,8,8,0.9999992847442627
9272,9,9,0.9999157190322876
9273,0,0,0.9999969005584717
9274,1,1,0.999548614025116
9275,3,3,0.9998652935028076
9276,4,4,1.0
9277,5,5,0.9999996423721313
9278,6,6,1.0
9279,7,7,0.9999978542327881
9280,8,8,0.9990500807762146
9281,0,0,0.9999814033508301
9282,1,1,0.9994828701019287
9283,3,3,0.9999873638153076
9284,4,4,1.0
9285,7,7,0.9999997615814209
9286,8,8,0.9999991655349731
9287,9,9,0.9996746778488159
9288,7,7,0.9999960660934448
9289,5,5,0.9999983310699463
9290,5,5,0.9999986886978149
9291,1,1,0.9988548755645752
9292,9,9,0.9996696710586548
9293,9,9,0.9989612102508545
9294,7,7,0.9999980926513672
9295,1,1,0.9997292160987854
9296,0,0,0.99996018409729
9297,0,0,0.9999974966049194
9298,5,5,0.9999997615814209
9299,9,9,0.999977707862854
9300,7,7,1.0
9301,1,1,0.9978410005569458
9302,7,7,0.9999991655349731
9303,2,2,0.9983768463134766
9304,2,2,0.9998099207878113
9305,3,3,0.9995725750923157
9306,6,6,1.0
9307,8,8,0.9999837875366211
9308,3,3,0.9987972974777222
9309,2,2,0.9984449744224548
9310,0,0,0.9999948740005493
9311,0,0,0.9999911785125732
9312,6,6,0.9999998807907104
9313,1,1,0.9971315860748291
9314,7,7,0.9999947547912598
9315,5,5,0.9999849796295166
9316,8,8,0.9785568118095398
9317,6,6,0.9999998807907104
9318,2,2,0.999231219291687
9319,9,9,0.9963923096656799
9320,4,4,0.999937891960144
9321,8,8,0.9999269247055054
9322,8,8,0.9999808073043823
9323,7,7,0.9999997615814209
9324,1,1,0.9994702935218811
9325,0,0,0.9999996423721313
9326,8,8,0.9999973773956299
9327,7,7,0.9999959468841553
9328,7,7,0.999996542930603
9329,5,5,0.9999992847442627
9330,8,8,0.9999961853027344
9331,5,5,0.9998186230659485
9332,3,3,0.9999960660934448
9333,4,4,0.999993085861206
9334,6,6,0.9999997615814209
9335,1,1,0.9989578723907471
9336,1,1,0.9983031749725342
9337,5,5,0.9999978542327881
9338,5,5,0.9999990463256836
9339,0,0,0.9999983310699463
9340,7,7,0.9999750852584839
9341,2,2,0.998038113117218
9342,3,3,0.9992455244064331
9343,6,6,0.9999983310699463
9344,4,4,0.9999909400939941
9345,1,1,0.999568521976471
9346,2,2,0.996841311454773
9347,4,4,0.9999966621398926
9348,1,1,0.9994913339614868
9349,5,5,0.9999994039535522
9350,4,4,0.9999880790710449
9351,2,2,0.9999606609344482
9352,0,0,0.9999996423721313
9353,4,4,0.999994158744812
9354,8,8,0.9999901056289673
9355,6,6,1.0
9356,1,1,0.9955807328224182
9357,9,9,0.9999289512634277
9358,0,0,0.9999916553497314
9359,2,2,0.9999994039535522
9360,5,5,0.9999996423721313
9361,6,6,1.0
9362,9,9,0.9999713897705078
9363,3,3,0.9999904632568359
9364,6,6,0.9999988079071045
9365,3,3,0.9999997615814209
9366,6,6,0.9999864101409912
9367,0,0,0.9999998807907104
9368,1,1,0.999416708946228
9369,2,2,0.9999502897262573
9370,3,3,0.9999984502792358
9371,4,4,0.9999998807907104
9372,5,5,0.9999485015869141
9373,6,6,1.0
9374,7,7,0.9999998807907104
9375,8,8,0.9999514818191528
9376,9,9,0.9999986886978149
9377,0,0,0.999947190284729
9378,1,1,0.997157096862793
9379,2,2,1.0
9380,3,3,0.9999995231628418
9381,4,4,0.9999626874923706
9382,5,5,0.999963641166687
9383,6,6,0.9999997615814209
9384,7,7,0.9999964237213135
9385,8,8,0.9975506663322449
9386,9,9,0.9998582601547241
9387,0,0,0.999842643737793
9388,1,1,0.9994576573371887
9389,2,2,1.0
9390,3,3,0.9999998807907104
9391,5,5,0.9999867677688599
9392,6,6,0.9999996423721313
9393,7,7,0.9999998807907104
9394,8,8,0.9999936819076538
9395,1,1,0.9995561242103577
9396,0,0,0.9999971389770508
9397,9,9,0.9995861649513245
9398,5,5,0.999985933303833
9399,7,7,1.0
9400,5,5,0.999996542930603
9401,1,1,0.9982213377952576
9402,8,8,0.9999998807907104
9403,6,6,1.0
9404,9,9,0.9999841451644897
9405,0,0,0.9999983310699463
9406,4,4,0.9999948740005493
9407,1,1,0.9986982345581055
9408,9,9,0.9999991655349731
9409,3,3,0.9999983310699463
9410,8,8,0.9999898672103882
9411,4,4,0.9999955892562866
9412,4,4,0.9999996423721313
9413,7,7,0.9999792575836182
9414,0,0,0.9999977350234985
9415,1,1,0.9992671608924866
9416,9,9,0.9999562501907349
9417,2,2,0.9999997615814209
9418,8,8,0.9999996423721313
9419,7,7,0.9999986886978149
9420,8,8,1.0
9421,2,2,0.9999481439590454
9422,5,5,0.9999831914901733
9423,9,9,0.9840694069862366
9424,6,6,1.0
9425,0,0,0.9995260238647461
9426,6,6,0.9998500347137451
9427,5,5,0.9999902248382568
9428,5,5,0.9999957084655762
9429,3,3,1.0
9430,3,3,0.9999970197677612
9431,3,3,1.0
9432,9,9,0.9999978542327881
9433,8,8,0.999932050704956
9434,1,1,0.9994731545448303
9435,1,1,0.9996614456176758
9436,0,0,0.9999772310256958
9437,6,6,0.9999998807907104
9438,1,1,0.998325526714325
9439,0,0,0.9999988079071045
9440,0,0,0.9999911785125732
9441,6,6,0.9999839067459106
9442,2,2,0.9999998807907104
9443,1,1,0.9995920062065125
9444,1,1,0.9994969367980957
9445,3,3,1.0
9446,2,2,0.9516671299934387
9447,7,7,0.9999872446060181
9448,7,7,0.9997625946998596
9449,8,8,0.9999995231628418
9450,8,8,0.9990938901901245
9451,7,7,0.9999974966049194
9452,8,8,0.9999969005584717
9453,4,4,1.0
9454,6,6,0.9999983310699463
9455,0,0,0.9999996423721313
9456,2,2,0.999656081199646
9457,0,0,0.9999997615814209
9458,7,7,0.9999984502792358
9459,0,0,0.9999995231628418
9460,3,3,1.0
9461,6,6,0.9999998807907104
9462,8,8,1.0
9463,7,7,0.9988793730735779
9464,1,1,0.9997716546058655
9465,5,5,0.9999929666519165
9466,9,9,0.9997848868370056
9467,9,9,0.9999297857284546
9468,3,3,0.9999992847442627
9469,7,7,0.9999475479125977
9470,2,2,0.9999990463256836
9471,4,4,0.9999994039535522
9472,9,9,0.9999152421951294
9473,4,4,0.9999908208847046
9474,3,3,0.999996542930603
9475,6,6,1.0
9476,2,2,0.9999998807907104
9477,2,2,0.9999232292175293
9478,5,5,0.9999722242355347
9479,3,3,0.9999990463256836
9480,2,2,1.0
9481,5,5,0.9999945163726807
9482,5,5,0.9999920129776001
9483,9,9,0.9998947381973267
9484,4,4,0.9999943971633911
9485,1,1,0.9999191761016846
9486,7,7,0.9999985694885254
9487,2,2,0.9999301433563232
9488,0,0,0.9997573494911194
9489,1,1,0.9995816349983215
9490,2,2,0.9996212720870972
9491,3,3,0.9880833029747009
9492,4,4,0.9966351389884949
9493,5,5,1.0
9494,6,6,0.9999985694885254
9495,7,7,0.9999434947967529
9496,8,8,0.9999264478683472
9497,9,9,0.9834956526756287
9498,0,0,1.0
9499,1,1,0.9995174407958984
9500,2,2,0.9998743534088135
9501,3,3,0.9999499320983887
9502,4,4,0.9999997615814209
9503,5,5,0.9999655485153198
9504,6,6,1.0
9505,7,7,0.9619141221046448
9506,8,8,0.9999998807907104
9507,9,9,0.9871683120727539
9508,0,0,0.9997994303703308
9509,1,1,0.9999576807022095
9510,2,2,0.9999990463256836
9511,3,3,0.9999977350234985
9512,4,4,0.9993500113487244
9513,5,5,0.9999878406524658
9514,6,6,0.9999998807907104
9515,7,7,0.9999988079071045
9516,8,8,1.0
9517,9,9,0.8900068998336792
9518,1,1,0.9998935461044312
9519,0,0,0.9999998807907104
9520,1,1,0.9999353885650635
9521,2,2,0.9999980926513672
9522,7,7,0.9999828338623047
9523,5,5,0.9999997615814209
9524,3,3,0.9999980926513672
9525,4,4,0.9999967813491821
9526,4,4,0.9999923706054688
9527,0,0,0.9995653033256531
9528,0,0,0.9999990463256836
9529,6,6,1.0
9530,9,8,0.8665863871574402
9531,6,6,0.999950647354126
9532,6,6,1.0
9533,5,5,0.9998689889907837
9534,7,7,0.9996700286865234
9535,2,2,0.9999243021011353
9536,3,3,0.9996798038482666
9537,4,4,0.9999840259552002
9538,4,4,0.9252711534500122
9539,9,9,0.9168465733528137
9540,1,1,0.7881335020065308
9541,4,4,0.9993898868560791
9542,0,0,0.9999610185623169
9543,7,7,0.9999659061431885
9544,9,9,0.8386611342430115
9545,5,5,0.9999977350234985
9546,7,7,0.9999780654907227
9547,2,2,1.0
9548,3,3,0.9999980926513672
9549,1,1,0.9995304346084595
9550,4,4,0.9999879598617554
9551,4,4,0.9998877048492432
9552,0,0,0.9999243021011353
9553,9,9,0.9956433773040771
9554,9,9,0.9872326850891113
9555,6,6,0.9999997615814209
9556,1,1,0.9999524354934692
9557,8,8,0.9999961853027344
9558,3,3,0.9999997615814209
9559,3,3,0.9999958276748657
9560,7,7,0.9998846054077148
9561,3,3,0.9999986886978149
9562,9,9,0.9787459969520569
9563,8,8,0.9999743700027466
9564,8,8,0.999990701675415
9565,4,4,1.0
9566,7,7,0.9999485015869141
9567,7,7,0.9999673366546631
9568,6,6,0.9999998807907104
9569,2,2,0.999473512172699
9570,1,1,0.9997803568840027
9571,9,9,0.9948946237564087
9572,8,8,0.9999686479568481
9573,7,7,0.9999983310699463
9574,8,8,0.9999998807907104
9575,8,8,0.9999998807907104
9576,7,7,0.9987785220146179
9577,2,2,0.9999967813491821
9578,2,2,0.9999583959579468
9579,3,3,0.9999997615814209
9580,9,9,0.9984177350997925
9581,3,3,0.9999997615814209
9582,3,3,0.9999996423721313
9583,5,5,0.9997509121894836
9584,5,5,0.9999916553497314
9585,0,0,0.9999935626983643
9586,7,7,0.9999854564666748
9587,9,9,0.8545519113540649
9588,5,5,0.9999970197677612
9589,6,6,1.0
9590,5,5,1.0
9591,1,1,0.9996097683906555
9592,4,4,0.9999428987503052
9593,1,1,0.9998763799667358
9594,1,1,0.9773762226104736
9595,2,2,0.9952204823493958
9596,8,8,0.9982341527938843
9597,2,2,0.9999991655349731
9598,6,6,1.0
9599,1,1,0.9990777969360352
9600,5,5,0.9998714923858643
9601,0,0,0.9999982118606567
9602,1,1,0.9997761845588684
9603,2,2,0.9999979734420776
9604,3,3,1.0
9605,4,4,0.9999814033508301
9606,5,5,0.9859071969985962
9607,6,6,0.9951007962226868
9608,7,7,0.9998989105224609
9609,8,8,0.9999994039535522
9610,9,9,0.9997488856315613
9611,0,0,0.9999533891677856
9612,1,1,0.9996191263198853
9613,2,2,0.8953240513801575
9614,3,3,0.9999997615814209
9615,4,4,0.9999889135360718
9616,5,5,0.9999282360076904
9617,6,6,0.997320830821991
9618,7,7,0.9999679327011108
9619,8,8,0.9999943971633911
9620,9,9,0.6552367210388184
9621,0,0,0.9990563988685608
9622,1,1,0.9822291135787964
9623,2,2,0.9998261332511902
9624,3,3,0.9999995231628418
9625,4,4,0.9982064962387085
9626,5,5,0.9985933899879456
9627,6,6,0.8941463828086853
9628,7,7,0.999923586845398
9629,8,8,0.9997298121452332
9630,8,8,0.999966025352478
9631,0,0,0.9999176263809204
9632,6,6,0.9341714382171631
9633,0,0,0.9999982118606567
9634,0,0,0.9208760261535645
9635,2,2,0.9999997615814209
9636,3,3,0.9947059750556946
9637,7,7,0.9973468780517578
9638,9,7,0.642924427986145
9639,4,4,0.9988269209861755
9640,7,7,0.9997251629829407
9641,1,1,0.9997815489768982
9642,9,7,0.8701109290122986
9643,1,1,0.9995338916778564
9644,7,7,0.9754865765571594
9645,1,1,0.99992835521698
9646,4,4,0.9993985891342163
9647,0,0,0.9999994039535522
9648,0,0,0.9999990463256836
9649,1,1,0.9999102354049683
9650,7,7,0.999948263168335
9651,5,5,0.9940594434738159
9652,7,7,0.998372495174408
9653,1,1,0.9993376135826111
9654,3,3,0.9999955892562866
9655,3,3,0.9973499774932861
9656,3,3,0.9999912977218628
9657,1,1,0.9999361038208008
9658,6,6,0.9969356060028076
9659,9,9,0.9993682503700256
9660,7,7,0.9999662637710571
9661,1,1,0.9995749592781067
9662,3,3,0.9999966621398926
9663,0,0,0.9998738765716553
9664,2,2,0.9777209162712097
9665,6,6,0.9980510473251343
9666,0,0,0.9985485672950745
9667,8,8,0.9999959468841553
9668,9,9,0.999902606010437
9669,4,4,0.8946691155433655
9670,3,3,0.999998927116394
9671,5,5,0.9999501705169678
9672,4,4,0.9999442100524902
9673,8,8,1.0
9674,1,1,0.999976634979248
9675,5,5,0.9997038245201111
9676,9,9,0.9504725933074951
9677,0,0,0.9726834893226624
9678,6,6,0.9949657320976257
9679,6,1,0.6456078290939331
9680,3,3,0.9999973773956299
9681,8,8,0.9999172687530518
9682,1,1,0.9998859167098999
9683,4,4,0.999254047870636
9684,7,7,0.9999998807907104
9685,5,5,0.9996028542518616
9686,2,2,0.9977272152900696
9687,0,0,0.9999134540557861
9688,0,0,0.9996329545974731
9689,1,1,0.9999330043792725
9690,7,7,0.9995273351669312
9691,8,8,0.9972865581512451
9692,9,7,0.9496883749961853
9693,6,6,0.9603877663612366
9694,8,8,0.9959489107131958
9695,8,8,0.9996129870414734
9696,2,2,0.9985200762748718
9697,3,3,0.999998927116394
9698,6,1,0.9761576652526855
9699,1,1,0.9998974800109863
9700,2,2,0.9677045941352844
9701,9,9,0.9985465407371521
9702,5,5,0.9999858140945435
9703,2,2,0.9999867677688599
9704,0,0,0.9999996423721313
9705,1,1,0.9999512434005737
9706,2,2,0.9999942779541016
9707,3,3,1.0
9708,4,4,0.9999523162841797
9709,5,5,0.9994200468063354
9710,6,6,0.9999865293502808
9711,7,7,0.9998723268508911
9712,8,8,0.9869931936264038
9713,9,9,0.993994414806366
9714,0,0,0.998088538646698
9715,1,1,0.9998239874839783
9716,2,2,0.9970358610153198
9717,3,3,0.9999997615814209
9718,4,4,0.9999990463256836
9719,5,5,0.9994300007820129
9720,6,6,0.999971866607666
9721,7,7,0.9997499585151672
9722,8,8,0.9999961853027344
9723,9,9,0.9897925853729248
9724,0,0,0.9999761581420898
9725,1,1,0.9996113181114197
9726,2,2,0.9998646974563599
9727,3,3,1.0
9728,4,4,0.9999942779541016
9729,5,6,0.9935615062713623
9730,6,6,0.9996694326400757
9731,7,7,0.9993045330047607
9732,8,8,0.9999978542327881
9733,9,9,0.8000164031982422
9734,7,7,0.9993496537208557
9735,4,4,0.9970243573188782
9736,6,6,0.9998843669891357
9737,1,1,0.9998440742492676
9738,4,4,0.9999979734420776
9739,0,0,0.9999089241027832
9740,9,9,0.9979296922683716
9741,9,9,0.9987347722053528
9742,3,3,0.9515790343284607
9743,7,7,0.9997383952140808
9744,8,8,0.9958509206771851
9745,4,4,0.9996127486228943
9746,7,7,0.9989124536514282
9747,5,5,0.9998792409896851
9748,8,8,0.9998307228088379
9749,5,5,0.6715723872184753
9750,3,3,0.9999959468841553
9751,2,2,0.9999954700469971
9752,2,2,0.9999998807907104
9753,0,0,0.9999512434005737
9754,5,5,0.7409955263137817
9755,8,8,0.9999107122421265
9756,6,6,0.9999669790267944
9757,0,0,0.9999985694885254
9758,3,3,0.9999326467514038
9759,8,8,0.9999690055847168
9760,1,1,0.9996172189712524
9761,0,0,0.9999909400939941
9762,3,3,0.996915340423584
9763,0,0,0.9999276399612427
9764,4,4,0.9997943043708801
9765,7,7,0.9999089241027832
9766,4,4,0.9999978542327881
9767,9,9,0.9982932209968567
9768,2,2,0.9521462321281433
9769,9,9,0.9949723482131958
9770,5,5,0.7413685917854309
9771,7,7,0.999612033367157
9772,1,1,0.9998574256896973
9773,7,7,0.9908938407897949
9774,1,1,0.9988536834716797
9775,6,6,0.9999666213989258
9776,6,6,0.9999871253967285
9777,5,8,0.6213456988334656
9778,6,6,0.9999496936798096
9779,2,2,0.9483233094215393
9780,8,8,0.9953977465629578
9781,7,7,0.9996674060821533
9782,6,6,0.9984571933746338
9783,4,4,0.9999986886978149
9784,9,9,0.9997590184211731
9785,9,9,0.9999111890792847
9786,5,5,0.9999189376831055
9787,3,3,0.9999595880508423
9788,7,7,0.9981892704963684
9789,4,4,0.9998992681503296
9790,3,3,0.999997615814209
9791,0,0,0.9999785423278809
9792,4,4,0.9575096368789673
9793,6,6,0.9854953289031982
9794,6,6,0.999997615814209
9795,1,1,0.992817759513855
9796,1,1,0.9998012185096741
9797,3,3,0.9999988079071045
9798,2,2,1.0
9799,1,1,0.9999488592147827
9800,0,0,0.9996446371078491
9801,0,0,0.9999998807907104
9802,1,1,0.9999446868896484
9803,2,2,0.9994408488273621
9804,3,3,0.9999996423721313
9805,4,4,1.0
9806,7,7,0.9999719858169556
9807,8,8,0.9999991655349731
9808,9,9,0.9994418025016785
9809,0,0,0.9999980926513672
9810,1,1,0.9999369382858276
9811,2,2,0.8163425326347351
9812,3,3,0.9999998807907104
9813,4,4,0.9999972581863403
9814,5,5,0.9999996423721313
9815,6,6,0.9996514320373535
9816,7,7,0.998126208782196
9817,8,8,0.9943743944168091
9818,0,0,0.999992847442627
9819,1,1,0.9999512434005737
9820,2,2,0.9984873533248901
9821,3,3,1.0
9822,4,4,0.9999998807907104
9823,7,7,0.9999910593032837
9824,8,8,0.9999028444290161
9825,9,9,0.9999793767929077
9826,0,0,0.9999372959136963
9827,8,8,0.99992835521698
9828,3,3,0.9957125186920166
9829,9,9,0.9976186156272888
9830,5,5,0.99998939037323
9831,5,5,0.9998130202293396
9832,2,2,0.9927513599395752
9833,6,6,0.9999309778213501
9834,8,8,0.9977275729179382
9835,4,4,0.9999969005584717
9836,1,1,0.9999752044677734
9837,7,7,0.9997192025184631
9838,1,1,0.999983549118042
9839,2,2,0.6011132001876831
9840,3,3,0.9997349381446838
9841,5,5,0.999964714050293
9842,6,6,0.9997915625572205
9843,9,9,0.9987369179725647
9844,1,1,0.9997805953025818
9845,1,1,0.9999502897262573
9846,1,1,0.9999215602874756
9847,2,2,0.9928479194641113
9848,1,1,0.9999619722366333
9849,2,2,0.9830202460289001
9850,0,0,0.7575782537460327
9851,7,7,0.9999203681945801
9852,7,7,0.9992545247077942
9853,5,5,0.9999949932098389
9854,8,8,0.9991623163223267
9855,2,2,0.9850790500640869
9856,9,9,0.977181077003479
9857,8,8,0.9971856474876404
9858,6,6,0.9959359169006348
9859,7,7,0.9999247789382935
9860,3,3,0.9999878406524658
9861,4,4,1.0
9862,6,6,0.9976569414138794
9863,8,8,0.9868052005767822
9864,7,7,0.998999297618866
9865,0,0,0.9999842643737793
9866,4,4,0.99994957447052
9867,2,2,0.974774956703186
9868,7,7,0.9988142251968384
9869,7,7,0.9999779462814331
9870,5,5,0.9999988079071045
9871,4,4,0.9999964237213135
9872,3,3,0.9999995231628418
9873,4,4,0.996567964553833
9874,2,2,0.973770797252655
9875,8,8,0.9984637498855591
9876,1,1,0.9999591112136841
9877,5,5,0.9999897480010986
9878,1,1,0.999914288520813
9879,0,0,0.9957648515701294
9880,2,2,0.9998472929000854
9881,3,3,0.999992847442627
9882,3,3,0.9998534917831421
9883,5,5,0.9965800642967224
9884,7,7,0.9926210641860962
9885,0,0,0.9999922513961792
9886,6,6,0.9974186420440674
9887,8,8,0.9506931304931641
9888,6,6,0.9271858930587769
9889,3,3,0.9999998807907104
9890,9,9,0.998887836933136
9891,9,9,0.995452880859375
9892,8,8,0.9950796365737915
9893,2,2,0.9981572031974792
9894,7,7,0.9989834427833557
9895,7,7,0.9993966817855835
9896,1,1,0.999941349029541
9897,0,0,0.9999927282333374
9898,1,1,0.9999343156814575
9899,7,7,0.9999399185180664
9900,8,8,0.9994837045669556
9901,9,9,0.9997773766517639
9902,0,0,0.9998971223831177
9903,1,1,0.9999361038208008
9904,2,8,0.8430233001708984
9905,3,3,0.9987717270851135
9906,4,4,0.9997437596321106
9907,5,5,0.9974084496498108
9908,6,6,0.9999990463256836
9909,7,7,0.9999469518661499
9910,8,8,0.9999679327011108
9911,0,0,0.999990701675415
9912,1,1,0.9996761083602905
9913,2,2,0.9978598952293396
9914,3,3,0.9999861717224121
9915,4,4,0.9999978542327881
9916,7,7,0.9999116659164429
9917,8,8,0.9999996423721313
9918,9,9,0.9999713897705078
9919,7,7,0.999811589717865
9920,8,8,0.9999932050704956
9921,6,6,0.9999912977218628
9922,4,4,0.9847732782363892
9923,1,1,0.9998925924301147
9924,9,9,0.9976335763931274
9925,3,3,0.9999231100082397
9926,8,8,0.9950364232063293
9927,4,4,0.9999984502792358
9928,4,4,0.9999985694885254
9929,7,7,0.999995231628418
9930,0,0,0.9999992847442627
9931,1,1,0.9997832179069519
9932,9,9,0.9999510049819946
9933,2,2,0.9998202919960022
9934,8,8,0.9999977350234985
9935,7,7,0.9988046884536743
9936,8,8,0.9999516010284424
9937,2,2,0.9999796152114868
9938,6,6,0.9999967813491821
9939,0,0,0.9999845027923584
9940,6,6,0.9999608993530273
9941,5,5,0.9999785423278809
9942,3,3,0.9999997615814209
9943,3,3,0.9999977350234985
9944,3,3,0.9999794960021973
9945,9,9,0.9969768524169922
9946,1,1,0.9999151229858398
9947,4,4,0.9999701976776123
9948,0,0,0.9999990463256836
9949,6,6,0.9999997615814209
9950,1,1,0.9998143315315247
9951,0,0,0.9999955892562866
9952,0,0,0.9999973773956299
9953,6,6,0.9999852180480957
9954,2,2,0.9999635219573975
9955,1,1,0.9997847676277161
9956,1,1,0.9999500513076782
9957,7,7,0.9987261891365051
9958,7,7,0.9998076558113098
9959,8,8,0.9986251592636108
9960,4,4,0.999996542930603
9961,6,6,0.9999995231628418
9962,0,0,1.0
9963,7,7,0.9997820258140564
9964,0,0,0.9915924072265625
9965,3,3,0.9999924898147583
9966,6,6,1.0
9967,8,8,0.9999994039535522
9968,7,7,0.9998458623886108
9969,1,1,0.9999269247055054
9970,5,5,0.9997592568397522
9971,2,2,0.9999947547912598
9972,4,4,0.999961256980896
9973,9,9,0.9997528195381165
9974,4,4,0.9999836683273315
9975,3,3,0.9984702467918396
9976,6,6,0.9744524359703064
9977,4,4,0.9999901056289673
9978,1,1,0.9999337196350098
9979,7,7,0.999964714050293
9980,2,2,0.9997387528419495
9981,6,6,0.9970194697380066
9982,5,5,0.9983835220336914
9983,0,0,0.9999998807907104
9984,1,1,0.999929666519165
9985,2,2,0.9998182654380798
9986,3,3,0.999997615814209
9987,4,4,0.9999940395355225
9988,5,5,0.9993516802787781
9989,6,6,0.9999983310699463
9990,7,7,0.9999841451644897
9991,8,8,0.9999867677688599
9992,9,9,0.999076247215271
9993,0,0,0.9988595247268677
9994,1,1,0.9999029636383057
9995,2,2,0.9999988079071045
9996,3,3,0.9998513460159302
9997,4,4,0.9999443292617798
9998,5,5,0.9994387030601501
9999,6,6,0.9999924898147583
