index,true,baseline_pred,baseline_confidence,augmented_pred,augmented_confidence
0,7,7,0.9999991655349731,7,0.9999330043792725
1,2,2,0.9998112320899963,2,0.9999966621398926
2,1,1,0.9989725351333618,1,0.9898792505264282
3,0,0,0.9999984502792358,0,0.9985839128494263
4,4,4,1.0,4,0.9999796152114868
5,1,1,0.9999653100967407,1,0.9981840252876282
6,4,4,0.9999650716781616,4,0.9998728036880493
7,9,9,0.9434559345245361,9,0.6424495577812195
8,5,6,0.7057870626449585,6,0.837718665599823
9,9,9,0.9999306201934814,9,0.998555600643158
10,0,0,0.9999924898147583,0,0.9999932050704956
11,6,6,0.9999897480010986,6,0.9997442364692688
12,9,9,0.9904028177261353,9,0.9877719879150391
13,0,0,0.9999998807907104,0,0.9999985694885254
14,1,1,0.9998493194580078,1,0.9124888777732849
15,5,5,0.9999988079071045,5,0.999988317489624
16,9,9,0.9994300007820129,9,0.9994134902954102
17,7,7,1.0,7,0.9999929666519165
18,3,8,0.8581255674362183,3,0.7021561861038208
19,4,4,0.9999774694442749,4,0.9981226325035095
20,9,9,0.9447559714317322,9,0.9832131266593933
21,6,6,0.9999862909317017,6,0.9998263716697693
22,6,6,0.999988317489624,6,0.9997071623802185
23,5,5,0.999993085861206,5,0.9998730421066284
24,4,4,0.999996542930603,4,0.9999101161956787
25,0,0,0.9999896287918091,0,0.9995049238204956
26,7,7,0.9999372959136963,7,0.9953349232673645
27,4,4,1.0,4,0.9999994039535522
28,0,0,0.9999990463256836,0,0.9999401569366455
29,1,1,0.9997907280921936,1,0.982151985168457
30,3,3,0.9999997615814209,3,0.9998156428337097
31,1,1,0.9995960593223572,1,0.9824883341789246
32,3,3,0.9999997615814209,3,0.9999804496765137
33,4,4,0.9998713731765747,4,0.9993829727172852
34,7,7,0.999984622001648,7,0.9999051094055176
35,2,2,0.9999992847442627,2,0.9999054670333862
36,7,7,0.9999855756759644,7,0.9999672174453735
37,1,1,0.9999643564224243,1,0.9925695061683655
38,2,2,0.998672366142273,2,0.9818091988563538
39,1,1,0.9999862909317017,1,0.9900991320610046
40,1,1,0.997646152973175,1,0.9104482531547546
41,7,7,0.9989715814590454,7,0.997197151184082
42,4,4,0.999996542930603,4,0.9999920129776001
43,2,2,0.9826420545578003,2,0.9629030227661133
44,3,3,0.9998369216918945,3,0.9964434504508972
45,5,5,0.9999988079071045,5,0.9997792840003967
46,1,1,0.9996722936630249,1,0.9444047212600708
47,2,2,1.0,2,0.9999943971633911
48,4,4,0.9999692440032959,4,0.9997909665107727
49,4,4,0.9999998807907104,4,1.0
50,6,6,0.9999990463256836,6,0.9999539852142334
51,3,3,0.9999841451644897,3,0.9999959468841553
52,5,5,0.999782383441925,5,0.9999995231628418
53,5,5,0.999944806098938,5,0.9988755583763123
54,6,6,1.0,6,0.9999998807907104
55,0,0,0.999971866607666,0,0.9997497200965881
56,4,4,1.0,4,1.0
57,1,1,0.9994271993637085,1,0.975496768951416
58,9,9,0.999914288520813,9,0.9999526739120483
59,5,5,0.6243115663528442,5,0.9926723837852478
60,7,7,0.9999643564224243,7,0.9998886585235596
61,8,8,0.999868631362915,8,0.9999806880950928
62,9,5,0.5204318761825562,9,0.7292594313621521
63,3,3,0.999244213104248,3,0.9998713731765747
64,7,7,0.9999873638153076,7,0.9999986886978149
65,4,4,0.9963188171386719,4,0.9926379919052124
66,6,6,0.9999722242355347,6,0.9997679591178894
67,4,4,0.9999386072158813,4,0.9985015392303467
68,3,3,0.9999973773956299,3,0.9999980926513672
69,0,0,0.999992847442627,0,0.9999967813491821
70,7,7,1.0,7,0.999996542930603
71,0,0,0.9999994039535522,0,0.9999995231628418
72,2,2,1.0,2,0.9999958276748657
73,9,9,0.9235601425170898,9,0.9734293222427368
74,1,1,0.9999511241912842,1,0.9835211038589478
75,7,7,0.9998273849487305,7,0.9991563558578491
76,3,3,0.9998703002929688,3,0.9998948574066162
77,2,2,0.9943637847900391,2,0.9870567321777344
78,9,9,0.7081117033958435,8,0.6552765369415283
79,7,7,0.9999727010726929,7,0.9961580634117126
80,7,7,0.9996705055236816,7,0.8760370016098022
81,6,6,0.999994158744812,6,0.9999831914901733
82,2,2,1.0,2,0.9999761581420898
83,7,7,0.9998483657836914,7,0.9983787536621094
84,8,8,0.9998582601547241,8,0.9996343851089478
85,4,4,0.9999842643737793,4,0.9999909400939941
86,7,7,0.9999485015869141,7,0.9996895790100098
87,3,3,0.9997660517692566,3,0.9118850231170654
88,6,6,0.9999972581863403,6,1.0
89,1,1,0.9879270195960999,1,0.9924846291542053
90,3,3,0.9999983310699463,3,0.9999929666519165
91,6,6,0.9999997615814209,6,0.9999988079071045
92,9,9,0.5256695747375488,4,0.5705417990684509
93,3,3,0.9998741149902344,3,0.9990835189819336
94,1,1,0.9999914169311523,1,0.9940464496612549
95,4,4,0.9895848631858826,4,0.9902492165565491
96,1,1,0.9130441546440125,1,0.8960413932800293
97,7,7,0.9791730642318726,7,0.9937147498130798
98,6,6,0.9999856948852539,6,0.999958872795105
99,9,9,0.9999232292175293,9,0.9999792575836182
100,6,6,0.9996472597122192,6,0.9998032450675964
101,0,0,0.999997615814209,0,0.9999953508377075
102,5,5,0.9999830722808838,5,0.9999921321868896
103,4,4,0.9999810457229614,4,0.9999194145202637
104,9,9,0.9999098777770996,9,0.9997655749320984
105,9,9,0.9981628060340881,9,0.9953522682189941
106,2,2,0.9999998807907104,2,0.9984549283981323
107,1,1,0.9924951791763306,1,0.9993731379508972
108,9,9,0.9947432279586792,9,0.9968006610870361
109,4,4,1.0,4,0.999998927116394
110,8,8,0.9999991655349731,8,0.9999822378158569
111,7,7,0.5168793201446533,7,0.9961973428726196
112,3,3,0.9999964237213135,3,0.999942421913147
113,9,9,0.7389666438102722,9,0.9970517158508301
114,7,7,0.9483360648155212,7,0.9998562335968018
115,4,4,0.7901111245155334,4,0.986831545829773
116,4,4,0.9999902248382568,4,0.9995217323303223
117,4,4,0.9999998807907104,4,0.9999979734420776
118,9,9,0.9669327735900879,9,0.9832949042320251
119,2,2,0.9976736903190613,2,0.9747492074966431
120,5,5,0.9999686479568481,5,0.9999343156814575
121,4,4,0.9988023042678833,4,0.9968915581703186
122,7,7,0.9922314882278442,7,0.9922343492507935
123,6,6,0.9999998807907104,6,0.9999972581863403
124,7,7,0.9983757734298706,7,0.9993517994880676
125,9,9,0.9303777813911438,9,0.5740845203399658
126,0,0,0.9999998807907104,0,0.9999983310699463
127,5,5,0.9999995231628418,5,0.9999659061431885
128,8,8,0.9999998807907104,8,0.9999935626983643
129,5,5,0.9999997615814209,5,0.9999964237213135
130,6,6,0.9999998807907104,6,0.999997615814209
131,6,6,0.9999997615814209,6,0.9999834299087524
132,5,5,0.9999839067459106,5,0.999029278755188
133,7,7,0.9999724626541138,7,0.9999932050704956
134,8,8,0.9999994039535522,8,0.9999692440032959
135,1,1,0.9999860525131226,1,0.982441246509552
136,0,0,0.9998633861541748,0,0.9999256134033203
137,1,1,0.999813973903656,1,0.998621940612793
138,6,6,0.9999972581863403,6,0.9999891519546509
139,4,4,0.999923586845398,4,0.9999409914016724
140,6,6,0.9999717473983765,6,0.9999264478683472
141,7,7,0.9999992847442627,7,0.9999816417694092
142,3,3,0.9999858140945435,3,0.9999889135360718
143,1,1,0.9999468326568604,1,0.9905136823654175
144,7,7,0.9992115497589111,7,0.9965541362762451
145,1,1,0.9997153878211975,1,0.9451291561126709
146,8,8,0.9999892711639404,8,0.9998284578323364
147,2,2,0.9999998807907104,2,0.9999709129333496
148,0,0,0.9999954700469971,0,0.9999325275421143
149,2,2,0.9997498393058777,2,0.9737941026687622
150,9,9,0.999514102935791,9,0.9994490742683411
151,9,9,0.5325414538383484,9,0.8822817802429199
152,5,5,1.0,5,0.9999997615814209
153,5,5,0.9992031455039978,5,0.999987006187439
154,1,1,0.9999735355377197,1,0.9939723610877991
155,5,5,1.0,5,0.9999465942382812
156,6,6,0.9999998807907104,6,1.0
157,0,0,0.9999843835830688,0,0.9998873472213745
158,3,3,0.9982288479804993,3,0.9877873063087463
159,4,4,0.9984568357467651,4,0.9968224763870239
160,4,4,0.9999998807907104,4,0.9994819760322571
161,6,6,1.0,6,0.9999996423721313
162,5,5,1.0,5,1.0
163,4,4,1.0,4,0.9999997615814209
164,6,6,0.9937048554420471,6,0.9994544386863708
165,5,5,0.9999992847442627,5,0.9999986886978149
166,4,4,0.9996174573898315,4,0.9993221759796143
167,5,5,0.9999908208847046,5,0.9998026490211487
168,1,1,0.9999802112579346,1,0.9791123867034912
169,4,4,0.9999985694885254,4,0.9999768733978271
170,4,4,0.9999998807907104,4,0.9999469518661499
171,7,7,0.987092137336731,7,0.9912261366844177
172,2,2,0.9999991655349731,2,0.9999054670333862
173,3,3,0.9799273014068604,3,0.9988207221031189
174,2,2,1.0,2,0.999932050704956
175,7,9,0.3793463408946991,7,0.6593145728111267
176,1,1,0.999450147151947,1,0.9778814315795898
177,8,8,0.9999257326126099,8,0.9999521970748901
178,1,1,0.9999818801879883,1,0.9968007802963257
179,8,8,0.999942421913147,8,0.9998763799667358
180,1,1,0.999967098236084,1,0.9866058230400085
181,8,8,0.9999867677688599,8,0.9999561309814453
182,5,5,0.9995881915092468,5,0.9993444085121155
183,0,0,0.9999998807907104,0,0.9999991655349731
184,8,3,0.6261622309684753,3,0.5528610944747925
185,9,9,0.7564250826835632,9,0.5292210578918457
186,2,2,0.9999972581863403,2,0.9944145679473877
187,5,5,0.9999566078186035,5,0.999990701675415
188,0,0,0.9999961853027344,0,0.9999854564666748
189,1,1,0.9979307651519775,1,0.993726372718811
190,1,1,0.9968157410621643,1,0.9954193830490112
191,1,1,0.9898552894592285,1,0.9620044827461243
192,0,0,0.9997912049293518,0,0.9999934434890747
193,9,9,0.9960666298866272,9,0.9899358153343201
194,0,0,0.999922513961792,0,0.9998666048049927
195,3,3,0.9726924896240234,3,0.8896502256393433
196,1,1,0.9999774694442749,1,0.9904961585998535
197,6,6,0.9999967813491821,6,0.9999940395355225
198,4,4,0.9999996423721313,4,0.9999536275863647
199,2,2,0.9857283234596252,2,0.9898423552513123
200,3,3,0.9997168183326721,3,0.9998894929885864
201,6,6,1.0,6,0.9999998807907104
202,1,1,0.9996623992919922,1,0.9996988773345947
203,1,1,0.9995542168617249,1,0.9734236598014832
204,1,1,0.9996047616004944,1,0.9964196681976318
205,3,3,0.9999790191650391,3,0.9986587762832642
206,9,9,0.9556536078453064,9,0.9287762641906738
207,5,5,0.9930071830749512,5,0.9999972581863403
208,2,2,0.9999996423721313,2,0.9990022778511047
209,9,9,0.9888962507247925,4,0.6618667244911194
210,4,4,1.0,4,0.9999974966049194
211,5,5,0.9613127112388611,5,0.9739606380462646
212,9,9,0.9999949932098389,9,0.9999816417694092
213,3,3,0.9999977350234985,3,0.999319314956665
214,9,9,0.9829948544502258,9,0.912765383720398
215,0,0,0.9999926090240479,0,0.9992349147796631
216,3,3,1.0,3,0.9999064207077026
217,6,6,0.999798595905304,6,0.9992817044258118
218,5,5,0.9999909400939941,5,0.9999821186065674
219,5,5,0.9999997615814209,5,0.9999948740005493
220,7,7,0.9999617338180542,7,0.9999830722808838
221,2,2,0.9984824061393738,2,0.9768997430801392
222,2,2,0.9999985694885254,2,0.9752018451690674
223,7,7,0.9999796152114868,7,0.9998674392700195
224,1,1,0.9930150508880615,1,0.9918901920318604
225,2,2,0.9922313690185547,2,0.9988731741905212
226,8,8,0.9998630285263062,8,0.99222731590271
227,4,4,0.999562680721283,4,0.9780591726303101
228,1,1,0.9944165945053101,1,0.8196375370025635
229,7,7,0.9975460171699524,7,0.9808533191680908
230,3,3,0.999966025352478,3,0.9994930028915405
231,3,3,0.9999867677688599,3,0.9999701976776123
232,8,8,0.9999619722366333,8,0.9990772008895874
233,8,8,0.999404788017273,8,0.9999822378158569
234,7,7,0.9947218894958496,7,0.9829977750778198
235,9,9,0.9959526062011719,9,0.9873253107070923
236,2,2,0.9998917579650879,2,0.996894121170044
237,2,2,1.0,2,0.9999984502792358
238,4,4,0.999988317489624,4,0.9999880790710449
239,1,1,0.9999845027923584,1,0.9943142533302307
240,5,5,0.9999396800994873,5,0.9999768733978271
241,9,9,0.5398448705673218,9,0.9725688695907593
242,8,8,0.9986979961395264,8,0.9995914101600647
243,7,7,0.9450430870056152,7,0.9830349683761597
244,2,2,0.736869752407074,2,0.9382839798927307
245,3,3,0.9818319082260132,3,0.6068006753921509
246,0,0,0.9999974966049194,0,1.0
247,4,4,0.625359058380127,4,0.9960796236991882
248,4,4,0.9999876022338867,4,0.9999985694885254
249,2,2,0.9967129230499268,2,0.9908407926559448
250,4,4,0.9996846914291382,4,0.9997497200965881
251,1,1,0.9976171851158142,1,0.9901630878448486
252,9,9,0.9961845278739929,9,0.9988994598388672
253,5,5,0.9999995231628418,5,0.9999099969863892
254,7,7,0.9999570846557617,7,0.999202311038971
255,7,7,0.9223136901855469,7,0.9790630340576172
256,2,2,0.9673929810523987,2,0.9391452670097351
257,8,8,0.9977627992630005,8,0.9984042048454285
258,2,2,1.0,2,0.9991424083709717
259,6,6,0.5468758940696716,6,0.990500271320343
260,8,8,0.9999983310699463,8,0.9999983310699463
261,5,5,0.9999964237213135,5,0.993793249130249
262,7,7,0.9999840259552002,7,0.993065595626831
263,7,7,0.9997394680976868,7,0.9982033967971802
264,9,8,0.6477349400520325,9,0.833850622177124
265,1,1,0.9999186992645264,1,0.9607669711112976
266,8,8,0.7509332895278931,8,0.9988273978233337
267,1,1,0.9999887943267822,1,0.9976582527160645
268,8,8,0.9999984502792358,8,0.9999699592590332
269,0,0,0.999996542930603,0,0.9993256330490112
270,3,3,0.9999971389770508,3,0.997122585773468
271,0,0,1.0,0,0.9999864101409912
272,1,1,0.9999747276306152,1,0.9971429705619812
273,9,9,0.9651467800140381,9,0.9884147644042969
274,9,9,0.9995658993721008,9,0.9996763467788696
275,4,4,0.9999998807907104,4,0.9999921321868896
276,1,1,0.9999934434890747,1,0.9962478280067444
277,8,8,0.9999992847442627,8,0.9995954632759094
278,2,2,0.9999963045120239,2,0.9999287128448486
279,1,1,0.9999418258666992,1,0.9795571565628052
280,2,2,0.9999817609786987,2,0.9998593330383301
281,9,9,0.9994133710861206,9,0.9997065663337708
282,7,7,0.4400997757911682,7,0.9955888986587524
283,5,5,0.9999943971633911,5,0.9999775886535645
284,9,9,0.9802932739257812,9,0.9990808963775635
285,2,2,1.0,2,0.9999877214431763
286,6,6,0.9987419247627258,6,0.9999276399612427
287,4,4,0.9999997615814209,4,0.9999655485153198
288,1,1,0.9989277720451355,1,0.98862224817276
289,5,5,0.9958592057228088,5,0.9919079542160034
290,8,4,0.5691889524459839,6,0.7948878407478333
291,2,2,0.9927151799201965,2,0.9998970031738281
292,9,9,0.987389087677002,9,0.5711323618888855
293,2,2,0.9999998807907104,2,0.9999650716781616
294,0,0,0.999990701675415,0,0.9999129772186279
295,4,4,0.9999990463256836,4,0.9999688863754272
296,0,0,1.0,0,0.9999990463256836
297,0,0,0.999160885810852,0,0.9989357590675354
298,2,2,1.0,2,0.9999872446060181
299,8,8,0.9999940395355225,8,0.9999549388885498
300,4,4,0.9995623230934143,4,0.9998996257781982
301,7,7,0.9976047277450562,7,0.9998131394386292
302,1,1,0.9999366998672485,1,0.9962221384048462
303,2,2,0.9999892711639404,2,0.9994827508926392
304,4,4,0.9999833106994629,4,0.9999309778213501
305,0,0,0.9999994039535522,0,1.0
306,2,2,0.9998373985290527,2,0.9994614720344543
307,7,7,0.8180253505706787,7,0.9928909540176392
308,4,4,0.9995438456535339,4,0.999710738658905
309,3,3,0.9999982118606567,3,0.999990701675415
310,3,3,0.9999688863754272,3,0.9998605251312256
311,0,0,0.9999626874923706,0,0.9999816417694092
312,0,0,0.9999942779541016,0,0.9999829530715942
313,3,5,0.5486679673194885,3,0.9998589754104614
314,1,1,0.999970555305481,1,0.9580277800559998
315,9,9,0.9987010955810547,9,0.9996824264526367
316,6,6,0.9992789626121521,6,0.9936206936836243
317,5,5,0.998598039150238,5,0.9976317882537842
318,2,2,0.9997016787528992,2,0.941421389579773
319,5,5,0.9999898672103882,5,0.999992847442627
320,9,9,0.9296022653579712,9,0.918077290058136
321,2,2,0.8860674500465393,7,0.7427155375480652
322,9,9,0.9887312054634094,9,0.9856254458427429
323,3,3,1.0,3,0.9999996423721313
324,0,0,0.9525637626647949,5,0.44031471014022827
325,4,4,0.9999898672103882,4,0.9991468191146851
326,2,2,0.9968492388725281,2,0.9998601675033569
327,0,0,0.9999358654022217,0,0.9999750852584839
328,7,7,0.9780930280685425,7,0.9913681149482727
329,1,1,0.9999841451644897,1,0.9777642488479614
330,1,1,0.9999738931655884,1,0.9933415055274963
331,2,2,0.9996656179428101,2,0.9707450866699219
332,1,1,0.9999310970306396,1,0.9785133600234985
333,5,5,0.9833348989486694,5,0.9999127388000488
334,3,3,0.9999998807907104,3,0.9999808073043823
335,3,3,0.9997954964637756,3,0.9997575879096985
336,9,9,0.9168400764465332,9,0.9918117523193359
337,7,7,0.9905523061752319,7,0.9940165281295776
338,8,8,0.9999996423721313,8,0.9999583959579468
339,6,6,0.999884843826294,6,0.9998639822006226
340,5,3,0.9590176343917847,3,0.6665287017822266
341,6,6,0.965087354183197,6,0.997918426990509
342,1,1,0.9999696016311646,1,0.9984400868415833
343,3,3,0.9988505840301514,3,0.9999834299087524
344,8,8,0.9999973773956299,8,0.9959981441497803
345,1,1,0.9999462366104126,1,0.9500004053115845
346,0,0,0.999950647354126,0,0.8632103204727173
347,5,5,0.9999711513519287,5,0.9999979734420776
348,1,1,0.9976800084114075,1,0.9785476922988892
349,3,3,0.999945878982544,3,0.9999666213989258
350,1,1,0.9943049550056458,1,0.9819340705871582
351,5,5,0.9999784231185913,5,0.999995231628418
352,5,5,0.9999303817749023,5,0.9999357461929321
353,6,6,0.9999837875366211,6,0.9997723698616028
354,1,1,0.9997369647026062,1,0.9999285936355591
355,8,8,0.9999982118606567,8,0.9999814033508301
356,5,5,1.0,5,0.9999996423721313
357,1,1,0.9872258305549622,1,0.9865911602973938
358,7,4,0.7985305190086365,4,0.6886314153671265
359,9,4,0.7176543474197388,4,0.4417411684989929
360,4,4,0.9999973773956299,4,0.9999692440032959
361,6,6,1.0,6,0.9999994039535522
362,2,2,0.9998869895935059,2,0.9588616490364075
363,2,2,0.9995194673538208,2,0.9992555975914001
364,5,5,0.9993575215339661,5,0.9999982118606567
365,0,0,0.9997734427452087,0,0.9992828965187073
366,6,0,0.705938458442688,6,0.92756187915802
367,5,5,0.9999984502792358,5,0.9999966621398926
368,6,6,0.9994003772735596,6,0.981781005859375
369,3,3,0.9999237060546875,3,0.999016284942627
370,7,7,0.9842337965965271,7,0.964065432548523
371,2,2,0.9999985694885254,2,0.9994188547134399
372,0,0,0.999840497970581,0,0.9655075073242188
373,8,8,0.9999980926513672,8,0.9999878406524658
374,8,8,0.9999995231628418,8,0.9999974966049194
375,5,5,1.0,5,1.0
376,4,4,0.9996975660324097,4,0.9659276008605957
377,1,1,0.9996428489685059,1,0.9932130575180054
378,1,1,0.9997718930244446,4,0.49818137288093567
379,4,4,0.9999997615814209,4,0.9999929666519165
380,0,0,0.9989416003227234,0,0.9999991655349731
381,3,3,0.6598299741744995,3,0.954175591468811
382,3,3,0.9999984502792358,3,0.9999996423721313
383,7,7,0.999966025352478,7,0.998735249042511
384,6,6,1.0,6,1.0
385,1,1,0.9998461008071899,1,0.9753074645996094
386,6,6,0.9982471466064453,6,0.9988466501235962
387,2,2,0.9999998807907104,2,0.9999525547027588
388,1,1,0.9985839128494263,1,0.9996767044067383
389,9,9,0.9983786344528198,9,0.995317816734314
390,2,2,1.0,2,0.9983722567558289
391,8,8,0.999886155128479,8,0.9939589500427246
392,6,6,0.9999992847442627,6,0.9999912977218628
393,1,1,0.9995672106742859,1,0.9863829612731934
394,9,9,0.794912576675415,9,0.9325637817382812
395,5,5,0.9999874830245972,5,0.9999661445617676
396,2,2,0.999996542930603,2,0.9996873140335083
397,5,5,0.99643874168396,5,0.996425211429596
398,4,4,0.9999969005584717,4,0.9999877214431763
399,4,4,0.9221999049186707,4,0.9815368056297302
400,2,2,0.9994522929191589,2,0.9997676014900208
401,8,8,0.9994165897369385,8,0.9985185265541077
402,3,3,0.9999969005584717,3,0.9999947547912598
403,8,8,0.9799654483795166,8,0.9948575496673584
404,2,7,0.9638943672180176,2,0.8718670606613159
405,4,4,0.9999996423721313,4,0.9999998807907104
406,5,5,0.9400790929794312,5,0.9963066577911377
407,0,0,1.0,0,0.999992847442627
408,3,3,0.9992595314979553,3,0.9992049336433411
409,1,1,0.9979203343391418,1,0.9753203988075256
410,7,7,0.9999990463256836,7,0.9998465776443481
411,7,7,0.9147882461547852,7,0.9900964498519897
412,5,5,0.99359530210495,5,0.991702139377594
413,7,7,0.9999992847442627,7,0.9999560117721558
414,9,9,0.8322159051895142,9,0.9914067983627319
415,7,7,0.9999322891235352,7,0.998217761516571
416,1,1,0.999990701675415,1,0.9972948431968689
417,9,9,0.9765793681144714,9,0.9737016558647156
418,2,2,0.9999963045120239,2,0.9975152015686035
419,1,1,0.9999769926071167,1,0.9964002370834351
420,4,4,0.9999634027481079,4,0.9995433688163757
421,2,2,0.9953778982162476,2,0.9980602860450745
422,9,9,0.993353009223938,9,0.974105715751648
423,2,2,0.9999966621398926,2,0.9994385838508606
424,0,0,0.9999955892562866,0,0.9999823570251465
425,4,4,0.9999977350234985,4,1.0
426,9,9,0.9950923919677734,9,0.9832188487052917
427,1,1,0.999931812286377,1,0.9950354099273682
428,4,4,0.9999939203262329,4,0.9999955892562866
429,8,8,0.9999299049377441,8,0.9999903440475464
430,1,1,0.999940037727356,1,0.9954472184181213
431,8,8,0.997759222984314,8,0.9989480376243591
432,4,4,0.9999701976776123,4,0.9999837875366211
433,5,5,0.9999849796295166,5,0.9999912977218628
434,9,9,0.9915899634361267,9,0.9944256544113159
435,8,8,0.8188785910606384,8,0.9623392224311829
436,8,8,0.9999836683273315,8,0.9999535083770752
437,3,3,1.0,3,0.9999734163284302
438,7,7,0.9999696016311646,7,0.999818742275238
439,6,6,0.9994364380836487,6,0.9994617104530334
440,0,0,1.0,0,0.9999963045120239
441,0,0,0.99997878074646,0,0.9999889135360718
442,3,3,0.9999983310699463,3,0.9998793601989746
443,0,0,0.9768079519271851,0,0.9687109589576721
444,2,2,0.5679234862327576,2,0.9387331008911133
445,6,6,0.6516827344894409,0,0.667582631111145
446,6,6,0.9999998807907104,6,0.9998927116394043
447,4,4,0.9059803485870361,4,0.9915892481803894
448,9,9,0.6122072339057922,9,0.5955533981323242
449,3,5,0.9681398868560791,5,0.7308216691017151
450,3,3,0.8769612312316895,3,0.8435450196266174
451,3,3,0.9999998807907104,3,0.9999768733978271
452,2,2,0.9870044589042664,2,0.9999339580535889
453,3,3,1.0,3,0.9999977350234985
454,9,9,0.9999643564224243,9,0.9998511075973511
455,1,1,0.9995194673538208,1,0.9969646334648132
456,2,2,0.9900586009025574,2,0.9914120435714722
457,6,6,0.9990929365158081,6,0.9949283599853516
458,8,8,1.0,8,0.9999936819076538
459,0,0,0.9999302625656128,0,0.999988317489624
460,5,5,0.9626795649528503,5,0.9981480836868286
461,6,6,0.9999998807907104,6,0.9999936819076538
462,6,6,0.9999905824661255,6,0.9996088147163391
463,6,6,1.0,6,1.0
464,3,3,0.9999996423721313,3,0.9995467066764832
465,8,8,0.9999902248382568,8,0.99503493309021
466,8,8,0.9999665021896362,8,0.9999648332595825
467,2,2,0.9993077516555786,2,0.9987195730209351
468,7,7,0.8718000054359436,7,0.9427125453948975
469,5,5,0.9984355568885803,5,0.999666690826416
470,8,8,0.9999734163284302,8,0.9950226545333862
471,9,9,0.7744491696357727,9,0.5316316485404968
472,6,6,0.9999997615814209,6,1.0
473,1,1,0.9978505373001099,1,0.9607490301132202
474,8,8,0.9999661445617676,8,0.9999798536300659
475,4,4,0.9999991655349731,4,0.999997615814209
476,1,1,0.9999810457229614,1,0.8814395070075989
477,2,2,1.0,2,0.9999984502792358
478,5,5,0.9991958737373352,5,0.9996711015701294
479,9,9,0.9561154246330261,9,0.870189368724823
480,1,1,0.9993163347244263,1,0.9917939305305481
481,9,9,0.9997766613960266,9,0.9998605251312256
482,7,7,0.9999986886978149,7,0.9999750852584839
483,5,5,0.9997571110725403,5,0.9998502731323242
484,4,4,0.9999996423721313,4,0.9999401569366455
485,0,0,0.9998432397842407,0,0.9997723698616028
486,8,8,0.9901533722877502,8,0.9997363686561584
487,9,9,0.9938092827796936,9,0.9934329986572266
488,9,9,0.9989789724349976,9,0.9745656847953796
489,1,1,0.9997548460960388,1,0.9783868789672852
490,0,0,0.9996449947357178,0,0.9997969269752502
491,5,5,0.99996018409729,5,0.999911904335022
492,2,3,0.49287474155426025,2,0.998563826084137
493,3,3,0.9999998807907104,3,1.0
494,7,7,0.9999995231628418,7,0.9999634027481079
495,8,8,0.9987574815750122,8,0.9963274598121643
496,9,9,0.9994743466377258,9,0.9993762373924255
497,4,4,0.9989205598831177,4,0.9391551613807678
498,0,0,0.9991899132728577,0,0.9942346215248108
499,6,6,0.9996739625930786,6,0.9977389574050903
500,3,3,1.0,3,0.9999998807907104
501,9,9,0.9999895095825195,9,0.9999648332595825
502,5,5,0.9990478157997131,5,0.9996610879898071
503,2,2,1.0,2,0.9999998807907104
504,1,1,0.9988576173782349,1,0.9898592829704285
505,3,3,0.9999986886978149,3,0.9999905824661255
506,1,1,0.9991651773452759,1,0.9908502101898193
507,3,3,0.9999858140945435,3,0.99980229139328
508,6,6,0.9975513815879822,6,0.9734191298484802
509,5,5,0.9996801614761353,5,0.9999141693115234
510,7,7,0.9998737573623657,7,0.999976634979248
511,4,4,0.9644457101821899,4,0.9844872355461121
512,2,2,0.9999748468399048,2,0.9994916915893555
513,2,2,1.0,2,0.9999463558197021
514,6,6,0.9999873638153076,6,0.9998626708984375
515,3,3,0.9941257238388062,3,0.9960075616836548
516,2,2,0.9999998807907104,2,0.9999957084655762
517,6,6,0.9999816417694092,6,0.9998929500579834
518,5,5,0.9999815225601196,5,0.9999436140060425
519,4,4,0.9999819993972778,4,0.9999537467956543
520,8,8,0.9991697072982788,8,0.9993259906768799
521,9,9,0.9837518930435181,9,0.9979988932609558
522,7,7,0.7681406736373901,7,0.997387707233429
523,1,1,0.9870585799217224,1,0.9957690238952637
524,3,3,0.9815845489501953,3,0.990400493144989
525,0,0,0.9999991655349731,0,0.9999960660934448
526,3,3,0.9985972046852112,3,0.9820520281791687
527,8,8,0.9999978542327881,8,0.9999874830245972
528,3,3,0.9839809536933899,3,0.9999464750289917
529,1,1,0.9999973773956299,1,0.9992708563804626
530,9,9,0.9504861831665039,9,0.988690972328186
531,3,3,0.9999953508377075,3,0.9992244243621826
532,4,4,0.9998996257781982,4,0.9996646642684937
533,4,4,0.9999992847442627,4,0.9999990463256836
534,6,6,0.9922486543655396,6,0.9994044303894043
535,4,4,0.9999178647994995,4,0.9999414682388306
536,2,1,0.6791637539863586,2,0.993496298789978
537,1,1,0.9996378421783447,1,0.9967302083969116
538,8,8,0.9999551773071289,8,0.9964292645454407
539,2,2,0.9999849796295166,2,0.9999644756317139
540,5,5,0.9999797344207764,5,0.9999929666519165
541,4,4,0.9999958276748657,4,0.9999994039535522
542,8,8,0.954095721244812,9,0.4494746923446655
543,8,8,0.9997082352638245,8,0.9987342953681946
544,4,4,0.9999997615814209,4,0.9999983310699463
545,0,0,0.9987812638282776,0,0.9996899366378784
546,0,0,0.999996542930603,0,0.9999980926513672
547,2,2,0.9805220365524292,2,0.9998688697814941
548,3,3,0.9999775886535645,3,0.9983454942703247
549,2,2,1.0,2,0.9999979734420776
550,7,3,0.5732998251914978,7,0.9714791774749756
551,7,7,0.4298970699310303,7,0.9236655831336975
552,0,0,0.9831178188323975,0,0.7538030743598938
553,8,8,0.9999947547912598,8,0.9601791501045227
554,7,7,0.9999995231628418,7,0.9998859167098999
555,4,4,0.9999896287918091,4,0.9998960494995117
556,4,4,0.999998927116394,4,0.9999970197677612
557,7,7,0.9781194925308228,7,0.9200799465179443
558,9,9,0.9992709755897522,9,0.9865199327468872
559,6,6,0.9999396800994873,6,0.9980928301811218
560,9,9,0.9997361302375793,9,0.9980348944664001
561,0,0,0.9966579675674438,0,0.9979523420333862
562,9,9,0.987756609916687,9,0.9883407354354858
563,8,8,0.9998196959495544,8,0.9995115995407104
564,0,0,0.999996542930603,0,0.9987815022468567
565,4,4,0.9996718168258667,4,0.9993194341659546
566,6,6,0.9930890202522278,6,0.9982271790504456
567,0,0,0.9997662901878357,0,0.9615164399147034
568,6,6,0.9995649456977844,6,0.9957849383354187
569,3,3,0.9999699592590332,3,0.9999011754989624
570,5,5,0.9998418092727661,5,0.9999984502792358
571,4,4,0.9970653653144836,4,0.9940694570541382
572,8,8,0.9998372793197632,8,0.999833345413208
573,3,3,0.9999985694885254,3,0.9999771118164062
574,3,3,0.9999994039535522,3,0.9999890327453613
575,9,9,0.9909823536872864,9,0.7989088296890259
576,3,3,1.0,3,0.9999809265136719
577,3,3,0.9999998807907104,3,0.999985933303833
578,3,3,0.9997945427894592,3,0.9999338388442993
579,7,7,0.9999990463256836,7,0.99992835521698
580,8,8,0.9970711469650269,8,0.9995542168617249
581,0,0,0.999981164932251,0,0.9999065399169922
582,8,2,0.9205197095870972,2,0.8694671988487244
583,2,8,0.9460805654525757,8,0.8051184415817261
584,1,1,0.9997239708900452,1,0.9493423104286194
585,7,7,0.9998133778572083,7,0.9985104203224182
586,0,0,0.9999411106109619,0,0.9999697208404541
587,6,6,0.9999974966049194,6,0.9955886602401733
588,5,5,0.9999525547027588,5,0.9999926090240479
589,4,4,0.9999996423721313,4,0.9999814033508301
590,3,3,1.0,3,1.0
591,8,8,0.993540346622467,8,0.9841663837432861
592,0,0,0.9999995231628418,0,0.9999979734420776
593,9,9,0.9707915782928467,9,0.8055273294448853
594,6,6,0.999581515789032,6,0.9992801547050476
595,3,3,0.9999780654907227,3,0.9999712705612183
596,8,8,0.9999786615371704,8,0.9974237680435181
597,0,0,0.9970505237579346,0,0.9085610508918762
598,9,9,0.9971429705619812,9,0.9942119717597961
599,9,9,0.9998144507408142,9,0.9978533387184143
600,6,6,1.0,6,0.9999996423721313
601,8,8,0.9999898672103882,8,0.998296320438385
602,6,6,1.0,6,0.9999998807907104
603,8,8,0.9999493360519409,8,0.9985982775688171
604,5,5,0.9999946355819702,5,0.9999985694885254
605,7,7,0.9398181438446045,7,0.9947811961174011
606,8,8,0.9999966621398926,8,0.9999951124191284
607,6,6,0.9999977350234985,6,0.9999842643737793
608,0,0,0.9999971389770508,0,0.9999934434890747
609,2,2,0.9999854564666748,2,0.9994988441467285
610,4,4,0.9997226595878601,4,0.9999765157699585
611,0,0,0.9999939203262329,0,0.9999963045120239
612,2,2,0.9999992847442627,2,0.999997615814209
613,2,2,0.9985758066177368,2,0.9592039585113525
614,3,3,0.9999948740005493,3,0.9990071654319763
615,1,1,0.9850062727928162,1,0.9984796643257141
616,9,9,0.9991592168807983,9,0.9994624257087708
617,7,7,0.9937030673027039,7,0.9999029636383057
618,5,5,0.9999918937683105,5,0.9982444047927856
619,1,1,0.7875384092330933,1,0.6419281959533691
620,0,0,0.9999462366104126,0,0.9998701810836792
621,8,8,0.9999986886978149,8,0.9998661279678345
622,4,4,0.9999998807907104,4,0.9999624490737915
623,6,6,0.999974250793457,6,0.9999953508377075
624,2,2,0.9877551198005676,2,0.9911465048789978
625,6,6,0.9925476908683777,6,0.9856982827186584
626,7,7,0.9999996423721313,7,0.9999895095825195
627,9,9,0.9515894055366516,9,0.9856616854667664
628,3,3,0.9999983310699463,3,0.9999978542327881
629,2,2,0.9985367059707642,2,0.9795438647270203
630,9,9,0.9974138140678406,9,0.9983941912651062
631,8,8,1.0,8,0.9974024891853333
632,2,2,0.9999980926513672,2,0.9992961883544922
633,2,2,0.9999998807907104,2,0.9999935626983643
634,9,9,0.9999995231628418,9,0.9999970197677612
635,2,2,0.9979737401008606,2,0.9982436895370483
636,7,7,1.0,7,0.999996542930603
637,3,3,0.9965655207633972,3,0.9999669790267944
638,5,5,0.9999960660934448,5,0.9999120235443115
639,9,9,0.9977019429206848,9,0.9950874447822571
640,1,1,0.997011661529541,1,0.9668980240821838
641,8,8,0.9999949932098389,8,0.9925605058670044
642,0,0,0.9999254941940308,0,0.9875972867012024
643,2,2,0.9999618530273438,2,0.9998224377632141
644,0,0,0.9999978542327881,0,0.9999421834945679
645,5,5,0.9815955758094788,5,0.9901717305183411
646,2,2,0.7012405395507812,2,0.8861591815948486
647,1,1,0.9999593496322632,1,0.9832882285118103
648,3,3,1.0,3,1.0
649,7,7,0.9748454093933105,7,0.9503278136253357
650,6,6,0.9999327659606934,6,0.9996933937072754
651,7,7,0.9999990463256836,7,0.9988420605659485
652,1,1,0.9999914169311523,1,0.9986135959625244
653,2,2,0.9865013957023621,2,0.9997574687004089
654,5,5,0.9996702671051025,5,0.9999809265136719
655,8,8,0.9643288850784302,8,0.9900325536727905
656,0,0,1.0,0,1.0
657,3,3,0.999997615814209,3,0.9999977350234985
658,7,7,0.9980081915855408,7,0.9919304251670837
659,2,1,0.9491230845451355,1,0.8143808245658875
660,4,4,0.999941349029541,4,0.999993085861206
661,0,0,0.9999573230743408,0,0.9858089089393616
662,9,9,0.9971895813941956,9,0.9989105463027954
663,1,1,0.9999849796295166,1,0.9967445135116577
664,8,8,0.9999963045120239,8,0.9999983310699463
665,6,6,1.0,6,0.9999984502792358
666,7,7,0.9997921586036682,7,0.9978731870651245
667,7,7,0.5587872862815857,7,0.8969391584396362
668,4,4,0.9999769926071167,4,0.9999997615814209
669,3,3,0.999994158744812,3,0.9998363256454468
670,4,4,0.9999985694885254,4,0.9999397993087769
671,9,9,0.9920841455459595,9,0.999721109867096
672,1,1,0.9999703168869019,1,0.9981439113616943
673,9,9,0.9999840259552002,9,0.999372661113739
674,5,5,0.7485976219177246,3,0.6086785197257996
675,1,1,0.9999150037765503,1,0.9883891344070435
676,7,7,0.9918133020401001,7,0.93993079662323
677,3,3,0.9999889135360718,3,0.999987006187439
678,9,9,0.9995760321617126,9,0.9994959831237793
679,7,7,0.9972288012504578,7,0.9989596605300903
680,6,6,1.0,6,1.0
681,9,9,0.999911904335022,9,0.9999599456787109
682,1,1,0.9999783039093018,1,0.9974368810653687
683,3,3,0.9999306201934814,3,0.9999686479568481
684,7,2,0.9972183704376221,2,0.9241806268692017
685,8,8,0.9994853734970093,8,0.9999741315841675
686,3,3,1.0,3,0.9999988079071045
687,3,3,0.9999990463256836,3,0.9999852180480957
688,6,6,0.9999322891235352,6,0.9973805546760559
689,7,7,0.4928174316883087,7,0.583289623260498
690,2,2,0.9999638795852661,2,0.9998995065689087
691,8,8,0.5605171918869019,9,0.8321698307991028
692,5,5,0.9966807961463928,5,0.9995162487030029
693,8,8,0.9995322227478027,8,0.999752938747406
694,5,5,0.9999991655349731,5,0.9999901056289673
695,1,1,0.9998724460601807,1,0.9901142120361328
696,1,1,0.9932183623313904,1,0.759652853012085
697,4,4,0.9999971389770508,4,0.9999570846557617
698,4,4,0.9999992847442627,4,0.9999858140945435
699,3,3,0.9999226331710815,3,0.9776975512504578
700,1,1,0.9997852444648743,1,0.9205846786499023
701,0,0,0.9999879598617554,0,0.9999889135360718
702,7,7,0.9926908612251282,7,0.9993384480476379
703,7,7,0.8766608238220215,7,0.9619486927986145
704,0,0,0.9998528957366943,0,0.9999486207962036
705,7,7,0.9995419979095459,7,0.9963790774345398
706,9,9,0.999961256980896,9,0.9999284744262695
707,4,4,0.6999228000640869,4,0.9532908797264099
708,4,4,0.9999996423721313,4,0.9999501705169678
709,8,8,0.9999979734420776,8,0.9999805688858032
710,5,5,1.0,5,0.9999983310699463
711,5,5,0.9999855756759644,5,0.9999749660491943
712,4,4,0.998796820640564,4,0.9938043355941772
713,0,0,0.999942421913147,0,0.9992765784263611
714,8,8,0.9999960660934448,8,0.9999470710754395
715,2,2,0.9999680519104004,2,0.998594343662262
716,1,1,0.9921991229057312,7,0.627991795539856
717,0,0,0.6211875081062317,0,0.9547058343887329
718,8,8,0.9999996423721313,8,0.9999943971633911
719,4,4,1.0,4,0.9999972581863403
720,5,8,0.9983466863632202,5,0.5977587699890137
721,0,0,0.9999758005142212,0,0.9999979734420776
722,4,4,0.9999998807907104,4,0.9999995231628418
723,0,0,0.9999897480010986,0,0.9977855682373047
724,6,6,0.9999880790710449,6,0.9999980926513672
725,1,1,0.9995728135108948,1,0.9789445400238037
726,7,7,0.9023585319519043,7,0.5782057642936707
727,3,3,1.0,3,0.9999674558639526
728,2,2,0.9997726082801819,2,0.9985424280166626
729,6,6,0.9999986886978149,6,0.9999856948852539
730,7,7,0.9999767541885376,7,0.9999592304229736
731,2,2,1.0,2,0.9998805522918701
732,6,6,1.0,6,0.9999998807907104
733,9,9,0.9999305009841919,9,0.9987195730209351
734,3,3,0.9999954700469971,3,0.9999984502792358
735,1,1,0.9999732971191406,1,0.9898389577865601
736,4,4,0.9999972581863403,4,0.9999948740005493
737,6,6,0.9999986886978149,6,0.9998169541358948
738,2,2,0.9999170303344727,2,0.9968031644821167
739,5,5,0.9999874830245972,5,0.9999006986618042
740,4,4,0.8459420800209045,4,0.8534987568855286
741,2,2,0.9998691082000732,2,0.9865173101425171
742,0,0,1.0,0,0.9999985694885254
743,6,6,0.999957799911499,6,0.9999772310256958
744,2,2,1.0,2,0.999996542930603
745,1,1,0.9997593760490417,1,0.9997789263725281
746,7,7,0.991156816482544,7,0.9901825785636902
747,3,3,0.9999996423721313,3,0.9999669790267944
748,4,4,0.9999556541442871,4,0.9913812279701233
749,1,1,0.9994463324546814,1,0.9846092462539673
750,0,0,0.9999984502792358,0,0.9999946355819702
751,5,5,0.9999995231628418,5,0.9999903440475464
752,4,4,0.9999988079071045,4,0.9999914169311523
753,3,3,0.9999986886978149,3,0.9999974966049194
754,1,1,0.9996165037155151,1,0.9812257885932922
755,1,1,0.99973064661026,1,0.9663540124893188
756,7,7,0.9999891519546509,7,0.9995731711387634
757,4,4,1.0,4,0.9999880790710449
758,9,9,0.9994020462036133,9,0.9991306662559509
759,9,9,0.9991006851196289,9,0.9959355592727661
760,4,4,0.9687485694885254,4,0.9435126781463623
761,8,8,0.9991586208343506,6,0.6561177372932434
762,4,4,0.9999998807907104,4,0.9999508857727051
763,0,0,0.9999994039535522,0,0.9999724626541138
764,2,2,0.9999992847442627,2,0.9995593428611755
765,4,4,1.0,4,0.9999891519546509
766,5,5,0.999945878982544,5,0.9999511241912842
767,1,1,0.9996063113212585,1,0.9982454776763916
768,1,1,0.999990701675415,1,0.9948176741600037
769,6,6,0.9999810457229614,6,0.9996448755264282
770,4,4,0.999995231628418,4,0.9999948740005493
771,7,7,0.9986795783042908,7,0.9999736547470093
772,1,1,0.9999430179595947,1,0.9779760241508484
773,9,9,0.9994739890098572,9,0.9986043572425842
774,4,4,0.9974502921104431,4,0.8921625018119812
775,2,2,0.9993147850036621,2,0.9920180439949036
776,4,4,0.9999817609786987,4,0.9999969005584717
777,1,1,0.999879002571106,1,0.9646496772766113
778,5,5,0.9999864101409912,5,0.9999215602874756
779,5,5,0.9999998807907104,5,0.9999803304672241
780,3,3,0.9998205304145813,3,0.9999517202377319
781,8,8,0.9964307546615601,8,0.9903479814529419
782,3,3,0.9998676776885986,3,0.9998852014541626
783,1,1,0.9999452829360962,1,0.9957356452941895
784,4,4,0.9999997615814209,4,0.9999995231628418
785,5,5,0.9969431757926941,5,0.999992847442627
786,6,6,0.9859334826469421,6,0.9929916858673096
787,8,8,0.999990701675415,8,0.9999004602432251
788,9,9,0.9991876482963562,9,0.9992551207542419
789,4,4,0.9999852180480957,4,0.9982469081878662
790,1,1,0.999567449092865,1,0.9969223141670227
791,5,5,0.6705414056777954,5,0.9929474592208862
792,3,3,1.0,3,1.0
793,8,8,0.9999996423721313,8,0.9999973773956299
794,0,0,0.9999966621398926,0,0.9999967813491821
795,3,3,0.9999996423721313,3,0.9997125267982483
796,2,2,1.0,2,0.999972939491272
797,5,5,0.5488970279693604,5,0.9708393216133118
798,1,1,0.9994687438011169,1,0.9606963992118835
799,2,2,0.9999980926513672,2,0.999991774559021
800,8,8,0.9999589920043945,8,0.9998962879180908
801,3,3,0.9999977350234985,3,0.9999980926513672
802,4,4,0.9999969005584717,4,0.9997887015342712
803,4,4,1.0,4,0.9999896287918091
804,0,0,0.9999996423721313,0,0.9998952150344849
805,8,8,1.0,8,0.999982476234436
806,8,8,0.999998927116394,8,0.999998927116394
807,3,3,0.9999992847442627,3,0.9999998807907104
808,3,3,0.9997854828834534,3,0.9998351335525513
809,1,1,0.9992315769195557,1,0.9818812012672424
810,7,7,0.5959343910217285,7,0.9982861876487732
811,3,3,1.0,3,0.9999947547912598
812,5,5,1.0,5,0.9999986886978149
813,9,9,0.8676941990852356,9,0.5562909245491028
814,6,6,0.9999978542327881,6,0.9997348189353943
815,3,3,0.999991774559021,3,0.9999970197677612
816,2,2,0.9986122846603394,2,0.9981318116188049
817,6,6,0.998630166053772,6,0.9999996423721313
818,1,1,0.999911904335022,1,0.8641104698181152
819,3,3,1.0,3,1.0
820,6,6,1.0,6,0.9999984502792358
821,0,0,0.9996651411056519,0,0.9999449253082275
822,7,7,1.0,7,0.9999998807907104
823,2,2,0.9949389696121216,2,0.9966057538986206
824,1,1,0.9995563626289368,1,0.9854969382286072
825,7,7,0.9999538660049438,7,0.9997166991233826
826,1,1,0.999967098236084,1,0.9933532476425171
827,4,4,0.9999009370803833,4,0.9995189905166626
828,2,2,0.9993649125099182,2,0.9940191507339478
829,4,4,0.9999411106109619,4,0.998917818069458
830,2,2,0.9999871253967285,2,0.9713760018348694
831,1,1,0.9990338087081909,1,0.9100393652915955
832,7,7,0.8931877017021179,7,0.9640401601791382
833,9,9,0.9173577427864075,9,0.8639108538627625
834,6,6,0.9796058535575867,6,0.9993359446525574
835,1,1,0.9988289475440979,1,0.9654412269592285
836,1,1,0.9988046884536743,1,0.9847325682640076
837,2,2,0.9979000091552734,2,0.9995562434196472
838,4,4,0.9999998807907104,4,0.9999994039535522
839,8,8,0.9966052770614624,8,0.9986735582351685
840,1,1,0.9992181062698364,1,0.992448091506958
841,7,7,0.9976046085357666,7,0.9999908208847046
842,7,7,0.9934533834457397,7,0.9907174706459045
843,4,4,1.0,4,0.9999998807907104
844,8,8,0.9124447107315063,8,0.9899207353591919
845,0,0,0.9999998807907104,0,0.9999994039535522
846,7,7,0.9978405237197876,7,0.9862009882926941
847,3,3,1.0,3,0.9999996423721313
848,1,1,0.9985449314117432,1,0.9971678853034973
849,3,3,0.9999998807907104,3,0.9999971389770508
850,1,1,0.999940037727356,1,0.962835967540741
851,0,0,0.9999973773956299,0,0.999957799911499
852,7,7,0.9998892545700073,7,0.9961787462234497
853,7,7,0.999626874923706,7,0.9995180368423462
854,0,0,0.9999988079071045,0,0.999993085861206
855,3,3,1.0,3,0.9999980926513672
856,5,5,0.9999487400054932,5,0.9999535083770752
857,5,5,0.9994252920150757,5,0.9977622032165527
858,2,2,0.9999983310699463,2,0.9994413256645203
859,7,7,0.9994297623634338,7,0.9976997971534729
860,6,6,1.0,6,1.0
861,6,6,0.9999997615814209,6,0.9999980926513672
862,9,9,0.9987932443618774,9,0.9997956156730652
863,2,2,0.9994598031044006,2,0.998591959476471
864,8,8,0.9999988079071045,8,0.9998438358306885
865,3,3,0.9999957084655762,3,0.9999486207962036
866,5,5,0.999782145023346,5,0.9985488057136536
867,2,2,0.9999980926513672,2,0.9996930360794067
868,2,2,0.9999991655349731,2,0.9964902997016907
869,5,5,0.9999712705612183,5,0.9999599456787109
870,6,6,0.9862337112426758,6,0.9990543723106384
871,0,0,0.9999951124191284,0,0.9999967813491821
872,8,8,0.9999212026596069,8,0.9996175765991211
873,2,2,0.9999638795852661,2,0.671386182308197
874,9,9,0.9546499848365784,9,0.9168509840965271
875,2,2,0.9945912957191467,2,0.993285596370697
876,8,8,1.0,8,0.9999970197677612
877,8,8,0.998955488204956,8,0.9999396800994873
878,8,8,0.9999792575836182,8,0.9721291065216064
879,8,8,0.9999996423721313,8,0.9998705387115479
880,7,7,0.999998927116394,7,0.9999136924743652
881,4,4,0.9543377757072449,4,0.994629979133606
882,9,7,0.44387730956077576,7,0.7018352746963501
883,3,3,0.9480952024459839,3,0.9639838933944702
884,0,0,0.9999970197677612,0,0.9996622800827026
885,6,6,0.9497191309928894,6,0.9992759823799133
886,6,6,0.999998927116394,6,0.9999984502792358
887,3,3,0.9999986886978149,3,0.9999986886978149
888,2,2,0.9999752044677734,2,0.995182454586029
889,1,1,0.9999662637710571,1,0.9890168905258179
890,3,3,0.9998492002487183,3,0.9996851682662964
891,2,2,0.9999936819076538,2,0.9999943971633911
892,2,2,0.9999996423721313,2,0.999707043170929
893,9,9,0.996359646320343,9,0.9992989301681519
894,3,3,0.9993645548820496,3,0.9998915195465088
895,0,0,0.8345268368721008,8,0.9163205027580261
896,0,0,0.9997588992118835,0,0.9996292591094971
897,5,5,0.9999998807907104,5,0.9999996423721313
898,7,3,0.7456321120262146,7,0.9984527826309204
899,8,8,0.9999996423721313,8,0.9999903440475464
900,1,3,0.9037891030311584,3,0.5496450066566467
901,4,4,0.9999978542327881,4,0.9999961853027344
902,4,4,0.9999549388885498,4,0.9950380921363831
903,6,6,0.9999994039535522,6,0.9998798370361328
904,0,0,0.9999938011169434,0,0.9999346733093262
905,2,2,1.0,2,0.9996567964553833
906,9,9,0.9984657764434814,9,0.9999501705169678
907,1,1,0.9994675517082214,1,0.9939676523208618
908,4,4,0.9996711015701294,4,0.9972004890441895
909,7,7,0.9871689081192017,7,0.9878963232040405
910,4,4,0.999994158744812,4,0.9999910593032837
911,7,7,0.9999313354492188,7,0.9999481439590454
912,3,3,1.0,3,1.0
913,9,9,0.9522888660430908,9,0.9990577101707458
914,8,8,0.9999992847442627,8,0.9999971389770508
915,8,8,0.9950525164604187,8,0.9994275569915771
916,4,4,0.9988266825675964,4,0.9909220337867737
917,7,7,0.9999107122421265,7,0.9931595325469971
918,1,1,0.9994039535522461,1,0.9865022897720337
919,2,2,0.9999686479568481,2,0.9990928173065186
920,1,1,0.9993709921836853,1,0.9896078705787659
921,2,2,1.0,2,0.9999686479568481
922,2,2,0.9096530675888062,2,0.9966963529586792
923,3,3,1.0,3,1.0
924,2,2,0.6354821920394897,2,0.9708476066589355
925,3,3,0.9999979734420776,3,0.9999994039535522
926,2,2,0.9905822277069092,2,0.9475932121276855
927,3,3,0.9999916553497314,3,0.9999955892562866
928,9,9,0.9955896139144897,9,0.9973262548446655
929,1,1,0.9995865225791931,1,0.9670261740684509
930,7,7,0.9775854349136353,7,0.9997425675392151
931,4,4,0.9999496936798096,4,0.9948545694351196
932,0,0,0.9999946355819702,0,0.9999954700469971
933,3,3,0.9997660517692566,3,0.9999960660934448
934,5,5,0.9999961853027344,5,0.9999969005584717
935,5,5,0.9927369952201843,5,0.9999233484268188
936,8,8,0.9939874410629272,8,0.990814745426178
937,6,6,1.0,6,0.999992847442627
938,3,3,0.9262250065803528,5,0.82524573802948
939,2,2,0.9430693984031677,2,0.9600880742073059
940,6,6,0.9998950958251953,6,0.9960861206054688
941,7,7,0.9999998807907104,7,0.999987006187439
942,6,6,0.9999996423721313,6,0.9999818801879883
943,6,6,0.9997465014457703,6,0.9991311430931091
944,3,3,0.9995369911193848,3,0.9979044198989868
945,2,2,0.9999983310699463,2,0.9999115467071533
946,7,7,0.9552158117294312,7,0.9826955795288086
947,8,8,0.8631964921951294,8,0.9284600615501404
948,1,1,0.9999814033508301,1,0.9960178732872009
949,1,1,0.9997616410255432,1,0.9654207825660706
950,7,7,0.9952978491783142,7,0.9986912608146667
951,5,5,0.9990882873535156,5,0.6983482837677002
952,6,6,0.9991545677185059,6,0.9999384880065918
953,4,4,0.999990701675415,4,0.9995641112327576
954,9,9,0.9925001263618469,9,0.9967251420021057
955,5,5,0.9996260404586792,5,0.9996542930603027
956,1,1,0.5007604360580444,3,0.45473626255989075
957,3,3,0.8745055794715881,3,0.9478888511657715
958,3,3,0.6671244502067566,3,0.9238197803497314
959,4,4,0.9999271631240845,4,0.9996166229248047
960,7,7,0.8345797657966614,7,0.8418280482292175
961,8,8,0.9999971389770508,8,0.9999808073043823
962,9,9,0.6588662266731262,9,0.7439475059509277
963,1,1,0.9967390894889832,1,0.9798705577850342
964,1,1,0.9978796243667603,1,0.9849896430969238
965,6,6,0.6532126665115356,6,0.9199174046516418
966,9,9,0.7674527764320374,8,0.5500404238700867
967,1,1,0.9999699592590332,1,0.9797189235687256
968,4,4,0.9999992847442627,4,0.9999982118606567
969,4,4,0.9999583959579468,4,0.9970928430557251
970,5,5,0.9997199177742004,5,0.9999152421951294
971,4,4,0.9999998807907104,4,0.9999995231628418
972,0,0,1.0,0,0.9999994039535522
973,6,6,0.9999997615814209,6,0.9999957084655762
974,2,2,0.9999997615814209,2,0.9999841451644897
975,2,2,0.9986791014671326,2,0.9696133732795715
976,3,3,0.9968961477279663,3,0.9952400922775269
977,1,1,0.9993652701377869,1,0.9918124675750732
978,5,5,0.9999998807907104,5,0.9999994039535522
979,1,1,0.9998014569282532,1,0.9803226590156555
980,2,2,1.0,2,0.9999974966049194
981,0,0,0.9999881982803345,0,0.9999921321868896
982,3,3,0.9986854195594788,3,0.9992156028747559
983,8,8,0.9999872446060181,8,0.9999887943267822
984,1,1,0.9994989633560181,1,0.9916132688522339
985,2,2,0.9999971389770508,2,0.999576985836029
986,6,6,0.9999990463256836,6,0.9999946355819702
987,7,7,0.9999371767044067,7,0.9998959302902222
988,1,1,0.996948778629303,1,0.892435610294342
989,6,6,0.9996311664581299,6,0.9993545413017273
990,2,2,0.999964714050293,2,0.9907495379447937
991,3,3,1.0,3,0.9999189376831055
992,9,9,0.998415470123291,9,0.9991310238838196
993,0,0,0.9999904632568359,0,0.998853325843811
994,1,1,0.9573401808738708,1,0.8166912198066711
995,2,2,0.9999994039535522,2,0.9998152852058411
996,2,2,0.9999998807907104,2,0.9999896287918091
997,0,0,1.0,0,0.9999924898147583
998,8,8,0.9823325276374817,8,0.9924564361572266
999,9,9,0.9991051554679871,9,0.9992386102676392
1000,9,9,0.999603807926178,9,0.999497652053833
1001,0,0,0.9999895095825195,0,0.9999406337738037
1002,2,2,0.8545101881027222,2,0.9944250583648682
1003,5,5,0.5758751630783081,5,0.9994124174118042
1004,1,1,0.997282862663269,1,0.9328510761260986
1005,9,9,0.9884181618690491,9,0.9969583749771118
1006,7,7,0.9979210495948792,7,0.9934855103492737
1007,8,8,0.9999960660934448,8,0.9999738931655884
1008,1,1,0.999985933303833,1,0.9745046496391296
1009,0,0,0.9999704360961914,0,0.9999910593032837
1010,4,4,0.9999957084655762,4,0.9999899864196777
1011,1,1,0.9999936819076538,1,0.9950554370880127
1012,7,3,0.6784800291061401,7,0.9499258399009705
1013,9,9,0.9989585876464844,9,0.9893049001693726
1014,6,6,0.8078866004943848,6,0.8018994927406311
1015,4,4,0.9978173971176147,4,0.9991368651390076
1016,2,2,0.9999982118606567,2,0.9999974966049194
1017,6,6,0.9999945163726807,6,0.9999997615814209
1018,8,8,0.9999953508377075,8,0.999790608882904
1019,1,1,0.9987682700157166,1,0.998205304145813
1020,3,3,0.9999986886978149,3,0.9997974038124084
1021,7,7,0.9995430707931519,7,0.9996787309646606
1022,5,5,0.9983527660369873,5,0.9987554550170898
1023,4,4,0.9999995231628418,4,0.9999998807907104
1024,4,4,0.999492883682251,4,0.7353928685188293
1025,1,1,0.9995471835136414,1,0.986380398273468
1026,8,8,0.995690643787384,8,0.989575982093811
1027,1,1,0.9997581839561462,1,0.9947243332862854
1028,3,3,0.9999608993530273,3,0.9999614953994751
1029,8,8,0.9999582767486572,8,0.9998314380645752
1030,1,1,0.9963997602462769,1,0.9506136178970337
1031,2,2,0.9998341798782349,2,0.9992722868919373
1032,5,5,0.9515087008476257,5,0.9948170781135559
1033,8,8,0.9517765045166016,8,0.9985733032226562
1034,0,0,0.9998146891593933,0,0.9999712705612183
1035,6,6,0.9999998807907104,6,0.9999996423721313
1036,2,2,0.9999940395355225,2,0.9986660480499268
1037,1,1,0.9999674558639526,1,0.7829136252403259
1038,1,1,0.9998555183410645,1,0.9928280711174011
1039,7,2,0.8865624666213989,1,0.48098504543304443
1040,1,1,0.9995620846748352,1,0.983960747718811
1041,5,5,1.0,5,0.9999996423721313
1042,3,3,0.9999967813491821,3,0.9998677968978882
1043,4,4,0.9999998807907104,4,0.9999804496765137
1044,6,6,0.8847206234931946,6,0.8839437961578369
1045,9,1,0.6612409353256226,9,0.5608012080192566
1046,5,5,0.9999463558197021,5,0.9998749494552612
1047,0,0,0.9999982118606567,0,0.9999911785125732
1048,9,9,0.9987103939056396,9,0.9995651841163635
1049,2,2,1.0,2,0.9999861717224121
1050,2,2,0.9992615580558777,2,0.896950364112854
1051,4,4,0.9999983310699463,4,0.9999260902404785
1052,8,8,0.9999966621398926,8,0.9998239874839783
1053,2,2,0.9999998807907104,2,0.9999866485595703
1054,1,1,0.9997711777687073,1,0.9876644015312195
1055,7,7,0.9988455772399902,7,0.9995961785316467
1056,2,2,0.9997003078460693,2,0.9966245889663696
1057,4,4,0.9999908208847046,4,0.9998548030853271
1058,9,9,0.9979096055030823,9,0.9937174320220947
1059,4,4,1.0,4,0.9999991655349731
1060,4,4,0.9994804263114929,4,0.9997015595436096
1061,0,0,0.9999533891677856,0,0.999640703201294
1062,3,3,0.9999669790267944,3,0.9998956918716431
1063,9,9,0.9998989105224609,9,0.9992979764938354
1064,2,2,0.9999996423721313,2,0.9998989105224609
1065,2,2,0.9997946619987488,2,0.9998088479042053
1066,3,3,0.9997348189353943,3,0.9417620301246643
1067,3,3,1.0,3,0.9998809099197388
1068,8,8,0.9669139385223389,8,0.9987573623657227
1069,3,3,0.9999500513076782,3,0.9997414946556091
1070,5,5,1.0,5,0.9999997615814209
1071,7,7,0.9999920129776001,7,0.9990602135658264
1072,3,3,0.9955251812934875,3,0.9001967906951904
1073,5,5,0.9999994039535522,5,0.9998621940612793
1074,8,8,0.999993085861206,8,0.9999972581863403
1075,1,1,0.9993498921394348,1,0.9887115955352783
1076,2,2,0.9999289512634277,2,0.9975548386573792
1077,4,4,0.9999963045120239,4,0.9998120665550232
1078,4,4,0.9989112615585327,4,0.9912769794464111
1079,6,6,0.9999922513961792,6,0.9996914863586426
1080,4,4,0.9994565844535828,4,0.9881373047828674
1081,9,9,0.8023912906646729,9,0.9888213872909546
1082,5,5,0.9702694416046143,5,0.9883641004562378
1083,1,1,0.999656081199646,1,0.973899245262146
1084,0,0,1.0,0,0.9999960660934448
1085,6,6,0.999900221824646,6,0.9999464750289917
1086,9,9,0.9943147301673889,9,0.9975348711013794
1087,5,5,0.9993143081665039,5,0.9991278052330017
1088,9,9,0.9999896287918091,9,0.9996374845504761
1089,5,5,0.9990069270133972,5,0.9993823766708374
1090,9,9,0.8454210162162781,9,0.5877379179000854
1091,7,7,0.9491082429885864,7,0.999698281288147
1092,3,3,0.9999698400497437,3,0.9996858835220337
1093,8,8,0.9990850687026978,8,0.9999305009841919
1094,0,0,0.9998705387115479,0,0.9929608702659607
1095,3,3,0.9999997615814209,3,0.9999934434890747
1096,7,7,0.9998425245285034,7,0.9999978542327881
1097,1,1,0.9998435974121094,1,0.9852191209793091
1098,3,3,0.9988470077514648,3,0.9997873902320862
1099,6,6,0.9999648332595825,6,0.9997989535331726
1100,7,7,0.9999812841415405,7,0.9996452331542969
1101,8,3,0.7165778875350952,8,0.9940979480743408
1102,5,5,1.0,5,1.0
1103,9,9,0.9463788270950317,9,0.9902715086936951
1104,7,7,0.9999887943267822,7,0.9993255138397217
1105,9,9,0.9998286962509155,9,0.9996951818466187
1106,6,6,1.0,6,0.9999936819076538
1107,9,9,0.9731112122535706,9,0.9082647562026978
1108,6,6,0.9996417760848999,6,0.9998434782028198
1109,3,3,0.9999929666519165,3,0.999995231628418
1110,7,7,0.9999991655349731,7,0.9998533725738525
1111,4,4,0.9999996423721313,4,0.9999475479125977
1112,4,6,0.8090009093284607,4,0.5172737836837769
1113,5,5,1.0,5,0.9999998807907104
1114,3,3,0.5390826463699341,3,0.6878968477249146
1115,5,5,0.9999399185180664,5,0.9999957084655762
1116,4,4,0.9999834299087524,4,0.9977543950080872
1117,7,7,0.9996329545974731,7,0.9998061060905457
1118,8,8,0.9919562339782715,8,0.9928267002105713
1119,7,7,0.9999963045120239,7,0.9999628067016602
1120,8,8,0.9998854398727417,8,0.9998623132705688
1121,0,0,0.9999375343322754,0,0.9982434511184692
1122,7,7,0.9996424913406372,7,0.9936484694480896
1123,6,6,1.0,6,0.9999676942825317
1124,8,8,0.9898656010627747,8,0.9904166460037231
1125,8,8,0.9895116686820984,8,0.9997400641441345
1126,7,7,0.9999991655349731,7,0.9999841451644897
1127,3,3,1.0,3,0.9999977350234985
1128,3,3,0.9947826266288757,3,0.999923586845398
1129,1,1,0.9997344613075256,1,0.9997764229774475
1130,9,9,0.639129638671875,9,0.9534637331962585
1131,5,5,0.9945908784866333,5,0.9993847608566284
1132,2,2,0.9999998807907104,2,0.9989198446273804
1133,7,7,0.9992243051528931,7,0.9945076107978821
1134,3,3,0.999990701675415,3,0.9999971389770508
1135,5,5,0.9998855590820312,5,0.9989431500434875
1136,1,1,0.9999172687530518,1,0.9950222969055176
1137,1,1,0.9998495578765869,1,0.9763310551643372
1138,2,2,0.9920551180839539,2,0.6034513711929321
1139,1,1,0.999818742275238,1,0.9403963088989258
1140,4,4,0.9999996423721313,4,0.9999916553497314
1141,7,7,0.9997199177742004,7,0.9989614486694336
1142,4,4,0.9999219179153442,4,0.9999474287033081
1143,7,2,0.890396237373352,7,0.9759736657142639
1144,5,5,0.9999943971633911,5,0.999994158744812
1145,4,4,0.9999927282333374,4,0.9999996423721313
1146,5,5,0.9998794794082642,5,0.9999186992645264
1147,4,4,1.0,4,0.9999982118606567
1148,0,0,0.9999979734420776,0,0.9999985694885254
1149,8,8,0.9999923706054688,8,0.9999566078186035
1150,3,3,0.9956941604614258,3,0.9993419051170349
1151,6,6,0.9975973963737488,6,0.9778891801834106
1152,9,9,0.999924898147583,9,0.9997567534446716
1153,6,6,0.9999134540557861,6,0.9907392263412476
1154,0,0,0.9999486207962036,0,0.9999939203262329
1155,2,2,0.9999728202819824,2,0.9987266659736633
1156,7,8,0.926146388053894,7,0.768734335899353
1157,4,4,0.936257541179657,4,0.9995038509368896
1158,4,4,1.0,4,0.9999998807907104
1159,4,4,0.9979337453842163,4,0.9994596838951111
1160,4,4,0.9999998807907104,4,0.9999502897262573
1161,6,6,0.9999912977218628,6,0.9998908042907715
1162,6,6,0.9999998807907104,6,0.9995713829994202
1163,4,4,0.9999992847442627,4,0.999983549118042
1164,7,7,0.9993946552276611,7,0.9983319640159607
1165,9,9,0.9940081834793091,9,0.9987857937812805
1166,3,8,0.6798243522644043,3,0.8359692692756653
1167,4,4,0.9997313618659973,4,0.6270771026611328
1168,5,5,1.0,5,0.9999990463256836
1169,5,5,0.9975287318229675,5,0.9993195533752441
1170,8,8,1.0,8,0.9999983310699463
1171,7,7,0.9999666213989258,7,0.9869253635406494
1172,3,3,0.9999997615814209,3,0.9999998807907104
1173,7,7,0.954791784286499,7,0.9801647663116455
1174,2,2,1.0,2,0.9999860525131226
1175,7,7,0.999977707862854,7,0.9983660578727722
1176,0,0,0.9999774694442749,0,0.9998565912246704
1177,2,2,0.9999904632568359,2,0.9983148574829102
1178,4,4,0.7014150023460388,4,0.7515739798545837
1179,1,1,0.9996953010559082,1,0.795515775680542
1180,1,1,0.9997645020484924,1,0.9650105237960815
1181,6,6,0.9243212342262268,6,0.9952179789543152
1182,6,5,0.8866324424743652,6,0.9325993657112122
1183,9,9,0.9929710030555725,9,0.9962018132209778
1184,2,2,0.9992313385009766,2,0.9844041466712952
1185,8,8,0.9999819993972778,8,0.9990341663360596
1186,7,7,0.9999836683273315,7,0.99996018409729
1187,2,2,0.9998898506164551,2,0.9999452829360962
1188,0,0,0.999711811542511,0,0.999889612197876
1189,1,1,0.9999488592147827,1,0.9963772892951965
1190,5,5,0.9999998807907104,5,0.9999997615814209
1191,0,0,0.9988362193107605,0,0.9874781370162964
1192,9,9,0.5275675058364868,9,0.8014479279518127
1193,1,1,0.999863862991333,1,0.9778173565864563
1194,7,7,0.796442985534668,7,0.6554000973701477
1195,0,0,0.9999269247055054,0,0.9993669390678406
1196,6,6,0.9999749660491943,6,0.9999587535858154
1197,0,0,0.9999345541000366,0,0.9768809080123901
1198,8,8,0.8761638402938843,8,0.9023838639259338
1199,6,6,0.9999998807907104,6,0.9999926090240479
1200,8,8,0.9999336004257202,8,0.9997184872627258
1201,1,1,0.9999755620956421,1,0.9776782989501953
1202,8,8,0.9982779026031494,8,0.9950913190841675
1203,0,0,0.9999998807907104,0,0.9999979734420776
1204,3,3,0.9999943971633911,3,0.9997833371162415
1205,3,3,1.0,3,0.9999997615814209
1206,7,7,0.995298445224762,7,0.9989827275276184
1207,2,2,1.0,2,0.9999927282333374
1208,3,3,0.9996387958526611,3,0.628004789352417
1209,6,6,0.9997288584709167,6,0.996566116809845
1210,2,2,0.9999943971633911,2,0.9997878670692444
1211,1,1,0.9928227066993713,1,0.9954962730407715
1212,6,6,0.9985533356666565,6,0.984097421169281
1213,1,1,0.9999566078186035,1,0.9956585168838501
1214,1,1,0.9987775683403015,1,0.9633502960205078
1215,3,3,0.9999468326568604,3,0.9998668432235718
1216,7,7,0.9679798483848572,7,0.9873269200325012
1217,9,9,0.973612904548645,9,0.9716552495956421
1218,0,0,0.9995587468147278,0,0.9999810457229614
1219,8,8,0.9991437196731567,8,0.9999402761459351
1220,0,0,0.9999923706054688,0,0.999993085861206
1221,5,5,0.9992915391921997,5,0.9999951124191284
1222,4,4,1.0,4,0.9999992847442627
1223,0,0,0.999981164932251,0,0.9999756813049316
1224,2,2,0.917519748210907,2,0.9989418387413025
1225,8,8,0.9999998807907104,8,0.9999815225601196
1226,7,2,0.6537628769874573,7,0.6723472476005554
1227,2,2,0.9999994039535522,2,0.9999865293502808
1228,9,9,0.9998598098754883,9,0.9879441261291504
1229,8,8,0.9999175071716309,8,0.9999922513961792
1230,4,4,0.9999181032180786,4,0.9988465309143066
1231,0,0,0.9999734163284302,0,0.9999755620956421
1232,9,4,0.9089941382408142,4,0.7103562951087952
1233,5,5,0.9999934434890747,5,0.9999594688415527
1234,8,8,0.9999920129776001,8,0.9998356103897095
1235,5,5,0.9995013475418091,5,0.9999179840087891
1236,1,1,0.9997739195823669,1,0.9680418372154236
1237,2,2,0.9974344372749329,2,0.9998977184295654
1238,1,1,0.999930739402771,1,0.9892222881317139
1239,3,3,0.9984124898910522,3,0.9769318699836731
1240,1,1,0.9997302889823914,1,0.9605857729911804
1241,7,7,0.9971255660057068,7,0.9967818260192871
1242,4,4,0.5089508891105652,4,0.6655543446540833
1243,5,5,0.9998595714569092,5,0.9996795654296875
1244,7,7,0.9956551790237427,7,0.9930167198181152
1245,2,2,0.9999996423721313,2,0.9999833106994629
1246,0,0,0.9999324083328247,0,0.9937887787818909
1247,9,5,0.851033627986908,5,0.5785554647445679
1248,8,8,0.9979249238967896,8,0.9856353998184204
1249,8,8,1.0,8,0.9999408721923828
1250,6,6,0.9988841414451599,6,0.9655701518058777
1251,2,2,0.9992200136184692,2,0.999994158744812
1252,5,5,0.9985015392303467,5,0.9998810291290283
1253,4,4,0.9980171918869019,4,1.0
1254,1,1,0.9999305009841919,1,0.9984551668167114
1255,9,9,0.9988641738891602,9,0.9997734427452087
1256,2,2,0.9995344877243042,2,0.8856679201126099
1257,1,1,0.9993301630020142,1,0.9982122182846069
1258,5,5,0.986091673374176,5,0.9997326731681824
1259,8,8,0.9999911785125732,8,0.9981290698051453
1260,7,1,0.9755302667617798,7,0.7398557066917419
1261,0,0,0.9999964237213135,0,0.9999487400054932
1262,2,2,0.9999914169311523,2,0.9996563196182251
1263,4,4,0.9995635151863098,4,0.9999963045120239
1264,4,4,0.9999874830245972,4,0.9999659061431885
1265,3,3,0.9999995231628418,3,0.9999023675918579
1266,6,6,0.9997988343238831,6,0.9999912977218628
1267,8,8,0.9999974966049194,8,0.9999760389328003
1268,8,8,0.9999998807907104,8,0.9998674392700195
1269,2,2,0.9999977350234985,2,0.9999089241027832
1270,4,4,0.9991631507873535,4,0.999500036239624
1271,0,0,0.9998928308486938,0,0.9999997615814209
1272,5,5,0.999625563621521,5,0.9999648332595825
1273,0,0,0.9977631568908691,0,0.983677864074707
1274,4,4,0.9981136322021484,4,0.9731658697128296
1275,4,4,0.9998847246170044,4,0.9978856444358826
1276,7,7,0.9989697933197021,7,0.9998992681503296
1277,9,9,0.9970570802688599,9,0.9996726512908936
1278,3,3,0.999998927116394,3,0.9999967813491821
1279,4,4,0.9999750852584839,4,0.9999568462371826
1280,1,1,0.9985345602035522,1,0.9193554520606995
1281,5,5,0.9998728036880493,5,0.9949938654899597
1282,9,9,0.9908245801925659,9,0.9861547350883484
1283,7,7,0.999870777130127,7,0.9999163150787354
1284,3,3,1.0,3,1.0
1285,5,5,0.9999998807907104,5,0.9999988079071045
1286,8,8,0.9999499320983887,8,0.9980390667915344
1287,8,8,0.9999865293502808,8,0.9999064207077026
1288,0,0,0.9999368190765381,0,0.9752829670906067
1289,5,3,0.8529878854751587,5,0.950776219367981
1290,3,3,0.9808337092399597,3,0.8835653066635132
1291,3,3,0.9997779726982117,3,0.999984860420227
1292,6,6,0.990462601184845,6,0.9991621971130371
1293,6,6,1.0,6,0.9999986886978149
1294,0,0,0.9999984502792358,0,0.9999781847000122
1295,1,1,0.9996635913848877,1,0.9957973957061768
1296,6,6,0.9361108541488647,6,0.9464130997657776
1297,0,0,0.9999951124191284,0,0.999975323677063
1298,3,3,0.9996048808097839,3,0.999919056892395
1299,5,5,0.5573083758354187,5,0.9982890486717224
1300,4,4,0.9998562335968018,4,0.9999805688858032
1301,4,4,0.9999880790710449,4,0.9998685121536255
1302,1,1,0.999645471572876,1,0.9773567318916321
1303,2,2,0.9999964237213135,2,0.9995194673538208
1304,9,9,0.9912802577018738,9,0.9970058798789978
1305,1,1,0.9993112087249756,1,0.9996453523635864
1306,4,4,0.9999998807907104,4,0.9999996423721313
1307,6,6,0.9999982118606567,6,0.9999974966049194
1308,9,9,0.99998939037323,9,0.9999749660491943
1309,9,9,0.9989983439445496,9,0.9999016523361206
1310,3,3,0.9999085664749146,3,0.9442005157470703
1311,9,9,0.9979168772697449,9,0.9991229176521301
1312,8,8,0.9983610510826111,8,0.9997264742851257
1313,4,4,0.9999972581863403,4,0.9998748302459717
1314,4,4,1.0,4,0.9999969005584717
1315,3,3,0.9999076128005981,3,0.9999618530273438
1316,1,1,0.9999567270278931,1,0.9950280785560608
1317,3,3,0.9999997615814209,3,0.9999994039535522
1318,1,1,0.9994494318962097,1,0.9992930889129639
1319,8,0,0.9177940487861633,8,0.9876282215118408
1320,8,8,0.9892498254776001,8,0.9911153316497803
1321,7,7,0.9997780919075012,7,0.9947147965431213
1322,9,9,0.99991774559021,9,0.9981350898742676
1323,4,4,0.9999998807907104,4,0.9999935626983643
1324,8,8,0.9999932050704956,8,0.9999122619628906
1325,8,8,0.937774658203125,8,0.9979027509689331
1326,7,7,0.9924706220626831,7,0.9962708950042725
1327,9,9,0.9596807956695557,9,0.9904356002807617
1328,7,8,0.8149749636650085,9,0.47954124212265015
1329,1,1,0.9999771118164062,1,0.9632532000541687
1330,4,4,0.9999980926513672,4,0.9999840259552002
1331,5,5,0.9814229011535645,5,0.9997016787528992
1332,6,6,1.0,6,0.9999973773956299
1333,0,0,1.0,0,0.9999995231628418
1334,5,5,0.9967963099479675,5,0.9999111890792847
1335,2,2,0.994187593460083,2,0.9995808005332947
1336,2,2,0.9987977743148804,2,0.9940119385719299
1337,2,2,0.7517505288124084,2,0.9976957440376282
1338,1,1,0.9999724626541138,1,0.9927863478660583
1339,5,5,0.9989952445030212,5,0.9911237955093384
1340,5,5,0.9999754428863525,5,0.9999797344207764
1341,2,2,1.0,2,0.9999985694885254
1342,4,4,1.0,4,0.9999985694885254
1343,9,9,0.9966539144515991,9,0.9768111705780029
1344,6,6,0.995333731174469,6,0.9942370653152466
1345,2,2,0.9999517202377319,2,0.9996964931488037
1346,7,7,0.9999940395355225,7,0.9971855282783508
1347,7,7,0.999434769153595,7,0.9987630844116211
1348,2,2,1.0,2,0.9991046786308289
1349,2,2,0.8535107374191284,2,0.9464591145515442
1350,1,1,0.9999904632568359,1,0.9974256157875061
1351,1,1,0.9991638660430908,1,0.9940459728240967
1352,2,2,0.999998927116394,2,0.9991682767868042
1353,8,8,0.9997137188911438,8,0.9999215602874756
1354,3,3,0.9999686479568481,3,0.9999957084655762
1355,7,7,0.9964163303375244,7,0.9910503625869751
1356,2,2,0.9984834790229797,2,0.99692302942276
1357,4,4,0.9999954700469971,4,0.9957874417304993
1358,1,1,0.9997790455818176,1,0.9870584607124329
1359,7,7,0.9999949932098389,7,0.9996209144592285
1360,1,1,0.999862551689148,1,0.9330760836601257
1361,7,7,0.9998445510864258,7,0.9989240765571594
1362,6,6,1.0,6,0.9999992847442627
1363,7,7,0.9993053674697876,7,0.9978260397911072
1364,8,8,0.9969738721847534,8,0.6173218488693237
1365,2,2,0.9981603026390076,2,0.9961138963699341
1366,7,7,0.9997747540473938,7,0.9986333250999451
1367,3,3,1.0,3,0.9999998807907104
1368,1,1,0.9992892742156982,1,0.986729621887207
1369,7,7,1.0,7,0.9999876022338867
1370,5,5,0.9998983144760132,5,0.9999873638153076
1371,8,8,0.9999998807907104,8,0.9999990463256836
1372,2,2,0.9999958276748657,2,0.9989581108093262
1373,6,6,1.0,6,0.9999986886978149
1374,2,2,0.9999983310699463,2,0.9999946355819702
1375,2,2,0.9999129772186279,2,0.999876856803894
1376,5,5,1.0,5,0.9999992847442627
1377,6,6,0.9999998807907104,6,0.9999953508377075
1378,5,5,0.9961508512496948,5,0.9955520033836365
1379,0,0,0.9999994039535522,0,0.9999988079071045
1380,9,9,0.872765302658081,9,0.9917786717414856
1381,2,2,0.9999940395355225,2,0.9999594688415527
1382,4,4,0.9999997615814209,4,0.9999998807907104
1383,3,3,0.9953718781471252,3,0.9999167919158936
1384,3,3,0.999995231628418,3,0.999653697013855
1385,9,9,0.9426218867301941,9,0.9694073796272278
1386,7,7,0.9999997615814209,7,0.9999992847442627
1387,6,6,0.9995253086090088,6,0.9999991655349731
1388,6,6,0.9999998807907104,6,0.9999996423721313
1389,8,8,0.9999998807907104,8,0.9999568462371826
1390,0,0,0.9999836683273315,0,0.9999997615814209
1391,4,4,0.9999983310699463,4,0.9999346733093262
1392,1,1,0.9988064765930176,1,0.9737178087234497
1393,5,3,0.9714165925979614,3,0.48078373074531555
1394,8,8,0.9956423044204712,8,0.9997230172157288
1395,2,8,0.9646419882774353,8,0.6880744695663452
1396,9,9,0.998367965221405,9,0.9949888586997986
1397,1,1,0.9999828338623047,1,0.997192919254303
1398,8,8,0.9936665892601013,8,0.9988890290260315
1399,0,0,0.9999951124191284,0,0.9999794960021973
1400,6,6,0.9997236132621765,6,0.9998958110809326
1401,7,7,0.9999967813491821,7,0.9997760653495789
1402,2,2,0.6855834126472473,2,0.7829667329788208
1403,1,1,0.9903807044029236,1,0.9333240985870361
1404,0,0,0.9998080134391785,0,0.9506844878196716
1405,5,5,0.9806375503540039,5,0.9946609139442444
1406,5,5,0.9996558427810669,5,0.9999855756759644
1407,2,2,1.0,2,0.9999831914901733
1408,0,0,1.0,0,0.9998805522918701
1409,2,2,0.9980947375297546,2,0.7877845764160156
1410,2,2,0.9997630715370178,2,0.9990888833999634
1411,0,0,0.9269231557846069,0,0.943023681640625
1412,2,2,0.9562512636184692,2,0.998482882976532
1413,4,4,0.9999909400939941,4,0.9991195797920227
1414,9,3,0.9402692317962646,9,0.7203554511070251
1415,8,8,0.9998637437820435,8,0.9877299666404724
1416,0,0,0.9999995231628418,0,0.999925971031189
1417,9,9,0.9971290230751038,9,0.9850261807441711
1418,9,9,0.97854083776474,9,0.9987881779670715
1419,4,4,1.0,4,0.9999939203262329
1420,6,6,0.999996542930603,6,0.9998981952667236
1421,5,5,0.9999983310699463,5,0.9999988079071045
1422,4,4,0.9999997615814209,4,0.9999910593032837
1423,9,9,0.9999756813049316,9,0.9966109395027161
1424,1,1,0.9999383687973022,1,0.9986106157302856
1425,8,4,0.7594649791717529,6,0.9742720723152161
1426,3,3,0.9999997615814209,3,0.9999948740005493
1427,4,4,1.0,4,0.9999982118606567
1428,9,9,0.974288821220398,9,0.9242870211601257
1429,9,4,0.9713965058326721,9,0.5166911482810974
1430,1,1,0.9999607801437378,1,0.9945038557052612
1431,2,2,0.9999382495880127,2,0.9897319674491882
1432,2,2,0.9999991655349731,2,0.9999154806137085
1433,8,3,0.892402708530426,8,0.9970605969429016
1434,1,1,0.9999659061431885,1,0.9965723752975464
1435,9,9,0.9740789532661438,9,0.9961185455322266
1436,6,6,0.9927525520324707,6,0.9771674275398254
1437,4,4,0.9991280436515808,4,0.999966025352478
1438,0,0,0.9986703395843506,0,0.5885043144226074
1439,9,9,0.9970487952232361,9,0.9867123365402222
1440,4,4,0.9968225955963135,4,0.9814667105674744
1441,8,8,0.9993135929107666,8,0.8456177115440369
1442,3,3,0.9999973773956299,3,0.9999736547470093
1443,8,8,0.9999985694885254,8,0.9999545812606812
1444,6,6,0.9770652055740356,6,0.9914201498031616
1445,0,0,0.9999977350234985,0,0.9997416138648987
1446,2,2,0.9999727010726929,2,0.9990405440330505
1447,5,5,0.5822793245315552,5,0.8897641897201538
1448,1,1,0.9998125433921814,1,0.9852821230888367
1449,9,9,0.9999221563339233,9,0.9998409748077393
1450,6,6,0.9999998807907104,6,0.9999960660934448
1451,2,2,0.9998037219047546,2,0.9976372718811035
1452,9,9,0.9999253749847412,9,0.9996477365493774
1453,4,4,0.9990622401237488,4,0.9818940758705139
1454,0,0,0.9999086856842041,0,0.9998024106025696
1455,9,9,0.9307110905647278,9,0.9527456164360046
1456,6,6,0.9997943043708801,6,0.999891996383667
1457,0,0,1.0,0,1.0
1458,6,6,0.9999994039535522,6,0.9999997615814209
1459,2,2,0.9124360680580139,2,0.8347359299659729
1460,5,5,0.9999958276748657,5,0.9999983310699463
1461,4,4,0.9999997615814209,4,0.9999909400939941
1462,2,2,0.9999954700469971,2,0.9448624849319458
1463,3,3,0.9997830986976624,3,0.9984138011932373
1464,8,8,0.9746741652488708,8,0.9995543360710144
1465,4,4,0.9990867376327515,4,0.9982736110687256
1466,5,5,0.9973164200782776,5,0.9996463060379028
1467,5,5,0.9995160102844238,5,0.9997604489326477
1468,0,0,0.9989076852798462,0,0.9998328685760498
1469,3,3,0.9999144077301025,3,0.9999649524688721
1470,8,8,0.9991746544837952,8,0.9991193413734436
1471,5,5,0.9999998807907104,5,0.9999920129776001
1472,3,3,0.9989588260650635,3,0.9984627962112427
1473,5,5,0.9999994039535522,5,0.999993085861206
1474,8,8,0.9999873638153076,8,0.9999529123306274
1475,6,6,0.9946987628936768,6,0.9951527118682861
1476,5,5,0.9997369647026062,5,0.9996114373207092
1477,7,7,0.9999810457229614,7,0.9999762773513794
1478,6,6,0.9998072981834412,6,0.9999580383300781
1479,3,3,1.0,3,0.9999991655349731
1480,3,3,0.9999998807907104,3,0.9999880790710449
1481,9,9,0.9997550845146179,9,0.9996845722198486
1482,6,6,0.999855637550354,6,0.9999247789382935
1483,1,1,0.9992921352386475,1,0.9808872938156128
1484,1,1,0.998722493648529,1,0.9648804664611816
1485,2,2,0.9999992847442627,2,0.9999971389770508
1486,9,9,0.9931097030639648,9,0.9984721541404724
1487,0,0,0.999993085861206,0,0.9999926090240479
1488,4,4,1.0,4,0.9999748468399048
1489,3,3,0.9999001026153564,3,0.9999960660934448
1490,3,3,0.998872697353363,3,0.9987937211990356
1491,6,6,1.0,6,0.9999994039535522
1492,9,9,0.9993981122970581,9,0.9992915391921997
1493,5,5,0.9999985694885254,5,0.9999995231628418
1494,7,7,0.9996449947357178,7,0.8567926287651062
1495,3,3,0.9999995231628418,3,0.9993391633033752
1496,7,7,0.5625492334365845,9,0.7719429135322571
1497,7,7,0.9999990463256836,7,0.9999911785125732
1498,7,7,0.9999998807907104,7,0.9999942779541016
1499,8,8,0.9998829364776611,8,0.999819815158844
1500,7,1,0.6894937753677368,7,0.874354898929596
1501,9,9,0.8379759788513184,9,0.9847518801689148
1502,8,8,0.999563992023468,8,0.9953014850616455
1503,3,3,0.9995617270469666,3,0.9987779259681702
1504,0,0,0.9999680519104004,0,0.9996660947799683
1505,7,7,0.9792848825454712,7,0.9882392883300781
1506,2,2,1.0,2,0.9999966621398926
1507,7,7,0.9990991353988647,7,0.9972467422485352
1508,9,9,0.5784714818000793,4,0.8087583184242249
1509,4,4,0.9995375871658325,4,0.9989057779312134
1510,5,5,0.9993434548377991,5,0.9998040795326233
1511,4,4,0.9999904632568359,4,0.9999473094940186
1512,9,9,0.9996193647384644,9,0.9970366954803467
1513,3,3,0.9984182119369507,3,0.9999597072601318
1514,2,2,0.9993915557861328,2,0.9981223940849304
1515,1,1,0.9999864101409912,1,0.9894132614135742
1516,4,4,0.9999285936355591,4,0.9992569088935852
1517,0,0,0.9999994039535522,0,0.9999936819076538
1518,2,2,0.999518632888794,2,0.94559246301651
1519,3,3,0.99997878074646,3,0.9997305274009705
1520,7,7,0.9999656677246094,7,0.9998272061347961
1521,5,5,0.9999998807907104,5,0.999997615814209
1522,7,9,0.28248724341392517,9,0.9755622148513794
1523,8,8,0.9999796152114868,8,0.9988742470741272
1524,8,8,0.9998916387557983,8,0.9999953508377075
1525,5,5,0.9999349117279053,5,0.9997305274009705
1526,0,0,0.9999966621398926,0,0.9995311498641968
1527,1,3,0.38359305262565613,3,0.7351495623588562
1528,1,1,0.9999957084655762,1,0.9915482401847839
1529,4,4,0.999995231628418,4,1.0
1530,8,8,0.9376917481422424,8,0.9886415600776672
1531,3,3,0.9833283424377441,3,0.9545878767967224
1532,9,9,0.9908239841461182,9,0.9865877032279968
1533,0,0,0.9998366832733154,0,0.9819127321243286
1534,0,0,0.9999994039535522,0,0.9994082450866699
1535,0,0,0.9999836683273315,0,0.9998899698257446
1536,6,6,0.9999997615814209,6,0.9999996423721313
1537,6,6,0.9999978542327881,6,0.9999963045120239
1538,2,2,0.9999544620513916,2,0.9999566078186035
1539,3,3,0.9999998807907104,3,0.9999934434890747
1540,7,7,0.9999864101409912,7,0.9979426264762878
1541,8,8,0.9999971389770508,8,0.9999960660934448
1542,4,4,1.0,4,0.9999990463256836
1543,7,7,0.9834449291229248,7,0.9816713929176331
1544,7,7,0.9999624490737915,7,0.9997883439064026
1545,9,9,0.9999005794525146,9,0.9999712705612183
1546,2,2,0.9999289512634277,2,0.8206498622894287
1547,4,4,0.9999812841415405,4,0.999834418296814
1548,1,1,0.9997324347496033,1,0.9747280478477478
1549,4,4,0.991662859916687,4,0.9999583959579468
1550,5,5,0.9999960660934448,5,0.9999867677688599
1551,2,2,0.9986118078231812,2,0.9852151870727539
1552,4,4,0.9977599382400513,4,0.9997720122337341
1553,9,3,0.5958732962608337,9,0.9056947231292725
1554,9,9,0.5425388813018799,9,0.9841508865356445
1555,1,1,0.9987310767173767,1,0.9865022897720337
1556,8,8,0.9999992847442627,8,0.9999973773956299
1557,4,4,0.9999979734420776,4,0.9998063445091248
1558,0,0,0.9989652633666992,0,0.9930514097213745
1559,9,9,0.5935536623001099,9,0.8214600682258606
1560,8,8,1.0,8,0.9999984502792358
1561,4,4,0.99998939037323,4,0.9996067881584167
1562,8,8,0.9999779462814331,8,0.9998807907104492
1563,7,7,0.9999921321868896,7,0.9971261620521545
1564,7,7,0.9997565150260925,7,0.9968780279159546
1565,0,0,0.9999994039535522,0,0.9999799728393555
1566,7,7,0.9944593906402588,7,0.9948605895042419
1567,8,8,0.9999961853027344,8,0.9999988079071045
1568,8,8,0.9998863935470581,8,0.9980308413505554
1569,6,6,0.9560908079147339,6,0.9865291118621826
1570,0,0,0.762144148349762,0,0.998406708240509
1571,4,4,0.9996974468231201,4,0.9984695315361023
1572,8,8,0.9999997615814209,8,0.9999892711639404
1573,8,8,0.999997615814209,8,0.9999371767044067
1574,2,2,1.0,2,0.9999998807907104
1575,4,4,0.999998927116394,4,0.9996299743652344
1576,7,7,0.9995738863945007,7,0.9997612833976746
1577,6,6,0.9999986886978149,6,0.999985933303833
1578,6,6,0.9999966621398926,6,0.9999922513961792
1579,6,6,0.9994410872459412,6,0.9965171813964844
1580,4,4,0.9999209642410278,4,0.9987226128578186
1581,7,7,0.9874152541160583,7,0.9561460614204407
1582,1,1,0.999776303768158,1,0.9982519745826721
1583,8,8,0.9925434589385986,8,0.9836918115615845
1584,8,8,0.9999761581420898,8,0.9986384510993958
1585,2,2,0.9999998807907104,2,0.9993923902511597
1586,3,3,0.9999929666519165,3,0.991672694683075
1587,6,6,0.9999881982803345,6,0.9999046325683594
1588,3,3,0.999998927116394,3,0.9999997615814209
1589,0,0,0.9999250173568726,0,0.9999685287475586
1590,0,0,0.99998939037323,0,0.9995110034942627
1591,3,3,0.9999933242797852,3,0.9993371367454529
1592,7,7,0.999566376209259,7,0.9999299049377441
1593,6,6,0.9970420002937317,6,0.9977713823318481
1594,9,9,0.9965131878852844,9,0.9632108211517334
1595,7,7,0.9995197057723999,7,0.9945830702781677
1596,9,9,0.999339759349823,9,0.9981587529182434
1597,9,9,0.9503173232078552,9,0.917801558971405
1598,5,5,0.999996542930603,5,1.0
1599,4,4,0.9994989633560181,4,0.9999773502349854
1600,3,3,0.9998216032981873,3,0.9996236562728882
1601,3,3,0.995758593082428,3,0.9999771118164062
1602,6,6,0.9999537467956543,6,0.9994186162948608
1603,1,1,0.999951958656311,1,0.9846256971359253
1604,2,2,0.9999938011169434,2,0.9980463981628418
1605,3,3,0.9999818801879883,3,0.9999957084655762
1606,7,7,0.9994856119155884,7,0.9676345586776733
1607,3,3,0.9991727471351624,3,0.9849659204483032
1608,3,3,0.9999990463256836,3,0.9999994039535522
1609,2,2,0.9916025996208191,2,0.9955872297286987
1610,0,0,0.9999966621398926,0,0.9999994039535522
1611,3,3,0.9992722868919373,3,0.7564945816993713
1612,3,3,0.9998857975006104,3,0.9988341927528381
1613,8,8,0.9999995231628418,8,0.9993056058883667
1614,4,4,0.8933658599853516,4,0.9984104633331299
1615,3,3,0.9999995231628418,3,0.9999966621398926
1616,6,6,0.9999998807907104,6,0.9999991655349731
1617,3,3,0.9981645941734314,3,0.9927127957344055
1618,5,5,0.9657357931137085,5,0.9998992681503296
1619,0,0,0.9993189573287964,0,0.9993767142295837
1620,2,2,0.997749388217926,2,0.9951015114784241
1621,0,0,0.6789710521697998,6,0.7421628832817078
1622,9,9,0.9993854761123657,9,0.9998573064804077
1623,0,0,1.0,0,0.9999998807907104
1624,7,7,0.9999719858169556,7,0.9998026490211487
1625,4,4,0.9999996423721313,4,0.9999902248382568
1626,6,6,0.9997914433479309,6,0.9980354905128479
1627,9,9,0.9592243432998657,9,0.9981133937835693
1628,3,3,0.9991462230682373,3,0.9998798370361328
1629,5,5,1.0,5,0.9999998807907104
1630,1,1,0.9999808073043823,1,0.9932297468185425
1631,9,9,0.9976688027381897,9,0.9964078068733215
1632,6,6,0.9999990463256836,6,0.9999915361404419
1633,1,1,0.9998830556869507,1,0.99795001745224
1634,4,4,0.8379812836647034,4,0.9975232481956482
1635,5,5,0.9999997615814209,5,0.9999778270721436
1636,4,4,0.9999866485595703,4,0.9974865913391113
1637,5,5,0.9969017505645752,5,0.9990220069885254
1638,0,0,0.999995231628418,0,0.9995597004890442
1639,5,5,0.9999978542327881,5,0.9999979734420776
1640,9,9,0.9996260404586792,9,0.9998906850814819
1641,5,6,0.8973882794380188,6,0.9837088584899902
1642,2,2,0.9999783039093018,2,0.9951477646827698
1643,1,1,0.999976634979248,1,0.9974234104156494
1644,2,2,0.9907576441764832,2,0.9799286723136902
1645,9,9,0.9997623562812805,9,0.9980185031890869
1646,1,1,0.9976207613945007,1,0.9995321035385132
1647,9,9,0.9980168342590332,9,0.9797515273094177
1648,9,9,0.9981715679168701,9,0.9953859448432922
1649,4,4,0.999998927116394,4,0.9999957084655762
1650,0,0,0.9684910178184509,0,0.999016523361206
1651,8,8,0.9999963045120239,8,0.9998841285705566
1652,4,4,1.0,4,0.9999353885650635
1653,5,5,0.9999979734420776,5,0.9999711513519287
1654,2,2,0.9996052384376526,2,0.9902927875518799
1655,9,9,0.9999368190765381,9,0.999496340751648
1656,2,2,0.9999977350234985,2,0.9998216032981873
1657,1,1,0.9999730587005615,1,0.9978360533714294
1658,2,2,0.9999526739120483,2,0.999586284160614
1659,1,1,0.999616265296936,1,0.9814085364341736
1660,7,7,0.9997003078460693,7,0.9991264939308167
1661,3,3,1.0,3,0.9999865293502808
1662,6,6,1.0,6,0.9999998807907104
1663,8,8,0.9999994039535522,8,0.9999430179595947
1664,8,8,0.9975534081459045,8,0.9998179078102112
1665,4,4,0.9999997615814209,4,0.999640941619873
1666,9,9,0.9736623167991638,9,0.998862624168396
1667,1,1,0.9999595880508423,1,0.9990023970603943
1668,9,9,0.9841927886009216,9,0.999018669128418
1669,8,8,0.9986729621887207,8,0.9983006119728088
1670,5,5,0.9999868869781494,5,0.9998677968978882
1671,7,3,0.8734791278839111,7,0.9916625022888184
1672,5,5,0.9996926784515381,5,0.9893254041671753
1673,1,1,0.998306393623352,1,0.8996526002883911
1674,1,1,0.9999862909317017,1,0.9606065154075623
1675,8,8,0.9999775886535645,8,0.9999860525131226
1676,6,6,0.9999947547912598,6,0.9061314463615417
1677,5,5,0.999998927116394,5,0.9999645948410034
1678,2,2,0.8996699452400208,2,0.9394113421440125
1679,4,4,1.0,4,0.9999986886978149
1680,4,4,0.9999608993530273,4,0.9981208443641663
1681,3,3,0.9953503608703613,3,0.8875342607498169
1682,2,2,0.9999922513961792,2,0.9996246099472046
1683,3,3,1.0,3,0.9999967813491821
1684,5,5,0.9996669292449951,5,0.9990231990814209
1685,6,6,0.9999998807907104,6,0.999983549118042
1686,8,8,0.8817698359489441,8,0.9644856452941895
1687,8,8,0.9862990975379944,8,0.9989303946495056
1688,6,6,0.9994239807128906,6,0.9997308850288391
1689,2,2,0.8463871479034424,2,0.952389121055603
1690,3,3,0.9999412298202515,3,0.9992340803146362
1691,1,1,0.8398367166519165,1,0.7246370911598206
1692,0,0,0.9999912977218628,0,0.9999969005584717
1693,5,5,0.9999994039535522,5,0.9998736381530762
1694,8,8,0.5347110033035278,8,0.5267083048820496
1695,9,9,0.9973714351654053,9,0.974055290222168
1696,2,2,0.9994662404060364,2,0.9951176643371582
1697,9,9,0.9896764159202576,9,0.952076256275177
1698,6,6,1.0,6,0.9999997615814209
1699,7,7,0.9999967813491821,7,0.9999704360961914
1700,0,0,0.9999971389770508,0,0.999988317489624
1701,4,4,0.9995636343955994,4,0.994692862033844
1702,8,8,0.9973766803741455,8,0.9878628253936768
1703,7,7,0.99985671043396,7,0.9952491521835327
1704,1,1,0.9984656572341919,1,0.9687038064002991
1705,7,7,0.9999703168869019,7,0.998753547668457
1706,4,4,0.9999998807907104,4,0.9999121427536011
1707,1,1,0.999815046787262,1,0.9956390857696533
1708,0,0,0.9999995231628418,0,0.9999979734420776
1709,9,5,0.6518869996070862,5,0.5045775175094604
1710,7,7,0.9999774694442749,7,0.9943108558654785
1711,2,2,0.9985947012901306,2,0.9955719709396362
1712,0,0,0.9999101161956787,0,0.9999977350234985
1713,0,0,0.9999980926513672,0,0.9999862909317017
1714,9,9,0.9992203712463379,9,0.9883120656013489
1715,1,1,0.9999586343765259,1,0.968996524810791
1716,7,7,0.8071844577789307,7,0.7171245813369751
1717,8,0,0.5797256827354431,8,0.9996414184570312
1718,7,2,0.574527382850647,7,0.9934700727462769
1719,8,8,1.0,8,0.9999996423721313
1720,4,4,0.9993174076080322,4,0.9999949932098389
1721,7,7,0.5493163466453552,7,0.8489396572113037
1722,2,2,0.6606100797653198,2,0.9950302839279175
1723,0,0,1.0,0,0.9999992847442627
1724,4,4,0.9999994039535522,4,0.9999819993972778
1725,6,6,0.8679829239845276,6,0.9991039633750916
1726,0,0,0.9999998807907104,0,0.9999934434890747
1727,3,3,1.0,3,0.9999388456344604
1728,1,1,0.9999825954437256,1,0.9895944595336914
1729,1,1,0.9990552067756653,1,0.981339156627655
1730,3,3,0.9996371269226074,3,0.8873041272163391
1731,3,3,1.0,3,1.0
1732,9,9,0.9891746044158936,9,0.9807832837104797
1733,6,6,1.0,6,0.9999775886535645
1734,7,7,0.9999997615814209,7,0.9999998807907104
1735,4,4,0.9995875954627991,4,0.9974967837333679
1736,1,1,0.9999179840087891,1,0.9956681728363037
1737,5,2,0.5338286757469177,5,0.5948067903518677
1738,3,3,0.9999986886978149,3,0.9999942779541016
1739,0,0,0.9998200535774231,0,0.9999790191650391
1740,8,8,0.9999982118606567,8,0.9999762773513794
1741,7,7,0.9328297972679138,7,0.9885112047195435
1742,3,3,0.9999982118606567,3,0.9999896287918091
1743,9,9,0.9960836172103882,9,0.9985815286636353
1744,6,6,0.9999953508377075,6,0.9999707937240601
1745,9,9,0.999920129776001,9,0.9991782307624817
1746,3,3,0.9997146725654602,3,0.9976855516433716
1747,5,5,0.9982954859733582,5,0.9992930889129639
1748,0,0,0.9999158382415771,0,0.9999288320541382
1749,2,2,0.9999964237213135,2,0.997729480266571
1750,7,7,0.964708685874939,7,0.9996576309204102
1751,4,4,0.8136541247367859,4,0.7373831868171692
1752,5,5,0.9999997615814209,5,0.9999983310699463
1753,1,1,0.9999632835388184,1,0.9882460236549377
1754,7,2,0.9990065693855286,7,0.6919986009597778
1755,5,5,0.9999865293502808,5,0.9993019104003906
1756,8,8,0.9999561309814453,8,0.9999046325683594
1757,0,0,0.9999217987060547,0,0.999915599822998
1758,8,8,0.9999997615814209,8,0.9999966621398926
1759,8,8,0.9999405145645142,8,0.9991046786308289
1760,1,1,0.999919056892395,1,0.9941666126251221
1761,5,5,0.9999948740005493,5,0.9998388290405273
1762,0,0,0.9992024302482605,0,0.9986705780029297
1763,3,3,0.9999898672103882,3,0.9998626708984375
1764,0,0,0.9999858140945435,0,0.9999563694000244
1765,3,3,0.999997615814209,3,0.9999877214431763
1766,1,1,0.9993308782577515,1,0.9978339076042175
1767,4,4,0.9997331500053406,4,0.9944674968719482
1768,0,0,0.9999858140945435,0,0.9999229907989502
1769,3,3,0.9994478821754456,3,0.9999963045120239
1770,7,7,0.999998927116394,7,0.9998902082443237
1771,2,2,0.9999986886978149,2,0.9995813965797424
1772,7,7,0.9843788743019104,7,0.9999527931213379
1773,1,1,0.9992891550064087,1,0.718564510345459
1774,8,8,0.9977937936782837,8,0.9872099161148071
1775,0,0,0.9998264908790588,0,0.9991138577461243
1776,7,7,0.9990686774253845,7,0.9989780187606812
1777,0,0,0.9999964237213135,0,0.9999755620956421
1778,4,4,0.9964751601219177,4,0.9994170665740967
1779,3,3,0.9999997615814209,3,0.9999932050704956
1780,1,1,0.9997877478599548,1,0.9723789095878601
1781,9,9,0.8844407200813293,9,0.8375445008277893
1782,8,8,0.8888343572616577,9,0.8479382991790771
1783,7,7,0.9971206188201904,7,0.9576239585876465
1784,7,7,0.9999936819076538,7,0.9993183612823486
1785,1,1,0.9977867603302002,1,0.9043877720832825
1786,4,4,0.9998055100440979,4,0.9999520778656006
1787,9,9,0.9999791383743286,9,0.9999780654907227
1788,9,9,0.9985257983207703,9,0.996661901473999
1789,3,3,0.9999872446060181,3,0.9994834661483765
1790,2,2,0.827237606048584,2,0.7215105295181274
1791,1,1,0.9999492168426514,1,0.9975687861442566
1792,7,7,0.8738388419151306,7,0.9996916055679321
1793,9,9,0.999958872795105,9,0.9999703168869019
1794,0,0,0.9905299544334412,0,0.9978320002555847
1795,2,2,1.0,2,0.9999969005584717
1796,0,0,0.9999967813491821,0,0.999974250793457
1797,3,3,0.9036939740180969,3,0.9936291575431824
1798,3,3,0.999940037727356,3,0.9999384880065918
1799,7,7,0.9999934434890747,7,0.9977490305900574
1800,6,6,0.9999955892562866,6,0.99124675989151
1801,9,9,0.9998406171798706,9,0.9995799660682678
1802,2,2,0.9999985694885254,2,0.9998669624328613
1803,3,3,1.0,3,0.9999592304229736
1804,3,3,1.0,3,0.9999996423721313
1805,7,7,0.9999998807907104,7,0.9998644590377808
1806,7,7,0.9993982315063477,7,0.9967790246009827
1807,0,0,0.9999996423721313,0,0.9999940395355225
1808,0,0,0.9998981952667236,0,0.9983312487602234
1809,7,7,0.8908194303512573,7,0.9509996175765991
1810,5,5,0.9999982118606567,5,0.9999946355819702
1811,2,2,0.9999277591705322,2,0.9910879731178284
1812,9,9,0.9975564479827881,9,0.999786913394928
1813,8,8,0.9998834133148193,8,0.9988911747932434
1814,7,7,0.9997879862785339,7,0.995019793510437
1815,4,4,0.9999997615814209,4,0.9999966621398926
1816,4,4,0.9999996423721313,4,0.9999310970306396
1817,2,2,0.999998927116394,2,0.9999841451644897
1818,6,6,0.9999616146087646,6,0.9994459748268127
1819,6,6,0.9928035140037537,6,0.9957394599914551
1820,1,1,0.9989482760429382,1,0.9996201992034912
1821,9,9,0.9999502897262573,9,0.9999352693557739
1822,6,6,0.9745821952819824,6,0.9994206428527832
1823,8,8,0.9993317723274231,8,0.9792274832725525
1824,2,2,0.9999995231628418,2,0.9999092817306519
1825,9,9,0.8686220645904541,9,0.9778624773025513
1826,0,0,0.9999988079071045,0,0.9999991655349731
1827,8,8,0.9999861717224121,8,0.9999604225158691
1828,3,3,0.9998704195022583,3,0.9921492338180542
1829,1,1,0.9997463822364807,1,0.9982256293296814
1830,1,1,0.9987263083457947,1,0.9601652026176453
1831,6,6,0.9999998807907104,6,0.9999942779541016
1832,3,3,0.9999997615814209,3,0.9999997615814209
1833,5,5,0.9934995174407959,5,0.9986026883125305
1834,1,1,0.9999696016311646,1,0.9948825836181641
1835,1,1,0.9993168115615845,1,0.9598668813705444
1836,1,1,0.9997444748878479,1,0.9824069738388062
1837,3,3,0.9999897480010986,3,0.9999948740005493
1838,1,1,0.9743229746818542,1,0.9949507713317871
1839,2,2,0.9964993000030518,2,0.9835554957389832
1840,3,3,0.9999959468841553,3,0.9998712539672852
1841,0,0,0.999983549118042,0,0.9999358654022217
1842,2,2,0.9999852180480957,2,0.9994762539863586
1843,0,0,0.9999183416366577,0,0.9055913686752319
1844,1,1,0.995664656162262,1,0.9265879392623901
1845,3,3,1.0,3,0.9999995231628418
1846,5,5,0.9987955093383789,5,0.9990885257720947
1847,5,6,0.4537581503391266,5,0.90122389793396
1848,7,7,0.9999620914459229,7,0.9998056292533875
1849,4,4,0.9996970891952515,4,0.999388575553894
1850,8,8,0.9952303171157837,8,0.9994351267814636
1851,9,9,0.9940921664237976,9,0.9856186509132385
1852,6,6,0.9980134963989258,6,0.9996756315231323
1853,9,9,0.9986777901649475,9,0.8953546285629272
1854,6,6,0.9999998807907104,6,0.9999680519104004
1855,8,8,0.9947904348373413,8,0.9957832098007202
1856,3,3,0.9999637603759766,3,0.9999697208404541
1857,6,6,0.9999985694885254,6,0.9947996139526367
1858,6,6,1.0,6,0.9999991655349731
1859,8,8,0.9999997615814209,8,0.9994176626205444
1860,5,5,0.999971866607666,5,0.9998167157173157
1861,1,1,0.9998145699501038,1,0.9636518955230713
1862,4,4,0.9992228746414185,4,0.9525757431983948
1863,2,2,1.0,2,0.9999990463256836
1864,4,4,0.9999995231628418,4,0.999386191368103
1865,4,4,0.9793114066123962,4,0.9984233379364014
1866,5,5,0.9998770952224731,5,0.9995988011360168
1867,1,1,0.999862790107727,1,0.9950709342956543
1868,1,1,0.9856237173080444,1,0.9721928834915161
1869,9,9,0.9949797987937927,9,0.9984357953071594
1870,0,0,1.0,0,0.9999996423721313
1871,2,2,0.8926141858100891,2,0.9110944867134094
1872,4,4,0.9999673366546631,4,0.9990354776382446
1873,9,9,0.9606577754020691,9,0.9997820258140564
1874,5,5,0.9992092251777649,5,0.9926413893699646
1875,7,7,0.9999833106994629,7,0.9998747110366821
1876,1,1,0.9998704195022583,1,0.9681149125099182
1877,8,8,0.9999692440032959,8,0.9997009038925171
1878,8,3,0.8482784628868103,3,0.8398546576499939
1879,5,5,0.99983811378479,5,0.9995793700218201
1880,6,0,0.5653703808784485,6,0.9645114541053772
1881,9,9,0.9987457990646362,9,0.9980883002281189
1882,8,8,0.9999703168869019,8,0.9999508857727051
1883,7,7,0.9688830375671387,7,0.9945441484451294
1884,1,1,0.999980092048645,1,0.9987068176269531
1885,1,1,0.9940444827079773,1,0.9953155517578125
1886,6,6,0.9998012185096741,6,0.9997560381889343
1887,7,7,0.9995959401130676,7,0.9985878467559814
1888,6,6,0.9599724411964417,6,0.9940007328987122
1889,3,3,0.9999995231628418,3,0.9999958276748657
1890,2,2,1.0,2,0.9999997615814209
1891,2,2,1.0,2,0.9999986886978149
1892,0,0,1.0,0,1.0
1893,8,8,0.9998989105224609,8,0.9999929666519165
1894,9,9,0.9659733176231384,9,0.8589174747467041
1895,2,2,1.0,2,0.9998646974563599
1896,5,5,0.9999806880950928,5,0.9999939203262329
1897,1,1,0.9997603297233582,1,0.989364743232727
1898,0,0,0.5287502408027649,0,0.9997956156730652
1899,8,8,0.9878838658332825,8,0.9891700148582458
1900,1,1,0.6653556823730469,1,0.9111183285713196
1901,9,4,0.9416127800941467,4,0.9308426976203918
1902,5,5,0.9999432563781738,5,0.9998400211334229
1903,7,2,0.4855220913887024,7,0.9483076333999634
1904,9,9,0.9983353018760681,9,0.9577711820602417
1905,6,6,0.9999969005584717,6,0.9999922513961792
1906,9,9,0.9955803751945496,9,0.9475122094154358
1907,0,0,0.9998514652252197,0,0.9992490410804749
1908,6,6,0.997965931892395,6,0.9992836117744446
1909,1,1,0.9565240740776062,1,0.5473834872245789
1910,5,5,0.9989103078842163,5,0.999153733253479
1911,5,5,0.9998093247413635,5,0.9965927004814148
1912,8,8,0.9999988079071045,8,0.9999279975891113
1913,3,3,0.9984810948371887,3,0.9998737573623657
1914,8,8,1.0,8,0.999991774559021
1915,2,2,0.9997308850288391,2,0.9994683861732483
1916,6,6,0.9990283250808716,6,0.999847412109375
1917,5,5,0.994186282157898,5,0.9999380111694336
1918,0,0,0.9999822378158569,0,0.9996836185455322
1919,7,7,0.9999879598617554,7,0.999339759349823
1920,4,4,0.9997891783714294,4,0.9984292387962341
1921,6,6,0.9999998807907104,6,0.9999657869338989
1922,1,1,0.9998347759246826,1,0.9931403994560242
1923,3,3,1.0,3,1.0
1924,4,4,0.9999175071716309,4,0.9999505281448364
1925,7,7,0.9999889135360718,7,0.9966666102409363
1926,3,3,0.9999827146530151,3,0.9999306201934814
1927,2,2,0.9918131828308105,2,0.9996039271354675
1928,3,3,1.0,3,0.9999918937683105
1929,4,4,0.9997848868370056,4,0.9995875954627991
1930,2,2,1.0,2,0.9999969005584717
1931,5,5,0.9999501705169678,5,0.9997100234031677
1932,2,2,0.9999995231628418,2,0.9995514750480652
1933,7,7,0.9529778957366943,7,0.9985405206680298
1934,1,1,0.9999812841415405,1,0.9648649096488953
1935,7,7,0.9999963045120239,7,0.9992979764938354
1936,2,2,0.9999988079071045,2,0.9999264478683472
1937,6,6,0.9994065761566162,6,0.9994470477104187
1938,4,4,0.9999758005142212,4,0.9995207786560059
1939,1,1,0.9999816417694092,1,0.9852015376091003
1940,5,5,0.9997993111610413,5,0.9999063014984131
1941,7,7,0.9817239046096802,7,0.9679467678070068
1942,8,8,0.9999644756317139,8,0.9970741271972656
1943,6,6,0.9996780157089233,6,0.9998703002929688
1944,0,0,0.9999991655349731,0,0.9999905824661255
1945,1,1,0.9998034834861755,1,0.9983603358268738
1946,8,8,0.9999973773956299,8,0.9999936819076538
1947,2,2,0.9999799728393555,2,0.9689517617225647
1948,5,5,0.9922202229499817,5,0.9997735619544983
1949,7,7,0.9999667406082153,7,0.9943470358848572
1950,7,7,0.9999991655349731,7,0.9998257756233215
1951,6,6,0.8657182455062866,6,0.9944907426834106
1952,9,9,0.9836951494216919,9,0.9794616103172302
1953,3,3,0.9999974966049194,3,0.9996949434280396
1954,5,5,0.9971433281898499,5,0.9654268026351929
1955,8,2,0.6787254810333252,8,0.997296154499054
1956,4,4,0.9963047504425049,4,0.9653369188308716
1957,2,2,1.0,2,0.9999961853027344
1958,4,4,1.0,4,0.9999997615814209
1959,0,0,0.9999982118606567,0,0.9996022582054138
1960,8,8,0.9999955892562866,8,0.9999392032623291
1961,8,8,0.9999744892120361,8,0.9998935461044312
1962,3,3,1.0,3,0.9998558759689331
1963,4,4,0.9997237324714661,4,0.9912699460983276
1964,9,9,0.9911072850227356,9,0.997711181640625
1965,2,2,0.999448835849762,2,0.9864491820335388
1966,7,7,1.0,7,0.9999994039535522
1967,5,5,1.0,5,0.9999997615814209
1968,8,8,0.9954416751861572,8,0.9920295476913452
1969,6,6,0.9410238265991211,6,0.8586529493331909
1970,5,5,0.9999856948852539,5,0.9996215105056763
1971,6,6,0.9999970197677612,6,0.9999983310699463
1972,0,0,0.9999997615814209,0,0.9999970197677612
1973,8,8,0.9986190795898438,8,0.9998189806938171
1974,6,6,0.9999988079071045,6,0.9999964237213135
1975,7,7,0.9999644756317139,7,0.999710738658905
1976,3,3,0.9993441700935364,3,0.9973142743110657
1977,6,6,0.999428927898407,6,0.9999516010284424
1978,4,4,0.9999743700027466,4,0.9999306201934814
1979,9,9,0.9954183101654053,9,0.9989908337593079
1980,4,4,1.0,4,0.9999988079071045
1981,6,6,0.9823384881019592,6,0.9869838953018188
1982,6,6,0.9147695899009705,6,0.9893965125083923
1983,3,3,0.9999756813049316,3,0.9998824596405029
1984,2,2,0.9999995231628418,2,0.9996964931488037
1985,4,4,0.999996542930603,4,0.9999556541442871
1986,1,1,0.9999476671218872,1,0.9872971773147583
1987,0,0,0.9999768733978271,0,0.9999557733535767
1988,1,1,0.9984459280967712,1,0.8974701762199402
1989,4,4,0.983666181564331,4,0.9965800642967224
1990,6,6,0.9981839060783386,6,0.9998039603233337
1991,2,2,0.9995682835578918,2,0.9933072924613953
1992,9,8,0.6442336440086365,8,0.9259923100471497
1993,1,1,0.9749014973640442,1,0.9911133646965027
1994,1,1,0.9996659755706787,1,0.968662440776825
1995,0,0,0.999995231628418,0,0.9999958276748657
1996,6,6,0.9999474287033081,6,0.9997262358665466
1997,3,3,0.9999994039535522,3,0.9999685287475586
1998,9,9,0.9746395945549011,9,0.9857236742973328
1999,5,5,0.9983507394790649,5,0.999546468257904
2000,6,6,0.9999129772186279,6,0.9998310804367065
2001,5,5,0.988974928855896,5,0.9961326122283936
2002,6,6,0.9997877478599548,6,0.9997791647911072
2003,5,5,0.9999991655349731,5,0.9999797344207764
2004,8,8,0.9418176412582397,8,0.9806971549987793
2005,4,4,0.999901533126831,4,0.9990463852882385
2006,6,6,0.9999948740005493,6,0.9935424327850342
2007,4,4,0.9999997615814209,4,0.9999998807907104
2008,3,3,0.999982476234436,3,0.9994959831237793
2009,9,2,0.6725427508354187,9,0.9970567226409912
2010,1,1,0.9989266991615295,1,0.9871994853019714
2011,3,3,0.9999995231628418,3,0.9999619722366333
2012,4,4,0.9999998807907104,4,0.9999818801879883
2013,1,1,0.9992660880088806,1,0.9935023188591003
2014,9,9,0.9728900194168091,9,0.9888339638710022
2015,1,1,0.9999966621398926,1,0.9846253395080566
2016,7,7,0.9999533891677856,7,0.9998657703399658
2017,1,1,0.9998937845230103,1,0.9927324652671814
2018,1,1,0.8475582003593445,7,0.8124886155128479
2019,9,9,0.996852695941925,9,0.9801141619682312
2020,3,3,0.999990701675415,3,0.9999903440475464
2021,5,5,0.9999326467514038,5,0.999998927116394
2022,4,4,0.9999973773956299,4,0.9999091625213623
2023,0,0,0.9998242259025574,0,0.9960559606552124
2024,7,8,0.4890466332435608,9,0.5833854675292969
2025,3,3,0.9168466925621033,3,0.7946729063987732
2026,6,6,0.9999982118606567,6,0.9999986886978149
2027,1,1,0.9718501567840576,1,0.4782358705997467
2028,7,7,0.9972679615020752,7,0.9720234274864197
2029,5,5,0.9967879056930542,5,0.9973498582839966
2030,5,5,0.9994239807128906,5,0.9999721050262451
2031,3,3,1.0,3,1.0
2032,3,3,1.0,3,0.9999858140945435
2033,0,0,0.9974231719970703,0,0.9451510906219482
2034,1,1,0.9999536275863647,1,0.9962194561958313
2035,5,5,0.9992806315422058,5,0.5269044637680054
2036,7,7,0.9999958276748657,7,0.9997010231018066
2037,5,5,0.9869360327720642,5,0.9861413240432739
2038,8,8,0.9976242184638977,8,0.9989545345306396
2039,6,6,0.9999967813491821,6,0.9999845027923584
2040,5,6,0.9591922163963318,6,0.9724552631378174
2041,1,1,0.9997672438621521,1,0.9463934302330017
2042,0,0,0.9999945163726807,0,0.9999876022338867
2043,4,8,0.7988483309745789,8,0.5536358952522278
2044,2,2,0.9998435974121094,2,0.9994114637374878
2045,3,3,0.9999998807907104,3,0.9999980926513672
2046,4,4,0.9999068975448608,4,0.999530553817749
2047,6,6,0.9999920129776001,6,0.9999996423721313
2048,7,4,0.3951437473297119,4,0.4013063907623291
2049,9,9,0.9688493013381958,9,0.8798222541809082
2050,8,8,0.9996544122695923,8,0.999977707862854
2051,1,1,0.9998742341995239,1,0.9968876242637634
2052,8,4,0.6844115853309631,8,0.9905523061752319
2053,4,4,0.840797483921051,4,0.9757636785507202
2054,9,9,0.9999239444732666,9,0.9961265921592712
2055,2,2,0.9975347518920898,2,0.9993539452552795
2056,8,8,0.9999253749847412,8,0.9999829530715942
2057,6,6,0.992551326751709,6,0.9999477863311768
2058,2,2,0.991218626499176,2,0.9620978236198425
2059,7,7,0.9990940093994141,7,0.9916874766349792
2060,0,0,0.9999314546585083,0,0.9980584979057312
2061,0,0,0.9999992847442627,0,0.9998756647109985
2062,6,6,1.0,6,0.9999988079071045
2063,7,7,0.9599141478538513,7,0.8902806639671326
2064,5,5,0.9993734955787659,5,0.999930739402771
2065,8,8,0.9999785423278809,8,0.9997947812080383
2066,6,6,0.9997466206550598,6,0.9993481040000916
2067,0,0,0.9998841285705566,0,0.9992382526397705
2068,9,9,0.9816133975982666,9,0.9992499947547913
2069,3,3,0.9999980926513672,3,0.9999493360519409
2070,7,9,0.7841923236846924,9,0.7386574149131775
2071,1,1,0.9993749260902405,1,0.955391526222229
2072,3,3,0.9999854564666748,3,0.9999992847442627
2073,5,5,0.9586011171340942,5,0.9875346422195435
2074,4,4,0.9999656677246094,4,0.9999352693557739
2075,3,3,0.9999853372573853,3,0.9999551773071289
2076,3,3,0.9999991655349731,3,0.9999607801437378
2077,5,5,0.9999974966049194,5,0.9999740123748779
2078,5,5,0.9999985694885254,5,0.9999395608901978
2079,6,6,0.9998314380645752,6,0.9978949427604675
2080,3,3,1.0,3,0.9999809265136719
2081,0,0,0.9999583959579468,0,0.9999094009399414
2082,2,2,0.9999456405639648,2,0.9926062822341919
2083,3,3,0.9999994039535522,3,0.9999938011169434
2084,4,4,0.9999725818634033,4,0.9973602890968323
2085,2,2,0.99997878074646,2,0.9991378784179688
2086,3,3,1.0,3,0.9999983310699463
2087,0,0,0.9999995231628418,0,0.9999779462814331
2088,9,9,0.9999657869338989,9,0.9998540878295898
2089,9,9,0.9943126440048218,9,0.9966477751731873
2090,4,4,0.7215043902397156,4,0.9897679686546326
2091,7,7,0.9999979734420776,7,0.9999995231628418
2092,2,2,0.9999291896820068,2,0.9987461566925049
2093,8,8,0.9991740584373474,8,0.9993085861206055
2094,4,4,0.9999487400054932,4,0.9951530694961548
2095,7,7,0.9989538192749023,7,0.9997434020042419
2096,0,0,0.9999995231628418,0,0.9999996423721313
2097,6,6,0.9999769926071167,6,0.9997606873512268
2098,2,2,0.9848737716674805,2,0.9873140454292297
2099,8,8,0.9892261624336243,8,0.999086856842041
2100,5,5,0.9998897314071655,5,0.9999895095825195
2101,2,2,0.9971899390220642,2,0.988907516002655
2102,8,8,1.0,8,0.9999988079071045
2103,5,5,0.9999669790267944,5,0.9999432563781738
2104,7,7,0.9991483688354492,7,0.9937397241592407
2105,3,3,0.9995183944702148,3,0.990675151348114
2106,0,0,0.9999754428863525,0,0.9998979568481445
2107,8,0,0.8640964031219482,8,0.982820987701416
2108,2,2,0.9999772310256958,2,0.9958145022392273
2109,3,3,0.47144046425819397,9,0.9080228805541992
2110,2,2,0.9999768733978271,2,0.9991245865821838
2111,8,8,0.9999990463256836,8,0.999996542930603
2112,2,2,0.9997774958610535,2,0.9993966817855835
2113,5,5,0.9981471300125122,5,0.9987972974777222
2114,5,5,0.9999922513961792,5,0.9999979734420776
2115,7,7,0.9999583959579468,7,0.9999964237213135
2116,6,6,0.9997860789299011,6,0.9965167045593262
2117,4,4,0.9999806880950928,4,0.9999940395355225
2118,6,0,0.9804546236991882,0,0.9618462324142456
2119,8,8,0.9999977350234985,8,0.9999920129776001
2120,4,4,0.9999947547912598,4,0.9999594688415527
2121,8,8,0.9999887943267822,8,0.9998432397842407
2122,2,2,0.9999788999557495,2,0.9918620586395264
2123,7,7,0.9997389912605286,7,0.9730067253112793
2124,4,4,0.9998432397842407,4,0.9999960660934448
2125,5,5,0.9441071152687073,5,0.999101996421814
2126,2,2,1.0,2,0.9999840259552002
2127,0,0,0.9999934434890747,0,0.9999961853027344
2128,3,3,0.9999998807907104,3,0.9999833106994629
2129,9,9,0.9902006983757019,8,0.7458603382110596
2130,4,9,0.8647469878196716,9,0.8160989284515381
2131,6,6,0.9881306886672974,6,0.9766885638237
2132,7,7,0.9999428987503052,7,0.9982830286026001
2133,2,2,0.9999972581863403,2,0.998063862323761
2134,5,5,0.9999955892562866,5,0.9999552965164185
2135,6,6,0.5523898005485535,1,0.48418891429901123
2136,1,1,0.9994229078292847,1,0.977397084236145
2137,1,1,0.9997287392616272,1,0.9924293160438538
2138,2,2,0.996527373790741,2,0.8984081745147705
2139,3,3,0.9999988079071045,3,1.0
2140,6,6,0.9999998807907104,6,0.9999897480010986
2141,7,7,0.9996719360351562,7,0.9896201491355896
2142,8,8,0.9999827146530151,8,0.990793764591217
2143,7,7,0.9817063212394714,7,0.9974609613418579
2144,6,6,0.9975221753120422,6,0.999690055847168
2145,4,4,0.9997277855873108,4,0.9993354678153992
2146,8,8,0.9999994039535522,8,0.9996776580810547
2147,9,9,0.9557302594184875,9,0.9558812975883484
2148,4,4,0.9399244785308838,9,0.4919522702693939
2149,8,8,0.9983364939689636,8,0.9985540509223938
2150,6,6,0.9999967813491821,6,0.9998995065689087
2151,3,3,0.9999650716781616,3,0.9999127388000488
2152,8,8,0.9999536275863647,8,0.9998475313186646
2153,3,3,0.514991044998169,3,0.9820262789726257
2154,1,1,0.9999094009399414,1,0.995157778263092
2155,0,0,0.999998927116394,0,0.9999772310256958
2156,6,6,0.9999872446060181,6,0.999934196472168
2157,2,2,0.9993926286697388,2,0.9965482354164124
2158,2,2,0.9985312223434448,2,0.9264112710952759
2159,5,5,0.9999926090240479,5,0.9999988079071045
2160,6,6,0.9998643398284912,6,0.9997914433479309
2161,9,9,0.9057366847991943,9,0.8522711992263794
2162,5,5,0.9996905326843262,5,0.9986438155174255
2163,8,8,0.9999939203262329,8,0.9999876022338867
2164,1,1,0.9998433589935303,1,0.9853809475898743
2165,4,4,1.0,4,0.9999982118606567
2166,1,1,0.998621940612793,1,0.9866126775741577
2167,7,7,0.9999974966049194,7,0.9996169805526733
2168,8,8,0.996852457523346,8,0.9980827569961548
2169,4,4,0.9971615076065063,4,0.999847412109375
2170,6,6,1.0,6,0.9999998807907104
2171,1,1,0.9995972514152527,1,0.9852437973022461
2172,8,8,0.9999997615814209,8,0.9997064471244812
2173,4,4,1.0,4,0.9999958276748657
2174,3,3,0.9080299139022827,3,0.5864970088005066
2175,1,1,0.9143361449241638,1,0.6349873542785645
2176,2,2,0.9999997615814209,2,0.9999929666519165
2177,8,8,0.9999537467956543,8,0.9999216794967651
2178,0,0,0.9999945163726807,0,0.9999992847442627
2179,8,8,0.9997223019599915,8,0.9904539585113525
2180,5,5,0.9999982118606567,5,0.999961256980896
2181,9,9,0.9999610185623169,9,0.9999905824661255
2182,1,3,0.951258659362793,3,0.9875166416168213
2183,4,4,1.0,4,0.9999879598617554
2184,2,2,0.9999998807907104,2,0.9999991655349731
2185,0,8,0.9660149216651917,0,0.6397587656974792
2186,2,2,0.7616562843322754,2,0.8721067905426025
2187,7,7,0.999998927116394,7,0.9997811913490295
2188,0,0,0.9999947547912598,0,0.9960993528366089
2189,9,9,0.8416033387184143,9,0.8522883653640747
2190,0,0,0.9997374415397644,0,0.998634397983551
2191,2,2,0.9999986886978149,2,0.9992194175720215
2192,5,5,0.9995543360710144,5,0.9988833069801331
2193,7,7,0.9999657869338989,7,0.9999395608901978
2194,6,6,0.9999997615814209,6,0.9999990463256836
2195,7,7,0.8983017206192017,7,0.9989483952522278
2196,9,9,0.9928410053253174,9,0.9989956021308899
2197,4,4,0.9998927116394043,4,0.9997145533561707
2198,2,2,0.9999457597732544,2,0.9792962670326233
2199,6,6,0.9999569654464722,6,0.9994243383407593
2200,2,2,0.9999788999557495,2,0.9999972581863403
2201,4,4,0.9999986886978149,4,0.9999749660491943
2202,4,4,0.9999910593032837,4,0.9999947547912598
2203,8,8,0.9999836683273315,8,0.9999110698699951
2204,0,0,0.9988844990730286,0,0.9926232099533081
2205,4,4,0.9999698400497437,4,0.999995231628418
2206,4,4,0.999930739402771,4,0.9999186992645264
2207,5,5,1.0,5,0.9999996423721313
2208,8,8,0.974147379398346,8,0.996494710445404
2209,0,0,0.9999393224716187,0,0.9985935091972351
2210,6,6,0.9982722997665405,6,0.9989873766899109
2211,8,8,1.0,8,0.9999979734420776
2212,9,9,0.6418946385383606,9,0.8003028631210327
2213,8,8,1.0,8,0.9999997615814209
2214,5,5,0.9999898672103882,5,0.9999984502792358
2215,6,6,0.99998939037323,6,0.9999920129776001
2216,9,9,0.9907140731811523,9,0.9969770908355713
2217,0,0,0.9999961853027344,0,0.9999445676803589
2218,4,4,0.9999979734420776,4,0.9999251365661621
2219,8,8,0.9999997615814209,8,0.9999808073043823
2220,7,7,0.9999997615814209,7,0.999985933303833
2221,1,1,0.7604721784591675,1,0.9301416277885437
2222,3,3,0.6935412883758545,3,0.9998949766159058
2223,4,4,0.9999932050704956,4,0.9999744892120361
2224,5,5,0.7445534467697144,5,0.8565160036087036
2225,8,8,0.9992446899414062,8,0.9719904661178589
2226,0,0,0.9999053478240967,0,0.9999566078186035
2227,9,9,0.8479125499725342,9,0.9910287857055664
2228,1,1,0.9995379447937012,1,0.9857181310653687
2229,3,3,0.9999997615814209,3,0.9999997615814209
2230,3,3,1.0,3,0.9999998807907104
2231,6,6,1.0,6,0.9999890327453613
2232,9,9,0.9661583304405212,9,0.8664423227310181
2233,8,8,0.9999470710754395,8,0.9999614953994751
2234,7,7,0.9965039491653442,7,0.9984899759292603
2235,1,1,0.996586799621582,1,0.9995181560516357
2236,0,0,0.9999986886978149,0,0.9999599456787109
2237,5,5,0.9987059831619263,5,0.8476879596710205
2238,7,7,0.9991177916526794,7,0.9997652173042297
2239,1,1,0.999786913394928,1,0.9807079434394836
2240,7,7,0.9999998807907104,7,0.9999892711639404
2241,5,5,0.9997512698173523,5,0.9984258413314819
2242,2,2,0.9923404455184937,2,0.9929238557815552
2243,7,7,0.9999818801879883,7,0.9996551275253296
2244,9,9,0.9881852865219116,9,0.9919271469116211
2245,1,1,0.9956281185150146,1,0.8661009073257446
2246,8,8,0.9999938011169434,8,0.9998428821563721
2247,5,5,0.9999725818634033,5,0.9999974966049194
2248,2,2,0.9972301125526428,2,0.9555031657218933
2249,4,4,1.0,4,0.9999923706054688
2250,9,9,0.9953433871269226,9,0.9840039610862732
2251,4,4,0.9999986886978149,4,0.9999986886978149
2252,7,7,0.9998319149017334,7,0.9936552047729492
2253,2,2,1.0,2,0.9999990463256836
2254,2,2,0.9999442100524902,2,0.9999058246612549
2255,3,3,0.9999992847442627,3,0.9995695948600769
2256,4,4,1.0,4,1.0
2257,9,9,0.9999648332595825,9,0.9998277425765991
2258,1,1,0.9973152279853821,1,0.9935682415962219
2259,9,9,0.999764621257782,9,0.9960097074508667
2260,2,2,0.9999996423721313,2,0.9999969005584717
2261,1,1,0.9956990480422974,1,0.9996317625045776
2262,7,7,0.999665379524231,7,0.9907569289207458
2263,9,9,0.9999977350234985,9,0.9999915361404419
2264,4,4,0.9999998807907104,4,0.9999338388442993
2265,4,4,0.9996784925460815,4,0.9999302625656128
2266,1,3,0.6647780537605286,3,0.43943464756011963
2267,6,6,0.9999990463256836,6,0.9998495578765869
2268,7,7,0.9993069171905518,7,0.9984117746353149
2269,2,2,0.9999667406082153,2,0.9999430179595947
2270,7,7,0.9999486207962036,7,0.9969647526741028
2271,8,8,0.9999605417251587,8,0.9999912977218628
2272,8,8,0.9879904389381409,8,0.9999178647994995
2273,1,1,0.9983454942703247,1,0.9972031116485596
2274,9,9,0.9936116337776184,9,0.9664612412452698
2275,7,7,0.9999668598175049,7,0.9986451268196106
2276,1,1,0.6494733095169067,1,0.5482296943664551
2277,1,1,0.997588038444519,1,0.974133312702179
2278,7,7,0.9999998807907104,7,0.9999973773956299
2279,5,5,0.7930900454521179,5,0.9997963309288025
2280,3,5,0.6793991327285767,5,0.8148891925811768
2281,3,3,0.9999933242797852,3,0.9999651908874512
2282,5,5,0.9978291392326355,5,0.999175488948822
2283,1,1,0.9998400211334229,1,0.97527676820755
2284,3,3,0.9999974966049194,3,0.999954104423523
2285,7,7,0.9999974966049194,7,0.9995406866073608
2286,6,6,0.9999991655349731,6,0.9999984502792358
2287,1,1,0.999859094619751,1,0.950664222240448
2288,3,3,0.9979436993598938,3,0.9987334609031677
2289,8,8,0.9999964237213135,8,0.9998615980148315
2290,7,7,0.9696722030639648,7,0.8783522844314575
2291,5,3,0.7257504463195801,5,0.9979945421218872
2292,9,9,0.9588374495506287,9,0.9804154634475708
2293,9,2,0.8542539477348328,4,0.8260540962219238
2294,0,0,0.9991820454597473,0,0.9991810917854309
2295,0,0,0.9995235204696655,0,0.9999957084655762
2296,2,2,0.9747588634490967,2,0.9958230257034302
2297,8,8,0.998677670955658,8,0.9999856948852539
2298,8,8,0.9999158382415771,8,0.9999301433563232
2299,2,2,0.9999464750289917,2,0.9948482513427734
2300,3,3,0.9996640682220459,3,0.9976145029067993
2301,7,7,0.9999839067459106,7,0.9988665580749512
2302,1,1,0.9999082088470459,1,0.998083233833313
2303,3,3,0.999845027923584,3,0.9999856948852539
2304,0,0,0.9999991655349731,0,0.9999710321426392
2305,3,3,1.0,3,0.9999823570251465
2306,4,4,0.9998507499694824,4,0.9941102862358093
2307,4,4,0.9999034404754639,4,0.9997069239616394
2308,3,3,0.9831900596618652,3,0.6253982782363892
2309,8,8,0.9948288798332214,8,0.9801616072654724
2310,9,9,0.9844136238098145,9,0.9969682097434998
2311,2,2,0.9999626874923706,2,0.9998869895935059
2312,3,3,0.9999960660934448,3,0.999957799911499
2313,9,9,0.9571515321731567,9,0.999359667301178
2314,7,7,0.9999673366546631,7,0.9992188215255737
2315,1,1,0.9999499320983887,1,0.9898170232772827
2316,1,1,0.9999798536300659,1,0.9701400399208069
2317,7,7,0.9985338449478149,7,0.998333752155304
2318,0,0,0.9585175514221191,0,0.7156821489334106
2319,4,4,0.9999997615814209,4,0.9999998807907104
2320,9,4,0.3394128382205963,9,0.9615557193756104
2321,6,6,1.0,6,0.9996521472930908
2322,5,5,0.9999648332595825,5,0.9999990463256836
2323,9,9,0.9928070306777954,9,0.9972988963127136
2324,1,1,0.9999133348464966,1,0.98001629114151
2325,7,7,0.9982690811157227,7,0.9999499320983887
2326,0,0,0.6969600915908813,0,0.9820192456245422
2327,2,2,0.9999581575393677,2,0.9995107650756836
2328,0,0,0.999992847442627,0,0.9999790191650391
2329,0,2,0.9653520584106445,0,0.9552425742149353
2330,4,4,0.9999998807907104,4,0.9999979734420776
2331,6,6,0.9999948740005493,6,0.9999996423721313
2332,7,7,0.9999960660934448,7,0.9999340772628784
2333,0,0,0.9810256361961365,0,0.9878590703010559
2334,7,7,0.975827693939209,7,0.9968422651290894
2335,1,1,0.9999850988388062,1,0.9959214925765991
2336,4,4,0.9999973773956299,4,0.9999901056289673
2337,6,6,1.0,6,0.9999998807907104
2338,4,4,0.9999997615814209,4,0.9998061060905457
2339,5,5,0.684596598148346,5,0.9799191951751709
2340,4,4,1.0,4,0.9999996423721313
2341,9,9,0.9998912811279297,9,0.9947457313537598
2342,9,9,0.9931455850601196,9,0.998734176158905
2343,1,1,0.9647939205169678,7,0.5209895372390747
2344,7,7,0.9999369382858276,7,0.9998587369918823
2345,9,9,0.9985068440437317,9,0.9933631420135498
2346,5,5,0.9999998807907104,5,0.9999998807907104
2347,3,3,0.9999990463256836,3,0.9999983310699463
2348,3,3,0.9999730587005615,3,0.9994231462478638
2349,8,8,1.0,8,0.9999992847442627
2350,2,2,1.0,2,0.9999984502792358
2351,3,3,0.9973058700561523,3,0.9997180104255676
2352,6,6,0.9999998807907104,6,0.9999969005584717
2353,2,2,0.9999901056289673,2,0.9999111890792847
2354,2,2,0.9999995231628418,2,0.9996440410614014
2355,1,1,0.9997249245643616,1,0.8152965903282166
2356,1,1,0.9999725818634033,1,0.998375415802002
2357,1,1,0.9996625185012817,1,0.9858691692352295
2358,1,1,0.9997349381446838,1,0.9884174466133118
2359,1,1,0.9999252557754517,1,0.9911290407180786
2360,6,6,0.9999998807907104,6,0.9999995231628418
2361,9,9,0.9983820915222168,9,0.9820521473884583
2362,8,8,0.9992080330848694,8,0.9999376535415649
2363,4,4,0.9992237091064453,4,0.9978899359703064
2364,3,3,0.9999961853027344,3,0.9999727010726929
2365,7,7,0.9999936819076538,7,0.9998990297317505
2366,1,1,0.9998249411582947,1,0.9903931021690369
2367,6,6,0.9995087385177612,6,0.9983924031257629
2368,4,4,0.9999997615814209,4,0.9999947547912598
2369,5,3,0.40456077456474304,3,0.46394017338752747
2370,0,0,0.9998249411582947,0,0.9999996423721313
2371,4,4,0.9997509121894836,4,0.990018367767334
2372,7,7,0.9983622431755066,7,0.9931789636611938
2373,4,4,0.9999992847442627,4,0.9997313618659973
2374,2,2,0.9936285614967346,2,0.9648575782775879
2375,4,4,0.9999407529830933,4,1.0
2376,0,0,0.9998331069946289,0,0.9989462494850159
2377,7,7,0.9938502311706543,7,0.9892899394035339
2378,0,0,0.999855637550354,0,0.9998568296432495
2379,1,1,0.9999792575836182,1,0.9738611578941345
2380,9,0,0.8075101971626282,9,0.9828383922576904
2381,8,8,0.9999706745147705,8,0.9999903440475464
2382,8,8,0.9987623691558838,8,0.9905126690864563
2383,6,6,0.9999486207962036,6,0.9999688863754272
2384,0,0,0.99997878074646,0,0.9999411106109619
2385,0,0,1.0,0,0.9999948740005493
2386,4,4,0.9999970197677612,4,0.999980092048645
2387,9,1,0.9971117973327637,9,0.9040973782539368
2388,6,6,0.9999741315841675,6,0.9985766410827637
2389,8,8,0.9999911785125732,8,0.9999908208847046
2390,2,2,0.9999984502792358,2,0.9997376799583435
2391,2,2,0.9999868869781494,2,0.999920129776001
2392,3,3,0.9997952580451965,3,0.9990171194076538
2393,8,8,0.9995359182357788,8,0.9998906850814819
2394,4,4,0.9973551034927368,4,0.9997946619987488
2395,8,8,0.990721583366394,8,0.9815904498100281
2396,2,2,0.9999997615814209,2,0.9999759197235107
2397,2,2,0.9991506338119507,2,0.979726254940033
2398,1,1,0.9993904829025269,1,0.9579954743385315
2399,7,7,0.9999991655349731,7,0.9991605281829834
2400,5,5,0.9997790455818176,5,0.9999929666519165
2401,4,4,0.9999997615814209,4,0.9999985694885254
2402,4,4,0.9999996423721313,4,0.9995594620704651
2403,0,0,0.9999983310699463,0,0.9992353916168213
2404,4,4,0.9999077320098877,4,0.9828425049781799
2405,3,3,0.9989873766899109,3,0.8770870566368103
2406,9,9,0.8593869805335999,4,0.5325347781181335
2407,7,7,0.9999998807907104,7,0.9999583959579468
2408,3,3,0.9968535304069519,3,0.7329568266868591
2409,1,1,0.9701887369155884,1,0.9914588928222656
2410,0,0,0.9999992847442627,0,0.9998884201049805
2411,1,1,0.999988317489624,1,0.9574856162071228
2412,2,2,0.9999258518218994,2,0.9876329898834229
2413,5,5,0.9999991655349731,5,0.9999990463256836
2414,9,9,0.874191403388977,9,0.6356768012046814
2415,2,2,0.999745786190033,2,0.9090235829353333
2416,1,1,0.9999432563781738,1,0.9853875041007996
2417,0,0,0.9979707598686218,0,0.9995836615562439
2418,1,1,0.9989778995513916,1,0.9834277033805847
2419,8,8,0.9997696280479431,8,0.9990723133087158
2420,9,9,0.9793130159378052,9,0.9955865144729614
2421,1,1,0.9999618530273438,1,0.9882972836494446
2422,6,6,0.8601886630058289,4,0.5108519792556763
2423,8,8,0.9999616146087646,8,0.9997058510780334
2424,3,3,0.9999986886978149,3,0.9999537467956543
2425,8,8,0.8970498442649841,8,0.999591052532196
2426,9,9,0.851118803024292,9,0.8938964605331421
2427,3,3,1.0,3,0.9999330043792725
2428,6,6,0.9999997615814209,6,0.999994158744812
2429,2,2,0.9971550703048706,2,0.9934912323951721
2430,8,8,0.9999704360961914,8,0.9966037273406982
2431,3,3,0.9999996423721313,3,0.9999363422393799
2432,2,2,0.9999518394470215,2,0.9988402724266052
2433,2,2,0.8337893486022949,2,0.969685971736908
2434,1,1,0.9998959302902222,1,0.9921833872795105
2435,0,0,0.9999996423721313,0,0.9999955892562866
2436,4,4,0.9999915361404419,4,0.9999997615814209
2437,2,2,0.94119793176651,2,0.8922655582427979
2438,9,9,0.9998859167098999,9,0.9989651441574097
2439,2,2,0.9999997615814209,2,0.9998292922973633
2440,4,4,1.0,4,0.9999998807907104
2441,3,3,0.9999656677246094,3,0.9965633749961853
2442,7,7,0.9999990463256836,7,0.9999896287918091
2443,9,9,0.9950502514839172,9,0.9993057250976562
2444,1,1,0.9998365640640259,1,0.9863844513893127
2445,5,5,0.9999997615814209,5,0.9999997615814209
2446,2,2,0.9999998807907104,2,0.9999783039093018
2447,4,4,0.9130057096481323,4,0.8106160163879395
2448,9,9,0.9809571504592896,9,0.9763152599334717
2449,0,0,0.8949093222618103,0,0.980225145816803
2450,3,3,0.9995519518852234,3,0.9797098636627197
2451,8,8,0.9999997615814209,8,0.9998261332511902
2452,5,5,1.0,5,0.9999985694885254
2453,3,3,0.9999947547912598,3,0.9993417859077454
2454,6,5,0.5475074052810669,6,0.9356569647789001
2455,0,0,0.915031909942627,0,0.996298611164093
2456,9,9,0.9971202611923218,9,0.9916545152664185
2457,4,4,0.9866055846214294,4,0.9991363883018494
2458,6,6,1.0,6,0.9999994039535522
2459,2,2,0.9993218183517456,2,0.6630948185920715
2460,5,5,0.99739670753479,5,0.9987860321998596
2461,0,0,0.9999775886535645,0,0.9833484292030334
2462,2,2,0.9224180579185486,8,0.8361493349075317
2463,7,7,0.9989933371543884,7,0.9953296184539795
2464,4,4,0.9999942779541016,4,0.9999996423721313
2465,6,6,1.0,6,0.9999998807907104
2466,6,6,0.999990701675415,6,0.9998506307601929
2467,8,8,0.9999545812606812,8,0.9999232292175293
2468,6,6,1.0,6,0.9999984502792358
2469,6,6,0.9986591339111328,6,0.9997491240501404
2470,8,8,0.9999991655349731,8,0.9999414682388306
2471,6,6,0.9999865293502808,6,0.9999274015426636
2472,9,9,0.8560264706611633,9,0.8219233155250549
2473,1,1,0.9986503720283508,1,0.9701045751571655
2474,7,7,0.9953796863555908,7,0.9996273517608643
2475,2,2,0.9999265670776367,2,0.9991517066955566
2476,5,5,0.994731068611145,5,0.9938679337501526
2477,9,9,0.9993982315063477,9,0.9894042015075684
2478,9,9,0.9874036312103271,9,0.7886742949485779
2479,0,0,0.9995430707931519,0,0.9995614886283875
2480,7,7,0.9992976188659668,7,0.9539695382118225
2481,2,2,0.9913523197174072,2,0.9445136189460754
2482,7,7,0.9999837875366211,7,0.9992631077766418
2483,6,6,0.9999980926513672,6,0.9999963045120239
2484,7,7,0.9996415376663208,7,0.9983824491500854
2485,0,0,0.9999959468841553,0,0.9999841451644897
2486,6,6,0.9999997615814209,6,0.9999998807907104
2487,5,5,1.0,5,0.9999997615814209
2488,2,4,0.3561531603336334,2,0.5469048023223877
2489,4,4,0.9999251365661621,4,0.9999861717224121
2490,7,7,0.9997465014457703,7,0.9548908472061157
2491,2,2,0.9999972581863403,2,0.9999257326126099
2492,0,0,0.999992847442627,0,0.9999300241470337
2493,9,9,0.9997392296791077,9,0.9992660880088806
2494,9,9,0.9982091188430786,9,0.9988043308258057
2495,2,2,1.0,2,0.9999772310256958
2496,2,2,0.9999992847442627,2,0.9997813105583191
2497,9,9,0.9998619556427002,9,0.9825825691223145
2498,4,4,0.9999982118606567,4,0.9999624490737915
2499,4,4,0.9999996423721313,4,0.9999959468841553
2500,2,2,0.9997543692588806,2,0.9909969568252563
2501,3,3,0.9999991655349731,3,0.9999997615814209
2502,3,3,0.9999997615814209,3,0.9999983310699463
2503,2,2,1.0,2,1.0
2504,1,1,0.9957607388496399,1,0.9688429832458496
2505,7,7,1.0,7,0.9999996423721313
2506,0,0,0.9999997615814209,0,0.9999552965164185
2507,7,7,0.9964137673377991,7,0.9953179359436035
2508,6,6,0.9906129837036133,6,0.955054521560669
2509,4,4,0.9999985694885254,4,0.9989515542984009
2510,1,1,0.9988239407539368,1,0.9972852468490601
2511,3,3,0.9998290538787842,3,0.9997560381889343
2512,8,8,0.9996330738067627,8,0.9992635846138
2513,7,7,0.8530964851379395,7,0.9999710321426392
2514,4,4,0.9974157810211182,4,0.9991679191589355
2515,5,5,0.9990065693855286,5,0.9995778203010559
2516,9,2,0.5036939978599548,9,0.900260329246521
2517,2,2,0.9989805817604065,2,0.9998923540115356
2518,5,5,1.0,5,0.9999997615814209
2519,1,1,0.9965068697929382,1,0.9885005950927734
2520,8,8,0.9980364441871643,8,0.9999475479125977
2521,7,7,0.9998672008514404,7,0.9949660897254944
2522,3,3,0.9999995231628418,3,0.9999672174453735
2523,7,7,0.9522039294242859,4,0.5573632121086121
2524,1,1,0.9997246861457825,1,0.9970245957374573
2525,5,5,0.9943086504936218,5,0.9833759665489197
2526,5,5,0.9168074131011963,5,0.9891665577888489
2527,0,0,0.9999974966049194,0,0.9999696016311646
2528,9,4,0.9531709551811218,4,0.7019945979118347
2529,1,1,0.9999144077301025,1,0.9944936633110046
2530,4,4,0.9999926090240479,4,0.9999120235443115
2531,0,0,0.9999996423721313,0,0.9999963045120239
2532,6,6,0.9689345359802246,6,0.6951171159744263
2533,3,3,0.999761164188385,3,0.9995073080062866
2534,3,3,0.992382824420929,3,0.9441869258880615
2535,6,6,0.9982914328575134,6,0.9988357424736023
2536,0,0,0.9999969005584717,0,0.9999560117721558
2537,4,4,0.9999990463256836,4,0.9989088773727417
2538,9,9,0.9990019202232361,9,0.9976356029510498
2539,7,7,0.6290892958641052,7,0.953069269657135
2540,5,5,0.9999948740005493,5,0.99953293800354
2541,1,1,0.999994158744812,1,0.993421733379364
2542,6,6,0.9999988079071045,6,1.0
2543,8,8,0.9970492720603943,8,0.9997101426124573
2544,9,9,0.9976296424865723,9,0.967136800289154
2545,5,5,0.9999892711639404,5,0.9999661445617676
2546,5,5,1.0,5,0.9999960660934448
2547,7,7,0.9354402422904968,7,0.9999033212661743
2548,9,9,0.9970364570617676,9,0.9536903500556946
2549,3,3,0.9999998807907104,3,0.9999972581863403
2550,8,8,0.999998927116394,8,0.9999936819076538
2551,3,3,0.9999814033508301,3,0.9979609251022339
2552,8,8,0.9999121427536011,8,0.9999922513961792
2553,1,1,0.9989687204360962,1,0.9878323078155518
2554,5,5,0.99998939037323,5,0.9999812841415405
2555,3,3,0.9999988079071045,3,0.9999871253967285
2556,5,5,0.7524798512458801,5,0.9796229004859924
2557,0,0,1.0,0,0.9999673366546631
2558,5,5,0.9999922513961792,5,0.9999958276748657
2559,5,5,0.9965068697929382,5,0.9998503923416138
2560,3,3,0.9967033267021179,3,0.9999932050704956
2561,8,8,0.9999996423721313,8,0.9999991655349731
2562,6,6,0.999984860420227,6,0.999972939491272
2563,7,7,0.9999765157699585,7,0.999062716960907
2564,7,7,0.999064028263092,7,0.9991795420646667
2565,7,7,0.9999997615814209,7,0.999950647354126
2566,3,3,0.9999998807907104,3,0.9999873638153076
2567,7,7,0.9999051094055176,7,0.9970194697380066
2568,0,0,0.9999879598617554,0,0.9998712539672852
2569,5,5,0.9975603818893433,5,0.9941825270652771
2570,9,9,0.9900347590446472,9,0.982231855392456
2571,0,0,0.9752185940742493,0,0.9491852521896362
2572,2,2,0.9999954700469971,2,0.9996236562728882
2573,5,5,0.9488402009010315,5,0.8892120718955994
2574,5,5,0.9806622862815857,5,0.9791864156723022
2575,3,3,1.0,3,0.9999997615814209
2576,1,1,0.9986779093742371,1,0.9426875710487366
2577,7,7,0.9997863173484802,7,0.9876136779785156
2578,7,7,0.9871865510940552,7,0.9868313074111938
2579,8,8,1.0,8,0.9999994039535522
2580,6,6,0.9999969005584717,6,0.9999499320983887
2581,5,5,0.9999997615814209,5,0.9999982118606567
2582,9,9,0.9334008693695068,9,0.8286181092262268
2583,3,3,0.9999992847442627,3,0.9999980926513672
2584,8,8,0.9999904632568359,8,0.999987006187439
2585,9,9,0.9962957501411438,9,0.9989620447158813
2586,5,5,0.9999872446060181,5,0.9998960494995117
2587,3,3,0.9999947547912598,3,0.986872673034668
2588,7,7,0.9999918937683105,7,0.9999978542327881
2589,9,0,0.6810821294784546,0,0.5510550141334534
2590,1,1,0.9999392032623291,1,0.9911676645278931
2591,7,7,0.9999864101409912,7,0.9993452429771423
2592,0,0,0.9998340606689453,0,0.9998816251754761
2593,0,0,0.9999966621398926,0,0.9999995231628418
2594,3,3,0.9689739346504211,3,0.9999079704284668
2595,7,7,0.9999997615814209,7,0.9999740123748779
2596,2,2,0.8872991800308228,7,0.9009836316108704
2597,5,3,0.9958376884460449,3,0.6746019721031189
2598,8,8,0.9611305594444275,8,0.9972756505012512
2599,1,1,0.9999837875366211,1,0.9370735883712769
2600,8,8,0.9999996423721313,8,0.999993085861206
2601,6,6,0.9999988079071045,6,0.9999856948852539
2602,2,2,0.9994090795516968,2,0.9878873825073242
2603,9,9,0.9441847205162048,9,0.9003345370292664
2604,5,5,0.9918919801712036,5,0.9999830722808838
2605,7,7,0.9997323155403137,7,0.9828842878341675
2606,5,5,0.9999996423721313,5,0.9999819993972778
2607,7,7,0.9987911581993103,7,0.9992202520370483
2608,8,8,0.9999653100967407,8,0.9999024868011475
2609,6,6,0.9999977350234985,6,0.9997759461402893
2610,2,2,0.999158501625061,2,0.9820603132247925
2611,5,5,0.9966611862182617,5,0.9975728392601013
2612,1,1,0.9997437596321106,1,0.9946751594543457
2613,4,4,0.9999998807907104,4,0.9999877214431763
2614,8,8,0.9999992847442627,8,0.9999995231628418
2615,4,4,0.9999997615814209,4,0.999992847442627
2616,5,5,0.9999959468841553,5,0.999909520149231
2617,8,8,0.9994398951530457,8,0.9986031651496887
2618,3,3,0.6314336061477661,3,0.9678096175193787
2619,0,0,0.9996740818023682,0,0.9999338388442993
2620,6,6,0.9999858140945435,6,0.999991774559021
2621,2,2,1.0,2,0.9999998807907104
2622,7,7,0.9999622106552124,7,0.9995286464691162
2623,3,3,0.9999929666519165,3,0.999873161315918
2624,3,3,0.9999853372573853,3,0.9998843669891357
2625,2,2,0.9965440630912781,2,0.9992409944534302
2626,1,1,0.999971866607666,1,0.9928848147392273
2627,0,0,0.9999998807907104,0,0.9999935626983643
2628,7,7,0.9986200332641602,7,0.9996745586395264
2629,3,3,0.9998472929000854,3,0.9924536347389221
2630,4,4,0.9999237060546875,4,0.999993085861206
2631,0,0,0.9994990825653076,0,0.9801095724105835
2632,3,3,1.0,3,1.0
2633,9,9,0.9996583461761475,9,0.991706371307373
2634,3,3,0.9999943971633911,3,0.9999939203262329
2635,2,2,0.9819607734680176,2,0.9910097122192383
2636,8,8,0.999351441860199,8,0.9996376037597656
2637,9,9,0.9966458678245544,9,0.999458372592926
2638,0,0,0.9957572817802429,0,0.9986816048622131
2639,3,3,0.9999996423721313,3,0.9999880790710449
2640,8,8,0.9999874830245972,8,0.9998698234558105
2641,0,0,0.9999963045120239,0,0.9997807145118713
2642,7,7,0.9879317879676819,7,0.9841828942298889
2643,6,6,0.9997157454490662,6,0.9996246099472046
2644,5,5,0.9999998807907104,5,0.9999982118606567
2645,4,4,0.995797872543335,4,0.9935216307640076
2646,7,7,0.9999904632568359,7,0.9993120431900024
2647,3,3,0.9999915361404419,3,0.9999337196350098
2648,9,5,0.8976474404335022,9,0.794549286365509
2649,0,0,0.9999785423278809,0,0.9781965613365173
2650,8,8,0.9999539852142334,8,0.9991256594657898
2651,6,6,0.9994519352912903,6,0.9986268281936646
2652,2,2,0.9998239874839783,2,0.9912369251251221
2653,5,5,1.0,5,0.9999616146087646
2654,6,1,0.9991740584373474,2,0.4896048903465271
2655,1,1,0.9990966320037842,1,0.9948764443397522
2656,0,0,0.999764621257782,0,0.9997251629829407
2657,0,0,1.0,0,0.9999972581863403
2658,4,4,0.9997089505195618,4,0.9992963075637817
2659,4,4,0.9910350441932678,4,0.9963496923446655
2660,0,0,0.9962767958641052,0,0.9983826875686646
2661,1,1,0.9997115731239319,1,0.9756020903587341
2662,2,2,1.0,2,0.9999924898147583
2663,3,3,0.99998939037323,3,0.9999302625656128
2664,2,2,0.9999995231628418,2,0.9999735355377197
2665,7,7,0.9931232333183289,7,0.9994707703590393
2666,7,7,0.9999949932098389,7,0.999679684638977
2667,8,8,1.0,8,0.9993532299995422
2668,5,5,0.9962054491043091,5,0.9521535634994507
2669,2,2,1.0,2,0.9999996423721313
2670,5,8,0.6419864892959595,5,0.9959585070610046
2671,7,7,0.9997438788414001,7,0.9922296404838562
2672,6,6,0.9997732043266296,6,0.9999635219573975
2673,9,9,0.8516042828559875,9,0.9906346201896667
2674,1,1,0.9998108744621277,1,0.9820287227630615
2675,4,4,1.0,4,1.0
2676,1,1,0.9998500347137451,1,0.9943126440048218
2677,6,6,0.9999995231628418,6,0.999993085861206
2678,4,4,0.9999735355377197,4,0.9934978485107422
2679,2,2,0.9999997615814209,2,0.9986856579780579
2680,4,4,0.9999998807907104,4,0.9999501705169678
2681,3,3,0.9999932050704956,3,0.9998693466186523
2682,5,5,1.0,5,0.9999984502792358
2683,4,4,0.9999997615814209,4,0.9999750852584839
2684,3,3,0.9944807291030884,3,0.9995384216308594
2685,9,9,0.9934208989143372,9,0.9910716414451599
2686,5,5,0.881798267364502,5,0.9956958293914795
2687,0,0,0.9999955892562866,0,0.9999635219573975
2688,1,1,0.9999958276748657,1,0.9941946864128113
2689,5,5,0.9927639365196228,5,0.9623467326164246
2690,3,3,0.9999966621398926,3,0.9998424053192139
2691,8,8,0.9999895095825195,8,0.9999394416809082
2692,9,9,0.9948593378067017,9,0.994495689868927
2693,1,1,0.9999654293060303,1,0.9950856566429138
2694,9,9,0.9903807044029236,9,0.9949967861175537
2695,7,7,0.9907442927360535,7,0.6808447241783142
2696,9,9,0.9479922652244568,9,0.9940521121025085
2697,5,5,0.9983687996864319,5,0.9997004270553589
2698,5,5,0.9864745736122131,5,0.9994742274284363
2699,2,2,0.9904975295066833,2,0.9638785719871521
2700,7,7,0.8917902708053589,7,0.8281575441360474
2701,4,4,0.9999887943267822,4,0.9998576641082764
2702,6,6,0.9999717473983765,6,0.9999997615814209
2703,0,0,0.9999878406524658,0,0.9997841715812683
2704,1,1,0.9999513626098633,1,0.9780454635620117
2705,1,1,0.9996848106384277,1,0.9560577869415283
2706,1,1,0.9997279047966003,1,0.958884596824646
2707,0,0,0.9999997615814209,0,0.9999969005584717
2708,4,4,0.9984158277511597,4,0.9947927594184875
2709,4,4,0.9999178647994995,4,0.9984270334243774
2710,7,7,0.9971914887428284,7,0.9873068332672119
2711,6,6,1.0,6,0.9999972581863403
2712,3,3,0.9999996423721313,3,0.9999959468841553
2713,0,0,0.9320628046989441,0,0.5129791498184204
2714,0,0,0.9999910593032837,0,0.9999983310699463
2715,4,4,0.9999778270721436,4,0.9993294477462769
2716,3,3,0.9999992847442627,3,0.9999783039093018
2717,0,0,0.9999988079071045,0,0.9999758005142212
2718,6,6,0.9991117119789124,6,0.9976625442504883
2719,1,1,0.9970991611480713,1,0.9960792660713196
2720,9,9,0.7811559438705444,8,0.6584712862968445
2721,6,6,0.9999704360961914,6,0.9990905523300171
2722,1,1,0.9991689920425415,1,0.9854115843772888
2723,3,3,0.9975735545158386,3,0.9977031350135803
2724,8,8,0.9999496936798096,8,0.9963803887367249
2725,1,1,0.9993956089019775,1,0.9962072372436523
2726,2,2,0.999990701675415,2,0.9998424053192139
2727,5,5,0.9999817609786987,5,0.9999586343765259
2728,6,6,0.9999620914459229,6,0.9999992847442627
2729,2,2,1.0,2,0.9999873638153076
2730,7,4,0.5278612375259399,7,0.5099747776985168
2731,3,3,0.9999556541442871,3,0.9997732043266296
2732,6,6,0.9878415465354919,6,0.990272581577301
2733,0,0,0.9999970197677612,0,0.9993342757225037
2734,1,1,0.9240506887435913,1,0.9889448285102844
2735,9,9,0.7628109455108643,9,0.8758542537689209
2736,7,7,0.9999978542327881,7,0.999976634979248
2737,6,6,0.9999426603317261,6,0.9999070167541504
2738,6,6,0.9999996423721313,6,0.9997435212135315
2739,8,8,0.9998680353164673,8,0.9998055100440979
2740,9,9,0.9941602945327759,9,0.9896991848945618
2741,2,2,0.9999779462814331,2,0.9993409514427185
2742,9,3,0.8053379058837891,8,0.8053799271583557
2743,5,5,0.5897724032402039,5,0.977371871471405
2744,8,8,0.9998737573623657,8,0.9996359348297119
2745,3,3,0.9939978122711182,3,0.999955415725708
2746,1,1,0.9998612403869629,1,0.9998207688331604
2747,0,0,0.999992847442627,0,0.9999074935913086
2748,0,0,0.9999375343322754,0,0.9980873465538025
2749,7,7,0.9999891519546509,7,0.9999877214431763
2750,6,6,0.9408115744590759,8,0.5259223580360413
2751,6,6,0.9769734740257263,6,0.998932421207428
2752,2,2,1.0,2,0.9999998807907104
2753,1,1,0.9966185092926025,1,0.9986901879310608
2754,6,6,0.9969814419746399,6,0.9997473359107971
2755,9,9,0.8812568187713623,9,0.9392088055610657
2756,3,3,0.9999688863754272,3,0.994658887386322
2757,1,1,0.9999932050704956,1,0.9969143867492676
2758,8,8,0.8407864570617676,8,0.963059663772583
2759,6,6,0.9999995231628418,6,0.999998927116394
2760,9,9,0.7136620283126831,9,0.8216795921325684
2761,0,0,0.9999842643737793,0,0.9999942779541016
2762,6,6,0.9999939203262329,6,0.9960075616836548
2763,0,0,0.9999998807907104,0,0.998024582862854
2764,0,0,0.9966801404953003,0,0.9988289475440979
2765,0,0,0.9999982118606567,0,0.9999841451644897
2766,6,6,0.9997485280036926,6,0.9897289276123047
2767,3,3,0.998512327671051,3,0.9996905326843262
2768,5,5,0.9999998807907104,5,0.9999990463256836
2769,9,9,0.9408791065216064,8,0.8363158106803894
2770,3,3,0.976502537727356,3,0.9818997383117676
2771,4,4,0.9646381139755249,4,0.9555371403694153
2772,5,5,0.9735832214355469,5,0.9999295473098755
2773,5,5,0.9999680519104004,5,0.9999961853027344
2774,8,8,1.0,8,0.9999996423721313
2775,5,5,0.9999662637710571,5,0.99991774559021
2776,3,3,0.9999996423721313,3,0.9999797344207764
2777,0,0,0.9994112253189087,0,0.99996018409729
2778,4,0,0.7023104429244995,4,0.43813663721084595
2779,0,0,0.9999996423721313,0,0.9999998807907104
2780,2,2,0.9996626377105713,2,0.6974120140075684
2781,9,9,0.9995334148406982,9,0.999832034111023
2782,6,6,1.0,6,0.9999042749404907
2783,8,8,0.9980047345161438,8,0.9944846034049988
2784,2,2,0.9995741248130798,2,0.9977675676345825
2785,3,3,1.0,3,0.9999934434890747
2786,1,1,0.9993463158607483,1,0.9666710495948792
2787,2,2,0.9999959468841553,2,0.9992840886116028
2788,1,1,0.9995604157447815,1,0.9706642031669617
2789,1,1,0.9999183416366577,1,0.9996472597122192
2790,5,5,1.0,5,0.9999994039535522
2791,6,6,0.9985370635986328,6,0.9976293444633484
2792,9,9,0.9987313151359558,9,0.9987941980361938
2793,8,8,0.9876757860183716,8,0.9958359003067017
2794,0,0,0.999774158000946,0,0.9994305968284607
2795,6,6,1.0,6,0.9999918937683105
2796,6,6,0.9998413324356079,6,0.9966139197349548
2797,5,5,0.9999961853027344,5,0.9999707937240601
2798,5,5,1.0,5,0.9999996423721313
2799,3,3,0.9946158528327942,3,0.9999189376831055
2800,8,8,0.9999712705612183,8,0.9983606934547424
2801,6,6,0.9999996423721313,6,0.9995051622390747
2802,2,2,0.9999997615814209,2,0.999954342842102
2803,1,1,0.9994882345199585,1,0.7537658214569092
2804,4,4,0.9999659061431885,4,0.999624490737915
2805,5,5,0.9999988079071045,5,0.9999910593032837
2806,4,4,1.0,4,0.9999899864196777
2807,3,3,1.0,3,0.999991774559021
2808,7,7,0.995790958404541,7,0.9909466505050659
2809,8,8,0.9999673366546631,8,0.9999756813049316
2810,5,5,0.997814416885376,5,0.9987667798995972
2811,0,0,0.9999927282333374,0,0.9995006322860718
2812,9,9,0.609998345375061,9,0.7355220913887024
2813,3,3,0.9998654127120972,3,0.999961256980896
2814,5,5,0.9997909665107727,5,0.9999786615371704
2815,1,1,0.9999691247940063,1,0.9812061190605164
2816,1,1,0.9989621639251709,1,0.9974353909492493
2817,0,0,0.9998811483383179,0,0.9964373111724854
2818,4,4,0.9999852180480957,4,0.9992358684539795
2819,4,4,0.9999700784683228,4,0.9992511868476868
2820,7,2,0.8333671689033508,7,0.9979210495948792
2821,0,0,0.999998927116394,0,0.9997554421424866
2822,1,1,0.9999792575836182,1,0.958469569683075
2823,7,7,0.9121512174606323,4,0.5143249034881592
2824,0,0,0.9999955892562866,0,0.9997726082801819
2825,1,1,0.9995566010475159,1,0.987043023109436
2826,6,6,1.0,6,0.9999997615814209
2827,1,1,0.9995319843292236,1,0.9838871359825134
2828,4,4,0.9999500513076782,4,0.9998165965080261
2829,5,5,0.9982631802558899,5,0.9999078512191772
2830,6,6,1.0,6,0.999923825263977
2831,6,6,0.9999991655349731,6,0.9999982118606567
2832,5,5,0.9999825954437256,5,0.9999421834945679
2833,7,7,1.0,7,0.9999959468841553
2834,8,8,0.999930739402771,8,0.9999059438705444
2835,4,4,0.9996132254600525,4,0.9996033310890198
2836,4,4,0.9793769121170044,2,0.5284296870231628
2837,7,7,0.9999995231628418,7,0.9999738931655884
2838,2,2,0.999997615814209,2,0.9992138147354126
2839,5,5,0.9999966621398926,5,1.0
2840,3,3,0.9999982118606567,3,0.9999966621398926
2841,7,7,0.9972413778305054,7,0.9998743534088135
2842,0,0,0.9999980926513672,0,0.999994158744812
2843,7,7,0.9998595714569092,7,0.9979991316795349
2844,7,7,0.9999969005584717,7,0.9997765421867371
2845,9,9,0.9998528957366943,9,0.9264456629753113
2846,6,6,0.9999972581863403,6,0.9999958276748657
2847,4,4,0.9995890259742737,4,0.99872225522995
2848,2,2,0.9927527904510498,2,0.9996269941329956
2849,8,8,0.999779999256134,8,0.9998823404312134
2850,5,5,0.9944741129875183,5,0.997655987739563
2851,7,7,0.9960880279541016,7,0.995376706123352
2852,8,8,0.9989338517189026,8,0.9941374063491821
2853,3,3,0.9996987581253052,3,0.9999115467071533
2854,9,9,0.9831247329711914,9,0.8427243828773499
2855,5,5,0.9999998807907104,5,0.9999933242797852
2856,8,8,0.9999970197677612,8,0.9999556541442871
2857,9,9,0.9970519542694092,9,0.9997623562812805
2858,9,9,0.7203444838523865,9,0.964259147644043
2859,8,8,0.9999991655349731,8,0.999893307685852
2860,6,6,0.9915095567703247,6,0.9993461966514587
2861,2,2,0.999881386756897,2,0.9989870190620422
2862,8,8,0.9998457431793213,8,0.9989467263221741
2863,9,9,0.9289112091064453,9,0.7431208491325378
2864,2,2,0.9995080232620239,2,0.993370532989502
2865,3,3,0.9999998807907104,3,0.9999834299087524
2866,6,6,0.9764966368675232,6,0.9988064765930176
2867,1,1,0.997367799282074,1,0.9756270051002502
2868,1,1,0.9999959468841553,1,0.9960696697235107
2869,8,8,0.9999754428863525,8,0.9999873638153076
2870,9,9,0.9985038042068481,9,0.9998036026954651
2871,3,3,0.9997498393058777,3,0.9998219609260559
2872,4,4,0.9999979734420776,4,0.9999438524246216
2873,0,0,0.9999957084655762,0,0.9999892711639404
2874,7,7,0.9999998807907104,7,0.9999896287918091
2875,9,9,0.979701042175293,9,0.9571719169616699
2876,6,6,0.9999998807907104,6,0.9999973773956299
2877,4,4,0.995890200138092,4,0.9990370273590088
2878,1,1,0.9999517202377319,1,0.9774751663208008
2879,4,4,0.9996944665908813,4,0.9998656511306763
2880,1,1,0.9999440908432007,1,0.9962670207023621
2881,3,3,0.9999948740005493,3,0.9999983310699463
2882,4,4,0.9999994039535522,4,0.999850869178772
2883,9,9,0.9996998310089111,9,0.9940822720527649
2884,3,3,1.0,3,1.0
2885,1,1,0.9939602613449097,1,0.955190896987915
2886,4,4,0.9999992847442627,4,0.999982476234436
2887,7,7,0.9999985694885254,7,0.9991641044616699
2888,7,7,0.9978302121162415,7,0.9996899366378784
2889,4,4,1.0,4,0.9999998807907104
2890,7,7,0.9999878406524658,7,0.9999442100524902
2891,2,2,0.9928412437438965,2,0.9729645848274231
2892,9,9,0.9961963891983032,9,0.999984622001648
2893,3,3,0.9999643564224243,3,0.9999750852584839
2894,0,0,0.9975920915603638,0,0.9804948568344116
2895,8,8,0.9999998807907104,8,0.9999788999557495
2896,8,0,0.8699912428855896,8,0.9598405361175537
2897,8,8,0.999998927116394,8,0.9999758005142212
2898,4,4,0.999995231628418,4,0.9999649524688721
2899,0,0,0.9999997615814209,0,0.999996542930603
2900,4,4,0.9990922212600708,4,0.999021053314209
2901,4,4,0.9312839508056641,4,0.9985944628715515
2902,1,1,0.9998641014099121,1,0.9957220554351807
2903,5,5,0.9999997615814209,5,0.9999983310699463
2904,2,2,1.0,2,0.9999948740005493
2905,8,8,0.9999895095825195,8,0.9961198568344116
2906,3,3,0.9870656728744507,3,0.9978850483894348
2907,4,4,0.9992454051971436,4,0.9641254544258118
2908,9,9,0.9946540594100952,9,0.9960907101631165
2909,5,5,0.9999444484710693,5,0.9956049919128418
2910,2,2,0.9581098556518555,2,0.6312478184700012
2911,8,8,0.9998014569282532,8,0.9884507656097412
2912,1,1,0.9995206594467163,1,0.9813941717147827
2913,5,5,0.9999436140060425,5,0.9998666048049927
2914,3,3,0.9999982118606567,3,0.9997757077217102
2915,7,1,0.40854302048683167,7,0.7952755689620972
2916,9,9,0.9921557307243347,9,0.9394418597221375
2917,4,4,0.9987401366233826,4,0.9644012451171875
2918,2,2,1.0,2,0.9999973773956299
2919,5,5,0.978065550327301,5,0.9139679670333862
2920,6,6,0.999782145023346,6,0.9996210336685181
2921,3,3,0.996956467628479,3,0.999578058719635
2922,5,5,1.0,5,0.9999998807907104
2923,9,9,0.9997252821922302,9,0.9833040237426758
2924,3,3,0.9999967813491821,3,0.9995107650756836
2925,5,5,0.9999431371688843,5,0.9959684610366821
2926,9,9,0.9387332797050476,9,0.9532809257507324
2927,3,7,0.45080533623695374,7,0.8649474382400513
2928,1,1,0.999309778213501,1,0.9981454610824585
2929,9,9,0.9999282360076904,9,0.9997846484184265
2930,5,9,0.5238021612167358,1,0.8024167418479919
2931,3,3,0.9999964237213135,3,0.9999762773513794
2932,0,0,0.9813140630722046,0,0.9999994039535522
2933,6,6,0.9999841451644897,6,0.9998728036880493
2934,9,9,0.9999247789382935,9,0.9998612403869629
2935,8,8,0.9999997615814209,8,0.9999246597290039
2936,4,4,0.9999997615814209,4,0.9999997615814209
2937,0,0,0.9998921155929565,0,0.9926180243492126
2938,4,6,0.5160149931907654,4,0.939074695110321
2939,9,5,0.9974615573883057,0,0.8270094990730286
2940,2,2,0.9775329232215881,2,0.9984098672866821
2941,9,9,0.9999760389328003,9,0.9999321699142456
2942,0,0,1.0,0,0.9999778270721436
2943,1,1,0.9998331069946289,1,0.9359777569770813
2944,0,0,0.86819988489151,0,0.8731949925422668
2945,3,3,0.9989888072013855,3,0.673488974571228
2946,1,1,0.9957711100578308,1,0.996988832950592
2947,6,6,0.9997466206550598,6,0.9999969005584717
2948,5,5,0.9996798038482666,5,0.9999872446060181
2949,8,8,0.9999014139175415,8,0.9999710321426392
2950,1,1,0.9999401569366455,1,0.9866914749145508
2951,5,5,0.9997548460960388,5,0.9965707063674927
2952,3,3,0.744042158126831,3,0.9109540581703186
2953,3,3,0.9756767153739929,3,0.7721912264823914
2954,0,0,0.9995898604393005,0,0.9996988773345947
2955,3,3,0.9999994039535522,3,0.9999996423721313
2956,5,5,0.9703051447868347,5,0.9989187717437744
2957,5,5,0.9999769926071167,5,0.9999039173126221
2958,9,9,0.9954812526702881,9,0.9951146841049194
2959,2,2,0.997080385684967,2,0.971361517906189
2960,8,8,0.9997567534446716,8,0.9964136481285095
2961,7,7,0.8976475596427917,7,0.9932193160057068
2962,0,0,0.9999973773956299,0,0.9999885559082031
2963,4,4,0.9999983310699463,4,0.9999943971633911
2964,9,9,0.9309743046760559,9,0.8552612662315369
2965,1,1,0.9999122619628906,1,0.9883300065994263
2966,9,9,0.976121187210083,9,0.9563362002372742
2967,7,7,0.9999884366989136,7,0.9981531500816345
2968,7,7,0.9999662637710571,7,0.9998030066490173
2969,5,5,0.9992454051971436,5,0.9919753670692444
2970,5,5,0.8045792579650879,5,0.9857538938522339
2971,2,2,0.9999452829360962,2,0.9903083443641663
2972,0,0,0.9986242055892944,0,0.9849308729171753
2973,9,9,0.99928218126297,9,0.9997512698173523
2974,1,1,0.9994620680809021,1,0.9831728935241699
2975,8,8,0.985202968120575,8,0.9978285431861877
2976,6,6,0.9999969005584717,6,0.99969482421875
2977,2,2,0.9999847412109375,2,0.9985374212265015
2978,3,3,0.9999983310699463,3,0.9999868869781494
2979,9,9,0.32667624950408936,9,0.7903529405593872
2980,6,6,1.0,6,0.9999979734420776
2981,2,2,0.9999932050704956,2,0.9990257024765015
2982,1,1,0.9999760389328003,1,0.9917389154434204
2983,9,9,0.9995737671852112,9,0.9995540976524353
2984,1,1,0.9999743700027466,1,0.9954463839530945
2985,3,3,0.9999921321868896,3,0.9998956918716431
2986,5,5,0.9972180128097534,5,0.9978798627853394
2987,5,5,0.9998552799224854,5,0.9996404647827148
2988,0,0,0.9999371767044067,0,0.9999033212661743
2989,3,3,0.999991774559021,3,0.9999459981918335
2990,8,8,0.9988435506820679,8,0.9996585845947266
2991,3,3,0.9999580383300781,3,0.9966613054275513
2992,3,3,0.9999810457229614,3,0.999971866607666
2993,7,7,0.999009370803833,7,0.9985962510108948
2994,6,6,0.999226450920105,6,0.9998834133148193
2995,6,8,0.6988032460212708,6,0.5662566423416138
2996,0,0,0.9999996423721313,0,0.9999980926513672
2997,1,1,0.999994158744812,1,0.9929179549217224
2998,4,4,0.9999973773956299,4,0.9996868371963501
2999,0,0,0.9999998807907104,0,0.9999960660934448
3000,6,6,0.999972939491272,6,0.9996322393417358
3001,9,8,0.7097923159599304,8,0.5687244534492493
3002,8,8,0.9999884366989136,8,0.9999488592147827
3003,1,1,0.9999010562896729,1,0.9937918782234192
3004,2,2,0.9999282360076904,2,0.7402046918869019
3005,9,8,0.4890800416469574,9,0.6528506278991699
3006,9,9,0.9998725652694702,9,0.9989067316055298
3007,5,5,1.0,5,0.9999985694885254
3008,9,9,0.9996114373207092,9,0.9958979487419128
3009,7,7,0.9999557733535767,7,0.9992853999137878
3010,3,3,1.0,3,0.999987006187439
3011,7,7,1.0,7,0.9999994039535522
3012,8,8,0.9806740283966064,8,0.9990185499191284
3013,0,0,0.9999555349349976,0,0.9999698400497437
3014,1,1,0.9999305009841919,1,0.9931648373603821
3015,3,3,1.0,3,1.0
3016,0,0,0.9999592304229736,0,0.9775398969650269
3017,4,4,0.9999990463256836,4,0.999985933303833
3018,6,6,0.9999988079071045,6,0.9999876022338867
3019,1,1,0.999261200428009,1,0.9844900965690613
3020,0,0,0.9926436543464661,0,0.9999217987060547
3021,2,2,0.9946836829185486,2,0.7141112685203552
3022,5,5,0.9999985694885254,5,0.9999984502792358
3023,8,8,0.936250627040863,5,0.4981934428215027
3024,4,4,1.0,4,0.9999998807907104
3025,4,4,1.0,4,0.9999405145645142
3026,1,1,0.9983310103416443,1,0.9998264908790588
3027,1,1,0.9999003410339355,1,0.9811406135559082
3028,5,5,1.0,5,1.0
3029,4,4,0.9999963045120239,4,0.9951677322387695
3030,6,6,0.5887314677238464,8,0.9712449908256531
3031,6,6,1.0,6,1.0
3032,0,0,0.9999797344207764,0,0.9967377781867981
3033,6,6,0.9999774694442749,6,0.9998593330383301
3034,9,9,0.9961181879043579,9,0.9710484743118286
3035,2,2,1.0,2,0.9999996423721313
3036,6,6,0.999980092048645,6,0.9999982118606567
3037,2,2,0.999994158744812,2,0.9999983310699463
3038,7,7,0.9969106316566467,7,0.9845090508460999
3039,1,1,0.9956448078155518,1,0.9307325482368469
3040,7,7,0.9999415874481201,7,0.9980432987213135
3041,9,9,0.9984872341156006,9,0.997649610042572
3042,4,4,1.0,4,0.999911904335022
3043,0,0,0.9999539852142334,0,0.9990198612213135
3044,0,0,0.9999992847442627,0,0.9999996423721313
3045,3,3,1.0,3,0.9999784231185913
3046,8,8,0.9996137022972107,8,0.9999709129333496
3047,2,2,0.9999988079071045,2,0.9998389482498169
3048,2,2,0.9999788999557495,2,0.9997051358222961
3049,3,3,0.9999974966049194,3,0.9999984502792358
3050,1,1,0.9999918937683105,1,0.9978229999542236
3051,6,6,0.9999676942825317,6,0.9995428323745728
3052,0,0,0.9999991655349731,0,0.999996542930603
3053,5,5,0.9999991655349731,5,0.9999997615814209
3054,7,7,0.9999797344207764,7,0.9995064735412598
3055,7,7,0.9970365762710571,7,0.999370276927948
3056,9,9,0.9288139939308167,9,0.9964703321456909
3057,2,2,1.0,2,0.9999977350234985
3058,6,6,0.9999991655349731,6,0.999783456325531
3059,7,7,0.9965873956680298,7,0.993308424949646
3060,9,9,0.5803373456001282,9,0.7715770602226257
3061,7,7,0.9996610879898071,7,0.9999184608459473
3062,8,8,0.9913303852081299,8,0.8389624953269958
3063,6,6,0.9985538125038147,6,0.9873403906822205
3064,8,8,0.9999886751174927,8,0.9995705485343933
3065,8,8,0.8072494864463806,8,0.844985842704773
3066,4,4,0.9999985694885254,4,0.9999145269393921
3067,6,6,1.0,6,0.9999209642410278
3068,8,8,0.9993727803230286,8,0.9998112320899963
3069,4,4,0.9906884431838989,4,0.9999905824661255
3070,1,1,0.9999655485153198,1,0.9940279722213745
3071,2,2,1.0,2,0.9999979734420776
3072,8,8,0.9999916553497314,8,0.9999959468841553
3073,1,2,0.9778629541397095,2,0.8845964074134827
3074,3,3,1.0,3,0.9999945163726807
3075,9,9,0.9999769926071167,9,0.9999802112579346
3076,4,4,0.9999998807907104,4,0.9999737739562988
3077,0,0,0.9985172152519226,0,0.9996373653411865
3078,3,3,0.9845643043518066,3,0.9779611825942993
3079,7,7,0.999998927116394,7,0.9998927116394043
3080,3,3,1.0,3,1.0
3081,2,2,0.9999850988388062,2,0.9999784231185913
3082,3,3,0.9999997615814209,3,0.9999444484710693
3083,3,3,0.9994024038314819,3,0.9999727010726929
3084,7,7,0.9999741315841675,7,0.9994385838508606
3085,3,3,0.999934196472168,3,0.9999961853027344
3086,4,4,0.9999767541885376,4,0.9980515241622925
3087,0,0,0.9999990463256836,0,0.9979615211486816
3088,6,6,0.9999856948852539,6,0.9999936819076538
3089,2,2,0.9999628067016602,2,0.99759441614151
3090,0,0,0.9999998807907104,0,0.999983549118042
3091,8,8,0.9999996423721313,8,0.9996066689491272
3092,1,1,0.9975837469100952,1,0.9994376301765442
3093,5,5,0.9999898672103882,5,0.9999181032180786
3094,3,3,0.9999545812606812,3,0.999812662601471
3095,5,5,1.0,5,0.9999921321868896
3096,4,4,0.9995088577270508,4,0.9999898672103882
3097,1,1,0.9983392953872681,1,0.9990491271018982
3098,7,7,0.9999991655349731,7,0.9997128844261169
3099,1,1,0.9999929666519165,1,0.9998080134391785
3100,5,3,0.9526318311691284,5,0.9964614510536194
3101,7,7,0.9999921321868896,7,0.9991915822029114
3102,5,5,0.9991686344146729,5,0.9985164999961853
3103,7,7,0.9982465505599976,7,0.9380432963371277
3104,3,3,0.999998927116394,3,0.9998675584793091
3105,2,2,1.0,2,0.9999995231628418
3106,2,2,0.9994408488273621,2,0.9956877827644348
3107,7,7,0.9999995231628418,7,0.9999961853027344
3108,3,3,0.998661994934082,3,0.7605715394020081
3109,7,1,0.7620272040367126,7,0.7564248442649841
3110,3,3,0.9999843835830688,3,0.9999904632568359
3111,7,7,0.9997735619544983,7,0.9988371729850769
3112,8,8,0.9999812841415405,8,0.999985933303833
3113,5,5,1.0,5,0.9999924898147583
3114,4,4,0.9952131509780884,4,0.9941834807395935
3115,5,5,0.972383439540863,5,0.9996694326400757
3116,2,2,0.9999995231628418,2,0.9999878406524658
3117,5,5,0.9998836517333984,5,0.9999803304672241
3118,6,6,0.9999992847442627,6,0.9998935461044312
3119,5,5,1.0,5,0.9999998807907104
3120,3,3,0.9999967813491821,3,0.9999887943267822
3121,6,6,0.9992702603340149,6,0.9997633099555969
3122,7,7,0.9503040909767151,7,0.9993226528167725
3123,4,4,0.9996654987335205,4,0.9999879598617554
3124,1,1,0.9965125918388367,1,0.922697126865387
3125,7,7,0.9998633861541748,7,0.9999250173568726
3126,1,1,0.9998418092727661,1,0.9882765412330627
3127,5,5,0.9998881816864014,5,0.9992579817771912
3128,2,2,0.9999980926513672,2,0.9999806880950928
3129,3,3,0.9989400506019592,3,0.9997482895851135
3130,6,6,0.5655578374862671,6,0.9845543503761292
3131,3,3,0.9999593496322632,3,0.9999688863754272
3132,1,1,0.9993649125099182,3,0.7352427244186401
3133,4,4,0.9995974898338318,4,0.9995362758636475
3134,2,2,0.9998553991317749,2,0.9039273858070374
3135,6,6,0.9999982118606567,6,0.9999960660934448
3136,7,7,0.9202280044555664,7,0.8881213665008545
3137,4,4,0.9999990463256836,4,0.9999755620956421
3138,3,3,0.8408722281455994,3,0.9999181032180786
3139,8,8,0.9999974966049194,8,0.9999145269393921
3140,0,0,0.9999425411224365,0,0.99945467710495
3141,6,6,0.9999994039535522,6,0.9999508857727051
3142,2,2,0.9999802112579346,2,0.9996230602264404
3143,1,1,0.9999871253967285,1,0.9930364489555359
3144,6,6,1.0,6,0.9999986886978149
3145,5,5,0.9888114929199219,5,0.9979977011680603
3146,3,3,0.9995173215866089,3,0.9986196756362915
3147,9,9,0.9998835325241089,9,0.9996055960655212
3148,1,1,0.9991833567619324,1,0.9641766548156738
3149,9,9,0.9979178309440613,9,0.9982118606567383
3150,3,3,1.0,3,0.999996542930603
3151,2,2,0.9583381414413452,2,0.8819472789764404
3152,1,1,0.9997298121452332,1,0.9890984296798706
3153,8,8,0.9999496936798096,8,0.9999879598617554
3154,4,4,0.9999346733093262,4,0.9999980926513672
3155,4,4,0.9999995231628418,4,0.9999449253082275
3156,6,6,0.9999985694885254,6,0.9999393224716187
3157,5,5,0.9992265701293945,5,0.9992755055427551
3158,8,8,0.9999771118164062,8,0.9999963045120239
3159,6,6,0.9999971389770508,6,0.9999725818634033
3160,9,9,0.9840556383132935,9,0.8375712633132935
3161,7,7,0.9997183680534363,7,0.9965006113052368
3162,7,7,0.9999673366546631,7,0.9998065829277039
3163,8,8,0.9989032745361328,8,0.9984826445579529
3164,6,6,0.9999997615814209,6,0.9999939203262329
3165,9,9,0.99964439868927,9,0.9904922842979431
3166,7,7,0.9967465400695801,7,0.9987622499465942
3167,3,3,0.9999080896377563,3,0.9997221827507019
3168,9,9,0.9985166192054749,9,0.9997789263725281
3169,4,4,1.0,4,0.9999998807907104
3170,0,0,0.9999995231628418,0,1.0
3171,5,5,0.5786758661270142,5,0.9995225667953491
3172,4,4,0.9999961853027344,4,0.9725068807601929
3173,6,6,0.999701201915741,6,0.9996641874313354
3174,4,4,1.0,4,1.0
3175,1,1,0.9999229907989502,1,0.9828045964241028
3176,2,2,0.9999805688858032,2,0.9997532963752747
3177,3,3,0.9999998807907104,3,0.999930739402771
3178,0,0,0.9999997615814209,0,0.9999269247055054
3179,0,0,0.9999996423721313,0,0.9999988079071045
3180,2,2,0.9999998807907104,2,0.9999762773513794
3181,6,6,0.9999994039535522,6,0.9999843835830688
3182,6,6,1.0,6,1.0
3183,5,5,0.9998383522033691,5,0.9999516010284424
3184,7,7,0.7523793578147888,7,0.997188150882721
3185,0,0,0.998202919960022,0,0.9989635944366455
3186,8,8,0.9999921321868896,8,0.9998292922973633
3187,6,6,0.9999998807907104,6,0.999976634979248
3188,4,4,0.9999998807907104,4,0.9996356964111328
3189,7,7,0.9828398823738098,7,0.9987683892250061
3190,9,9,0.9951825737953186,9,0.9978358149528503
3191,0,0,0.9987972974777222,0,0.9945539236068726
3192,7,7,0.9985124468803406,7,0.9904072880744934
3193,3,3,0.9999799728393555,3,0.9999961853027344
3194,4,4,0.9998787641525269,4,0.9999687671661377
3195,2,2,0.9999709129333496,2,0.9999550580978394
3196,1,1,0.9716872572898865,1,0.9583285450935364
3197,8,8,0.9999995231628418,8,0.9999974966049194
3198,8,8,1.0,8,0.9999943971633911
3199,5,5,0.9999995231628418,5,0.9999984502792358
3200,9,9,0.9998453855514526,9,0.9998705387115479
3201,2,2,1.0,2,0.9999810457229614
3202,7,7,0.9999656677246094,7,0.9999862909317017
3203,1,1,0.9920791983604431,1,0.9451612830162048
3204,8,8,0.9999909400939941,8,0.9999667406082153
3205,8,8,0.9972414970397949,8,0.9995214939117432
3206,8,8,0.9986149072647095,8,0.9994489550590515
3207,2,2,0.9836720824241638,2,0.9920191168785095
3208,7,7,0.9997841715812683,7,0.9921182990074158
3209,6,6,0.9999868869781494,6,0.9987527132034302
3210,0,0,0.9999897480010986,0,0.9997579455375671
3211,1,1,0.939586877822876,1,0.9481664896011353
3212,2,2,0.9999892711639404,2,0.999956488609314
3213,7,7,0.9777442812919617,7,0.7441978454589844
3214,1,1,0.9986644983291626,1,0.9996750354766846
3215,0,0,0.9999963045120239,0,0.999974250793457
3216,8,8,0.932545006275177,8,0.9947099685668945
3217,3,3,0.9999998807907104,3,0.9999980926513672
3218,6,6,0.9994673132896423,6,0.9964524507522583
3219,0,0,0.9999899864196777,0,0.9999532699584961
3220,5,5,1.0,5,0.9999997615814209
3221,3,3,1.0,3,0.9999990463256836
3222,6,6,0.9999699592590332,6,0.9997987151145935
3223,2,2,1.0,2,0.9999934434890747
3224,8,8,0.9997453093528748,8,0.9995145797729492
3225,7,9,0.45528244972229004,9,0.6394671201705933
3226,0,0,0.9999996423721313,0,0.9999880790710449
3227,1,1,0.9998494386672974,1,0.9775058031082153
3228,4,4,0.9999945163726807,4,0.9999630451202393
3229,2,2,0.9997343420982361,2,0.99418044090271
3230,1,1,0.9985607266426086,1,0.8998627662658691
3231,1,1,0.999954342842102,1,0.998166024684906
3232,4,4,0.9995824694633484,4,0.9991839528083801
3233,4,4,0.9999947547912598,4,0.9999446868896484
3234,4,4,1.0,4,1.0
3235,4,4,0.9999508857727051,4,0.999958872795105
3236,7,7,0.9380510449409485,7,0.995179295539856
3237,1,1,0.998991072177887,1,0.9866772890090942
3238,6,6,0.9929628968238831,6,0.9935239553451538
3239,2,2,0.8977929949760437,2,0.9969402551651001
3240,9,9,0.9448812007904053,9,0.9928702712059021
3241,9,9,0.9998037219047546,9,0.9993636012077332
3242,0,0,0.9999880790710449,0,0.9999910593032837
3243,0,0,0.999836802482605,0,0.9989750385284424
3244,1,1,0.9991937279701233,1,0.9893970489501953
3245,8,8,0.9999470710754395,8,0.9993616938591003
3246,8,8,0.9997569918632507,8,0.9990098476409912
3247,4,4,0.9999760389328003,4,0.9999043941497803
3248,3,3,0.9999712705612183,3,0.9999821186065674
3249,4,4,0.9999996423721313,4,0.9999738931655884
3250,2,2,0.9960209727287292,2,0.9868119359016418
3251,0,0,0.9999837875366211,0,0.9999263286590576
3252,6,6,0.9996854066848755,6,0.9991686344146729
3253,1,1,0.9998496770858765,1,0.9975630044937134
3254,6,6,0.9958301186561584,6,0.9147078990936279
3255,1,1,0.998589813709259,1,0.995829164981842
3256,2,2,0.9960196614265442,2,0.9626831412315369
3257,2,2,0.9999995231628418,2,0.9995348453521729
3258,2,2,0.9999984502792358,2,0.9999393224716187
3259,1,1,0.9980813264846802,1,0.9292412400245667
3260,2,2,0.9999297857284546,2,0.9174230098724365
3261,3,3,0.9983188509941101,3,0.9849324822425842
3262,7,7,0.9949126243591309,7,0.853560209274292
3263,8,8,0.998822033405304,8,0.9991998076438904
3264,1,1,0.9999091625213623,1,0.9704052209854126
3265,0,0,1.0,0,0.9999982118606567
3266,0,0,0.9999529123306274,8,0.9207829236984253
3267,2,7,0.5425505042076111,2,0.9449620842933655
3268,1,1,0.999945878982544,1,0.9955793023109436
3269,6,6,0.9999665021896362,6,0.9877529144287109
3270,6,6,0.9564231634140015,6,0.9998925924301147
3271,0,0,0.9999995231628418,0,0.9999836683273315
3272,1,1,0.9951366782188416,1,0.9847983717918396
3273,6,6,0.9999986886978149,6,0.9999628067016602
3274,2,2,0.9999997615814209,2,0.9999914169311523
3275,5,5,0.9999867677688599,5,0.9988125562667847
3276,1,1,0.9999748468399048,1,0.987877607345581
3277,7,7,0.9997230172157288,7,0.9986600875854492
3278,4,4,0.9999998807907104,4,0.999996542930603
3279,8,8,0.9999973773956299,8,0.9999939203262329
3280,2,2,0.968662679195404,2,0.9462454915046692
3281,1,1,0.9992603659629822,1,0.9618175625801086
3282,4,4,0.999923825263977,4,0.9999253749847412
3283,3,3,0.9999761581420898,3,0.9979585409164429
3284,8,8,0.9999294281005859,8,0.9999284744262695
3285,3,3,0.9999980926513672,3,0.9997722506523132
3286,9,9,0.997438907623291,9,0.9993178844451904
3287,9,9,0.9998694658279419,9,0.9996190071105957
3288,4,4,0.9852104783058167,4,0.5963297486305237
3289,8,8,0.950572669506073,8,0.9990039467811584
3290,3,3,0.9999736547470093,3,0.9999995231628418
3291,4,4,0.9999963045120239,4,0.9999104738235474
3292,7,7,0.999896764755249,7,0.9985405206680298
3293,2,2,0.999998927116394,2,0.9999681711196899
3294,7,7,0.9999921321868896,7,0.9999973773956299
3295,5,5,0.9999985694885254,5,0.9999728202819824
3296,7,7,0.9999946355819702,7,0.9999803304672241
3297,0,0,0.9999920129776001,0,0.9989824891090393
3298,4,4,0.9999661445617676,4,0.999862551689148
3299,3,3,0.9998769760131836,3,0.999079704284668
3300,3,3,0.9997896552085876,3,0.9983935952186584
3301,2,2,0.9999992847442627,2,0.9999428987503052
3302,6,6,0.9886859655380249,6,0.9992862343788147
3303,7,7,0.9982061386108398,7,0.9969497323036194
3304,6,6,0.9998573064804077,6,0.9984984397888184
3305,0,0,0.9981387853622437,0,0.9871231317520142
3306,0,0,0.999997615814209,0,0.9999837875366211
3307,6,6,1.0,6,0.9999998807907104
3308,7,7,0.9999996423721313,7,0.9999666213989258
3309,7,7,0.9999334812164307,7,0.9987025260925293
3310,0,0,0.9999986886978149,0,0.9999537467956543
3311,5,5,0.9999793767929077,5,0.9999958276748657
3312,5,5,0.9968639612197876,5,0.9999713897705078
3313,8,8,0.9999949932098389,8,0.9999918937683105
3314,1,1,0.9998421669006348,1,0.9779560565948486
3315,0,0,0.9999998807907104,0,0.9999985694885254
3316,7,8,0.9083426594734192,7,0.8713950514793396
3317,0,0,0.9999716281890869,0,0.999751627445221
3318,2,2,0.9998131394386292,2,0.9997156262397766
3319,8,8,0.9931634664535522,8,0.9996976852416992
3320,1,1,0.9993552565574646,1,0.9905367493629456
3321,5,5,0.9998570680618286,5,0.9999978542327881
3322,0,0,0.9999982118606567,0,0.9994102716445923
3323,8,8,0.9996799230575562,8,0.9997161030769348
3324,8,8,0.9996292591094971,8,0.9997145533561707
3325,0,0,0.9999997615814209,0,0.9999957084655762
3326,3,3,0.9860572814941406,3,0.9962738752365112
3327,2,2,0.9999970197677612,2,0.9994722008705139
3328,7,7,0.9999986886978149,7,0.9998346567153931
3329,7,7,0.8818095326423645,7,0.9962961077690125
3330,2,2,0.9996756315231323,2,0.8620916604995728
3331,6,6,0.9999790191650391,6,0.9986139535903931
3332,4,4,0.9999606609344482,4,0.9989277720451355
3333,7,3,0.4485407769680023,4,0.44722431898117065
3334,5,5,0.9953355193138123,5,0.9962666630744934
3335,5,5,0.9986410737037659,5,0.9991827607154846
3336,5,5,0.8630333542823792,5,0.9819100499153137
3337,2,2,0.6708110570907593,7,0.9484489560127258
3338,9,9,0.9939151406288147,9,0.9992094039916992
3339,2,2,0.9925708174705505,2,0.9000386595726013
3340,8,8,0.9999152421951294,8,0.9999891519546509
3341,4,4,0.9999997615814209,4,0.9999599456787109
3342,6,6,0.9999159574508667,6,0.9999319314956665
3343,8,8,0.9978809952735901,8,0.897299587726593
3344,6,6,0.9809134602546692,6,0.9881494045257568
3345,5,5,0.9999991655349731,5,0.9999454021453857
3346,0,0,0.9999932050704956,0,0.9999895095825195
3347,0,0,0.9995406866073608,0,0.9990599751472473
3348,8,8,0.9999995231628418,8,0.9997369647026062
3349,7,7,0.9822965264320374,7,0.9994686245918274
3350,6,6,0.9998593330383301,6,0.9999892711639404
3351,1,1,0.9992293119430542,1,0.9990419745445251
3352,7,7,0.5626837611198425,7,0.9970539808273315
3353,1,1,0.9999880790710449,1,0.9982251524925232
3354,1,1,0.9999915361404419,1,0.968579888343811
3355,2,2,1.0,2,0.9999988079071045
3356,7,7,0.9999754428863525,7,0.999935507774353
3357,4,4,1.0,4,1.0
3358,0,0,0.9977049231529236,0,0.9965565204620361
3359,0,0,1.0,0,0.9999697208404541
3360,7,7,0.999997615814209,7,0.9978926777839661
3361,7,7,0.9991546869277954,7,0.9948644042015076
3362,6,6,1.0,6,0.9999997615814209
3363,3,3,0.9999881982803345,3,0.9999567270278931
3364,8,8,0.9999897480010986,8,0.9927574396133423
3365,6,6,0.9956413507461548,6,0.9912331700325012
3366,4,4,0.9999991655349731,4,0.999991774559021
3367,2,2,0.9998607635498047,2,0.998178243637085
3368,0,0,0.9999997615814209,0,0.9999288320541382
3369,9,9,0.7709118723869324,9,0.912266194820404
3370,4,4,1.0,4,0.9999971389770508
3371,0,0,0.9999997615814209,0,0.9999939203262329
3372,5,5,0.9999959468841553,5,0.9999779462814331
3373,7,7,0.9130080342292786,7,0.9995149374008179
3374,8,8,0.9999922513961792,8,0.9998251795768738
3375,2,2,0.9963425993919373,2,0.9992150068283081
3376,7,7,0.6649020314216614,7,0.9712777137756348
3377,4,4,0.9983553290367126,4,0.9939324259757996
3378,7,7,0.9999887943267822,7,0.9999570846557617
3379,1,1,0.9999350309371948,1,0.9816814064979553
3380,1,1,0.9969213008880615,1,0.8528087139129639
3381,3,3,0.9999672174453735,3,0.999566376209259
3382,6,6,0.9999998807907104,6,0.9999971389770508
3383,6,6,0.9996528625488281,6,0.9980054497718811
3384,2,2,0.7088263034820557,2,0.9914684295654297
3385,9,9,0.9999886751174927,9,0.9999576807022095
3386,1,1,0.9997383952140808,1,0.99504154920578
3387,9,9,0.9982624650001526,9,0.997947633266449
3388,4,4,0.9675747752189636,4,0.9932670593261719
3389,8,8,0.9999386072158813,8,0.9997571110725403
3390,3,3,0.9999945163726807,3,0.9999905824661255
3391,6,6,0.9999885559082031,6,0.999993085861206
3392,9,9,0.9999402761459351,9,0.9918134212493896
3393,5,5,0.9983044862747192,5,0.9998482465744019
3394,9,9,0.9999854564666748,9,0.9977155923843384
3395,6,6,0.9999997615814209,6,0.9999997615814209
3396,2,2,1.0,2,0.9999938011169434
3397,4,4,1.0,4,1.0
3398,6,6,0.9997163414955139,6,0.9998559951782227
3399,7,7,0.9999998807907104,7,0.9999980926513672
3400,7,7,0.9999998807907104,7,0.9996457099914551
3401,0,0,0.9999996423721313,0,0.999972939491272
3402,6,6,0.9997803568840027,6,0.9999654293060303
3403,6,6,0.9995154142379761,6,0.9999481439590454
3404,9,9,0.9438654780387878,9,0.9379706382751465
3405,4,4,0.8915529847145081,4,0.990757942199707
3406,8,8,0.99992835521698,8,0.9999874830245972
3407,3,3,0.9999972581863403,3,0.999984622001648
3408,5,5,0.9999983310699463,5,0.9999886751174927
3409,3,3,0.9999997615814209,3,0.999996542930603
3410,4,4,0.9883540868759155,4,0.9999843835830688
3411,9,9,0.9990959167480469,9,0.9948030114173889
3412,0,0,0.9998700618743896,0,0.9999727010726929
3413,0,0,0.9999983310699463,0,0.9989424347877502
3414,5,5,0.9194907546043396,5,0.9999134540557861
3415,2,2,0.9967032074928284,2,0.9204089641571045
3416,5,5,0.9999960660934448,5,0.9999939203262329
3417,0,0,0.9999983310699463,0,0.9999980926513672
3418,7,7,0.9847086668014526,7,0.8332738876342773
3419,1,1,0.999962329864502,1,0.9843626022338867
3420,1,1,0.9998906850814819,1,0.9964267611503601
3421,1,1,0.999834418296814,1,0.991119921207428
3422,6,0,0.8958593010902405,6,0.9519776105880737
3423,7,7,0.9999943971633911,7,0.9998194575309753
3424,6,6,0.9999303817749023,6,0.999677300453186
3425,7,7,0.9997269511222839,7,0.9993345141410828
3426,9,9,0.9997075200080872,9,0.9783892631530762
3427,6,6,0.9976019263267517,6,0.99224454164505
3428,6,6,0.9999704360961914,6,0.9999208450317383
3429,4,4,0.9982357025146484,4,0.9721892476081848
3430,1,1,0.9997393488883972,1,0.987580418586731
3431,4,4,0.9999998807907104,4,0.9999977350234985
3432,3,3,0.9992477893829346,3,0.9736679792404175
3433,1,1,0.9998199343681335,1,0.9982298016548157
3434,1,1,0.9988883137702942,1,0.9802771210670471
3435,2,2,0.9999995231628418,2,0.9999673366546631
3436,2,2,0.9999080896377563,2,0.6358678936958313
3437,4,4,0.9999344348907471,4,0.9996705055236816
3438,1,1,0.9997269511222839,1,0.98136305809021
3439,0,0,0.9999998807907104,0,0.9999455213546753
3440,8,8,0.9999886751174927,8,0.9999715089797974
3441,7,7,0.9920386075973511,7,0.9982008934020996
3442,6,6,0.9981675148010254,6,0.9953485131263733
3443,3,3,0.9962779879570007,3,0.9999744892120361
3444,4,4,0.999998927116394,4,0.9999936819076538
3445,0,0,1.0,0,0.9999994039535522
3446,0,0,0.9989424347877502,0,0.9765005111694336
3447,6,6,0.999964714050293,6,0.9991790652275085
3448,3,3,0.7547767758369446,3,0.7479897141456604
3449,3,3,0.9999996423721313,3,0.9999630451202393
3450,0,0,0.9300588369369507,0,0.9534637331962585
3451,7,3,0.7425807118415833,7,0.8339673280715942
3452,1,1,0.9987285733222961,1,0.9764625430107117
3453,7,7,0.8692125678062439,7,0.9974378347396851
3454,1,1,0.9999905824661255,1,0.9971218705177307
3455,1,1,0.9999765157699585,1,0.9751900434494019
3456,3,3,1.0,3,0.9999947547912598
3457,1,1,0.9882022738456726,1,0.7421921491622925
3458,0,0,0.9999998807907104,0,0.9999996423721313
3459,9,9,0.9999867677688599,9,0.9999842643737793
3460,9,4,0.5659496784210205,9,0.9027032256126404
3461,7,7,0.9999994039535522,7,0.9999731779098511
3462,5,5,1.0,5,0.9999995231628418
3463,4,4,1.0,4,0.9999980926513672
3464,1,1,0.9999098777770996,1,0.9914734363555908
3465,4,4,1.0,4,0.9999366998672485
3466,8,8,0.9999622106552124,8,0.9743824005126953
3467,9,9,0.9008069634437561,9,0.9777575135231018
3468,5,5,0.9999039173126221,5,0.9999843835830688
3469,3,3,0.9996682405471802,3,0.9997970461845398
3470,5,5,0.9999998807907104,5,0.9998555183410645
3471,1,1,0.9997032284736633,1,0.9973052740097046
3472,9,9,0.999903678894043,9,0.9997742772102356
3473,8,8,0.9999991655349731,8,0.9990922212600708
3474,2,4,0.57306969165802,7,0.556242823600769
3475,3,3,0.9935734868049622,3,0.8662244081497192
3476,3,3,0.9999129772186279,3,0.9989818930625916
3477,9,9,0.9958664178848267,9,0.9908716082572937
3478,9,9,0.9873501658439636,9,0.9993181228637695
3479,0,0,0.9999431371688843,0,0.9996123909950256
3480,1,1,0.999984860420227,1,0.9995015859603882
3481,0,0,0.9999994039535522,0,0.9999638795852661
3482,2,2,0.9999774694442749,2,0.9998185038566589
3483,9,9,0.9999946355819702,9,0.9999614953994751
3484,3,3,1.0,3,0.9999991655349731
3485,9,9,0.9998236298561096,9,0.9998942613601685
3486,3,3,0.9999997615814209,3,0.9999970197677612
3487,3,3,0.9999977350234985,3,0.9999414682388306
3488,6,6,0.9999933242797852,6,0.990630567073822
3489,2,2,0.9955014586448669,2,0.9997686743736267
3490,4,4,0.9970502853393555,4,0.9673713445663452
3491,9,9,0.9886279702186584,9,0.9863118529319763
3492,8,8,0.9992000460624695,8,0.9990129470825195
3493,3,3,0.9999845027923584,3,0.9999880790710449
3494,7,7,0.9978984594345093,7,0.9996821880340576
3495,4,4,0.9999967813491821,4,0.9992861151695251
3496,0,0,0.9998019337654114,0,0.9939656853675842
3497,4,4,0.9999933242797852,4,0.9999747276306152
3498,7,7,0.9983761310577393,7,0.9955523610115051
3499,8,8,0.9999970197677612,8,0.9999829530715942
3500,4,4,1.0,4,0.9999998807907104
3501,9,9,0.9928086996078491,9,0.9996534585952759
3502,8,8,0.9998959302902222,8,0.9976686835289001
3503,9,1,0.9630554914474487,9,0.8438889384269714
3504,9,9,0.8677563667297363,9,0.9531627297401428
3505,7,7,0.9904558062553406,7,0.9963722229003906
3506,5,5,0.9993732571601868,5,0.9998917579650879
3507,9,9,0.9978384375572205,9,0.9998501539230347
3508,2,2,1.0,2,0.9994327425956726
3509,8,8,0.9999909400939941,8,0.9986236095428467
3510,2,2,0.9999924898147583,2,0.9997937083244324
3511,2,7,0.8822548389434814,2,0.5066941976547241
3512,0,0,0.9998918771743774,0,0.9999574422836304
3513,2,2,0.999995231628418,2,0.9971207976341248
3514,2,2,0.9999803304672241,2,0.9943203926086426
3515,3,3,0.9999990463256836,3,0.9999862909317017
3516,8,8,0.999240517616272,8,0.9754649996757507
3517,4,4,1.0,4,0.9999998807907104
3518,6,6,0.999962568283081,6,0.9999626874923706
3519,8,8,0.9997120499610901,8,0.9659951329231262
3520,6,4,0.9966532588005066,4,0.45204466581344604
3521,8,8,0.9999939203262329,8,0.9999792575836182
3522,2,2,0.9172248244285583,2,0.9276790022850037
3523,4,4,0.9999899864196777,4,0.9999450445175171
3524,6,6,0.9999997615814209,6,0.9993187189102173
3525,7,7,0.9997513890266418,7,0.9997945427894592
3526,9,9,0.9981017708778381,9,0.9899759888648987
3527,3,3,0.9999963045120239,3,0.9998915195465088
3528,3,3,0.9999964237213135,3,0.999998927116394
3529,9,9,0.9925634264945984,9,0.9774905443191528
3530,4,4,0.9999785423278809,4,0.9999914169311523
3531,3,3,1.0,3,0.999913215637207
3532,1,1,0.9999357461929321,1,0.9515879154205322
3533,4,4,0.9993877410888672,4,0.971816897392273
3534,4,4,0.9262275695800781,4,0.6793502569198608
3535,7,7,0.9999988079071045,7,0.9999995231628418
3536,0,0,0.9999911785125732,0,0.9998838901519775
3537,5,5,0.9997441172599792,5,0.9994261264801025
3538,9,9,0.9995074272155762,9,0.9994202852249146
3539,6,6,0.9999997615814209,6,0.9999953508377075
3540,0,0,0.9999985694885254,0,0.9951013922691345
3541,4,4,0.999996542930603,4,0.9999971389770508
3542,4,4,0.9986298084259033,4,0.9994213581085205
3543,4,4,0.999980092048645,4,0.9999544620513916
3544,4,4,0.9999988079071045,4,0.9999825954437256
3545,6,6,1.0,6,0.999998927116394
3546,1,1,0.9999984502792358,1,0.9938837885856628
3547,2,2,0.9999996423721313,2,0.9998061060905457
3548,3,3,0.9999980926513672,3,0.9998958110809326
3549,3,3,0.9997032284736633,3,0.9995135068893433
3550,6,6,0.9512614607810974,6,0.9910888671875
3551,4,4,0.9999880790710449,4,0.9997205138206482
3552,5,5,0.9971328973770142,5,0.9999865293502808
3553,9,9,0.9809178113937378,9,0.9800040125846863
3554,6,6,0.9999991655349731,6,0.9999995231628418
3555,8,8,0.9999160766601562,8,0.9899402260780334
3556,5,5,0.9999929666519165,5,0.9997745156288147
3557,6,6,0.9900020360946655,6,0.9998140931129456
3558,5,0,0.8658043742179871,5,0.7033486366271973
3559,8,8,0.8684446215629578,8,0.9161723852157593
3560,6,6,1.0,6,0.9999927282333374
3561,4,4,0.9999927282333374,4,0.9984990358352661
3562,1,1,0.9996875524520874,1,0.9971621036529541
3563,8,8,0.9977460503578186,8,0.9911224842071533
3564,6,6,0.996331512928009,6,0.9904589653015137
3565,5,5,0.99227374792099,5,0.9993676543235779
3566,2,2,0.9969486594200134,2,0.9996165037155151
3567,8,8,0.9466187953948975,8,0.9737076163291931
3568,4,4,1.0,4,0.999680757522583
3569,5,5,1.0,5,1.0
3570,5,5,1.0,5,0.9999995231628418
3571,4,4,0.9981936812400818,4,0.9971956014633179
3572,7,7,0.9999912977218628,7,0.9995926022529602
3573,7,7,0.8447253704071045,7,0.9991101622581482
3574,0,7,0.9327290654182434,0,0.8840318918228149
3575,7,7,0.9999998807907104,7,0.9999982118606567
3576,8,8,0.9999940395355225,8,0.9974749684333801
3577,2,2,0.9999942779541016,2,0.9990517497062683
3578,2,2,0.9998575448989868,2,0.9809649586677551
3579,3,3,1.0,3,0.9999949932098389
3580,7,7,0.9993160963058472,7,0.9976736903190613
3581,0,0,0.999997615814209,0,0.9999902248382568
3582,1,1,0.9977132081985474,1,0.9887664914131165
3583,8,8,0.9968530535697937,8,0.9997922778129578
3584,0,0,1.0,0,0.9999836683273315
3585,7,7,0.9915186762809753,7,0.9994646906852722
3586,1,1,0.9999970197677612,1,0.9801260828971863
3587,9,9,0.9999995231628418,9,0.9986151456832886
3588,8,8,0.9999951124191284,8,0.9999840259552002
3589,7,7,0.9797428250312805,7,0.9893873929977417
3590,5,5,0.9999978542327881,5,0.9998588562011719
3591,5,5,0.9591977000236511,5,0.9998176693916321
3592,9,9,0.924318790435791,9,0.9918177127838135
3593,1,1,0.9989546537399292,1,0.9996719360351562
3594,7,7,0.9999960660934448,7,0.9998249411582947
3595,5,5,1.0,5,0.9999994039535522
3596,4,4,1.0,4,0.9999998807907104
3597,9,3,0.7721810340881348,9,0.9773355722427368
3598,1,1,0.9983183145523071,1,0.9861353635787964
3599,2,2,0.9238144755363464,2,0.6310659050941467
3600,2,1,0.8852463960647583,2,0.9701464772224426
3601,1,1,0.9470145106315613,1,0.8539474606513977
3602,6,6,1.0,6,0.9999998807907104
3603,6,6,1.0,6,0.9999998807907104
3604,7,7,0.5125950574874878,7,0.9732315540313721
3605,1,1,0.996748685836792,1,0.9948412775993347
3606,1,1,0.9977887868881226,1,0.955642819404602
3607,4,4,0.9999762773513794,4,0.9964644908905029
3608,0,0,1.0,0,0.9999991655349731
3609,7,7,0.9999867677688599,7,0.9983237385749817
3610,4,4,0.9999998807907104,4,0.999982476234436
3611,2,2,0.9997832179069519,2,0.9897770285606384
3612,4,4,0.9999973773956299,4,0.9999994039535522
3613,0,0,0.9978394508361816,0,0.9999634027481079
3614,6,6,0.9999998807907104,6,0.9999996423721313
3615,4,4,0.9997705817222595,4,0.999832034111023
3616,7,7,0.9995239973068237,7,0.9993599057197571
3617,6,6,0.9999632835388184,6,0.999150276184082
3618,9,9,0.9988371729850769,9,0.8348982930183411
3619,5,5,0.9999992847442627,5,0.9999858140945435
3620,3,3,0.9999996423721313,3,0.9999990463256836
3621,4,4,0.9999994039535522,4,0.9999974966049194
3622,6,6,1.0,6,0.9999998807907104
3623,5,5,0.9996125102043152,5,0.9999146461486816
3624,0,0,0.9999995231628418,0,0.9994980096817017
3625,1,1,0.9999414682388306,1,0.9889531135559082
3626,8,8,0.9779341816902161,8,0.9981649518013
3627,8,8,0.9999998807907104,8,0.9999996423721313
3628,2,2,0.9999998807907104,2,0.9999837875366211
3629,8,8,0.9989905953407288,8,0.9964722394943237
3630,3,3,1.0,3,1.0
3631,5,5,0.9999687671661377,5,0.9999992847442627
3632,7,7,0.999954104423523,7,0.9996623992919922
3633,8,8,0.9999997615814209,8,0.9999914169311523
3634,0,0,0.9999738931655884,0,0.9999383687973022
3635,8,8,0.9995611310005188,8,0.9996732473373413
3636,5,5,0.9577722549438477,5,0.9991468191146851
3637,7,7,0.9995445609092712,7,0.9972589015960693
3638,1,1,0.9965707063674927,1,0.975699782371521
3639,1,1,0.9998584985733032,1,0.9982470273971558
3640,0,0,0.9953179359436035,0,0.9855155944824219
3641,1,1,0.9995891451835632,1,0.9758415222167969
3642,3,3,1.0,3,0.9999996423721313
3643,7,7,0.999495267868042,7,0.99856036901474
3644,8,8,0.9999932050704956,8,0.9999383687973022
3645,5,5,0.9999949932098389,5,0.9993818998336792
3646,0,0,0.9999860525131226,0,0.9937340617179871
3647,7,7,0.979326605796814,7,0.9987947940826416
3648,1,1,0.9999955892562866,1,0.994504988193512
3649,1,1,0.999927282333374,1,0.9946197271347046
3650,0,0,0.9998722076416016,0,0.9999194145202637
3651,1,1,0.9999932050704956,1,0.975253164768219
3652,1,1,0.9999783039093018,1,0.9892749190330505
3653,4,4,0.9957113265991211,4,0.9989359974861145
3654,5,5,0.9986911416053772,5,0.9996660947799683
3655,2,2,0.994621992111206,2,0.999816358089447
3656,7,7,0.9984706044197083,7,0.9997723698616028
3657,6,6,1.0,6,0.9999972581863403
3658,2,2,0.9953296184539795,2,0.9826048612594604
3659,3,3,1.0,3,0.999982476234436
3660,0,0,0.9999985694885254,0,0.9999997615814209
3661,2,2,0.9999961853027344,2,0.9998674392700195
3662,8,8,0.980361819267273,8,0.9249560832977295
3663,5,5,0.9999616146087646,5,0.9998699426651001
3664,9,9,0.9928856492042542,9,0.9575801491737366
3665,6,6,0.9981029033660889,6,0.9999994039535522
3666,9,9,0.9906758069992065,9,0.9921557307243347
3667,7,7,0.9998005032539368,7,0.9993329644203186
3668,2,2,1.0,2,0.9999880790710449
3669,1,1,0.9999204874038696,1,0.9937793612480164
3670,3,3,0.9999997615814209,3,0.9999971389770508
3671,6,6,0.9999998807907104,6,0.9999992847442627
3672,4,4,0.9961023330688477,4,0.9964338541030884
3673,1,1,0.9995899796485901,1,0.9881963133811951
3674,8,8,0.9995922446250916,8,0.9236460328102112
3675,2,2,1.0,2,0.9999750852584839
3676,4,4,0.999997615814209,4,0.9998475313186646
3677,0,0,0.9999998807907104,0,0.9999799728393555
3678,5,5,0.9999935626983643,5,0.9999841451644897
3679,1,1,0.9999490976333618,1,0.9956412315368652
3680,0,0,0.9999836683273315,0,0.9997500777244568
3681,2,2,0.9993649125099182,2,0.9558541774749756
3682,2,2,0.9999983310699463,2,0.9999221563339233
3683,6,6,0.9999850988388062,6,0.9995580315589905
3684,4,4,0.9999997615814209,4,0.9999430179595947
3685,4,4,0.9999951124191284,4,0.9992610812187195
3686,3,3,0.9999639987945557,3,0.9998624324798584
3687,9,9,0.9948240518569946,9,0.8981170058250427
3688,6,6,0.40988901257514954,6,0.9118502140045166
3689,1,1,0.9992886781692505,1,0.9744158983230591
3690,6,6,0.9986183643341064,6,0.999596893787384
3691,5,5,0.9999998807907104,5,0.9999996423721313
3692,7,7,0.9999998807907104,7,0.9999997615814209
3693,9,9,0.9954208731651306,9,0.9991324543952942
3694,2,2,0.8830142617225647,2,0.9971386194229126
3695,0,0,0.9999897480010986,0,0.9999551773071289
3696,2,2,0.9995561242103577,2,0.9994852542877197
3697,6,6,0.9999998807907104,6,0.9999676942825317
3698,0,0,0.9998196959495544,0,0.9795696139335632
3699,1,1,0.9999558925628662,1,0.9784855842590332
3700,4,4,0.9999849796295166,4,0.9999711513519287
3701,3,3,0.9999998807907104,3,0.9999923706054688
3702,5,5,0.4722684621810913,4,0.9705257415771484
3703,2,2,0.9996768236160278,2,0.9572715759277344
3704,8,8,0.9999998807907104,8,0.9999958276748657
3705,8,8,0.9999998807907104,8,0.9997658133506775
3706,0,0,0.9553529024124146,0,0.9987579584121704
3707,8,8,0.9999803304672241,8,0.9999493360519409
3708,8,8,0.9999517202377319,8,0.9999840259552002
3709,9,9,0.9889624714851379,9,0.9958482980728149
3710,0,0,0.9921567440032959,0,0.9998670816421509
3711,9,9,0.9998251795768738,9,0.9876518249511719
3712,6,6,1.0,6,0.9999969005584717
3713,7,7,0.9996941089630127,7,0.9945584535598755
3714,6,6,0.9999997615814209,6,0.9999961853027344
3715,3,3,0.9999982118606567,3,0.999940037727356
3716,9,9,0.9832106828689575,9,0.9732793569564819
3717,3,3,0.9999998807907104,3,0.9999923706054688
3718,4,4,0.997965931892395,4,0.992232084274292
3719,7,7,0.9974735379219055,7,0.9884852170944214
3720,7,7,0.9999035596847534,7,0.9998226761817932
3721,7,7,0.9216936826705933,7,0.9809566736221313
3722,4,4,0.9999988079071045,4,0.9999966621398926
3723,9,9,0.7964200377464294,9,0.9970512390136719
3724,0,0,0.9999784231185913,0,0.9458684325218201
3725,6,6,0.9999867677688599,6,0.9999619722366333
3726,4,9,0.5032413601875305,4,0.9522876739501953
3727,8,8,0.8872528076171875,8,0.9105715751647949
3728,4,4,0.99998939037323,4,0.9991496801376343
3729,2,2,0.9730917811393738,2,0.918178379535675
3730,7,7,0.9982137680053711,7,0.9592852592468262
3731,2,2,1.0,2,0.9999994039535522
3732,8,8,0.9999839067459106,8,0.9996601343154907
3733,1,1,0.9984323382377625,1,0.9996325969696045
3734,0,0,0.9999997615814209,0,0.9999994039535522
3735,0,0,0.9999996423721313,0,0.9999998807907104
3736,7,7,0.6993238925933838,7,0.9846304059028625
3737,8,8,0.9994208812713623,8,0.9998613595962524
3738,3,3,0.9969713687896729,3,0.999589741230011
3739,3,3,0.9990656971931458,3,0.9821873903274536
3740,3,3,0.9999867677688599,3,0.9999979734420776
3741,1,1,0.9999173879623413,1,0.9519617557525635
3742,3,3,0.9901780486106873,3,0.8801364898681641
3743,7,7,0.9954776167869568,7,0.9992272853851318
3744,6,6,0.9994164705276489,6,0.9925181865692139
3745,1,1,0.9995365142822266,1,0.9875258207321167
3746,3,3,0.9999940395355225,3,0.99713134765625
3747,1,1,0.9989894032478333,1,0.9805426597595215
3748,6,6,0.9970548152923584,6,0.9948524832725525
3749,6,6,0.6458094120025635,6,0.894906759262085
3750,5,5,0.9999722242355347,5,0.9999969005584717
3751,7,2,0.9390891194343567,7,0.982925534248352
3752,4,4,0.999381422996521,4,0.9999984502792358
3753,7,7,0.9999585151672363,7,0.9996429681777954
3754,5,5,0.999762237071991,5,0.9832221865653992
3755,9,2,0.5361366868019104,2,0.679371178150177
3756,5,5,0.6689513921737671,9,0.6757366061210632
3757,8,8,0.9982771873474121,8,0.9976105690002441
3758,4,4,1.0,4,0.999968409538269
3759,9,9,0.9972162246704102,9,0.9994438290596008
3760,9,9,0.9949197173118591,9,0.9319540858268738
3761,1,1,0.9986673593521118,1,0.939704954624176
3762,6,6,0.6712849736213684,6,0.567884624004364
3763,5,5,0.9996863603591919,5,0.9999756813049316
3764,0,0,0.9956076741218567,0,0.9996534585952759
3765,1,1,0.999915599822998,1,0.9838111996650696
3766,3,3,0.9999964237213135,3,0.9368585348129272
3767,7,7,0.9997624754905701,7,0.999371349811554
3768,0,0,0.9999796152114868,0,0.9988747239112854
3769,3,3,0.999998927116394,3,0.9996265172958374
3770,4,4,1.0,4,0.9999992847442627
3771,8,8,0.9999555349349976,8,0.9999319314956665
3772,2,2,0.989216685295105,2,0.8880952000617981
3773,2,2,0.999970555305481,2,0.999589741230011
3774,0,0,0.9989463686943054,0,0.9997664093971252
3775,2,2,1.0,2,0.9999736547470093
3776,5,5,0.7498629689216614,5,0.9982557892799377
3777,1,1,0.9995614886283875,1,0.9845031499862671
3778,5,5,0.9532065987586975,5,0.7653433084487915
3779,1,1,0.9999668598175049,1,0.9774382710456848
3780,4,4,0.9472153186798096,4,0.9994613528251648
3781,8,8,0.9999948740005493,8,0.999755322933197
3782,8,8,0.9998975992202759,8,0.9995941519737244
3783,9,9,0.998130738735199,9,0.998917818069458
3784,1,1,0.9999779462814331,1,0.9968677163124084
3785,2,2,0.9898389577865601,2,0.9741442203521729
3786,1,1,0.9995890259742737,1,0.9930631518363953
3787,3,3,0.9999380111694336,3,0.9947274327278137
3788,5,5,1.0,5,0.9999997615814209
3789,1,1,0.9998717308044434,1,0.6243523955345154
3790,0,0,0.9999935626983643,0,0.9999628067016602
3791,9,9,0.989768385887146,9,0.9396237730979919
3792,4,4,0.9999998807907104,4,0.9999984502792358
3793,4,4,0.9999994039535522,4,0.9999639987945557
3794,8,3,0.5249437093734741,3,0.5984949469566345
3795,3,3,0.9999637603759766,3,0.9999842643737793
3796,2,8,0.7817634344100952,2,0.5722461938858032
3797,5,5,1.0,5,0.9999998807907104
3798,9,9,0.9830295443534851,9,0.9953888654708862
3799,7,7,0.9999997615814209,7,0.9999996423721313
3800,6,6,0.9991629123687744,6,0.9994811415672302
3801,6,6,0.7195425629615784,6,0.9990429282188416
3802,2,2,1.0,2,1.0
3803,0,0,0.9999986886978149,0,0.9999933242797852
3804,0,0,0.9996570348739624,0,0.9998908042907715
3805,0,0,0.9999996423721313,0,0.99992835521698
3806,5,8,0.9664623141288757,5,0.8665642738342285
3807,8,8,0.9999996423721313,8,0.9999998807907104
3808,7,8,0.7262316942214966,7,0.6544493436813354
3809,1,1,0.9992720484733582,1,0.974609911441803
3810,5,5,0.9931031465530396,5,0.9953468441963196
3811,2,2,0.9627386927604675,2,0.8758491277694702
3812,3,3,0.9999889135360718,3,0.9999603033065796
3813,8,8,1.0,8,1.0
3814,5,5,0.9999998807907104,5,0.9999911785125732
3815,1,1,0.999987006187439,1,0.9967077970504761
3816,8,8,0.9999957084655762,8,0.9999467134475708
3817,2,2,0.9999990463256836,2,0.9999728202819824
3818,0,0,0.9991438388824463,0,0.993438184261322
3819,4,4,1.0,4,1.0
3820,9,9,0.9998612403869629,9,0.9997411370277405
3821,9,4,0.8940029740333557,4,0.7754068374633789
3822,6,6,0.9999998807907104,6,0.9999997615814209
3823,2,2,0.9999998807907104,2,0.9999483823776245
3824,3,3,0.9999995231628418,3,0.9999806880950928
3825,3,3,0.9999986886978149,3,0.9999969005584717
3826,5,5,0.9999998807907104,5,0.9999639987945557
3827,6,6,0.9999998807907104,6,0.9999977350234985
3828,4,4,0.9999998807907104,4,0.9999966621398926
3829,8,8,1.0,8,0.9999977350234985
3830,0,0,1.0,0,0.9999984502792358
3831,9,9,0.6463718414306641,9,0.600854754447937
3832,2,2,1.0,2,0.9999885559082031
3833,8,8,0.9701833724975586,8,0.9996296167373657
3834,3,3,0.999812662601471,3,0.9986263513565063
3835,6,6,0.9995512366294861,6,0.999984622001648
3836,7,4,0.7884585857391357,7,0.9979392886161804
3837,5,5,0.9999969005584717,5,0.9999853372573853
3838,7,7,0.8434919714927673,7,0.48175299167633057
3839,2,2,0.9999494552612305,2,0.9966537952423096
3840,9,9,0.5946438908576965,9,0.9933018684387207
3841,4,4,0.9999998807907104,4,0.9999997615814209
3842,9,9,0.9999814033508301,9,0.9983648657798767
3843,1,1,0.9999263286590576,1,0.9824748635292053
3844,2,2,0.9999659061431885,2,0.9995467066764832
3845,8,8,1.0,8,0.9999984502792358
3846,6,6,0.9998999834060669,6,0.9997478127479553
3847,0,0,0.9999831914901733,0,0.9985007047653198
3848,7,7,0.9849324822425842,7,0.9999669790267944
3849,0,0,0.9999997615814209,0,0.9999998807907104
3850,9,4,0.9933227896690369,4,0.985622227191925
3851,1,1,0.999404788017273,1,0.9458653330802917
3852,1,1,0.9966883063316345,1,0.9989060163497925
3853,6,6,0.9979616403579712,6,0.7425347566604614
3854,7,7,0.9999867677688599,7,0.9999479055404663
3855,5,5,0.9997465014457703,5,0.9999375343322754
3856,9,9,0.7122565507888794,9,0.9942702054977417
3857,9,9,0.9963964819908142,9,0.9950270056724548
3858,1,1,0.998975396156311,1,0.9897677302360535
3859,9,4,0.5352574586868286,2,0.44045791029930115
3860,5,5,0.9998935461044312,5,0.9999978542327881
3861,9,9,0.9933193922042847,9,0.9971978664398193
3862,2,2,0.9899048209190369,7,0.49490591883659363
3863,5,5,0.9999996423721313,5,0.9999769926071167
3864,0,0,0.9994295239448547,0,0.9998929500579834
3865,4,4,1.0,4,0.9999998807907104
3866,1,1,0.9999215602874756,1,0.9908921122550964
3867,0,0,0.9995402097702026,0,0.9999518394470215
3868,8,8,0.9999903440475464,8,0.9999879598617554
3869,9,9,0.8412743210792542,4,0.5968612432479858
3870,0,0,0.9999734163284302,0,0.9999574422836304
3871,8,8,0.9955203533172607,8,0.9840535521507263
3872,9,9,0.999774158000946,9,0.9993239641189575
3873,8,8,0.9999856948852539,8,0.9998526573181152
3874,9,9,0.964072048664093,9,0.9930893778800964
3875,4,4,0.9999759197235107,4,0.99993896484375
3876,2,2,0.9981581568717957,2,0.8810254335403442
3877,5,5,1.0,5,0.9999943971633911
3878,7,7,0.9997218251228333,7,0.9883787631988525
3879,9,9,0.9998732805252075,9,0.9993316531181335
3880,8,8,0.999963641166687,8,0.9997088313102722
3881,9,9,0.9963490962982178,9,0.9995935559272766
3882,8,8,0.9999998807907104,8,0.9999963045120239
3883,0,0,0.9999998807907104,0,0.9999959468841553
3884,9,9,0.9999802112579346,9,0.9979091286659241
3885,9,9,0.9893559813499451,9,0.9993423819541931
3886,6,6,1.0,6,0.9999933242797852
3887,8,8,0.9999507665634155,8,0.9999517202377319
3888,9,9,0.9970067143440247,9,0.9960564374923706
3889,9,9,0.9992496371269226,9,0.8664524555206299
3890,5,5,0.9999327659606934,5,0.9998167157173157
3891,9,9,0.9964538812637329,9,0.985811710357666
3892,8,8,1.0,8,0.9999979734420776
3893,5,5,0.9952581524848938,5,0.9939369559288025
3894,1,1,0.9982993006706238,1,0.9340211153030396
3895,0,0,0.9999960660934448,0,0.999962329864502
3896,3,3,1.0,3,0.9999988079071045
3897,3,3,0.9996110796928406,3,0.9886445999145508
3898,5,5,0.9989604949951172,5,0.9999853372573853
3899,2,2,0.9999850988388062,2,0.9998201727867126
3900,1,1,0.9999337196350098,1,0.9916634559631348
3901,6,6,0.9996219873428345,6,0.9980218410491943
3902,5,5,0.6331304907798767,5,0.9428577423095703
3903,0,0,0.9999991655349731,0,0.9999927282333374
3904,2,2,0.9990826845169067,2,0.9989339709281921
3905,8,8,0.9999759197235107,8,0.9990830421447754
3906,1,3,0.8697636127471924,3,0.9867782592773438
3907,5,5,1.0,5,0.9999982118606567
3908,6,6,0.9999641180038452,6,0.999568521976471
3909,2,2,0.9994528889656067,2,0.6791700124740601
3910,3,3,0.9999986886978149,3,0.9999977350234985
3911,0,0,0.9999996423721313,0,0.9999884366989136
3912,2,2,1.0,2,0.9999314546585083
3913,2,2,0.9999947547912598,2,0.999895453453064
3914,6,6,0.9999996423721313,6,0.9999946355819702
3915,4,4,0.9999779462814331,4,0.9999973773956299
3916,3,3,0.9999210834503174,3,0.9999957084655762
3917,5,5,0.9995718598365784,5,0.9999210834503174
3918,5,5,0.999968409538269,5,0.9955942034721375
3919,1,1,0.9999884366989136,1,0.9972757697105408
3920,7,7,1.0,7,0.9999880790710449
3921,2,2,0.9999639987945557,2,0.9999587535858154
3922,1,1,0.9938894510269165,1,0.9768064618110657
3923,6,6,0.9999951124191284,6,0.9999971389770508
3924,9,9,0.9909138679504395,9,0.9903663396835327
3925,1,1,0.9998782873153687,1,0.9987720847129822
3926,9,9,0.77079176902771,9,0.9282495379447937
3927,9,9,0.9995094537734985,9,0.9981269240379333
3928,5,5,0.999987006187439,5,0.999722421169281
3929,5,5,0.9996975660324097,5,0.996483325958252
3930,1,1,0.9999191761016846,1,0.9924662709236145
3931,6,6,0.9988598823547363,6,0.9997604489326477
3932,2,2,1.0,2,1.0
3933,2,2,1.0,2,1.0
3934,8,8,0.9999997615814209,8,0.9999421834945679
3935,6,6,0.9999977350234985,6,0.9999635219573975
3936,7,7,0.9999716281890869,7,0.9976995587348938
3937,1,1,0.9994893074035645,1,0.9298193454742432
3938,4,4,0.9998817443847656,4,0.9999886751174927
3939,6,6,0.996185839176178,6,0.9999336004257202
3940,0,0,0.9999830722808838,0,0.9998630285263062
3941,4,4,0.6472654938697815,4,0.9999216794967651
3942,0,0,0.9999634027481079,0,0.999976634979248
3943,3,3,0.94087815284729,3,0.9984186887741089
3944,3,3,0.9999995231628418,3,0.9999971389770508
3945,2,2,0.9999988079071045,2,0.999972939491272
3946,2,2,0.9887804985046387,2,0.9914997220039368
3947,3,3,1.0,3,0.9999998807907104
3948,6,6,0.9999998807907104,6,0.9999998807907104
3949,8,8,0.999854326248169,8,0.9999886751174927
3950,9,9,0.990444004535675,9,0.9868090152740479
3951,8,8,0.9973914623260498,8,0.9903759360313416
3952,5,5,0.9997162222862244,5,0.9983470439910889
3953,3,3,0.9999936819076538,3,0.9934087991714478
3954,8,8,0.9999741315841675,8,0.9999535083770752
3955,5,5,0.9999994039535522,5,0.9999780654907227
3956,4,4,1.0,4,0.9999957084655762
3957,5,5,0.9999924898147583,5,0.9999903440475464
3958,2,2,0.9999998807907104,2,0.9999786615371704
3959,0,0,0.9999990463256836,0,0.9999960660934448
3960,5,5,0.9999998807907104,5,0.9999966621398926
3961,6,6,0.9999462366104126,6,0.9996541738510132
3962,3,3,0.9970478415489197,3,0.9985051155090332
3963,2,2,1.0,2,0.9999951124191284
3964,8,8,0.9986060261726379,8,0.9998242259025574
3965,3,3,0.9999512434005737,3,0.9999986886978149
3966,9,9,0.999874472618103,9,0.9998618364334106
3967,9,9,0.9425464868545532,9,0.898505687713623
3968,5,5,0.991033136844635,5,0.9858177304267883
3969,7,7,0.799990713596344,7,0.9291854500770569
3970,9,9,0.9932276606559753,9,0.9816677570343018
3971,4,4,0.9998726844787598,4,0.9999794960021973
3972,6,6,0.9999825954437256,6,0.999925971031189
3973,7,7,0.9999985694885254,7,0.9995334148406982
3974,1,1,0.9982730150222778,1,0.9605326056480408
3975,3,3,0.999996542930603,3,0.9999915361404419
3976,7,1,0.9575157761573792,1,0.6366310119628906
3977,3,3,0.9997535347938538,3,0.9986928105354309
3978,6,6,0.9999083280563354,6,0.9998807907104492
3979,6,6,0.9999986886978149,6,0.9999048709869385
3980,0,0,0.9999998807907104,0,0.9999997615814209
3981,9,9,0.9989292025566101,9,0.9998623132705688
3982,0,0,0.9999862909317017,0,0.9999915361404419
3983,1,1,0.9986978769302368,1,0.9991539716720581
3984,9,9,0.9743004441261292,9,0.9562691450119019
3985,9,4,0.9813864827156067,4,0.854050874710083
3986,2,2,0.47869494557380676,2,0.937106192111969
3987,8,8,0.9997889399528503,8,0.9996527433395386
3988,8,8,0.9747387766838074,8,0.9983928799629211
3989,0,0,0.9999322891235352,0,0.9839363098144531
3990,1,1,0.9983741044998169,1,0.9368525743484497
3991,6,6,0.9999978542327881,6,0.9999988079071045
3992,9,9,0.999974250793457,9,0.9995111227035522
3993,7,7,0.9999980926513672,7,0.9998047947883606
3994,5,5,0.9999874830245972,5,0.9999644756317139
3995,3,3,0.9713625311851501,5,0.5778428912162781
3996,4,4,0.9999963045120239,4,0.9990917444229126
3997,7,7,0.9999992847442627,7,0.9999982118606567
3998,4,4,0.999893307685852,4,0.9999650716781616
3999,9,9,0.9987138509750366,9,0.9999558925628662
4000,9,9,0.9922716617584229,9,0.9946698546409607
4001,4,4,0.9975672960281372,4,0.9963305592536926
4002,3,3,0.9999953508377075,3,0.9995993971824646
4003,6,6,0.9999997615814209,6,0.9999836683273315
4004,3,3,0.999980092048645,3,0.9998346567153931
4005,1,1,0.9993721842765808,1,0.9820626378059387
4006,1,1,0.9990618824958801,1,0.9688387513160706
4007,7,7,0.5402910709381104,7,0.9281763434410095
4008,6,6,1.0,6,0.9999754428863525
4009,9,9,0.9933271408081055,9,0.9929117560386658
4010,1,1,0.999913215637207,1,0.9740334749221802
4011,8,8,0.9995855689048767,8,0.999729335308075
4012,4,4,0.9999948740005493,4,0.9999977350234985
4013,1,1,0.9999392032623291,1,0.5723938941955566
4014,1,1,0.9999121427536011,1,0.9699981212615967
4015,9,9,0.9750891327857971,9,0.9876421689987183
4016,9,9,0.9970307350158691,9,0.9991642236709595
4017,4,4,0.9588744640350342,4,0.9264774918556213
4018,3,3,0.9999926090240479,3,0.9918568134307861
4019,6,6,0.9998419284820557,6,0.9997627139091492
4020,8,8,0.9999998807907104,8,0.999995231628418
4021,1,1,0.9999686479568481,1,0.9970577955245972
4022,6,6,0.9999872446060181,6,0.999840497970581
4023,0,0,0.9999982118606567,0,0.9999997615814209
4024,4,4,0.9999669790267944,4,0.9994480013847351
4025,1,1,0.999530553817749,1,0.9628711938858032
4026,3,3,1.0,3,0.9999843835830688
4027,7,1,0.7744086384773254,7,0.7078677415847778
4028,7,7,0.999996542930603,7,0.9997327923774719
4029,4,4,0.9999183416366577,4,0.999451220035553
4030,9,9,0.9660729765892029,9,0.9866020679473877
4031,5,5,0.9995201826095581,5,0.9998179078102112
4032,1,1,0.9995125532150269,1,0.9925416707992554
4033,0,0,0.9999997615814209,0,0.9999974966049194
4034,0,0,0.9999775886535645,0,0.9998419284820557
4035,1,1,0.9999419450759888,1,0.8824285864830017
4036,1,1,0.9999605417251587,1,0.9890428185462952
4037,6,6,0.9926498532295227,6,0.9995993971824646
4038,2,2,0.9998618364334106,2,0.9992349147796631
4039,1,1,0.9998637437820435,1,0.9789963960647583
4040,9,9,0.9999058246612549,9,0.9998754262924194
4041,8,8,0.9999935626983643,8,0.9999551773071289
4042,4,4,0.9999998807907104,4,0.9999996423721313
4043,0,0,0.9999955892562866,0,0.9999994039535522
4044,3,5,0.5775770545005798,3,0.9997473359107971
4045,6,6,1.0,6,1.0
4046,4,4,0.999998927116394,4,0.9999877214431763
4047,9,9,0.9935812950134277,9,0.9970025420188904
4048,0,0,0.9999644756317139,0,0.9999692440032959
4049,7,7,1.0,7,0.9999297857284546
4050,1,1,0.9964558482170105,1,0.98186856508255
4051,6,6,0.9999927282333374,6,0.9999028444290161
4052,5,5,0.9990361928939819,5,0.9981794357299805
4053,7,7,0.7054994702339172,7,0.8452180027961731
4054,5,5,0.9996377229690552,5,0.9998985528945923
4055,2,2,0.9996638298034668,2,0.9981318116188049
4056,5,5,0.9992258548736572,5,0.9997652173042297
4057,1,1,0.9999711513519287,1,0.993922770023346
4058,8,8,0.999976396560669,8,0.9993964433670044
4059,5,5,0.9976670742034912,5,0.9999586343765259
4060,4,4,0.9999961853027344,4,0.9998350143432617
4061,7,7,0.9999607801437378,7,0.9930024743080139
4062,0,0,0.9999878406524658,0,0.9997386336326599
4063,6,6,0.7486932873725891,6,0.8907290101051331
4064,7,7,0.9999967813491821,7,0.9999793767929077
4065,0,0,0.972681999206543,0,0.9063442945480347
4066,2,2,0.9999994039535522,2,0.9998592138290405
4067,5,5,0.9998948574066162,5,0.9972949624061584
4068,8,8,0.9985858201980591,8,0.9998821020126343
4069,1,1,0.9999736547470093,1,0.9784868359565735
4070,0,0,1.0,0,0.9999994039535522
4071,4,4,0.9999775886535645,4,0.9999914169311523
4072,5,5,0.9877947568893433,5,0.9984092116355896
4073,7,7,1.0,7,0.9999960660934448
4074,1,1,0.9998447895050049,1,0.9510534405708313
4075,8,6,0.27746742963790894,8,0.9880260825157166
4076,5,5,0.9998108744621277,5,0.9998992681503296
4077,1,1,0.9998825788497925,1,0.989488422870636
4078,9,9,0.998059093952179,9,0.9742124080657959
4079,0,0,0.9749622941017151,0,0.9999431371688843
4080,0,0,0.9988409876823425,0,0.9974710941314697
4081,6,6,0.9998705387115479,6,0.9995006322860718
4082,0,0,0.9999990463256836,0,0.9999997615814209
4083,7,7,1.0,7,0.9999986886978149
4084,3,3,0.9999899864196777,3,0.9942250847816467
4085,1,1,0.9999887943267822,1,0.9742890000343323
4086,8,8,0.9999364614486694,8,0.9978311657905579
4087,3,3,0.999967098236084,3,0.9999958276748657
4088,9,9,0.9652593731880188,9,0.9627971649169922
4089,7,7,0.9999971389770508,7,0.9998992681503296
4090,0,0,0.9999418258666992,0,0.9998248219490051
4091,0,0,1.0,0,0.9999995231628418
4092,8,8,0.9999041557312012,8,0.9943615198135376
4093,9,9,0.999026894569397,9,0.6706400513648987
4094,5,5,0.9988711476325989,5,0.9982941746711731
4095,9,9,0.9988364577293396,9,0.9979379773139954
4096,8,8,0.9999343156814575,8,0.9998973608016968
4097,3,3,0.9999977350234985,3,0.9999898672103882
4098,2,2,1.0,2,0.9999827146530151
4099,7,7,0.9999858140945435,7,0.9997789263725281
4100,2,2,0.9996954202651978,2,0.9989857077598572
4101,9,9,0.9993952512741089,9,0.9732621908187866
4102,7,7,0.9022824168205261,7,0.9994162321090698
4103,2,2,0.9999991655349731,2,0.999925971031189
4104,1,1,0.9999580383300781,1,0.9915440082550049
4105,1,1,0.9988653659820557,1,0.9773338437080383
4106,3,3,1.0,3,0.9998308420181274
4107,7,7,0.9979935884475708,7,0.9997811913490295
4108,5,5,0.9999998807907104,5,0.9999898672103882
4109,3,3,0.9999523162841797,3,0.9993571639060974
4110,1,1,0.999201238155365,1,0.9897822141647339
4111,9,9,0.9924667477607727,9,0.9006072282791138
4112,8,8,0.9999995231628418,8,0.9996819496154785
4113,2,2,0.9998528957366943,2,0.9999568462371826
4114,2,2,0.9664154648780823,2,0.9538508653640747
4115,2,2,0.9999997615814209,2,0.9999158382415771
4116,8,8,0.995901882648468,8,0.9996426105499268
4117,8,8,0.9947152733802795,8,0.7856281995773315
4118,5,5,0.99930739402771,5,0.999222993850708
4119,7,7,0.9999701976776123,7,0.9992250204086304
4120,3,3,0.9998306035995483,3,0.9999604225158691
4121,8,8,0.9998096823692322,8,0.9995737671852112
4122,9,9,0.999997615814209,9,0.9999555349349976
4123,8,8,0.999984622001648,8,0.9997244477272034
4124,8,8,0.9993483424186707,8,0.9997192025184631
4125,6,6,0.9999657869338989,6,0.9973477125167847
4126,8,8,0.9971109628677368,8,0.9914703965187073
4127,2,2,0.9999756813049316,2,0.9998610019683838
4128,3,3,0.9994032382965088,3,0.995141863822937
4129,9,9,0.9768217206001282,9,0.9514120817184448
4130,7,7,0.9998863935470581,7,0.999384880065918
4131,5,5,0.9984747767448425,5,0.998356282711029
4132,6,6,0.9999953508377075,6,0.9999938011169434
4133,2,2,0.9999798536300659,2,0.999993085861206
4134,9,9,0.9507044553756714,9,0.5625572800636292
4135,2,2,0.9993401169776917,2,0.9948890805244446
4136,8,8,0.9999995231628418,8,0.9999961853027344
4137,8,8,0.993039071559906,6,0.5142479538917542
4138,1,1,0.9999650716781616,1,0.997818112373352
4139,6,6,0.9998806715011597,6,0.9999918937683105
4140,8,8,0.7516956925392151,8,0.9999542236328125
4141,8,8,0.9995449185371399,8,0.9999538660049438
4142,7,7,0.9999653100967407,7,0.9980238676071167
4143,9,9,0.9993690848350525,9,0.9890778660774231
4144,1,1,0.9999717473983765,1,0.9866862297058105
4145,8,8,0.9999587535858154,8,0.9988008737564087
4146,0,0,0.9964176416397095,0,0.9886876344680786
4147,1,1,0.9997616410255432,1,0.9842510223388672
4148,7,7,0.6852801442146301,7,0.9990251064300537
4149,2,2,0.9999984502792358,2,0.9988929629325867
4150,0,0,1.0,0,0.9999998807907104
4151,7,7,0.9999953508377075,7,0.9999998807907104
4152,5,5,0.9961567521095276,5,0.9982032775878906
4153,1,1,0.9999943971633911,1,0.9906214475631714
4154,9,9,0.7860600352287292,9,0.9604355096817017
4155,0,0,1.0,0,0.9999996423721313
4156,2,2,0.769882321357727,2,0.9410648941993713
4157,0,0,0.9999783039093018,0,0.9995537400245667
4158,9,9,0.9995744824409485,9,0.9997939467430115
4159,8,8,0.990393340587616,8,0.999879002571106
4160,6,6,0.9989767074584961,6,0.9993150234222412
4161,2,2,0.999998927116394,2,0.9998915195465088
4162,3,3,1.0,3,0.9999992847442627
4163,9,7,0.41383078694343567,9,0.8941897749900818
4164,3,3,0.9999997615814209,3,0.999998927116394
4165,8,8,0.9991790652275085,8,0.9991797804832458
4166,0,0,0.9999773502349854,0,0.9971904158592224
4167,2,2,0.9356338977813721,2,0.9673163294792175
4168,1,1,0.9994751811027527,1,0.9983761310577393
4169,1,1,0.999992847442627,1,0.9807395935058594
4170,1,1,0.9992489218711853,1,0.972391664981842
4171,1,1,0.9993475079536438,1,0.9866836667060852
4172,4,4,0.9999685287475586,4,0.9989425539970398
4173,2,2,1.0,2,0.9997296929359436
4174,9,9,0.972272515296936,9,0.9865009188652039
4175,7,7,0.9999154806137085,7,0.99847811460495
4176,2,7,0.9993343949317932,7,0.9999228715896606
4177,5,5,0.918353259563446,5,0.9972338080406189
4178,1,1,0.9949125051498413,1,0.9957054257392883
4179,1,1,0.999985933303833,1,0.9867080450057983
4180,2,2,0.9996613264083862,2,0.9989719390869141
4181,1,1,0.999982476234436,1,0.9969634413719177
4182,9,9,0.997052788734436,9,0.9992278814315796
4183,9,9,0.9984368681907654,9,0.9998906850814819
4184,9,9,0.9967024922370911,9,0.9775050282478333
4185,1,1,0.995891809463501,1,0.9862145781517029
4186,0,0,0.9999716281890869,0,0.9995267391204834
4187,2,2,0.9999626874923706,2,0.9996848106384277
4188,0,0,0.9999920129776001,0,0.9999974966049194
4189,2,2,0.9995817542076111,2,0.9897097945213318
4190,1,1,0.9999701976776123,1,0.9887344241142273
4191,1,1,0.9994962215423584,1,0.984157919883728
4192,4,4,0.9997223019599915,4,0.9999122619628906
4193,6,6,0.8766858577728271,6,0.9862594604492188
4194,4,4,0.9976207613945007,4,0.9727663993835449
4195,1,1,0.999639630317688,1,0.9163265824317932
4196,5,5,0.9999535083770752,5,0.9996936321258545
4197,4,4,0.9998352527618408,4,0.9990555644035339
4198,9,9,0.9998136162757874,9,0.9967478513717651
4199,7,7,0.4326077997684479,7,0.6786611676216125
4200,7,7,0.9999963045120239,7,0.9999269247055054
4201,1,1,0.9955195188522339,7,0.4024730920791626
4202,5,5,0.9999980926513672,5,0.9999902248382568
4203,6,6,0.9997324347496033,6,0.9997027516365051
4204,2,2,0.9999501705169678,2,0.9997201561927795
4205,2,8,0.9949623346328735,8,0.41766658425331116
4206,2,2,0.999860405921936,2,0.9979798197746277
4207,8,8,0.9914727210998535,8,0.8483766913414001
4208,0,0,0.9999998807907104,0,0.9999953508377075
4209,6,6,0.9999972581863403,6,0.9999790191650391
4210,9,9,0.995756208896637,9,0.9992552399635315
4211,6,6,0.9953975081443787,6,0.9802489876747131
4212,1,1,0.7419157028198242,3,0.931134045124054
4213,9,9,0.9974491000175476,9,0.9884878993034363
4214,7,7,0.9999822378158569,7,0.9999783039093018
4215,7,3,0.50761479139328,7,0.9828736186027527
4216,1,1,0.984205961227417,1,0.9800314903259277
4217,4,4,0.9999963045120239,4,0.9999961853027344
4218,8,8,0.9999969005584717,8,0.999855637550354
4219,5,5,1.0,5,0.9999998807907104
4220,3,3,0.9999967813491821,3,0.9999940395355225
4221,4,4,0.9999115467071533,4,0.999651312828064
4222,3,3,0.9999998807907104,3,0.9999986886978149
4223,4,4,0.9999961853027344,4,0.9996706247329712
4224,9,7,0.4507910907268524,9,0.9121444225311279
4225,7,7,0.9822127819061279,7,0.9992897510528564
4226,5,5,0.9999991655349731,5,0.9999998807907104
4227,0,0,0.9998785257339478,0,0.9924750924110413
4228,7,7,0.9978906512260437,7,0.9999861717224121
4229,4,4,1.0,4,0.9999991655349731
4230,8,8,0.9998923540115356,8,0.9999408721923828
4231,8,8,0.9999444484710693,8,0.9994333386421204
4232,1,1,0.999620795249939,1,0.9788433313369751
4233,5,5,0.9999964237213135,5,0.9999858140945435
4234,3,3,0.9999997615814209,3,0.9999997615814209
4235,9,9,0.9954609274864197,9,0.998664379119873
4236,5,5,1.0,5,1.0
4237,9,9,0.9948017597198486,9,0.9943736791610718
4238,7,3,0.9866465330123901,3,0.5914926528930664
4239,6,6,0.999993085861206,6,0.9991421699523926
4240,9,9,0.9998552799224854,9,0.9999452829360962
4241,0,0,1.0,0,0.9999923706054688
4242,3,3,0.9999892711639404,3,0.9999573230743408
4243,6,6,0.9995063543319702,6,0.9968881011009216
4244,3,3,0.9995871186256409,3,0.9878997206687927
4245,9,9,0.994449257850647,9,0.9994316697120667
4246,8,8,0.9999990463256836,8,0.9999871253967285
4247,2,2,0.9999934434890747,2,0.9996718168258667
4248,2,8,0.7136033773422241,0,0.41352102160453796
4249,1,1,0.9999796152114868,1,0.9771455526351929
4250,2,2,0.9998723268508911,2,0.9844312071800232
4251,8,8,0.9986627101898193,8,0.9999487400054932
4252,6,6,0.9999688863754272,6,0.9999767541885376
4253,8,8,0.9999983310699463,8,0.9999994039535522
4254,5,5,0.9999977350234985,5,0.999915599822998
4255,5,5,0.9995163679122925,5,0.9950377345085144
4256,3,0,0.45419251918792725,3,0.9459480047225952
4257,9,9,0.9878410696983337,9,0.9991214871406555
4258,4,4,1.0,4,0.9999767541885376
4259,9,9,0.6117070317268372,9,0.8277261257171631
4260,2,2,0.9366613626480103,2,0.8788256645202637
4261,5,5,0.9811796545982361,5,0.9968247413635254
4262,1,1,0.9733875393867493,1,0.999879002571106
4263,5,5,0.9995444416999817,5,0.9998868703842163
4264,1,1,0.9999384880065918,1,0.9580032825469971
4265,4,4,0.7875362634658813,4,0.9919747710227966
4266,4,4,0.999998927116394,4,0.9999817609786987
4267,1,1,0.9999450445175171,1,0.9978457689285278
4268,4,4,0.9999984502792358,4,0.9994885921478271
4269,4,4,0.9999018907546997,4,0.9986584186553955
4270,3,3,0.9999994039535522,3,0.9999938011169434
4271,5,5,0.9235574007034302,5,0.916384756565094
4272,9,9,0.9841240048408508,9,0.9999083280563354
4273,1,1,0.9993071556091309,1,0.9834641814231873
4274,2,2,0.9999955892562866,2,0.9981060028076172
4275,2,2,0.9999827146530151,2,0.9986447691917419
4276,3,3,0.9999895095825195,3,0.9996485710144043
4277,3,3,0.9996063113212585,3,0.9995625615119934
4278,0,0,0.9999995231628418,0,0.9999995231628418
4279,2,2,1.0,2,0.9999523162841797
4280,9,9,0.9807484149932861,9,0.9898461103439331
4281,0,0,0.9999134540557861,0,0.9993896484375
4282,0,0,0.9999984502792358,0,0.9999560117721558
4283,9,9,0.9983869791030884,9,0.9995212554931641
4284,9,5,0.8751371502876282,5,0.9103420376777649
4285,6,6,0.9999078512191772,6,0.9999498128890991
4286,0,0,0.9999995231628418,0,0.9999834299087524
4287,9,9,0.9952455163002014,9,0.9975175857543945
4288,3,3,1.0,3,0.9999997615814209
4289,2,2,0.846919059753418,2,0.951202929019928
4290,8,8,0.9999998807907104,8,0.9998788833618164
4291,4,4,0.9999960660934448,4,0.9999977350234985
4292,1,1,0.99998939037323,1,0.9503058195114136
4293,9,9,0.9990829229354858,9,0.999891996383667
4294,9,7,0.5828014612197876,9,0.9830462336540222
4295,7,7,0.9936648607254028,7,0.9927701354026794
4296,2,2,1.0,2,0.9999523162841797
4297,7,7,0.969529390335083,7,0.9945327043533325
4298,9,9,0.9999979734420776,9,0.999872088432312
4299,9,9,0.9898414015769958,9,0.9430495500564575
4300,5,5,0.5800315141677856,5,0.48397567868232727
4301,9,9,0.9975797533988953,9,0.9995642304420471
4302,5,5,0.9973588585853577,5,0.9969505071640015
4303,1,1,0.9970297813415527,1,0.9984739422798157
4304,1,1,0.9999407529830933,1,0.9937094449996948
4305,8,8,0.9999861717224121,8,0.9999926090240479
4306,3,3,0.9911995530128479,3,0.9829832315444946
4307,5,5,1.0,5,0.9999970197677612
4308,1,1,0.9823800325393677,1,0.9136319756507874
4309,9,9,0.9990692734718323,9,0.9900026321411133
4310,5,5,0.9998936653137207,5,0.9999243021011353
4311,3,3,0.9992243051528931,3,0.9996597766876221
4312,5,5,0.9999924898147583,5,0.9999399185180664
4313,4,4,0.9950000047683716,4,0.9891768097877502
4314,9,9,0.9801842570304871,9,0.9205940961837769
4315,5,5,0.974526584148407,5,0.8716117739677429
4316,9,9,0.998531699180603,9,0.9734206199645996
4317,3,3,0.989660382270813,3,0.8340834975242615
4318,1,1,0.9948546886444092,1,0.9933725595474243
4319,9,9,0.999108612537384,9,0.9995637536048889
4320,0,0,0.9999899864196777,0,0.999997615814209
4321,9,9,0.9675015211105347,9,0.9933941960334778
4322,7,7,0.9999998807907104,7,0.9999901056289673
4323,5,5,0.7560368180274963,5,0.9973971843719482
4324,4,4,0.9999912977218628,4,0.9997033476829529
4325,9,9,0.9986593723297119,9,0.9767522215843201
4326,2,2,0.9999959468841553,2,0.9998551607131958
4327,0,0,0.999870777130127,0,0.9999867677688599
4328,1,1,0.9999945163726807,1,0.9943428039550781
4329,0,0,0.9999485015869141,0,0.9999407529830933
4330,5,5,0.7562085390090942,5,0.9997692704200745
4331,1,1,0.9997833371162415,1,0.9839819073677063
4332,4,4,0.9999971389770508,4,0.9999974966049194
4333,9,9,0.9948744177818298,9,0.8935848474502563
4334,3,3,0.9993783235549927,3,0.9999603033065796
4335,3,3,0.9999947547912598,3,0.9999765157699585
4336,6,6,0.9998599290847778,6,0.999764621257782
4337,1,1,0.9998103976249695,1,0.9926009774208069
4338,5,5,0.9999890327453613,5,0.9999053478240967
4339,2,2,0.999853253364563,2,0.9866812229156494
4340,5,5,0.9999967813491821,5,0.9997938275337219
4341,2,2,0.9999891519546509,2,0.9836732149124146
4342,2,2,0.9999816417694092,2,0.9887795448303223
4343,0,0,0.9997953772544861,0,0.99677973985672
4344,9,2,0.709110677242279,2,0.5219243764877319
4345,2,2,1.0,2,0.9999998807907104
4346,6,6,0.9999688863754272,6,0.9999986886978149
4347,6,6,0.9999948740005493,6,0.9999434947967529
4348,0,0,0.9999966621398926,0,0.9999958276748657
4349,1,1,0.9961434006690979,1,0.8565769791603088
4350,2,2,0.8754830360412598,2,0.992622971534729
4351,0,0,0.9999984502792358,0,0.9999818801879883
4352,3,3,1.0,3,0.9999994039535522
4353,0,0,0.9999680519104004,0,0.9997132420539856
4354,2,2,0.9990466237068176,2,0.9893184304237366
4355,5,5,0.9988937973976135,5,0.9994387030601501
4356,5,5,0.9637603759765625,5,0.9014304280281067
4357,7,7,0.9999992847442627,7,0.9999943971633911
4358,9,9,0.9986348748207092,9,0.9982615113258362
4359,5,5,0.9614906907081604,5,0.9985246062278748
4360,5,5,0.9767993092536926,5,0.7837020754814148
4361,0,0,0.9999852180480957,0,0.9995272159576416
4362,8,8,0.9999994039535522,8,0.999950647354126
4363,9,9,0.9936834573745728,9,0.9981022477149963
4364,5,5,0.9999995231628418,5,0.9999998807907104
4365,0,0,0.9999992847442627,0,0.9999804496765137
4366,3,3,1.0,3,1.0
4367,2,2,0.9999984502792358,2,0.9999967813491821
4368,5,5,0.9939162135124207,5,0.9647518396377563
4369,9,9,0.729990541934967,9,0.4073122441768646
4370,0,0,0.9994121789932251,0,0.997366726398468
4371,8,8,0.9999985694885254,8,0.9999864101409912
4372,8,8,1.0,8,0.9999996423721313
4373,4,4,0.9947503209114075,4,0.9997428059577942
4374,5,5,0.9983358979225159,5,0.6422792077064514
4375,8,8,0.9999994039535522,8,0.9999539852142334
4376,8,8,0.9998449087142944,8,0.9891486763954163
4377,4,4,0.9999872446060181,4,0.9999738931655884
4378,5,5,0.9999988079071045,5,0.9999979734420776
4379,4,4,0.999945878982544,4,0.9934383034706116
4380,8,8,0.9865773916244507,8,0.9485010504722595
4381,5,5,0.9999867677688599,5,0.9999967813491821
4382,4,4,0.998889148235321,4,0.9983804225921631
4383,9,9,0.9421048164367676,9,0.9998880624771118
4384,2,2,0.9985665678977966,2,0.9732578992843628
4385,2,2,0.9998652935028076,2,0.9971427321434021
4386,1,1,0.9998032450675964,1,0.9942213296890259
4387,2,2,0.9994598031044006,2,0.9989719390869141
4388,6,6,0.9999998807907104,6,0.99904865026474
4389,8,8,0.999786913394928,8,0.9989712238311768
4390,8,8,0.9999978542327881,8,0.9999679327011108
4391,7,7,0.9886334538459778,7,0.9953486323356628
4392,0,0,0.9999998807907104,0,0.9999996423721313
4393,3,3,0.9981619715690613,3,0.9820740222930908
4394,6,6,0.9999990463256836,6,0.9999995231628418
4395,6,6,0.9999945163726807,6,0.9999995231628418
4396,4,4,0.9999566078186035,4,0.9997455477714539
4397,3,3,0.9755914211273193,3,0.9999431371688843
4398,8,8,0.9999898672103882,8,0.9998207688331604
4399,8,8,0.9690396189689636,8,0.9960026144981384
4400,7,2,0.44306719303131104,4,0.8785578012466431
4401,2,2,0.9979798197746277,2,0.865376353263855
4402,2,2,0.999994158744812,2,0.9999902248382568
4403,0,0,0.995730459690094,0,0.9999686479568481
4404,0,0,0.9999977350234985,0,0.9999792575836182
4405,9,4,0.985366702079773,4,0.6406919956207275
4406,3,3,1.0,3,0.9999936819076538
4407,9,9,0.9978652596473694,9,0.9992579817771912
4408,9,9,0.9304764270782471,9,0.9338132739067078
4409,1,1,0.999031662940979,1,0.9861879944801331
4410,9,9,0.9980674386024475,9,0.985260009765625
4411,8,8,0.9999998807907104,8,0.9998968839645386
4412,6,6,0.9999889135360718,6,0.9998319149017334
4413,6,6,0.997784435749054,6,0.997144877910614
4414,4,4,1.0,4,0.9999929666519165
4415,2,2,1.0,2,0.9999964237213135
4416,6,6,0.9999936819076538,6,0.9999099969863892
4417,9,9,0.9998005032539368,9,0.9998015761375427
4418,2,2,1.0,2,0.9999868869781494
4419,8,8,0.9984207153320312,8,0.976769208908081
4420,5,5,0.9999982118606567,5,0.999954342842102
4421,4,4,0.9999998807907104,4,0.9999995231628418
4422,5,5,0.9997697472572327,5,0.9996274709701538
4423,7,7,0.9942386150360107,7,0.9559216499328613
4424,9,9,0.9538565278053284,9,0.9594006538391113
4425,9,4,0.6177915930747986,4,0.891872763633728
4426,9,9,0.9971204996109009,9,0.970008909702301
4427,2,2,0.9995311498641968,2,0.9965554475784302
4428,1,1,0.999749481678009,1,0.9767147302627563
4429,8,8,0.9999868869781494,8,0.9994632601737976
4430,3,3,1.0,3,0.9999991655349731
4431,4,4,0.9999924898147583,4,0.9998745918273926
4432,0,0,0.9998062252998352,0,0.9998427629470825
4433,7,7,0.9942903518676758,7,0.9991094470024109
4434,8,8,0.9745945334434509,8,0.9932544827461243
4435,3,3,0.9994874000549316,3,0.9950835704803467
4436,9,9,0.858000636100769,9,0.9962764382362366
4437,3,3,0.9999721050262451,3,0.9998712539672852
4438,4,4,0.999915599822998,4,0.999555766582489
4439,6,6,0.9997274279594421,6,0.9707685112953186
4440,5,5,0.999771773815155,5,0.9999423027038574
4441,6,6,0.9990278482437134,6,0.9999889135360718
4442,2,2,0.9999898672103882,2,0.9999642372131348
4443,3,3,0.9956800937652588,3,0.9744434952735901
4444,9,9,0.9836016297340393,9,0.9892215728759766
4445,2,2,0.9999997615814209,2,0.9998101592063904
4446,6,6,1.0,6,0.9999998807907104
4447,0,0,0.9999853372573853,0,0.9999138116836548
4448,0,0,0.9999997615814209,0,0.9999896287918091
4449,6,6,0.9989426732063293,6,0.953682005405426
4450,1,1,0.9999401569366455,1,0.9863144159317017
4451,2,2,0.860664963722229,2,0.8664637207984924
4452,8,8,0.999962568283081,8,0.9998168349266052
4453,7,7,0.9997852444648743,7,0.9977021813392639
4454,9,9,0.9997321963310242,9,0.9953474402427673
4455,8,8,0.9993884563446045,8,0.9988614320755005
4456,2,2,0.9999009370803833,2,0.9995368719100952
4457,0,0,0.9999986886978149,0,0.9999276399612427
4458,4,4,0.9999991655349731,4,0.999998927116394
4459,7,7,0.9999982118606567,7,0.9998928308486938
4460,7,7,0.9834910035133362,7,0.9982670545578003
4461,5,5,0.9997842907905579,5,0.9998124241828918
4462,0,0,0.9999997615814209,0,0.999997615814209
4463,5,5,0.9974049925804138,5,0.9996705055236816
4464,6,6,1.0,6,0.9999997615814209
4465,4,4,0.998140811920166,4,0.8919504880905151
4466,6,6,0.9998979568481445,6,0.9996993541717529
4467,7,7,0.9999797344207764,7,0.997612714767456
4468,4,4,0.9999748468399048,4,0.9999698400497437
4469,3,3,0.9999880790710449,3,0.9996408224105835
4470,0,0,0.9999867677688599,0,0.9990431666374207
4471,7,7,0.9999998807907104,7,0.9996894598007202
4472,5,5,0.9998113512992859,5,0.9989125728607178
4473,0,0,0.9999784231185913,0,0.9970575571060181
4474,7,7,0.9999947547912598,7,0.9998683929443359
4475,4,4,1.0,4,0.9999605417251587
4476,2,2,0.999254047870636,2,0.9991112351417542
4477,0,0,0.9958723187446594,0,0.9480907917022705
4478,8,8,0.9998506307601929,8,0.9997920393943787
4479,9,9,0.6482968330383301,9,0.8012813329696655
4480,9,9,0.9998094439506531,9,0.99980229139328
4481,4,4,0.999115526676178,4,0.9820742011070251
4482,2,2,0.9999536275863647,2,0.9242637157440186
4483,4,4,0.9996271133422852,4,0.9965805411338806
4484,6,6,1.0,6,0.9999407529830933
4485,7,7,0.999998927116394,7,0.9997952580451965
4486,8,8,0.9999769926071167,8,0.9999425411224365
4487,7,7,0.9988969564437866,7,0.9998270869255066
4488,6,6,0.9987438321113586,6,0.9995317459106445
4489,9,9,0.9758152961730957,9,0.9175143241882324
4490,4,4,1.0,4,0.9999967813491821
4491,1,1,0.998529314994812,1,0.9854395985603333
4492,3,3,1.0,3,0.9998654127120972
4493,7,7,0.9990641474723816,7,0.9957971572875977
4494,3,3,0.9865624308586121,3,0.9674898386001587
4495,0,0,0.999970555305481,0,0.9999016523361206
4496,8,8,0.9999969005584717,8,0.9999983310699463
4497,8,8,0.7094587683677673,8,0.9807553291320801
4498,7,7,0.923101544380188,7,0.9996331930160522
4499,6,6,0.9941913485527039,6,0.9965007305145264
4500,9,1,0.9752957224845886,9,0.686877429485321
4501,3,3,0.9999994039535522,3,0.9999961853027344
4502,9,9,0.9976615905761719,9,0.9996933937072754
4503,2,2,0.9992234706878662,2,0.9980576634407043
4504,2,2,0.792180061340332,2,0.8414904475212097
4505,9,9,0.8556932210922241,9,0.8620356917381287
4506,2,2,0.9999611377716064,2,0.9947195053100586
4507,1,1,0.8684518337249756,1,0.9105721712112427
4508,8,8,0.9999837875366211,8,0.998980700969696
4509,3,3,0.9999791383743286,3,0.999935507774353
4510,2,2,1.0,2,0.9999170303344727
4511,9,2,0.5559287667274475,9,0.8654755353927612
4512,6,6,0.9999979734420776,6,0.9999974966049194
4513,8,8,0.9999707937240601,8,0.9997404217720032
4514,4,4,0.9995744824409485,4,0.9927387833595276
4515,0,0,0.99998939037323,0,0.9993304014205933
4516,1,1,0.9999692440032959,1,0.9933004379272461
4517,2,2,1.0,2,0.9999979734420776
4518,8,8,0.9999750852584839,8,0.9997416138648987
4519,4,4,0.9999983310699463,4,0.999910831451416
4520,5,5,0.9999992847442627,5,0.9999945163726807
4521,2,2,0.9992043375968933,2,0.9962078332901001
4522,7,7,0.9997894167900085,7,0.9937216639518738
4523,8,8,0.9997918009757996,8,0.9957440495491028
4524,1,1,0.9998776912689209,1,0.9908618927001953
4525,1,1,0.999969482421875,1,0.9953835606575012
4526,3,3,0.9993758797645569,3,0.9999903440475464
4527,0,0,0.9999147653579712,0,0.9990366697311401
4528,3,3,0.9985091090202332,3,0.9699389338493347
4529,5,5,1.0,5,0.999998927116394
4530,7,7,0.9999570846557617,7,0.9992454051971436
4531,0,0,0.9999943971633911,0,0.99992835521698
4532,3,3,0.9999998807907104,3,0.9999997615814209
4533,1,1,0.9996631145477295,1,0.9660013318061829
4534,9,9,0.9990732669830322,9,0.8448837995529175
4535,3,3,1.0,3,0.9999961853027344
4536,6,6,0.7596898078918457,6,0.9859484434127808
4537,3,3,0.999997615814209,3,0.9999984502792358
4538,1,1,0.9995092153549194,1,0.9262697100639343
4539,7,7,0.9999904632568359,7,0.9995456337928772
4540,7,7,0.9981156587600708,7,0.9952660799026489
4541,3,3,1.0,3,0.9999942779541016
4542,0,0,1.0,0,0.9999969005584717
4543,8,3,0.6935572028160095,8,0.8686215877532959
4544,4,4,0.9999939203262329,4,0.9998899698257446
4545,8,8,0.9993926286697388,8,0.9847888946533203
4546,2,2,0.9991748929023743,2,0.9980219602584839
4547,6,6,0.9994692206382751,6,0.9124778509140015
4548,5,5,0.9929661750793457,5,0.9634299874305725
4549,2,2,0.9999408721923828,2,0.991441547870636
4550,9,9,0.9954337477684021,9,0.9998130202293396
4551,7,7,0.5929601788520813,7,0.5028890371322632
4552,3,3,0.9999713897705078,3,0.9992885589599609
4553,9,9,0.999976396560669,9,0.9981868863105774
4554,0,0,0.9999973773956299,0,0.9999955892562866
4555,9,9,0.9935210347175598,9,0.9904394149780273
4556,9,9,0.9959057569503784,9,0.9814980626106262
4557,6,6,0.9999731779098511,6,0.9999196529388428
4558,4,4,0.999993085861206,4,0.999971866607666
4559,2,2,0.9999996423721313,2,0.9989079236984253
4560,9,9,0.9962766766548157,9,0.9898656010627747
4561,7,7,0.9999381303787231,7,0.9980249404907227
4562,2,2,1.0,2,0.9999994039535522
4563,1,1,0.9948086142539978,1,0.9956607222557068
4564,1,1,0.9998841285705566,1,0.9972683191299438
4565,6,6,0.9997599720954895,6,0.99992835521698
4566,7,2,0.9923073649406433,7,0.9929768443107605
4567,4,4,0.9967814683914185,4,0.9265507459640503
4568,7,7,0.9998606443405151,7,0.9994611144065857
4569,5,5,0.9969499707221985,5,0.9987654685974121
4570,9,9,0.9970523118972778,9,0.996253252029419
4571,6,8,0.5342265963554382,8,0.6027383804321289
4572,8,8,0.9999967813491821,8,0.9999833106994629
4573,2,7,0.7860571146011353,2,0.88802170753479
4574,1,1,0.9994235038757324,1,0.9295447468757629
4575,4,2,0.5755811333656311,2,0.46984100341796875
4576,4,4,0.9999954700469971,4,0.9998908042907715
4577,5,5,0.9996050000190735,5,0.9999271631240845
4578,7,7,0.3486294746398926,7,0.7428807020187378
4579,6,6,0.9857372045516968,6,0.9964503049850464
4580,1,1,0.9998799562454224,1,0.9997157454490662
4581,3,3,0.9999996423721313,3,0.999992847442627
4582,2,2,0.9999996423721313,2,0.99981290102005
4583,5,5,0.9994730353355408,5,0.9991963505744934
4584,9,9,0.97502601146698,9,0.981219470500946
4585,9,9,0.9968875050544739,9,0.9972088932991028
4586,3,3,0.9999072551727295,3,0.9994041919708252
4587,6,6,1.0,6,1.0
4588,1,1,0.9999152421951294,1,0.924161434173584
4589,1,1,0.9983516931533813,1,0.9962932467460632
4590,4,4,0.9999959468841553,4,0.9999842643737793
4591,6,6,1.0,6,0.9999994039535522
4592,9,9,0.9993261098861694,9,0.9991581439971924
4593,7,7,0.999991774559021,7,0.9953243136405945
4594,2,2,0.9958217144012451,2,0.7387725710868835
4595,1,1,0.9994741082191467,1,0.9635000228881836
4596,5,5,0.9999915361404419,5,0.9999957084655762
4597,1,1,0.9992914199829102,1,0.9921646118164062
4598,4,4,0.9999905824661255,4,0.9998517036437988
4599,6,6,0.9998407363891602,6,0.9998733997344971
4600,3,3,1.0,3,0.9999997615814209
4601,8,4,0.9975754618644714,8,0.526295006275177
4602,1,1,0.9990485310554504,1,0.9760301113128662
4603,1,1,0.999954104423523,1,0.9461119771003723
4604,0,0,0.9999557733535767,0,0.8803945779800415
4605,3,3,0.9994028806686401,3,0.9999699592590332
4606,1,1,0.9993820190429688,1,0.9989879727363586
4607,6,6,0.9999908208847046,6,0.9995911717414856
4608,8,8,0.9999116659164429,8,0.9998956918716431
4609,4,4,0.999914288520813,4,0.9999914169311523
4610,9,9,0.9993882179260254,9,0.9992550015449524
4611,0,0,1.0,0,0.9999998807907104
4612,7,7,0.9999996423721313,7,0.9998772144317627
4613,3,3,0.9999991655349731,3,0.9999953508377075
4614,0,0,0.9999966621398926,0,0.9911020994186401
4615,2,2,0.9689844846725464,2,0.9805690050125122
4616,9,9,0.9986966252326965,9,0.9999574422836304
4617,0,0,0.9999876022338867,0,0.9997537732124329
4618,6,6,0.9999994039535522,6,0.999992847442627
4619,6,6,0.9950915575027466,6,0.9983709454536438
4620,6,6,0.9999107122421265,6,0.9996342658996582
4621,3,3,0.9999998807907104,3,1.0
4622,6,6,0.9999997615814209,6,0.9999634027481079
4623,7,7,0.9999997615814209,7,0.9999866485595703
4624,7,7,0.9999747276306152,7,0.9995648264884949
4625,2,2,0.996729850769043,2,0.9651457667350769
4626,8,8,0.9999843835830688,8,0.9998352527618408
4627,6,6,1.0,6,0.9999998807907104
4628,0,0,0.9999997615814209,0,0.9999996423721313
4629,8,8,1.0,8,0.9999998807907104
4630,3,3,0.9904143810272217,3,0.9189080595970154
4631,0,0,0.9999998807907104,0,0.9999978542327881
4632,2,2,0.9956694841384888,2,0.9999338388442993
4633,9,9,0.9394468069076538,9,0.9957616925239563
4634,8,8,0.9999755620956421,8,0.9999717473983765
4635,3,3,0.999817430973053,3,0.9738744497299194
4636,2,2,0.9999990463256836,2,0.9999959468841553
4637,5,5,0.9999994039535522,5,0.9999998807907104
4638,3,3,0.9904243350028992,3,0.999992847442627
4639,8,8,0.9492009282112122,8,0.9054732918739319
4640,8,8,0.9957429766654968,8,0.9936622381210327
4641,0,0,0.9999985694885254,0,0.9998552799224854
4642,0,0,0.9996935129165649,0,0.9996939897537231
4643,1,1,0.9971328973770142,1,0.9777920246124268
4644,9,9,0.9998219609260559,9,0.9897488951683044
4645,5,5,0.9999998807907104,5,1.0
4646,1,1,0.9972885847091675,1,0.9776071906089783
4647,3,3,0.9999969005584717,3,0.9936750531196594
4648,9,9,0.9998956918716431,9,0.9963170289993286
4649,6,6,0.9999951124191284,6,0.9999988079071045
4650,0,0,0.9999847412109375,0,0.9999927282333374
4651,1,1,0.999988317489624,1,0.9969964027404785
4652,4,4,0.9999997615814209,4,0.9999383687973022
4653,1,1,0.9994727969169617,1,0.9084682464599609
4654,7,7,0.9999997615814209,7,0.9999946355819702
4655,1,1,0.9994087219238281,1,0.9931716918945312
4656,2,2,0.9677976965904236,2,0.9163798689842224
4657,3,3,0.9999041557312012,3,0.9962445497512817
4658,7,7,0.999990701675415,7,0.9999699592590332
4659,9,9,0.9971998929977417,9,0.9985169768333435
4660,7,7,0.6550349593162537,7,0.6390227675437927
4661,4,4,1.0,4,0.999985933303833
4662,9,9,0.9968231916427612,9,0.957513153553009
4663,9,9,0.9996374845504761,9,0.9991446733474731
4664,3,3,0.9999709129333496,3,0.999994158744812
4665,9,9,0.5999136567115784,9,0.9733181595802307
4666,2,2,0.9996315240859985,2,0.9972143769264221
4667,8,8,0.9999996423721313,8,0.9999985694885254
4668,2,2,0.9999895095825195,2,0.9946866035461426
4669,7,7,0.9999867677688599,7,0.9997203946113586
4670,1,1,0.9987603425979614,1,0.9863989353179932
4671,8,8,0.9998983144760132,8,0.9999220371246338
4672,0,0,0.9999958276748657,0,0.9993213415145874
4673,9,9,0.9784737229347229,9,0.9781608581542969
4674,1,1,0.9966009855270386,1,0.9955060482025146
4675,0,0,0.9999854564666748,0,0.9999333620071411
4676,1,1,0.9994114637374878,1,0.9569982290267944
4677,7,7,0.9589834213256836,7,0.9987190961837769
4678,7,7,0.9997348189353943,7,0.9965319633483887
4679,9,9,0.9998316764831543,9,0.9891930222511292
4680,6,6,1.0,6,0.9999997615814209
4681,9,9,0.7812843322753906,9,0.9019633531570435
4682,9,9,0.9986553192138672,9,0.9990084767341614
4683,9,9,0.9943384528160095,9,0.9987592697143555
4684,2,2,0.9995971322059631,2,0.984093964099884
4685,1,1,0.9999746084213257,1,0.9965223073959351
4686,6,6,0.9998916387557983,6,0.9986357092857361
4687,1,1,0.9977689981460571,1,0.9843820929527283
4688,3,3,0.9999924898147583,3,0.9999270439147949
4689,5,5,0.9999995231628418,5,0.9999809265136719
4690,7,7,0.9670566320419312,7,0.9969995021820068
4691,1,1,0.9997454285621643,1,0.991584300994873
4692,9,9,0.994916558265686,9,0.9963940978050232
4693,7,7,0.9999637603759766,7,0.9999750852584839
4694,6,6,0.9999997615814209,6,0.9999990463256836
4695,4,4,0.9999996423721313,4,0.9999760389328003
4696,5,5,0.9996145963668823,5,0.9996850490570068
4697,7,7,0.9999992847442627,7,0.9999788999557495
4698,6,6,0.9999985694885254,6,0.9995014667510986
4699,6,6,0.7657954692840576,6,0.9649454951286316
4700,9,9,0.9996090531349182,9,0.9996026158332825
4701,9,9,0.999961256980896,9,0.9998975992202759
4702,6,6,0.9999710321426392,6,0.9986338019371033
4703,3,3,0.9997701048851013,3,0.9998683929443359
4704,6,6,0.9998624324798584,6,0.9992260932922363
4705,2,2,0.9999990463256836,2,0.9988341927528381
4706,9,9,0.9988510608673096,9,0.9947261214256287
4707,8,8,0.999997615814209,8,0.99994957447052
4708,1,1,0.9999823570251465,1,0.994968593120575
4709,2,2,0.9999996423721313,2,0.9999860525131226
4710,2,2,0.999982476234436,2,0.9998120665550232
4711,5,5,0.997461199760437,5,0.9999915361404419
4712,5,5,0.9999836683273315,5,0.9991828799247742
4713,2,2,0.9958252906799316,2,0.9997122883796692
4714,3,3,0.9998846054077148,3,0.9998725652694702
4715,7,7,0.9999699592590332,7,0.9996739625930786
4716,2,2,0.9997183680534363,2,0.9998194575309753
4717,1,1,0.9994283318519592,1,0.9969879984855652
4718,0,0,0.9999998807907104,0,0.9999836683273315
4719,1,1,0.9924794435501099,1,0.9254496693611145
4720,0,0,0.9999297857284546,0,0.9931374788284302
4721,4,4,0.9999990463256836,4,0.999879002571106
4722,5,5,0.9921690821647644,5,0.9884176850318909
4723,2,2,1.0,2,0.9999858140945435
4724,8,8,0.9905110001564026,8,0.9949401617050171
4725,2,2,0.9988763928413391,2,0.5575602650642395
4726,8,8,0.9989494681358337,8,0.9994661211967468
4727,3,3,0.9999896287918091,3,0.9990109205245972
4728,5,5,0.999992847442627,5,0.9999449253082275
4729,1,1,0.9999741315841675,1,0.9970245957374573
4730,7,7,0.9999997615814209,7,0.9999980926513672
4731,8,3,0.8292493224143982,8,0.8157684206962585
4732,1,1,0.999922513961792,1,0.9988872408866882
4733,1,1,0.9934892654418945,1,0.9955123066902161
4734,2,2,0.9999723434448242,2,0.9997945427894592
4735,9,9,0.9968876242637634,9,0.9826463460922241
4736,7,7,0.9769023656845093,7,0.9989209175109863
4737,8,8,0.9999141693115234,8,0.9721235632896423
4738,4,4,0.9964960217475891,4,0.9997838139533997
4739,0,0,0.9955881834030151,0,0.9648022055625916
4740,3,5,0.9599923491477966,5,0.5156611204147339
4741,0,0,0.9982286095619202,0,0.9999972581863403
4742,7,7,0.9612079858779907,7,0.9997425675392151
4743,8,8,0.9923226237297058,8,0.9662156701087952
4744,8,8,0.9972577691078186,8,0.9914747476577759
4745,4,4,0.998881995677948,4,0.9796993136405945
4746,7,7,0.998891294002533,7,0.9975287318229675
4747,7,7,1.0,7,0.9999918937683105
4748,8,8,0.9999997615814209,8,0.9999765157699585
4749,5,5,0.9999761581420898,5,0.9999154806137085
4750,8,8,0.9999966621398926,8,0.999994158744812
4751,4,4,0.9956049919128418,4,0.9956254959106445
4752,9,9,0.9997814297676086,9,0.9982054233551025
4753,8,8,0.9999635219573975,8,0.999950647354126
4754,1,1,0.9999234676361084,1,0.9918895363807678
4755,3,3,0.9998449087142944,3,0.9978829026222229
4756,8,8,1.0,8,0.9998409748077393
4757,0,0,0.9999984502792358,0,0.9999994039535522
4758,3,3,1.0,3,0.9999994039535522
4759,1,1,0.9916518330574036,1,0.9686670303344727
4760,7,7,0.9631232619285583,7,0.9512926340103149
4761,9,9,0.907255232334137,8,0.9268718361854553
4762,5,5,0.9999997615814209,5,0.9999375343322754
4763,5,5,0.9982536435127258,5,0.9853652119636536
4764,1,1,0.9994140863418579,1,0.9837785363197327
4765,6,6,0.9999998807907104,6,0.9999905824661255
4766,5,5,0.9999608993530273,5,0.9999858140945435
4767,7,7,1.0,7,0.9999998807907104
4768,4,4,1.0,4,0.999997615814209
4769,9,9,0.9997530579566956,9,0.9999896287918091
4770,3,3,0.9999997615814209,3,0.9999969005584717
4771,5,5,0.9818853735923767,5,0.9997363686561584
4772,4,4,0.9998388290405273,4,0.9991656541824341
4773,7,7,0.9982630610466003,7,0.9882335662841797
4774,1,1,0.9997678399085999,1,0.9955161213874817
4775,2,2,0.9999809265136719,2,0.9986473917961121
4776,0,0,0.9999507665634155,0,0.9825835824012756
4777,8,8,0.9988242983818054,8,0.9703729152679443
4778,1,1,0.9997095465660095,1,0.9485667943954468
4779,6,6,1.0,6,1.0
4780,0,0,0.9999887943267822,0,0.9999356269836426
4781,7,7,0.9999991655349731,7,0.9999960660934448
4782,3,3,0.9999995231628418,3,0.9994157552719116
4783,4,4,0.9989446997642517,4,0.9986466765403748
4784,7,7,0.9999986886978149,7,0.9999969005584717
4785,3,3,0.99998939037323,3,0.999957799911499
4786,9,9,0.998276948928833,9,0.9985519051551819
4787,6,6,0.9999871253967285,6,0.9999992847442627
4788,0,0,0.9999908208847046,0,0.8513019680976868
4789,8,8,0.9999948740005493,8,0.9997504353523254
4790,6,6,0.9999862909317017,6,0.9999749660491943
4791,4,4,0.9997019171714783,4,0.9963417649269104
4792,8,8,0.9999828338623047,8,0.9999611377716064
4793,7,7,0.9999974966049194,7,0.9995008707046509
4794,7,7,0.9998881816864014,7,0.9998526573181152
4795,9,9,0.9997287392616272,9,0.9991322159767151
4796,3,3,0.9999994039535522,3,0.9995492100715637
4797,8,8,0.9999990463256836,8,0.9999338388442993
4798,6,6,0.9655064940452576,6,0.9960208535194397
4799,9,9,0.9888697862625122,9,0.994509756565094
4800,7,7,0.9999998807907104,7,0.9999853372573853
4801,2,2,0.9999991655349731,2,0.9999508857727051
4802,3,3,0.9999040365219116,3,0.9987217783927917
4803,4,4,0.999994158744812,4,0.9998687505722046
4804,0,0,0.9993877410888672,0,0.7888755798339844
4805,2,2,0.9999994039535522,2,0.9997918009757996
4806,1,1,0.9998873472213745,1,0.9809877872467041
4807,8,0,0.6250653266906738,8,0.9724843502044678
4808,3,3,0.7301312685012817,5,0.9762384295463562
4809,5,5,1.0,5,0.9999881982803345
4810,5,5,0.9999997615814209,5,0.9999933242797852
4811,7,7,0.9999998807907104,7,0.9998577833175659
4812,2,2,0.9542202949523926,2,0.9660156965255737
4813,4,4,0.9999957084655762,4,0.9998987913131714
4814,6,6,0.8880712389945984,6,0.9802135825157166
4815,7,7,0.9964064955711365,7,0.9915522933006287
4816,2,2,0.9998902082443237,2,0.9999518394470215
4817,8,8,0.9997789263725281,8,0.9997873902320862
4818,3,3,1.0,3,0.9999998807907104
4819,0,0,0.9977892637252808,0,0.9981417655944824
4820,8,8,0.9992535710334778,8,0.9999902248382568
4821,7,7,0.9999998807907104,7,1.0
4822,8,8,0.9999881982803345,8,0.9996722936630249
4823,9,4,0.9378311634063721,4,0.8081610202789307
4824,0,0,0.9999434947967529,0,0.9964007139205933
4825,8,8,0.9990518689155579,8,0.9999853372573853
4826,4,4,0.9994850158691406,4,0.9999569654464722
4827,4,4,0.9999032020568848,4,0.9996329545974731
4828,5,5,0.9819481372833252,5,0.9994127750396729
4829,8,8,0.9999270439147949,8,0.9999547004699707
4830,5,5,0.9999855756759644,5,0.9999324083328247
4831,6,6,0.9999958276748657,6,0.9988042116165161
4832,6,6,0.9994964599609375,6,0.9997431635856628
4833,3,3,0.9998555183410645,3,0.9999359846115112
4834,0,0,0.9999765157699585,0,0.9993383288383484
4835,9,9,0.9990324974060059,9,0.9569517970085144
4836,3,3,0.9999632835388184,3,0.9997410178184509
4837,7,7,0.9756119251251221,7,0.9985998272895813
4838,6,6,0.9106695652008057,6,0.9358388781547546
4839,8,8,0.9786670207977295,8,0.9858291149139404
4840,9,9,0.7139340043067932,9,0.9895955920219421
4841,3,3,0.9999831914901733,3,0.9997709393501282
4842,4,4,0.9999997615814209,4,0.9999986886978149
4843,9,9,0.9999576807022095,9,0.9991734623908997
4844,5,5,0.9999996423721313,5,0.9999878406524658
4845,8,8,0.9664575457572937,8,0.9779583811759949
4846,9,9,0.985190212726593,9,0.9981217980384827
4847,1,1,0.999561607837677,1,0.9921218156814575
4848,2,2,0.9999922513961792,2,0.9997312426567078
4849,8,8,0.9999967813491821,8,0.999948263168335
4850,8,8,0.9999966621398926,8,0.999937891960144
4851,6,6,0.9869983792304993,6,0.9922768473625183
4852,8,8,0.9989232420921326,8,0.9874849915504456
4853,1,1,0.999903678894043,1,0.9965037107467651
4854,3,3,0.9998509883880615,3,0.9998470544815063
4855,7,7,0.9999923706054688,7,0.9999374151229858
4856,9,9,0.9999661445617676,9,0.9997313618659973
4857,0,0,0.9996426105499268,0,0.9991099238395691
4858,1,1,0.9997765421867371,1,0.9926661849021912
4859,1,1,0.9991635084152222,1,0.9866614937782288
4860,4,9,0.5720013380050659,4,0.7469771504402161
4861,7,7,0.9522653222084045,7,0.9817310571670532
4862,0,0,0.9999967813491821,0,0.9999985694885254
4863,8,8,0.9929400682449341,8,0.9913219809532166
4864,1,1,0.9968972206115723,1,0.9587523937225342
4865,7,7,1.0,7,0.999998927116394
4866,4,4,0.9999998807907104,4,0.9999933242797852
4867,5,5,0.9999998807907104,5,0.9999470710754395
4868,7,7,0.9999935626983643,7,0.999734103679657
4869,1,1,0.9999878406524658,1,0.9938913583755493
4870,2,2,1.0,2,0.9999829530715942
4871,1,1,0.9993113279342651,1,0.9774263501167297
4872,1,1,0.9995356798171997,1,0.9926927089691162
4873,3,3,0.999993085861206,3,0.9999467134475708
4874,9,0,0.516852855682373,6,0.5863076448440552
4875,6,6,0.999996542930603,6,0.9999490976333618
4876,2,2,0.6536045670509338,2,0.9993607401847839
4877,1,1,0.999724805355072,1,0.9912461638450623
4878,2,2,0.9991543292999268,2,0.9993719458580017
4879,8,8,0.9963701963424683,8,0.5819005966186523
4880,0,0,0.9922547340393066,0,0.9994382262229919
4881,7,7,0.9999998807907104,7,0.9999972581863403
4882,6,6,0.9999991655349731,6,0.999925971031189
4883,6,6,0.9999904632568359,6,0.9998160004615784
4884,9,9,0.9786288738250732,9,0.9319782853126526
4885,3,3,1.0,3,0.9999995231628418
4886,7,1,0.7302689552307129,7,0.992813766002655
4887,0,0,0.9993253946304321,0,0.9981133937835693
4888,5,6,0.952358067035675,5,0.499622106552124
4889,2,2,0.9999998807907104,2,0.9999959468841553
4890,8,8,0.9861181378364563,8,0.9985842704772949
4891,0,0,0.9999510049819946,0,0.9999995231628418
4892,5,5,1.0,5,0.9999991655349731
4893,4,4,0.9999598264694214,4,0.9948654770851135
4894,3,3,0.9995978474617004,3,0.9958584904670715
4895,8,8,0.9999995231628418,8,0.9999655485153198
4896,4,4,0.999977707862854,4,0.9861175417900085
4897,6,6,0.9994320273399353,6,0.9996966123580933
4898,6,6,0.9982037544250488,6,0.9986414313316345
4899,2,2,0.9998161196708679,2,0.9989719390869141
4900,7,7,0.9934490323066711,7,0.9407904744148254
4901,9,9,0.9975663423538208,9,0.990770161151886
4902,5,5,0.9996508359909058,5,0.999685525894165
4903,1,1,0.9974507689476013,1,0.9761644005775452
4904,3,3,0.9999992847442627,3,0.9999711513519287
4905,2,2,0.9999058246612549,2,0.9987016916275024
4906,4,4,0.9999648332595825,4,0.9999959468841553
4907,3,3,0.9973558187484741,3,0.95672208070755
4908,6,6,0.9999992847442627,6,0.9999969005584717
4909,1,1,0.9996722936630249,1,0.9949219822883606
4910,9,9,0.9995225667953491,9,0.9994696974754333
4911,4,4,0.9996224641799927,4,0.9917387366294861
4912,4,4,0.9999960660934448,4,0.999951958656311
4913,7,7,0.9999289512634277,7,0.9977793097496033
4914,6,6,1.0,6,0.9999963045120239
4915,5,5,0.9767810106277466,5,0.7424365282058716
4916,4,4,0.9999998807907104,4,0.9999738931655884
4917,1,1,0.9985693693161011,1,0.9597752094268799
4918,9,9,0.5987265110015869,9,0.7088961601257324
4919,9,9,0.998162567615509,9,0.9996727705001831
4920,2,2,1.0,2,1.0
4921,7,7,0.9926490187644958,7,0.9930294156074524
4922,8,8,0.9999936819076538,8,0.9998793601989746
4923,0,0,0.9999837875366211,0,0.9999477863311768
4924,1,1,0.9992982149124146,1,0.5280337333679199
4925,3,3,0.9999921321868896,3,0.9999597072601318
4926,6,6,0.9999991655349731,6,0.9999920129776001
4927,1,1,0.9999593496322632,1,0.9892945289611816
4928,3,3,0.9999998807907104,3,0.999974250793457
4929,4,4,0.9970299005508423,4,0.9409756660461426
4930,1,1,0.9984194040298462,1,0.9913731217384338
4931,1,1,0.9999643564224243,1,0.9944965243339539
4932,1,1,0.9987202882766724,1,0.9987358450889587
4933,5,5,0.9999650716781616,5,0.9999991655349731
4934,6,6,0.9999972581863403,6,0.9993380904197693
4935,0,0,0.9999486207962036,0,0.9999984502792358
4936,7,7,0.9998254179954529,7,0.9996812343597412
4937,0,0,0.9999675750732422,0,0.999998927116394
4938,7,7,0.9921092391014099,7,0.9483031630516052
4939,2,2,0.5656713247299194,2,0.9251965284347534
4940,3,3,0.9999462366104126,3,0.9999865293502808
4941,2,2,0.9998664855957031,2,0.9994016885757446
4942,5,5,0.9862020611763,5,0.9970986843109131
4943,2,2,0.9999651908874512,2,0.9718270301818848
4944,2,2,0.9999978542327881,2,0.9970049262046814
4945,9,9,0.9949656128883362,9,0.985148549079895
4946,4,4,0.9999947547912598,4,0.9991082549095154
4947,9,9,0.9940401911735535,9,0.9845614433288574
4948,8,8,0.9976853132247925,8,0.9974378347396851
4949,1,1,0.9999486207962036,1,0.9927647709846497
4950,2,2,0.9925180673599243,2,0.9382829666137695
4951,1,1,0.9764284491539001,1,0.9968932867050171
4952,6,6,0.9998838901519775,6,0.9943893551826477
4953,1,1,0.9999887943267822,1,0.9933139681816101
4954,2,2,0.999998927116394,2,0.9958666563034058
4955,7,7,0.9999984502792358,7,0.9999926090240479
4956,8,4,0.9955440163612366,4,0.5974542498588562
4957,0,0,0.9999992847442627,0,0.9999992847442627
4958,0,0,0.9999879598617554,0,0.9999990463256836
4959,0,0,0.9961735606193542,0,0.8990095853805542
4960,8,8,0.9988300204277039,8,0.9984608888626099
4961,2,2,0.999998927116394,2,0.9999363422393799
4962,2,2,1.0,2,0.9999994039535522
4963,9,9,0.9672151803970337,9,0.9929418563842773
4964,2,2,0.9999514818191528,2,0.9999043941497803
4965,2,2,0.9999998807907104,2,0.999951958656311
4966,7,7,0.4687662720680237,7,0.9971092343330383
4967,9,9,0.9628047943115234,9,0.9878645539283752
4968,9,9,0.9999867677688599,9,0.9982810020446777
4969,2,2,0.9999939203262329,2,0.9982252717018127
4970,7,7,0.998746395111084,7,0.9865199327468872
4971,5,5,0.9973204731941223,5,0.9999469518661499
4972,1,1,0.99793541431427,1,0.9920864701271057
4973,3,3,1.0,3,1.0
4974,4,4,0.9999850988388062,4,0.9998360872268677
4975,9,9,0.9990189075469971,9,0.998630940914154
4976,4,4,0.9999994039535522,4,0.9999915361404419
4977,1,1,0.9999676942825317,1,0.9942072629928589
4978,8,8,0.8928844332695007,8,0.9961543679237366
4979,5,5,0.999866247177124,5,0.999984860420227
4980,6,6,0.999967098236084,6,0.9999873638153076
4981,2,2,0.9999886751174927,2,0.8160592913627625
4982,8,8,0.9996523857116699,8,0.9983672499656677
4983,3,3,1.0,3,0.9999997615814209
4984,1,1,0.9997324347496033,1,0.9874454736709595
4985,2,2,0.9998395442962646,2,0.9999758005142212
4986,8,8,0.9991077780723572,8,0.9932032823562622
4987,4,4,0.9999884366989136,4,0.9977769255638123
4988,9,9,0.9990235567092896,9,0.9910115003585815
4989,9,9,0.7952024936676025,9,0.6737483143806458
4990,3,3,0.9956640601158142,2,0.6521345973014832
4991,7,7,0.9999850988388062,7,0.9985358715057373
4992,0,0,0.9999995231628418,0,1.0
4993,7,7,0.9994124174118042,7,0.9891428351402283
4994,7,7,0.9999996423721313,7,0.9994966983795166
4995,2,2,0.992994487285614,2,0.950549840927124
4996,3,3,0.9999996423721313,3,0.9997329115867615
4997,2,2,0.982272744178772,2,0.9921058416366577
4998,4,4,0.9994686245918274,4,0.9998868703842163
4999,0,0,1.0,0,1.0
5000,3,3,0.9999576807022095,3,0.9999023675918579
5001,9,9,0.99866783618927,9,0.9909808039665222
5002,9,9,0.9998307228088379,9,0.9986817240715027
5003,8,8,0.9999990463256836,8,0.9999978542327881
5004,4,4,0.9999997615814209,4,0.9999988079071045
5005,1,1,0.9998670816421509,1,0.9997010827064514
5006,0,0,0.9999958276748657,0,0.99955815076828
5007,6,6,0.9999997615814209,6,0.9999560117721558
5008,0,0,0.9999957084655762,0,0.9994602799415588
5009,9,9,0.9998263716697693,9,0.9939836859703064
5010,6,6,0.999992847442627,6,0.9999955892562866
5011,8,8,0.9983904361724854,8,0.9998010993003845
5012,6,6,0.9999996423721313,6,0.9999969005584717
5013,1,1,0.9993661046028137,1,0.9941372871398926
5014,1,1,0.9999097585678101,1,0.9987314343452454
5015,9,9,0.9860410094261169,9,0.9801622629165649
5016,8,8,0.9999985694885254,8,0.9999908208847046
5017,9,9,0.9999420642852783,9,0.9994454979896545
5018,2,2,1.0,2,0.9999997615814209
5019,3,3,1.0,3,0.9999926090240479
5020,5,5,0.9999948740005493,5,0.9997876286506653
5021,5,5,0.9999754428863525,5,0.9997561573982239
5022,9,9,0.9998307228088379,9,0.9938479065895081
5023,4,4,0.999893307685852,4,0.9999805688858032
5024,2,2,1.0,2,0.999902606010437
5025,1,1,0.999658465385437,1,0.9999727010726929
5026,9,9,0.9971047043800354,9,0.9991355538368225
5027,4,4,0.9866238236427307,4,0.9961728453636169
5028,3,3,1.0,3,0.9999980926513672
5029,9,9,0.998461127281189,9,0.9765470027923584
5030,6,6,0.9999997615814209,6,0.9999966621398926
5031,0,0,0.9999704360961914,0,0.9999971389770508
5032,4,4,0.9999914169311523,4,0.9999700784683228
5033,0,0,0.999222993850708,0,0.9999761581420898
5034,6,6,1.0,6,0.9999985694885254
5035,0,0,0.9999992847442627,0,0.9998713731765747
5036,1,1,0.999289870262146,1,0.9997441172599792
5037,2,2,0.9999990463256836,2,0.9945652484893799
5038,3,3,0.9999994039535522,3,0.9997201561927795
5039,4,4,1.0,4,0.9999951124191284
5040,7,7,0.9998468160629272,7,0.9822186827659607
5041,8,8,0.9999998807907104,8,0.9999995231628418
5042,9,9,0.9975091218948364,9,0.9996143579483032
5043,0,0,1.0,0,0.999994158744812
5044,1,1,0.9992960691452026,1,0.9988337159156799
5045,2,2,0.9999997615814209,2,0.9999934434890747
5046,3,3,0.9997498393058777,3,0.7306899428367615
5047,4,4,0.9999985694885254,4,0.9999649524688721
5048,7,7,0.9996688365936279,7,0.996369481086731
5049,8,8,0.9999997615814209,8,0.9999213218688965
5050,9,9,0.9998717308044434,9,0.9972931742668152
5051,0,0,0.9999984502792358,0,0.9986039996147156
5052,1,1,0.9988240599632263,1,0.9997121691703796
5053,2,2,0.9999986886978149,2,0.9999361038208008
5054,3,3,0.9999492168426514,3,0.9997889399528503
5055,4,4,0.9999808073043823,4,0.9999992847442627
5056,5,5,0.9999879598617554,5,0.9999521970748901
5057,6,6,0.9999954700469971,6,0.9999874830245972
5058,7,7,0.9999901056289673,7,0.9992519021034241
5059,8,8,0.9999979734420776,8,0.9999841451644897
5060,9,9,0.9999712705612183,9,0.999110758304596
5061,8,8,0.9998400211334229,8,0.9995195865631104
5062,3,3,0.9999969005584717,3,0.9999843835830688
5063,4,4,0.9999021291732788,4,0.9997642636299133
5064,7,7,0.9999138116836548,7,0.9984689354896545
5065,8,8,0.9993804693222046,8,0.9995598196983337
5066,6,6,0.9999990463256836,6,0.99998939037323
5067,3,3,0.9988609552383423,2,0.5460783839225769
5068,4,4,0.8959270715713501,4,0.9753872156143188
5069,0,0,0.9999998807907104,0,0.9999996423721313
5070,9,9,0.9990867376327515,9,0.9990726709365845
5071,7,7,0.9999998807907104,7,0.9999701976776123
5072,1,1,0.9981818199157715,1,0.9998747110366821
5073,9,9,0.9999877214431763,9,0.999125063419342
5074,3,3,0.9999675750732422,3,0.9999942779541016
5075,8,8,0.9999833106994629,8,0.9997827410697937
5076,4,4,1.0,4,0.9999986886978149
5077,7,7,0.9999756813049316,7,0.9992103576660156
5078,3,3,0.9999949932098389,3,0.9862273335456848
5079,0,0,0.9999992847442627,0,0.9999978542327881
5080,9,9,0.9999197721481323,9,0.9991335272789001
5081,1,1,0.9995026588439941,1,0.9952152967453003
5082,4,4,0.9999992847442627,4,0.9999468326568604
5083,5,5,0.9953505992889404,5,0.9943485856056213
5084,4,4,0.9999948740005493,4,0.9996144771575928
5085,6,6,0.9999998807907104,6,0.9999521970748901
5086,2,2,0.9998362064361572,2,0.9871858954429626
5087,0,0,0.9999991655349731,0,0.9999959468841553
5088,6,6,0.9959344863891602,6,0.9976291060447693
5089,2,2,0.9999992847442627,2,0.9995852112770081
5090,1,1,0.9889315366744995,1,0.9926276803016663
5091,1,1,0.9911721348762512,1,0.9989237189292908
5092,1,1,0.9960260391235352,1,0.9973703622817993
5093,1,1,0.993233859539032,1,0.9997913241386414
5094,7,7,0.9999974966049194,7,0.999446451663971
5095,2,2,0.9999996423721313,2,0.9998212456703186
5096,4,4,0.9999991655349731,4,0.999998927116394
5097,7,7,0.9999974966049194,7,0.9999332427978516
5098,5,5,0.9999997615814209,5,0.998630702495575
5099,2,2,0.9998677968978882,2,0.9982442855834961
5100,9,9,0.9906304478645325,9,0.9817425012588501
5101,4,4,0.9999990463256836,4,0.9999790191650391
5102,5,5,0.9999994039535522,5,0.9999977350234985
5103,8,8,0.9999998807907104,8,0.9999972581863403
5104,4,4,0.9999977350234985,4,0.999998927116394
5105,2,2,0.9999901056289673,2,0.9851770401000977
5106,9,9,0.9967646598815918,9,0.9982890486717224
5107,7,7,0.9999973773956299,7,0.9994596838951111
5108,0,0,0.9999997615814209,0,0.9997021555900574
5109,0,0,0.9999687671661377,0,0.9999973773956299
5110,7,7,0.999984860420227,7,0.9996507167816162
5111,5,5,0.9999676942825317,5,0.9994872808456421
5112,1,1,0.9966920614242554,1,0.9997605681419373
5113,1,1,0.99980229139328,1,0.9996738433837891
5114,7,7,0.9999758005142212,7,0.9962931275367737
5115,6,6,0.9999998807907104,6,0.9999903440475464
5116,6,6,1.0,6,0.9999998807907104
5117,6,6,0.9997214674949646,6,0.9992045760154724
5118,8,8,0.9999743700027466,8,0.9999936819076538
5119,2,2,0.9999661445617676,2,0.999679446220398
5120,2,2,0.9999212026596069,2,0.9961479902267456
5121,7,7,0.9837634563446045,7,0.9070061445236206
5122,7,7,0.9999932050704956,7,0.999701201915741
5123,4,4,0.9999990463256836,4,1.0
5124,0,0,0.9999998807907104,0,0.9999979734420776
5125,2,2,0.9999381303787231,2,0.9951843619346619
5126,4,4,0.9953012466430664,4,0.9999634027481079
5127,2,2,0.594238817691803,2,0.5747897624969482
5128,1,1,0.9994891881942749,1,0.9894859790802002
5129,8,8,0.9999817609786987,8,0.9999961853027344
5130,9,9,0.9985505938529968,9,0.9977692365646362
5131,6,6,0.9999997615814209,6,0.9999929666519165
5132,1,1,0.999678373336792,1,0.9998914003372192
5133,0,0,0.999996542930603,0,0.9999951124191284
5134,5,5,0.9999996423721313,5,0.9995794892311096
5135,9,9,0.9936840534210205,9,0.9710059762001038
5136,6,6,0.9998751878738403,6,0.9995487332344055
5137,9,9,0.9995286464691162,9,0.9996942281723022
5138,8,8,0.999854564666748,8,0.9990761280059814
5139,0,0,0.9999713897705078,0,0.9999971389770508
5140,3,3,0.9994138479232788,3,0.9467260241508484
5141,0,0,0.9999334812164307,0,0.9999629259109497
5142,8,8,0.9999879598617554,8,0.9999955892562866
5143,3,3,0.9999997615814209,3,0.9999905824661255
5144,9,9,0.9970536231994629,9,0.9722048044204712
5145,6,6,0.999546468257904,6,0.999618649482727
5146,3,3,0.9999998807907104,3,0.9999955892562866
5147,0,0,1.0,0,0.9999896287918091
5148,1,1,0.9977692365646362,1,0.9962368011474609
5149,2,2,0.9999994039535522,2,0.9999299049377441
5150,3,3,1.0,3,1.0
5151,4,4,0.9999985694885254,4,0.99998939037323
5152,5,5,0.9996737241744995,5,0.9990208148956299
5153,6,6,0.9999998807907104,6,0.9999991655349731
5154,7,7,0.9999775886535645,7,0.9999597072601318
5155,0,0,0.9999872446060181,0,0.981826663017273
5156,1,1,0.9999068975448608,1,0.9973796606063843
5157,2,2,0.999998927116394,2,0.9999997615814209
5158,3,3,0.9998206496238708,3,0.9999985694885254
5159,4,4,0.99953293800354,4,0.9934409260749817
5160,5,5,0.9999841451644897,5,0.9999450445175171
5161,6,6,0.9999935626983643,6,0.9999994039535522
5162,7,7,0.9990591406822205,7,0.9934760928153992
5163,8,8,0.9999998807907104,8,0.9999783039093018
5164,9,9,0.9971820116043091,9,0.9866978526115417
5165,0,0,0.9921833872795105,0,0.9173917174339294
5166,1,1,0.9991366267204285,1,0.9998762607574463
5167,2,2,0.9999994039535522,2,0.9999878406524658
5168,3,3,1.0,3,0.9999998807907104
5169,4,4,1.0,4,0.9999973773956299
5170,5,5,0.9999805688858032,5,0.9999910593032837
5171,6,6,0.9999935626983643,6,0.9999996423721313
5172,7,7,0.9999686479568481,7,0.9999253749847412
5173,8,8,0.9999996423721313,8,0.9998918771743774
5174,5,5,0.9999955892562866,5,0.9999561309814453
5175,4,4,0.9999998807907104,4,0.9999889135360718
5176,8,4,0.9878833889961243,8,0.6862281560897827
5177,7,7,0.9999833106994629,7,0.9999251365661621
5178,4,4,1.0,4,0.9999997615814209
5179,7,7,1.0,7,0.9999988079071045
5180,7,7,0.9998947381973267,7,0.9941771030426025
5181,3,3,0.9999998807907104,3,0.9999984502792358
5182,9,9,0.9962922930717468,9,0.9735544919967651
5183,8,8,0.8825366497039795,8,0.9982730150222778
5184,8,8,0.9999911785125732,8,0.9960950016975403
5185,3,3,1.0,3,0.9999948740005493
5186,1,1,0.9993987083435059,1,0.9821741580963135
5187,5,5,0.9999781847000122,5,0.9987186193466187
5188,8,8,0.999964714050293,8,0.9937610030174255
5189,2,2,0.9999974966049194,2,0.9999258518218994
5190,7,7,0.999996542930603,7,0.9999244213104248
5191,4,4,1.0,4,1.0
5192,2,2,0.9999998807907104,2,0.999994158744812
5193,1,1,0.9995831847190857,1,0.9968822002410889
5194,5,5,0.9944165945053101,5,0.8607269525527954
5195,4,4,1.0,4,0.9999954700469971
5196,5,5,0.9999910593032837,5,0.9999996423721313
5197,5,5,0.9999890327453613,5,0.9999656677246094
5198,8,8,0.9894631505012512,8,0.9946156144142151
5199,6,6,0.9962968230247498,6,0.9980091452598572
5200,4,4,0.9999998807907104,4,0.999950647354126
5201,4,4,0.9999998807907104,4,0.999992847442627
5202,4,4,0.9999997615814209,4,0.9999923706054688
5203,1,1,0.9990228414535522,1,0.7921016216278076
5204,8,8,0.9999457597732544,8,0.9936628341674805
5205,7,7,0.9999904632568359,7,0.9998162388801575
5206,5,5,0.9999957084655762,5,0.9999886751174927
5207,5,5,0.9998695850372314,5,0.9999407529830933
5208,1,1,0.9997842907905579,1,0.9947080612182617
5209,8,8,0.9999773502349854,8,0.9836730360984802
5210,9,9,0.9989797472953796,9,0.999292254447937
5211,1,1,0.999932050704956,1,0.9934127926826477
5212,3,3,1.0,3,0.9999998807907104
5213,6,6,0.9916483163833618,6,0.9999971389770508
5214,3,3,1.0,3,0.9999978542327881
5215,3,3,0.9999997615814209,3,0.999998927116394
5216,2,2,1.0,2,0.9999996423721313
5217,2,2,0.9999958276748657,2,0.9997777342796326
5218,6,6,0.9991549253463745,6,0.9999890327453613
5219,9,9,0.9768997430801392,9,0.989571213722229
5220,9,9,0.9923110008239746,9,0.9964178800582886
5221,6,6,0.9999616146087646,6,0.9009965658187866
5222,5,5,0.9999997615814209,5,0.9999998807907104
5223,5,5,0.9999412298202515,5,0.9999970197677612
5224,3,3,1.0,3,0.9999998807907104
5225,3,3,0.9999998807907104,3,0.9999539852142334
5226,8,8,1.0,8,0.9999014139175415
5227,1,1,0.9995920062065125,1,0.9984801411628723
5228,6,6,0.6690458059310913,6,0.8739773631095886
5229,5,5,0.9998632669448853,5,0.9841606020927429
5230,6,6,0.9999998807907104,6,1.0
5231,8,8,0.9999980926513672,8,0.9999393224716187
5232,1,1,0.9997434020042419,1,0.9954942464828491
5233,9,9,0.998777449131012,9,0.9933537244796753
5234,7,7,0.9999111890792847,7,0.9945492148399353
5235,6,6,0.9999972581863403,6,0.9999996423721313
5236,8,8,0.9999920129776001,8,0.9722565412521362
5237,3,3,0.9999991655349731,3,0.9999955892562866
5238,7,7,0.9999984502792358,7,0.9999836683273315
5239,4,4,0.9999992847442627,4,0.9999133348464966
5240,7,7,0.9999631643295288,7,0.9992948770523071
5241,0,0,0.9999979734420776,0,0.999897837638855
5242,9,9,0.9992384910583496,9,0.9934685230255127
5243,0,0,0.9999345541000366,0,0.9943665862083435
5244,0,0,0.999998927116394,0,0.9996755123138428
5245,3,3,1.0,3,0.9999349117279053
5246,7,7,0.9938825368881226,7,0.9951769113540649
5247,9,9,0.9808565378189087,9,0.9955317974090576
5248,3,3,0.9999997615814209,3,0.999996542930603
5249,0,0,0.9999998807907104,0,0.9999399185180664
5250,2,2,0.999976396560669,2,0.9997096657752991
5251,0,0,0.9999890327453613,0,0.9903168678283691
5252,1,1,0.9964016675949097,1,0.998175859451294
5253,0,0,0.9999300241470337,0,0.9996647834777832
5254,1,1,0.999171257019043,1,0.9983161687850952
5255,0,0,0.9998821020126343,0,0.9967269897460938
5256,4,4,1.0,4,1.0
5257,0,0,0.9997387528419495,0,0.9995591044425964
5258,1,1,0.9991831183433533,1,0.999884843826294
5259,0,0,0.9999998807907104,0,0.9999557733535767
5260,4,4,0.9999996423721313,4,0.9998351335525513
5261,7,7,0.9985582232475281,7,0.9987758994102478
5262,9,9,0.9400206804275513,9,0.9808694124221802
5263,6,6,0.9999938011169434,6,0.9999816417694092
5264,2,2,0.9999994039535522,2,0.9990708827972412
5265,6,6,0.9875379800796509,6,0.9796267151832581
5266,2,2,0.9999997615814209,2,0.9999884366989136
5267,2,2,0.999994158744812,2,0.9999418258666992
5268,9,9,0.9877327680587769,8,0.5025672316551208
5269,9,9,0.9869976043701172,9,0.8766847252845764
5270,0,0,0.9999845027923584,0,0.9999773502349854
5271,1,1,0.9998226761817932,1,0.9944029450416565
5272,2,2,0.9999997615814209,2,0.999969482421875
5273,3,3,1.0,3,0.9999963045120239
5274,4,4,1.0,4,0.9999980926513672
5275,5,5,1.0,5,0.9999997615814209
5276,6,6,0.9999996423721313,6,0.9999997615814209
5277,7,7,0.9999955892562866,7,0.9998546838760376
5278,8,8,0.9999244213104248,8,0.9996280670166016
5279,9,9,0.9999902248382568,9,0.9997661709785461
5280,0,0,0.9999288320541382,0,0.9999607801437378
5281,1,1,0.9987990856170654,1,0.9996076226234436
5282,2,2,1.0,2,1.0
5283,3,3,0.999991774559021,3,0.9999958276748657
5284,4,4,0.9990246295928955,4,0.9999958276748657
5285,5,5,0.9999992847442627,5,0.9999784231185913
5286,6,6,0.9999997615814209,6,0.9999936819076538
5287,7,7,1.0,7,0.9999997615814209
5288,8,8,0.999407172203064,8,0.9994043111801147
5289,9,9,0.9999847412109375,9,0.9999455213546753
5290,0,0,0.9997767806053162,0,0.9999550580978394
5291,1,1,0.9988376498222351,1,0.9994298815727234
5292,2,2,1.0,2,1.0
5293,3,3,1.0,3,0.9999958276748657
5294,4,4,1.0,4,1.0
5295,5,5,1.0,5,0.9999998807907104
5296,6,6,0.9999996423721313,6,0.9999984502792358
5297,7,7,0.9999977350234985,7,0.9999833106994629
5298,8,8,0.9997304081916809,8,0.9999589920043945
5299,9,9,0.9998099207878113,9,0.9992757439613342
5300,8,8,0.9999833106994629,8,0.9999948740005493
5301,0,0,0.9997398257255554,0,0.9955577254295349
5302,5,5,0.9999998807907104,5,0.9999992847442627
5303,6,6,0.9998430013656616,6,0.9999974966049194
5304,6,6,0.9999983310699463,6,0.9999990463256836
5305,0,0,0.999990701675415,0,0.9999988079071045
5306,8,8,0.9998948574066162,8,0.9999758005142212
5307,0,0,0.9999829530715942,0,0.9999562501907349
5308,2,2,0.9999995231628418,2,0.9997798800468445
5309,3,3,1.0,3,1.0
5310,7,7,0.9999988079071045,7,0.9999731779098511
5311,9,9,0.9893448948860168,9,0.998569130897522
5312,4,4,0.9999977350234985,4,0.9999995231628418
5313,7,7,0.9999998807907104,7,0.9999980926513672
5314,1,1,0.9998182654380798,1,0.9993815422058105
5315,9,9,0.9999537467956543,9,0.9996426105499268
5316,1,1,0.9994261264801025,1,0.9997356534004211
5317,7,7,0.9999991655349731,7,0.9999823570251465
5318,1,1,0.9998877048492432,1,0.9992741942405701
5319,4,4,0.9999967813491821,4,0.9999980926513672
5320,0,0,0.9999667406082153,0,0.9999274015426636
5321,0,0,0.9999967813491821,0,0.9999970197677612
5322,4,4,0.9999045133590698,4,0.9999693632125854
5323,1,1,0.999321460723877,1,0.9995749592781067
5324,7,7,0.9999901056289673,7,0.999663233757019
5325,5,5,0.9999998807907104,5,0.9999984502792358
5326,7,7,0.9999997615814209,7,0.9999651908874512
5327,1,1,0.9968971014022827,1,0.9998270869255066
5328,3,3,0.9999998807907104,3,0.9999905824661255
5329,3,3,0.999998927116394,3,0.9999929666519165
5330,3,3,0.9999998807907104,3,0.9999995231628418
5331,1,1,0.9733832478523254,1,0.9315356612205505
5332,6,6,1.0,6,0.9999985694885254
5333,9,9,0.9999978542327881,9,0.999695897102356
5334,7,7,0.9999994039535522,7,0.9999680519104004
5335,4,4,0.9995152950286865,4,0.9999275207519531
5336,3,3,1.0,3,0.9999994039535522
5337,0,0,1.0,0,0.9999997615814209
5338,2,2,1.0,2,0.9999992847442627
5339,5,5,0.9999990463256836,5,0.9999769926071167
5340,2,2,1.0,2,0.9999996423721313
5341,6,6,0.9999974966049194,6,0.9999657869338989
5342,0,0,0.9999990463256836,0,0.9999966621398926
5343,8,8,0.9998231530189514,8,0.9999819993972778
5344,9,9,0.9999958276748657,9,0.9999910593032837
5345,4,4,0.9999960660934448,4,0.9999948740005493
5346,3,3,1.0,3,0.9999998807907104
5347,5,5,1.0,5,1.0
5348,4,4,0.999927282333374,4,0.9999992847442627
5349,8,8,0.9999995231628418,8,0.9999991655349731
5350,1,1,0.9998008608818054,1,0.998728334903717
5351,5,5,0.9999998807907104,5,0.9999995231628418
5352,9,9,0.9999964237213135,9,0.9998871088027954
5353,0,0,0.9999756813049316,0,0.9999967813491821
5354,6,6,0.9999998807907104,6,0.9999923706054688
5355,4,4,1.0,4,1.0
5356,3,3,1.0,3,1.0
5357,6,6,0.9999985694885254,6,0.9999818801879883
5358,3,3,0.9999984502792358,3,0.9999982118606567
5359,3,3,1.0,3,0.9999969005584717
5360,8,8,0.9984392523765564,8,0.9999933242797852
5361,1,1,0.9991349577903748,1,0.9968665242195129
5362,4,4,0.999972939491272,4,0.9999616146087646
5363,7,7,0.9999803304672241,7,0.9994901418685913
5364,5,5,0.9999998807907104,5,0.9999998807907104
5365,7,7,0.9999998807907104,7,0.9999959468841553
5366,2,2,1.0,2,0.9999997615814209
5367,2,2,1.0,2,0.9999998807907104
5368,0,0,1.0,0,0.9999988079071045
5369,0,0,1.0,0,0.9999990463256836
5370,1,1,0.999961256980896,1,0.9760537147521973
5371,7,7,0.9999958276748657,7,0.9998294115066528
5372,7,7,0.9999978542327881,7,0.9992761015892029
5373,9,9,0.9999885559082031,9,0.9999898672103882
5374,5,5,0.9999998807907104,5,0.999997615814209
5375,9,9,0.9991495609283447,9,0.944807231426239
5376,8,8,0.999998927116394,8,0.9999988079071045
5377,9,9,0.9999982118606567,9,0.9999948740005493
5378,6,6,0.9999995231628418,6,0.9999916553497314
5379,8,8,0.9956541061401367,8,0.9999278783798218
5380,8,8,0.9998843669891357,8,0.9999841451644897
5381,2,2,1.0,2,0.9999585151672363
5382,3,3,0.9999988079071045,3,0.9998838901519775
5383,6,6,1.0,6,0.999995231628418
5384,1,1,0.9999226331710815,1,0.9893620610237122
5385,2,2,1.0,2,0.9999992847442627
5386,9,9,0.9999897480010986,9,0.9997851252555847
5387,8,8,0.9999462366104126,8,0.9999481439590454
5388,9,9,0.9999505281448364,9,0.9991710186004639
5389,5,5,0.9999986886978149,5,0.9999974966049194
5390,2,2,1.0,2,0.9999995231628418
5391,6,6,0.9999938011169434,6,0.999993085861206
5392,2,2,0.9999996423721313,2,0.9999904632568359
5393,4,4,1.0,4,1.0
5394,8,8,0.9858572483062744,8,0.9997735619544983
5395,4,4,0.9998836517333984,4,0.9999974966049194
5396,6,6,0.999970555305481,6,0.9999871253967285
5397,5,5,0.9991474151611328,5,0.9999849796295166
5398,0,0,0.9996756315231323,0,0.9974268078804016
5399,1,1,0.999549925327301,1,0.9910332560539246
5400,5,5,1.0,5,0.9999994039535522
5401,6,6,0.9990940093994141,6,0.9979228377342224
5402,7,7,0.9999977350234985,7,0.9997071623802185
5403,8,8,0.9999855756759644,8,0.9993069171905518
5404,9,9,0.9999613761901855,9,0.9985944628715515
5405,0,0,0.9999732971191406,0,0.9998792409896851
5406,1,1,0.997374415397644,1,0.9986903071403503
5407,2,2,0.9995637536048889,2,0.890676736831665
5408,3,3,0.9617739915847778,3,0.9985682964324951
5409,4,6,0.965264618396759,4,0.9988203644752502
5410,5,5,0.9999271631240845,5,0.9999879598617554
5411,6,6,1.0,6,0.9999983310699463
5412,7,7,1.0,7,0.999985933303833
5413,8,8,0.9999762773513794,8,0.9997476935386658
5414,9,9,0.9992871880531311,9,0.9992986917495728
5415,0,0,0.9999998807907104,0,0.9999988079071045
5416,1,1,0.9978522062301636,1,0.9851893186569214
5417,2,2,0.9999986886978149,2,0.998803973197937
5418,3,3,1.0,3,1.0
5419,4,4,0.9999978542327881,4,0.9999998807907104
5420,5,5,0.9999988079071045,5,0.9999979734420776
5421,6,6,0.9932730197906494,6,0.9999675750732422
5422,7,7,1.0,7,0.9999996423721313
5423,8,8,0.9999852180480957,8,0.9997888207435608
5424,9,9,0.8405002951622009,9,0.9576978087425232
5425,7,7,0.9999994039535522,7,0.9999556541442871
5426,4,4,1.0,4,0.9999995231628418
5427,2,2,0.9917438626289368,2,0.9999676942825317
5428,0,0,1.0,0,0.9999909400939941
5429,9,9,0.9997679591178894,9,0.996788740158081
5430,0,0,0.9999992847442627,0,0.999969482421875
5431,1,1,0.9982062578201294,1,0.9984948635101318
5432,5,5,0.9999998807907104,5,0.9999911785125732
5433,8,8,0.9992539286613464,8,0.9992479681968689
5434,8,8,0.9999929666519165,8,0.9999922513961792
5435,0,0,0.9999985694885254,0,0.999160885810852
5436,2,2,0.9999994039535522,2,0.9999973773956299
5437,7,7,0.9999998807907104,7,0.9999865293502808
5438,8,8,0.999996542930603,8,0.9999570846557617
5439,4,4,0.9999953508377075,4,0.9999510049819946
5440,4,4,0.999994158744812,4,0.9987612962722778
5441,6,6,0.9999998807907104,6,1.0
5442,1,1,0.9992697834968567,1,0.9978026747703552
5443,0,0,0.9999997615814209,0,0.9999607801437378
5444,4,4,0.9999933242797852,4,0.9999960660934448
5445,5,5,1.0,5,0.9999997615814209
5446,3,3,0.9999858140945435,3,0.9999459981918335
5447,9,9,0.9960263967514038,9,0.9936254024505615
5448,4,4,0.9999988079071045,4,0.9999939203262329
5449,2,2,0.9999849796295166,2,0.9989437460899353
5450,0,0,0.9999715089797974,0,0.9941495656967163
5451,5,5,1.0,5,1.0
5452,0,0,0.9999978542327881,0,0.9998100399971008
5453,1,1,0.9999061822891235,1,0.9951005578041077
5454,3,3,0.9988406300544739,3,0.9999984502792358
5455,2,2,1.0,2,0.9998494386672974
5456,9,9,0.9972917437553406,9,0.9999264478683472
5457,1,1,0.8028334379196167,8,0.39386284351348877
5458,6,6,0.9999998807907104,6,0.9999985694885254
5459,0,0,0.9999979734420776,0,0.9972503781318665
5460,1,1,0.9998067021369934,1,0.9994650483131409
5461,1,1,0.9991928935050964,1,0.9998844861984253
5462,8,8,0.9999995231628418,8,0.9999887943267822
5463,0,0,0.9999998807907104,0,0.9999760389328003
5464,4,4,0.9999997615814209,4,0.9999960660934448
5465,7,7,1.0,7,0.9999996423721313
5466,7,7,0.9999997615814209,7,0.9999700784683228
5467,6,6,1.0,6,0.9999799728393555
5468,3,3,0.9999995231628418,3,0.999997615814209
5469,6,6,0.9999980926513672,6,0.99985671043396
5470,0,0,0.9999996423721313,0,0.9993694424629211
5471,7,7,0.9999517202377319,7,0.9996697902679443
5472,3,3,0.9999953508377075,3,0.9999998807907104
5473,5,5,0.9999990463256836,5,0.9999505281448364
5474,4,4,0.9999963045120239,4,0.9999936819076538
5475,2,2,0.9999997615814209,2,0.9999618530273438
5476,4,4,0.9999866485595703,4,0.9999980926513672
5477,1,1,0.9992132186889648,1,0.9995166063308716
5478,8,8,0.999985933303833,8,0.9999942779541016
5479,3,3,0.9994516968727112,3,0.9999876022338867
5480,5,5,0.9999995231628418,5,0.9999730587005615
5481,6,6,1.0,6,0.9999998807907104
5482,7,7,1.0,7,0.999997615814209
5483,0,0,0.9996922016143799,0,0.9999946355819702
5484,6,6,0.9999998807907104,6,1.0
5485,7,7,0.9999998807907104,7,0.9998469352722168
5486,1,1,0.9968131184577942,1,0.9997531771659851
5487,2,2,0.9999986886978149,2,0.9999376535415649
5488,5,5,1.0,5,0.9999997615814209
5489,8,8,0.9999920129776001,8,0.9999758005142212
5490,1,1,0.9997444748878479,1,0.9998127818107605
5491,9,9,0.9906858801841736,9,0.9906718730926514
5492,3,3,0.9999997615814209,3,1.0
5493,8,8,0.9998018145561218,8,0.9965181350708008
5494,2,2,1.0,2,0.9999990463256836
5495,8,8,0.9999973773956299,8,0.9999969005584717
5496,7,7,0.999854564666748,7,0.9986043572425842
5497,6,6,1.0,6,0.9999997615814209
5498,7,7,0.9999982118606567,7,0.9999920129776001
5499,1,1,0.9993498921394348,1,0.9998652935028076
5500,4,4,0.9999996423721313,4,0.9999998807907104
5501,6,6,1.0,6,0.9999973773956299
5502,2,2,0.9999998807907104,2,0.999908447265625
5503,9,9,0.9991171956062317,9,0.9998492002487183
5504,3,3,0.9986807703971863,3,0.9998834133148193
5505,0,0,0.9999990463256836,0,0.9998650550842285
5506,1,1,0.9999819993972778,1,0.8828823566436768
5507,2,2,0.9999439716339111,2,0.9996280670166016
5508,3,3,0.9999830722808838,3,0.9999840259552002
5509,4,4,0.9999914169311523,4,0.9999990463256836
5510,5,5,0.9999911785125732,5,0.9999947547912598
5511,6,6,0.9999957084655762,6,0.9999998807907104
5512,7,7,0.999649167060852,7,0.9995272159576416
5513,0,0,1.0,0,0.9999815225601196
5514,1,1,0.9999767541885376,1,0.9715819954872131
5515,2,2,1.0,2,0.9999964237213135
5516,3,3,0.9999648332595825,3,0.999984860420227
5517,4,4,0.9999934434890747,4,0.9999997615814209
5518,5,5,0.9999994039535522,5,0.9999990463256836
5519,0,0,0.9997419714927673,0,0.999632716178894
5520,1,1,0.9999536275863647,1,0.9704640507698059
5521,2,2,0.9999988079071045,2,0.9999960660934448
5522,8,8,0.9999988079071045,8,0.9999511241912842
5523,9,9,0.9998594522476196,9,0.9997105002403259
5524,1,1,0.999993085861206,1,0.9794514775276184
5525,4,4,0.9853882193565369,4,0.9995357990264893
5526,0,0,0.999981164932251,0,0.999639630317688
5527,9,9,0.9789440631866455,9,0.9122637510299683
5528,5,5,0.9999516010284424,5,0.9999905824661255
5529,0,0,0.9999982118606567,0,0.9999935626983643
5530,8,8,0.9999821186065674,8,0.9999732971191406
5531,0,0,0.9999921321868896,0,0.9999926090240479
5532,7,7,0.9775844216346741,7,0.994306743144989
5533,7,7,0.9999592304229736,7,0.9997252821922302
5534,1,1,0.9999823570251465,1,0.9882622361183167
5535,1,1,0.9999773502349854,1,0.9882180094718933
5536,2,2,0.9811062812805176,2,0.9730960130691528
5537,9,9,0.9973956346511841,9,0.9908850789070129
5538,3,3,1.0,3,0.9999998807907104
5539,6,6,0.9998509883880615,6,0.9999114274978638
5540,7,7,0.9999986886978149,7,0.9996806383132935
5541,2,2,0.9999957084655762,2,0.9995328187942505
5542,3,3,0.9999988079071045,3,0.9999630451202393
5543,8,8,0.9999052286148071,8,0.9999127388000488
5544,1,1,0.9998739957809448,1,0.9699161648750305
5545,2,2,0.9999996423721313,2,0.9999865293502808
5546,9,9,0.7639908194541931,9,0.6473352313041687
5547,8,8,0.9984983205795288,8,0.9999880790710449
5548,8,8,0.9999973773956299,8,0.9999973773956299
5549,7,7,0.9998496770858765,7,0.9995654225349426
5550,1,1,0.9999970197677612,1,0.9937446713447571
5551,7,7,0.9999783039093018,7,0.9999977350234985
5552,1,1,0.9997581839561462,1,0.9496756196022034
5553,1,1,0.9999837875366211,1,0.9880680441856384
5554,0,0,1.0,0,0.9999914169311523
5555,3,3,0.9999954700469971,3,0.9999921321868896
5556,4,4,0.99319988489151,4,0.9994736313819885
5557,2,2,0.999997615814209,2,0.9993495345115662
5558,6,6,0.9999997615814209,6,0.9999123811721802
5559,4,4,0.9999129772186279,4,0.9994567036628723
5560,7,7,0.999985933303833,7,0.998659610748291
5561,4,4,0.9985167384147644,4,0.9995703101158142
5562,2,2,0.9998966455459595,2,0.9990912675857544
5563,7,7,0.999942421913147,7,0.9997865557670593
5564,4,4,0.9967128038406372,4,0.9997957348823547
5565,9,9,0.9998037219047546,9,0.9979508519172668
5566,1,1,0.999981164932251,1,0.9901129007339478
5567,0,0,0.9999939203262329,0,0.9999090433120728
5568,6,6,0.9999984502792358,6,0.9999492168426514
5569,8,8,0.9999972581863403,8,0.9999514818191528
5570,5,5,0.9999991655349731,5,0.9999054670333862
5571,5,5,1.0,5,0.9999970197677612
5572,5,5,1.0,5,0.9999988079071045
5573,3,3,0.9942896366119385,3,0.9993582367897034
5574,5,5,1.0,5,0.9999877214431763
5575,9,9,0.9998600482940674,9,0.999342143535614
5576,7,7,0.9999973773956299,7,0.9999462366104126
5577,4,4,0.9951243996620178,4,0.9994450211524963
5578,8,8,0.9999988079071045,8,0.9999756813049316
5579,5,5,0.9999837875366211,5,0.9999849796295166
5580,9,9,0.997093677520752,9,0.993267297744751
5581,6,6,0.9999805688858032,6,0.9993143081665039
5582,9,9,0.9999545812606812,9,0.9996472597122192
5583,3,3,0.999500036239624,3,0.9946568012237549
5584,0,0,1.0,0,0.9999996423721313
5585,3,3,1.0,3,0.9999998807907104
5586,8,8,0.9999982118606567,8,0.999969482421875
5587,9,9,0.9998676776885986,9,0.9987601041793823
5588,1,1,0.9999704360961914,1,0.9911946058273315
5589,8,8,0.999998927116394,8,0.9999531507492065
5590,1,1,0.9999333620071411,1,0.9346252083778381
5591,6,6,0.9999984502792358,6,0.9999097585678101
5592,0,0,0.9999986886978149,0,0.9999651908874512
5593,0,0,0.9998639822006226,0,0.9986974596977234
5594,1,1,0.998195469379425,1,0.9869464039802551
5595,2,2,0.9999805688858032,2,0.9997830986976624
5596,3,3,0.9999936819076538,3,0.9994919300079346
5597,4,4,0.9985779523849487,4,0.9992231130599976
5598,5,5,0.9999948740005493,5,1.0
5599,6,6,0.9999998807907104,6,0.9999991655349731
5600,7,9,0.8038384914398193,7,0.592659592628479
5601,8,8,0.9999806880950928,8,0.9996213912963867
5602,9,9,0.9965060949325562,9,0.9861372709274292
5603,0,0,0.9999935626983643,0,0.9998868703842163
5604,1,1,0.999968409538269,1,0.9764490127563477
5605,2,2,1.0,2,0.9999525547027588
5606,3,3,0.9999994039535522,3,0.9999984502792358
5607,4,4,0.9991070628166199,4,0.999729573726654
5608,5,5,0.8265663981437683,5,0.9955229759216309
5609,6,6,1.0,6,1.0
5610,7,7,0.9999973773956299,7,0.99998939037323
5611,8,8,0.996464729309082,8,0.9977206587791443
5612,9,9,0.9991173148155212,9,0.9897875785827637
5613,0,0,0.9998202919960022,0,0.9999854564666748
5614,1,1,0.9999939203262329,1,0.9972867965698242
5615,2,2,0.9999997615814209,2,0.9820663928985596
5616,3,3,0.9999122619628906,3,0.9999901056289673
5617,4,4,0.9979935884475708,4,0.9745559096336365
5618,5,5,0.999996542930603,5,0.9999761581420898
5619,6,6,0.9996263980865479,6,1.0
5620,7,7,0.999872088432312,7,0.9967734217643738
5621,8,8,0.9999885559082031,8,0.9996663331985474
5622,9,9,0.9997765421867371,9,0.99953293800354
5623,3,3,0.9918752312660217,3,0.6574513912200928
5624,5,5,0.9999990463256836,5,0.9999963045120239
5625,3,3,0.9999669790267944,3,0.9999762773513794
5626,2,2,0.9999967813491821,2,0.9908919930458069
5627,9,9,0.9991182684898376,9,0.999619722366333
5628,3,3,0.9998786449432373,3,0.999931812286377
5629,2,2,1.0,2,0.9997045397758484
5630,1,1,0.9998039603233337,1,0.8907997608184814
5631,4,4,0.9986695051193237,4,0.999815046787262
5632,5,5,0.9999996423721313,5,0.9998362064361572
5633,5,5,0.9999998807907104,5,0.9999877214431763
5634,2,2,0.9999744892120361,2,0.9984388947486877
5635,3,3,0.9999996423721313,3,0.9999986886978149
5636,2,2,0.9999967813491821,2,0.9993164539337158
5637,1,1,0.9999884366989136,1,0.9884053468704224
5638,3,3,0.9999444484710693,3,0.9999663829803467
5639,9,9,0.9919518232345581,9,0.9996498823165894
5640,7,7,0.9998927116394043,7,0.9985628724098206
5641,2,2,1.0,2,0.9986196756362915
5642,1,1,0.7914901375770569,1,0.9653087258338928
5643,2,2,0.9999996423721313,2,0.9999984502792358
5644,8,8,0.9999206066131592,8,0.9981223940849304
5645,9,9,0.9999638795852661,9,0.977847695350647
5646,1,1,0.9999884366989136,1,0.9938870072364807
5647,8,8,0.9985609650611877,8,0.955100953578949
5648,8,8,0.9949676394462585,8,0.9688124656677246
5649,7,7,0.9988542795181274,7,0.9778313636779785
5650,8,8,0.9993365406990051,8,0.9987806677818298
5651,1,1,0.9999918937683105,1,0.9933360815048218
5652,0,0,0.9999961853027344,0,0.9979768395423889
5653,0,0,0.9773446917533875,0,0.9910780787467957
5654,7,7,0.5228295922279358,7,0.6584282517433167
5655,7,7,0.8725160360336304,7,0.9814324975013733
5656,8,8,0.9999992847442627,8,0.9997958540916443
5657,7,7,0.999998927116394,7,0.9995892643928528
5658,5,5,1.0,5,0.9999977350234985
5659,0,0,0.9999998807907104,0,0.9999966621398926
5660,6,6,0.9999997615814209,6,0.9999898672103882
5661,1,1,0.9994196891784668,1,0.6034879684448242
5662,5,5,0.9999954700469971,5,0.999277651309967
5663,7,7,0.9999312162399292,7,0.9995744824409485
5664,4,4,0.9994192123413086,4,0.9999582767486572
5665,6,6,0.9999958276748657,6,0.9999901056289673
5666,1,1,0.9996531009674072,1,0.9877997636795044
5667,2,2,1.0,2,0.9964401125907898
5668,5,5,1.0,5,1.0
5669,0,0,0.9999995231628418,0,0.9999982118606567
5670,7,7,0.9999983310699463,7,0.9999493360519409
5671,9,9,0.9999269247055054,9,0.9996355772018433
5672,9,9,0.9999710321426392,9,0.9997432827949524
5673,0,0,1.0,0,0.9999998807907104
5674,3,3,0.9999676942825317,3,0.9999938011169434
5675,8,8,0.9999741315841675,8,0.9987560510635376
5676,4,4,0.9712659120559692,4,0.9499750137329102
5677,4,4,0.9993182420730591,4,0.9966259002685547
5678,8,8,0.9941474199295044,8,0.6342927813529968
5679,1,1,0.9999608993530273,1,0.9964691400527954
5680,8,8,0.999256432056427,8,0.9999517202377319
5681,6,6,0.9999972581863403,6,0.9999961853027344
5682,5,5,0.9999955892562866,5,0.9999998807907104
5683,9,9,0.9969086050987244,9,0.9992702603340149
5684,0,0,0.9999998807907104,0,0.9999995231628418
5685,0,0,0.9999998807907104,0,0.9999983310699463
5686,0,0,1.0,0,0.9999996423721313
5687,3,3,1.0,3,0.9999855756759644
5688,7,7,0.9999070167541504,7,0.9983353018760681
5689,1,1,0.999984860420227,1,0.9939072728157043
5690,6,6,0.9999998807907104,6,0.9999890327453613
5691,4,4,0.999862790107727,4,0.9847641587257385
5692,2,2,1.0,2,0.9999502897262573
5693,6,6,0.9999992847442627,6,0.999997615814209
5694,6,6,1.0,6,1.0
5695,0,0,0.9999804496765137,0,0.9999994039535522
5696,4,4,0.9954679012298584,4,0.9981655478477478
5697,5,5,0.9999849796295166,5,0.9999986886978149
5698,4,4,0.99875807762146,4,0.9962418079376221
5699,1,1,0.9999822378158569,1,0.9839124083518982
5700,3,3,0.999982476234436,3,0.9999809265136719
5701,8,8,0.9999910593032837,8,0.9997543692588806
5702,6,6,0.9999943971633911,6,1.0
5703,3,3,0.9999992847442627,3,0.9867832660675049
5704,9,9,0.9974020719528198,9,0.9944471120834351
5705,9,9,0.9942758679389954,9,0.9985252022743225
5706,5,5,0.9999998807907104,5,0.9999892711639404
5707,9,9,0.9898545145988464,9,0.9983543157577515
5708,3,3,0.9999985694885254,3,0.9978278279304504
5709,7,7,0.8836683630943298,7,0.9429470896720886
5710,8,8,0.9888277053833008,8,0.9986644983291626
5711,5,5,0.9999998807907104,5,1.0
5712,6,6,0.9999274015426636,6,1.0
5713,4,4,0.9999954700469971,4,0.9992896318435669
5714,7,7,0.9977280497550964,7,0.9820647835731506
5715,6,6,0.9999904632568359,6,0.9999942779541016
5716,2,2,1.0,2,0.999782145023346
5717,2,2,0.9999939203262329,2,0.9880857467651367
5718,0,0,0.9998944997787476,0,0.999909520149231
5719,9,9,0.9880742430686951,9,0.9950928688049316
5720,4,4,0.9908308982849121,4,0.9944671392440796
5721,0,0,0.9999960660934448,0,0.9999961853027344
5722,1,1,0.9999241828918457,1,0.9949866533279419
5723,2,2,1.0,2,0.9999829530715942
5724,3,3,0.9999997615814209,3,0.9999998807907104
5725,4,4,0.9999997615814209,4,0.9998706579208374
5726,5,5,0.999631404876709,5,0.9999957084655762
5727,6,6,0.9999959468841553,6,0.9996875524520874
5728,7,7,0.999957799911499,7,0.9999926090240479
5729,8,8,0.9999904632568359,8,0.9999812841415405
5730,9,9,0.9993770718574524,9,0.9939334988594055
5731,0,0,0.9999836683273315,0,0.9997264742851257
5732,1,1,0.9986258745193481,1,0.9771474003791809
5733,2,2,0.9999996423721313,2,0.9999592304229736
5734,3,3,0.7843992710113525,3,0.8194056749343872
5735,5,5,0.8718781471252441,5,0.9181854128837585
5736,6,6,0.9809083938598633,6,0.9669029116630554
5737,0,0,1.0,0,0.9999985694885254
5738,1,1,0.9972764849662781,1,0.9718399047851562
5739,2,2,1.0,2,0.9995204210281372
5740,3,3,0.9999886751174927,3,0.9996700286865234
5741,4,4,0.9999982118606567,4,0.9999574422836304
5742,5,5,0.9998169541358948,5,0.998764157295227
5743,6,6,0.9988769888877869,6,0.9767535924911499
5744,8,8,0.9999996423721313,8,0.9999934434890747
5745,7,1,0.7382749915122986,7,0.755630373954773
5746,1,1,0.999492883682251,1,0.874236524105072
5747,3,3,0.9999990463256836,3,0.9999712705612183
5748,2,2,0.9999954700469971,2,0.9681569933891296
5749,8,8,0.9997417330741882,8,0.9999041557312012
5750,0,0,0.999750554561615,0,0.9999920129776001
5751,7,7,0.9999932050704956,7,0.9999651908874512
5752,5,5,0.8651130199432373,5,0.9997372031211853
5753,9,9,0.9999369382858276,9,0.9976230263710022
5754,9,9,0.9132549166679382,9,0.9981141090393066
5755,6,6,1.0,6,1.0
5756,0,0,0.9999710321426392,0,0.9999058246612549
5757,9,9,0.9974164962768555,9,0.9825230836868286
5758,4,4,1.0,4,0.9999890327453613
5759,1,1,0.9965747594833374,1,0.9076343178749084
5760,3,3,0.9999985694885254,3,0.9999570846557617
5761,2,2,0.9999996423721313,2,0.9999996423721313
5762,1,1,0.9995498061180115,1,0.9810152053833008
5763,2,2,0.9999998807907104,2,0.9999169111251831
5764,3,3,1.0,3,0.9999675750732422
5765,8,8,1.0,8,1.0
5766,3,3,1.0,3,0.9999997615814209
5767,2,2,1.0,2,0.999992847442627
5768,6,6,1.0,6,1.0
5769,5,5,0.9996751546859741,5,0.999992847442627
5770,6,6,0.9999995231628418,6,0.9999949932098389
5771,8,8,0.9999985694885254,8,0.9999812841415405
5772,2,2,0.9999996423721313,2,0.9997280240058899
5773,7,7,0.9992536902427673,7,0.9988812804222107
5774,4,4,0.9999983310699463,4,0.9999293088912964
5775,8,8,0.9999994039535522,8,0.9999994039535522
5776,1,1,0.9998086094856262,1,0.9907013177871704
5777,8,8,1.0,8,0.9999901056289673
5778,0,0,0.9999710321426392,0,0.9998089671134949
5779,5,5,1.0,5,0.9999986886978149
5780,3,3,0.9999997615814209,3,0.9998119473457336
5781,9,9,0.99991774559021,9,0.9990112781524658
5782,4,4,0.9988917708396912,4,0.9998189806938171
5783,1,1,0.9998875856399536,1,0.9924694895744324
5784,9,9,0.9962846040725708,9,0.9997397065162659
5785,2,2,1.0,2,0.9999996423721313
5786,1,1,0.9984388947486877,1,0.9799795150756836
5787,9,9,0.9936755299568176,9,0.9978960752487183
5788,6,6,1.0,6,1.0
5789,7,7,0.9999992847442627,7,0.9999861717224121
5790,9,9,0.9999592304229736,9,0.9995524287223816
5791,0,0,0.9999406337738037,0,0.9999960660934448
5792,4,4,1.0,4,0.9999996423721313
5793,6,6,0.999997615814209,6,0.9999995231628418
5794,1,1,0.9995105266571045,1,0.9993696808815002
5795,7,7,0.9999996423721313,7,0.9999290704727173
5796,3,3,1.0,3,1.0
5797,8,8,0.9999992847442627,8,0.9999991655349731
5798,7,7,0.9999979734420776,7,0.9987950325012207
5799,2,2,0.9993013143539429,2,0.9842468500137329
5800,9,9,0.9970889687538147,9,0.9999827146530151
5801,6,6,0.8766694664955139,0,0.5272765159606934
5802,5,5,0.9992490410804749,5,0.9986211061477661
5803,8,8,0.9999880790710449,8,0.9998990297317505
5804,3,3,0.9999825954437256,3,0.999990701675415
5805,9,9,0.9997100234031677,9,0.997097373008728
5806,0,0,0.9999955892562866,0,0.9999614953994751
5807,5,5,0.9998700618743896,5,0.9999756813049316
5808,7,7,0.9999805688858032,7,0.9989044666290283
5809,1,1,0.9986650943756104,1,0.9983503818511963
5810,6,6,0.9999983310699463,6,0.9999995231628418
5811,1,1,0.9998294115066528,1,0.999053418636322
5812,0,0,0.9999922513961792,0,0.999971866607666
5813,9,9,0.9999984502792358,9,0.9995977282524109
5814,3,3,0.9999760389328003,3,0.9999957084655762
5815,3,3,0.9999996423721313,3,0.9999938011169434
5816,4,4,0.999998927116394,4,0.9999650716781616
5817,4,4,0.9999971389770508,4,0.9999945163726807
5818,0,0,0.9999979734420776,0,0.9998772144317627
5819,6,6,0.9999982118606567,6,0.9999591112136841
5820,2,2,0.9985952973365784,2,0.9935460686683655
5821,5,5,0.989997923374176,5,0.9835611581802368
5822,4,4,0.9999986886978149,4,0.9999991655349731
5823,2,2,0.9999923706054688,2,0.9707842469215393
5824,3,3,0.9999706745147705,3,0.9999788999557495
5825,4,4,0.9999996423721313,4,0.999990701675415
5826,6,6,0.9999997615814209,6,0.9999997615814209
5827,0,0,0.9994214773178101,0,0.9963184595108032
5828,0,0,0.9993694424629211,0,0.9995952248573303
5829,2,2,0.9999997615814209,2,0.9999998807907104
5830,0,0,1.0,0,0.999993085861206
5831,1,1,0.9994695782661438,8,0.5185480117797852
5832,4,4,0.9999496936798096,4,0.9998661279678345
5833,5,5,0.9999918937683105,5,0.9996191263198853
5834,6,6,1.0,6,0.9999995231628418
5835,7,7,0.9998806715011597,7,0.9999476671218872
5836,8,8,0.9999998807907104,8,0.9999879598617554
5837,9,9,0.9925887584686279,9,0.9932048320770264
5838,0,0,1.0,0,0.9999878406524658
5839,1,1,0.9995473027229309,1,0.9997652173042297
5840,2,2,1.0,2,0.999987006187439
5841,3,3,0.999954104423523,3,0.9971500039100647
5842,4,4,0.9998629093170166,4,0.9998371601104736
5843,5,5,0.9999924898147583,5,0.9993786811828613
5844,6,6,1.0,6,0.9999998807907104
5845,7,7,0.999995231628418,7,0.999975323677063
5846,8,8,1.0,8,1.0
5847,0,0,0.9999767541885376,0,0.9999784231185913
5848,1,1,0.9996724128723145,1,0.9956234097480774
5849,2,2,0.999988317489624,2,0.9981648325920105
5850,3,3,1.0,3,0.9999998807907104
5851,4,4,0.9970991611480713,4,0.9997530579566956
5852,5,5,1.0,5,0.9999963045120239
5853,6,6,0.9998308420181274,6,0.9998077750205994
5854,7,7,0.9999966621398926,7,0.9999982118606567
5855,8,8,0.999880313873291,8,0.9998981952667236
5856,9,9,0.9992004036903381,9,0.9988399147987366
5857,8,8,0.9999911785125732,8,0.9998351335525513
5858,7,7,0.9991877675056458,7,0.9975916147232056
5859,1,1,0.9999876022338867,1,0.9801684617996216
5860,3,3,0.9999997615814209,3,0.9999991655349731
5861,7,7,0.9999246597290039,7,0.9999387264251709
5862,5,5,0.9999997615814209,5,0.9999878406524658
5863,2,2,1.0,2,0.999910831451416
5864,8,8,1.0,8,0.9999997615814209
5865,0,0,0.9999985694885254,0,0.999988317489624
5866,7,7,0.9999797344207764,7,0.9998860359191895
5867,5,5,0.9999946355819702,5,0.9999964237213135
5868,9,9,0.999325156211853,9,0.9913752675056458
5869,9,9,0.9996664524078369,9,0.999447762966156
5870,0,0,0.9999971389770508,0,0.9999768733978271
5871,9,9,0.9999889135360718,9,0.9934577345848083
5872,1,1,0.9998214840888977,1,0.9965918064117432
5873,1,1,0.9999191761016846,1,0.990152895450592
5874,5,5,0.9999938011169434,5,0.996857762336731
5875,8,8,0.9999977350234985,8,0.9999587535858154
5876,8,8,0.9999997615814209,8,0.9999604225158691
5877,6,6,0.5119102001190186,6,0.9934632778167725
5878,3,3,0.9999645948410034,3,0.5581265091896057
5879,2,2,0.999995231628418,2,0.9999808073043823
5880,1,1,0.9999951124191284,1,0.9881687760353088
5881,8,8,1.0,8,0.9999985694885254
5882,3,3,0.9999988079071045,3,0.9999996423721313
5883,2,2,1.0,2,0.9999120235443115
5884,6,6,1.0,6,0.9999997615814209
5885,5,5,0.9996129870414734,5,0.9998252987861633
5886,6,6,0.999972939491272,6,0.9999759197235107
5887,7,7,0.9739504456520081,7,0.9264680743217468
5888,4,0,0.7288886904716492,4,0.9379887580871582
5889,1,1,0.9999970197677612,1,0.9948787689208984
5890,0,0,0.9997969269752502,0,0.983768880367279
5891,5,5,0.9975466132164001,5,0.999439537525177
5892,3,3,0.9999996423721313,3,0.9999915361404419
5893,1,1,0.9999876022338867,1,0.9613292217254639
5894,9,9,0.9607412815093994,9,0.9990532994270325
5895,2,2,0.9999809265136719,2,0.9993873834609985
5896,1,1,0.9999861717224121,1,0.9936937689781189
5897,9,9,0.9957396984100342,9,0.9994193315505981
5898,6,6,0.9999995231628418,6,0.9999996423721313
5899,0,0,0.9999998807907104,0,0.9999493360519409
5900,4,4,0.9999994039535522,4,0.9999688863754272
5901,6,6,0.9999899864196777,6,0.9999821186065674
5902,1,1,0.9997420907020569,1,0.9826792478561401
5903,7,7,0.9992714524269104,7,0.9976589679718018
5904,3,3,1.0,3,0.9999955892562866
5905,8,8,0.9999995231628418,8,0.9998760223388672
5906,7,7,0.9685540795326233,7,0.9852241277694702
5907,2,2,0.9997609257698059,2,0.9994211196899414
5908,9,9,0.9986880421638489,9,0.999576985836029
5909,6,6,0.9999998807907104,6,0.9999690055847168
5910,5,5,0.9999998807907104,5,0.9999762773513794
5911,8,8,0.9999905824661255,8,0.9998607635498047
5912,3,3,0.8386570811271667,3,0.9999372959136963
5913,5,5,0.99980229139328,5,0.9997026324272156
5914,7,7,0.9999698400497437,7,0.9914532899856567
5915,1,1,0.9999645948410034,1,0.9926307201385498
5916,6,6,0.9998947381973267,6,0.9999985694885254
5917,1,1,0.999980092048645,1,0.9992333650588989
5918,0,0,0.9965935349464417,0,0.9753901362419128
5919,9,9,0.9828205108642578,9,0.9856351613998413
5920,6,6,0.9999830722808838,6,0.9999761581420898
5921,2,2,0.9320820569992065,2,0.9825190305709839
5922,5,5,0.9983263611793518,5,0.999941349029541
5923,4,4,0.9998742341995239,4,0.9999642372131348
5924,2,2,0.9947659969329834,2,0.9994416832923889
5925,3,3,0.999998927116394,3,0.9999990463256836
5926,4,4,0.6833307147026062,4,0.9051834344863892
5927,4,4,0.9999866485595703,4,0.9999945163726807
5928,6,6,0.9999990463256836,6,0.9999998807907104
5929,0,0,0.9999994039535522,0,0.9999834299087524
5930,0,0,1.0,0,0.9999995231628418
5931,2,2,1.0,2,0.9999983310699463
5932,0,0,1.0,0,0.9999760389328003
5933,1,1,0.9999676942825317,1,0.9927064776420593
5934,2,2,0.9992577433586121,2,0.9948217868804932
5935,3,3,0.9998972415924072,3,0.9425601363182068
5936,4,4,0.9982895255088806,4,0.9985916018486023
5937,5,3,0.526843249797821,5,0.9363870024681091
5938,6,6,1.0,6,0.9991599321365356
5939,7,7,0.553852379322052,7,0.9674462080001831
5940,8,8,0.9999877214431763,8,0.9999865293502808
5941,9,9,0.9999055862426758,9,0.9992719292640686
5942,0,0,0.9999983310699463,0,0.9996846914291382
5943,1,1,0.9988582134246826,1,0.9912810921669006
5944,2,2,0.9997860789299011,2,0.9926013350486755
5945,3,3,0.9999967813491821,3,0.9997695088386536
5946,4,4,0.9999997615814209,4,0.9999988079071045
5947,5,5,0.9990559220314026,5,0.9999309778213501
5948,6,6,0.9999996423721313,6,0.9969183206558228
5949,7,7,0.9948839545249939,7,0.9929177761077881
5950,8,8,0.9995458722114563,8,0.9998440742492676
5951,9,9,0.991424560546875,9,0.9983144998550415
5952,0,0,0.9999980926513672,0,0.9995070695877075
5953,1,1,0.999752938747406,1,0.9918849468231201
5954,2,2,0.9999998807907104,2,0.9999287128448486
5955,3,8,0.9393616914749146,8,0.742653489112854
5956,4,4,0.9999791383743286,4,0.9999911785125732
5957,5,5,0.9898352026939392,5,0.9999704360961914
5958,6,6,1.0,6,0.9995136260986328
5959,7,7,0.8956149220466614,7,0.9934738278388977
5960,8,8,0.9999456405639648,8,0.9999699592590332
5961,9,9,0.9736467003822327,9,0.9369126558303833
5962,8,8,0.9999608993530273,8,0.9999932050704956
5963,6,6,0.9995800852775574,6,0.9974633455276489
5964,5,5,0.9967526793479919,5,0.9999227523803711
5965,0,0,0.9999961853027344,0,0.9988247752189636
5966,6,6,1.0,6,0.9989074468612671
5967,8,8,0.9998618364334106,8,0.9998960494995117
5968,9,9,0.9995881915092468,9,0.9997192025184631
5969,4,4,0.9999996423721313,4,0.999998927116394
5970,1,1,0.9998644590377808,1,0.998519241809845
5971,9,9,0.9878832697868347,9,0.9995836615562439
5972,5,5,0.904558539390564,5,0.9983324408531189
5973,3,3,0.7354965209960938,8,0.4669734835624695
5974,0,0,0.9999946355819702,0,0.9997709393501282
5975,4,4,0.998977780342102,4,0.999754011631012
5976,8,8,0.9995775818824768,8,0.9999246597290039
5977,9,9,0.9787584543228149,9,0.9547180533409119
5978,1,1,0.9997448325157166,1,0.9933770298957825
5979,4,4,0.9999994039535522,4,0.999994158744812
5980,0,0,0.9999934434890747,0,0.9964292645454407
5981,5,9,0.5225532650947571,5,0.9267597794532776
5982,5,5,0.8156340718269348,5,0.9955229759216309
5983,2,2,0.9997878670692444,2,0.9529572129249573
5984,1,1,0.9998098015785217,1,0.9824475646018982
5985,5,8,0.6647374033927917,5,0.9865858554840088
5986,4,4,0.9999872446060181,4,0.9999767541885376
5987,0,0,0.9988635778427124,0,0.9974157810211182
5988,7,7,0.9972085356712341,7,0.993881106376648
5989,6,6,0.9960516095161438,6,0.9994145631790161
5990,0,0,0.9999945163726807,0,0.9999386072158813
5991,1,1,0.9997175335884094,1,0.9723441004753113
5992,7,7,0.9968165755271912,7,0.9990028738975525
5993,0,0,0.9999985694885254,0,0.9999340772628784
5994,6,6,1.0,6,0.9999985694885254
5995,8,8,0.9999972581863403,8,0.9999691247940063
5996,9,9,0.9997314810752869,9,0.998557984828949
5997,5,9,0.5803849101066589,5,0.8507751226425171
5998,1,1,0.9964262843132019,1,0.9347379207611084
5999,7,7,0.999671459197998,7,0.9997220635414124
6000,9,9,0.9710584878921509,9,0.99916672706604
6001,8,8,0.9997852444648743,8,0.9999607801437378
6002,6,6,0.8757950663566589,6,0.9964104294776917
6003,0,0,0.9999970197677612,0,0.9896900653839111
6004,8,8,0.9229236245155334,8,0.9935873746871948
6005,1,1,0.9938982725143433,1,0.9786608219146729
6006,7,1,0.9028887748718262,7,0.9403518438339233
6007,7,7,0.9984728693962097,7,0.9987725615501404
6008,1,1,0.9996691942214966,1,0.9685515761375427
6009,3,3,0.9977527260780334,3,0.9146333932876587
6010,2,2,0.9999977350234985,2,0.9998494386672974
6011,3,3,0.7218918204307556,5,0.7178820967674255
6012,1,1,0.9996651411056519,1,0.9659033417701721
6013,4,4,0.9999998807907104,4,0.9999946355819702
6014,2,2,0.9999995231628418,2,0.9999291896820068
6015,0,0,0.9998407363891602,0,0.9297292828559875
6016,0,0,0.9999979734420776,0,0.999923825263977
6017,7,7,0.9997842907905579,7,0.9998294115066528
6018,8,8,0.9999793767929077,8,0.9999480247497559
6019,4,4,0.9982877373695374,4,0.9996281862258911
6020,6,6,0.9984847903251648,6,0.9967734217643738
6021,4,4,0.9999468326568604,4,0.999397873878479
6022,9,9,0.9992895126342773,9,0.9987492561340332
6023,3,3,0.9469807147979736,3,0.5507528781890869
6024,8,8,0.8537657856941223,8,0.9992491602897644
6025,4,4,0.9999994039535522,4,0.9999996423721313
6026,7,1,0.9591970443725586,7,0.9016096591949463
6027,2,2,0.9993295669555664,2,0.9536705017089844
6028,5,5,0.9759420156478882,5,0.9997537732124329
6029,6,6,0.9998350143432617,6,0.9985221028327942
6030,3,3,0.9999239444732666,3,0.9979063272476196
6031,6,6,0.9918286204338074,6,0.9691137671470642
6032,9,9,0.999225378036499,9,0.9993340373039246
6033,6,6,0.9986763596534729,6,0.9998319149017334
6034,3,3,0.9999252557754517,3,0.999572217464447
6035,2,2,0.997309684753418,2,0.9931057095527649
6036,2,2,0.9999996423721313,2,0.9992515444755554
6037,4,4,0.9997060894966125,4,0.9999744892120361
6038,6,6,0.9999998807907104,6,0.9999997615814209
6039,9,9,0.9810488224029541,9,0.9984973669052124
6040,0,0,0.9998842477798462,0,0.9997583031654358
6041,2,2,0.999977707862854,2,0.9999516010284424
6042,5,8,0.5402785539627075,5,0.9251383543014526
6043,5,5,0.9973468780517578,5,0.9998372793197632
6044,1,1,0.9999217987060547,1,0.9986864924430847
6045,3,3,0.9899347424507141,3,0.9999349117279053
6046,3,3,0.9999492168426514,3,0.9999830722808838
6047,9,9,0.9997662901878357,9,0.9994792342185974
6048,7,1,0.5407528281211853,7,0.9800671339035034
6049,8,8,0.9999984502792358,8,0.9999681711196899
6050,7,7,0.8060343265533447,7,0.9659572839736938
6051,2,2,0.9993964433670044,2,0.947357714176178
6052,2,2,0.9999728202819824,2,0.9956809282302856
6053,5,5,0.8944627642631531,5,0.9956283569335938
6054,7,7,0.7050368189811707,7,0.9207205772399902
6055,9,9,0.9987654685974121,9,0.9988262057304382
6056,8,8,0.9999687671661377,8,0.9998787641525269
6057,2,2,0.9999988079071045,2,0.9996140599250793
6058,1,1,0.9998548030853271,1,0.986410915851593
6059,3,3,0.9901793003082275,5,0.5146193504333496
6060,1,1,0.9999490976333618,1,0.9827176928520203
6061,3,3,0.9999990463256836,3,0.9999655485153198
6062,0,0,0.999990701675415,0,0.9999009370803833
6063,1,1,0.998035728931427,8,0.7319180369377136
6064,2,2,0.9999672174453735,2,0.9999221563339233
6065,3,3,0.9984868764877319,3,0.9873626232147217
6066,4,4,0.9999982118606567,4,0.9999991655349731
6067,5,5,1.0,5,0.9999988079071045
6068,6,6,1.0,6,0.9999992847442627
6069,7,7,0.9999990463256836,7,0.9995666146278381
6070,8,8,0.9999006986618042,8,0.9999839067459106
6071,9,9,0.8967496752738953,3,0.5693302750587463
6072,0,0,0.9999761581420898,0,0.9994211196899414
6073,1,1,0.9993163347244263,1,0.94681715965271
6074,2,2,0.9999938011169434,2,0.999914288520813
6075,3,3,0.9971832633018494,3,0.9972208738327026
6076,4,4,0.9998518228530884,4,0.9999673366546631
6077,5,5,0.9999997615814209,5,0.9999998807907104
6078,6,6,1.0,6,1.0
6079,7,7,0.9999986886978149,7,0.9996040463447571
6080,8,8,0.9950070381164551,8,0.9985796213150024
6081,9,9,0.6823351979255676,3,0.9702212810516357
6082,0,0,1.0,0,0.9999732971191406
6083,1,1,0.9989163875579834,1,0.7884801030158997
6084,2,2,0.9997506737709045,2,0.9907324314117432
6085,3,3,0.9999997615814209,3,0.9997838139533997
6086,4,4,0.9999183416366577,4,0.9999871253967285
6087,5,5,0.9999618530273438,5,0.9998519420623779
6088,6,6,1.0,6,0.9999991655349731
6089,7,7,0.9999991655349731,7,0.9995125532150269
6090,8,8,0.9998192191123962,8,0.9916753768920898
6091,9,5,0.7784875631332397,3,0.9124242067337036
6092,1,1,0.9999017715454102,1,0.8379047513008118
6093,2,8,0.7783668041229248,8,0.7540748715400696
6094,6,6,0.9999991655349731,6,0.9999970197677612
6095,5,5,0.9999526739120483,5,0.9999910593032837
6096,3,3,0.999998927116394,3,0.9999334812164307
6097,0,0,1.0,0,0.9999581575393677
6098,7,7,0.9999978542327881,7,0.9946458339691162
6099,0,0,0.9999998807907104,0,0.999971866607666
6100,4,4,1.0,4,0.9999994039535522
6101,1,1,0.9245904088020325,5,0.7006670832633972
6102,4,4,0.9998308420181274,4,0.9999995231628418
6103,3,3,0.9999997615814209,3,0.9999645948410034
6104,6,6,1.0,6,0.9999982118606567
6105,7,7,0.9999963045120239,7,0.9991791844367981
6106,2,2,1.0,2,0.9999915361404419
6107,3,3,0.9999996423721313,3,0.9998974800109863
6108,1,1,0.9978097081184387,1,0.9983999133110046
6109,2,2,0.999602735042572,2,0.8662170767784119
6110,1,1,0.9985432624816895,1,0.9098672866821289
6111,2,2,0.9991024732589722,2,0.9893426895141602
6112,9,9,0.9961320161819458,9,0.9353674054145813
6113,6,6,0.999993085861206,6,0.9962014555931091
6114,0,0,0.9999984502792358,0,0.9999939203262329
6115,1,1,0.9994693398475647,1,0.9960299134254456
6116,3,3,0.9999964237213135,3,0.9997184872627258
6117,0,0,0.9999995231628418,0,0.9999586343765259
6118,2,2,0.9999785423278809,2,0.9993897676467896
6119,7,7,0.9999994039535522,7,0.9998244643211365
6120,5,5,0.9913152456283569,5,0.9999289512634277
6121,7,7,0.999309778213501,7,0.9988964796066284
6122,6,6,1.0,6,0.9999997615814209
6123,2,2,0.9999984502792358,2,0.9997016787528992
6124,9,9,0.9999744892120361,9,0.997031569480896
6125,1,1,0.9999977350234985,1,0.995594322681427
6126,9,9,0.9994409680366516,9,0.9706947207450867
6127,0,0,1.0,0,1.0
6128,6,6,1.0,6,0.9999934434890747
6129,0,0,1.0,0,0.9999983310699463
6130,6,6,1.0,6,0.999995231628418
6131,0,0,0.9999992847442627,0,0.9999970197677612
6132,2,2,0.999988317489624,2,0.9994238615036011
6133,0,0,0.9999996423721313,0,0.9999971389770508
6134,6,6,0.9999996423721313,6,0.9999750852584839
6135,1,1,0.999945878982544,1,0.9956049919128418
6136,5,5,1.0,5,0.9999990463256836
6137,8,8,0.9999897480010986,8,0.999953031539917
6138,4,4,1.0,4,0.9999996423721313
6139,3,3,0.9999997615814209,3,0.9999896287918091
6140,0,0,0.9999994039535522,0,0.9998512268066406
6141,1,1,0.9999465942382812,1,0.9919108748435974
6142,5,5,0.999994158744812,5,0.9999881982803345
6143,4,4,0.9999969005584717,4,0.9999995231628418
6144,4,4,0.999667763710022,4,0.9998356103897095
6145,8,8,0.9999988079071045,8,0.9999452829360962
6146,5,5,0.9999743700027466,5,0.9999998807907104
6147,7,7,0.9999791383743286,7,0.995934009552002
6148,5,5,0.9999994039535522,5,0.9999998807907104
6149,7,7,0.9999198913574219,7,0.995435893535614
6150,8,8,0.9999338388442993,8,0.9998677968978882
6151,3,3,0.9999957084655762,3,0.9998611211776733
6152,4,4,0.9999960660934448,4,0.9999986886978149
6153,8,8,0.9999972581863403,8,0.9999938011169434
6154,8,8,0.999901533126831,8,0.9999916553497314
6155,5,5,0.9999985694885254,5,0.9999544620513916
6156,2,2,0.9999998807907104,2,0.9999650716781616
6157,9,9,0.9910180568695068,9,0.9589182138442993
6158,7,7,0.9997051358222961,7,0.9893955588340759
6159,1,1,0.9999556541442871,1,0.964760959148407
6160,3,3,0.9999997615814209,3,0.9999545812606812
6161,8,8,0.9964489936828613,8,0.9703158736228943
6162,1,1,0.9999603033065796,1,0.9965961575508118
6163,0,0,0.9999997615814209,0,0.9983729124069214
6164,7,7,0.999998927116394,7,0.9999040365219116
6165,5,5,0.9999562501907349,5,0.9998910427093506
6166,9,9,0.7804496884346008,3,0.5697524547576904
6167,6,6,1.0,6,0.9999992847442627
6168,9,9,0.9927690029144287,9,0.7822679281234741
6169,4,4,0.9999998807907104,4,0.9999997615814209
6170,7,7,0.999864935874939,7,0.9981517195701599
6171,7,7,0.9999992847442627,7,0.9999532699584961
6172,9,9,0.9305652976036072,9,0.8765662908554077
6173,9,9,0.9862931966781616,9,0.7403264045715332
6174,3,3,0.9998189806938171,3,0.999700665473938
6175,4,4,0.9999842643737793,4,0.9999992847442627
6176,4,4,0.9999995231628418,4,0.9999997615814209
6177,3,3,0.9999916553497314,3,0.9998281002044678
6178,8,8,0.9999963045120239,8,0.9999312162399292
6179,6,6,0.9999994039535522,6,0.9999682903289795
6180,2,2,0.9999995231628418,2,0.9992602467536926
6181,0,0,0.9999723434448242,0,0.9995699524879456
6182,1,1,0.9995763897895813,1,0.9695340394973755
6183,2,2,0.9999998807907104,2,0.9999804496765137
6184,3,3,0.9999998807907104,3,0.9999998807907104
6185,4,4,0.9999998807907104,4,0.9999971389770508
6186,5,5,1.0,5,1.0
6187,6,6,1.0,6,0.9999998807907104
6188,7,7,0.9999779462814331,7,0.9983311295509338
6189,8,8,0.9999959468841553,8,0.999996542930603
6190,9,9,0.9999327659606934,9,0.995526134967804
6191,0,0,0.9999998807907104,0,0.9999997615814209
6192,1,1,0.9996687173843384,1,0.9988194108009338
6193,2,2,0.9999985694885254,2,0.999972939491272
6194,3,3,0.9999996423721313,3,0.9999979734420776
6195,4,4,1.0,4,0.9999998807907104
6196,5,5,1.0,5,0.9999977350234985
6197,6,6,1.0,6,0.9999053478240967
6198,7,7,0.9999994039535522,7,0.999552309513092
6199,8,8,0.9999997615814209,8,0.9999985694885254
6200,9,9,0.998455286026001,9,0.992155134677887
6201,0,0,1.0,0,0.9999979734420776
6202,1,1,0.9998384714126587,1,0.9906094074249268
6203,2,2,1.0,2,0.999990701675415
6204,3,3,0.9999995231628418,3,0.9999929666519165
6205,4,4,1.0,4,0.9999974966049194
6206,5,5,1.0,5,0.9999973773956299
6207,6,6,1.0,6,0.9999997615814209
6208,7,7,0.9999942779541016,7,0.9998399019241333
6209,8,8,1.0,8,0.9999988079071045
6210,9,9,0.9999778270721436,9,0.9985950589179993
6211,0,0,0.9999994039535522,0,0.9999936819076538
6212,8,8,0.9999970197677612,8,0.9999947547912598
6213,3,3,0.9999960660934448,3,0.9685972332954407
6214,9,9,0.9997534155845642,9,0.9986339211463928
6215,5,5,0.9999988079071045,5,0.9999642372131348
6216,5,5,1.0,5,0.999998927116394
6217,2,2,0.9999992847442627,2,0.9992920160293579
6218,6,6,0.9999996423721313,6,0.9999992847442627
6219,8,8,0.9999997615814209,8,0.9999611377716064
6220,4,4,1.0,4,0.9999997615814209
6221,9,9,0.9998420476913452,9,0.9912537932395935
6222,1,1,0.9991680383682251,1,0.9899858236312866
6223,7,7,0.9999840259552002,7,0.9992918968200684
6224,1,1,0.9999475479125977,1,0.9973624348640442
6225,2,2,1.0,2,0.9999891519546509
6226,3,3,0.9999982118606567,3,0.9999995231628418
6227,5,5,0.9999945163726807,5,0.9996527433395386
6228,9,9,0.9999889135360718,9,0.9998263716697693
6229,6,6,0.9999986886978149,6,0.9999866485595703
6230,9,9,0.9992563128471375,9,0.9856294989585876
6231,1,1,0.9993182420730591,1,0.9956871867179871
6232,1,1,0.9997221827507019,1,0.9957112073898315
6233,1,1,0.9998965263366699,1,0.9896747469902039
6234,2,2,0.9995818734169006,2,0.9911690950393677
6235,9,9,0.9999111890792847,9,0.9939082860946655
6236,5,5,0.9999998807907104,5,0.999983549118042
6237,6,6,0.9999842643737793,6,0.9999866485595703
6238,8,8,0.9999998807907104,8,0.9997308850288391
6239,1,1,0.9997565150260925,1,0.9998291730880737
6240,2,2,0.9999977350234985,2,0.9987416863441467
6241,0,0,0.9999969005584717,0,0.9996843338012695
6242,7,7,0.999889612197876,7,0.9904261231422424
6243,7,7,0.9980681538581848,7,0.9946895837783813
6244,5,5,0.9999998807907104,5,0.9999933242797852
6245,8,8,0.9999986886978149,8,0.9999982118606567
6246,2,2,1.0,2,0.9999997615814209
6247,9,9,0.9994018077850342,9,0.9959627985954285
6248,8,8,1.0,8,0.9999986886978149
6249,9,9,0.9937147498130798,9,0.9846820831298828
6250,0,0,0.9998078942298889,0,0.9997859597206116
6251,4,4,0.9999972581863403,4,0.9999995231628418
6252,6,6,0.9999158382415771,6,0.9999701976776123
6253,7,7,0.9999994039535522,7,0.9999680519104004
6254,1,1,0.9999061822891235,1,0.9977707862854004
6255,3,3,1.0,3,0.9999992847442627
6256,4,4,0.9999837875366211,4,0.9999951124191284
6257,5,5,1.0,5,1.0
6258,6,6,0.9999996423721313,6,1.0
6259,0,0,1.0,0,0.9999996423721313
6260,3,3,1.0,3,0.999994158744812
6261,6,6,1.0,6,1.0
6262,8,8,0.9999983310699463,8,0.9999876022338867
6263,7,7,0.9999995231628418,7,0.9999915361404419
6264,0,0,0.9999988079071045,0,0.9999923706054688
6265,4,4,0.9999995231628418,4,0.9999995231628418
6266,2,2,0.9999997615814209,2,0.9999890327453613
6267,7,7,0.9998488426208496,7,0.9970616698265076
6268,4,4,0.9999996423721313,4,0.9999995231628418
6269,7,7,0.9999995231628418,7,0.9999803304672241
6270,5,5,1.0,5,1.0
6271,4,4,1.0,4,0.9999977350234985
6272,3,3,0.9999954700469971,3,0.9999983310699463
6273,4,4,0.9999986886978149,4,0.9999995231628418
6274,2,2,1.0,2,0.9999959468841553
6275,8,8,1.0,8,0.9999991655349731
6276,1,1,0.9991371035575867,1,0.9992731213569641
6277,5,5,1.0,5,0.9999974966049194
6278,1,1,0.9964641332626343,1,0.9992462396621704
6279,2,2,1.0,2,0.9999885559082031
6280,0,0,0.9999969005584717,0,0.9999973773956299
6281,2,2,1.0,2,0.9999996423721313
6282,5,5,1.0,5,1.0
6283,6,6,0.999911904335022,6,0.9997848868370056
6284,4,4,0.9999649524688721,4,0.9999722242355347
6285,3,3,0.9999996423721313,3,0.9999810457229614
6286,0,0,0.9999902248382568,0,0.9999969005584717
6287,0,0,0.9999966621398926,0,0.9999971389770508
6288,0,0,1.0,0,0.9999996423721313
6289,3,3,0.9999998807907104,3,0.999995231628418
6290,3,3,0.9999979734420776,3,0.9999725818634033
6291,5,5,0.9999839067459106,5,0.9999934434890747
6292,7,7,0.9999997615814209,7,0.9999755620956421
6293,0,0,0.9999988079071045,0,0.9999996423721313
6294,6,6,0.9987255930900574,6,0.9999997615814209
6295,4,4,1.0,4,0.9999996423721313
6296,8,8,0.9999998807907104,8,0.9999977350234985
6297,8,8,0.9999992847442627,8,0.9999995231628418
6298,6,6,0.9999873638153076,6,0.9999486207962036
6299,3,3,1.0,3,1.0
6300,4,4,1.0,4,0.9999997615814209
6301,6,6,0.9999994039535522,6,0.9999998807907104
6302,9,9,0.9962818026542664,9,0.9746633768081665
6303,9,9,0.9999994039535522,9,0.9963057041168213
6304,8,8,0.9998043179512024,8,0.9997921586036682
6305,2,2,0.9999996423721313,2,0.9987473487854004
6306,7,7,0.9999425411224365,7,0.9998857975006104
6307,7,7,0.9999969005584717,7,0.9999611377716064
6308,1,1,0.9998394250869751,1,0.9990894794464111
6309,0,0,0.9999998807907104,0,0.999985933303833
6310,1,1,0.9996839761734009,1,0.9929839372634888
6311,2,2,1.0,2,0.9999998807907104
6312,3,3,1.0,3,0.9999979734420776
6313,4,4,0.9999995231628418,4,1.0
6314,5,5,1.0,5,0.9999988079071045
6315,6,6,0.9999986886978149,6,0.999995231628418
6316,7,7,0.9999969005584717,7,0.9999773502349854
6317,8,8,0.9998379945755005,8,0.9999855756759644
6318,9,9,0.9998268485069275,9,0.9981655478477478
6319,0,0,0.9999990463256836,0,0.9999861717224121
6320,1,1,0.9999655485153198,1,0.9985431432723999
6321,2,2,1.0,2,0.999982476234436
6322,3,3,1.0,3,0.9999988079071045
6323,4,4,0.9999972581863403,4,0.9999867677688599
6324,5,5,1.0,5,0.9999996423721313
6325,6,6,0.9999978542327881,6,0.9999998807907104
6326,7,7,0.9999991655349731,7,0.9999995231628418
6327,8,8,0.9999986886978149,8,0.9999997615814209
6328,0,0,0.9997817873954773,0,0.9999217987060547
6329,1,1,0.9994230270385742,1,0.989922821521759
6330,2,2,1.0,2,0.9999998807907104
6331,3,3,1.0,3,0.9999669790267944
6332,4,4,0.999997615814209,4,0.9999990463256836
6333,5,5,0.9999996423721313,5,0.9999992847442627
6334,6,6,0.9999996423721313,6,0.9999977350234985
6335,7,7,0.9999996423721313,7,0.999998927116394
6336,8,8,0.9999876022338867,8,0.9999974966049194
6337,2,2,0.9999998807907104,2,0.9999849796295166
6338,1,1,0.9986605644226074,1,0.9814058542251587
6339,7,7,0.9999997615814209,7,0.9996039271354675
6340,2,2,1.0,2,0.9999998807907104
6341,5,5,0.9999998807907104,5,0.9999998807907104
6342,0,0,0.9999990463256836,0,0.9999914169311523
6343,8,8,0.9999971389770508,8,0.9999362230300903
6344,0,0,0.9999985694885254,0,0.9999778270721436
6345,2,2,1.0,2,0.9999946355819702
6346,7,7,0.9999994039535522,7,0.9998880624771118
6347,8,8,0.9995588660240173,8,0.9999109506607056
6348,8,8,0.9999927282333374,8,0.9999063014984131
6349,3,3,1.0,3,0.9999971389770508
6350,6,6,0.9999996423721313,6,0.9999982118606567
6351,0,0,0.9999676942825317,0,0.999990701675415
6352,2,2,1.0,2,0.9999990463256836
6353,7,7,1.0,7,0.9999971389770508
6354,6,6,1.0,6,0.9999971389770508
6355,6,6,1.0,6,0.9999998807907104
6356,1,1,0.9968588352203369,1,0.8565976023674011
6357,2,2,1.0,2,1.0
6358,8,8,0.9999995231628418,8,0.9999991655349731
6359,8,8,0.9894423484802246,8,0.9900172352790833
6360,7,7,0.9999998807907104,7,0.9999992847442627
6361,7,7,0.9999997615814209,7,0.9999185800552368
6362,4,4,0.9999889135360718,4,0.9999871253967285
6363,7,7,1.0,7,0.9999995231628418
6364,7,7,1.0,7,0.9999997615814209
6365,3,3,0.9999998807907104,3,0.9999996423721313
6366,7,7,1.0,7,0.9999963045120239
6367,4,4,0.9999327659606934,4,0.9999781847000122
6368,5,5,1.0,5,0.9999992847442627
6369,4,4,0.9999998807907104,4,0.9999994039535522
6370,3,3,0.9999997615814209,3,0.9999648332595825
6371,3,3,1.0,3,0.9999996423721313
6372,8,8,0.9999858140945435,8,0.9994872808456421
6373,4,4,1.0,4,0.9999865293502808
6374,1,1,0.999982476234436,1,0.996282160282135
6375,1,1,0.9999909400939941,1,0.8752365708351135
6376,9,9,0.9985499978065491,9,0.9628536105155945
6377,7,7,0.9983863830566406,7,0.9988184571266174
6378,4,4,1.0,4,0.9999994039535522
6379,3,3,0.9999998807907104,3,0.9996980428695679
6380,7,7,0.9999674558639526,7,0.9998890161514282
6381,3,3,0.9999998807907104,3,0.9999322891235352
6382,3,3,1.0,3,1.0
6383,0,0,0.9999964237213135,0,0.9977660179138184
6384,2,2,1.0,2,0.9999960660934448
6385,5,5,0.9999984502792358,5,0.9999806880950928
6386,5,5,0.9999990463256836,5,0.9999935626983643
6387,6,6,0.9999997615814209,6,0.9999996423721313
6388,6,6,0.9999936819076538,6,0.9999943971633911
6389,3,3,0.9999970197677612,3,0.9999971389770508
6390,5,5,1.0,5,0.99998939037323
6391,2,2,0.9999991655349731,2,0.9800052642822266
6392,5,5,0.9986155033111572,5,0.9853203892707825
6393,9,9,0.9846115708351135,9,0.9836448431015015
6394,9,9,0.9997469782829285,9,0.9996891021728516
6395,8,8,0.9999986886978149,8,0.9999921321868896
6396,4,4,0.9999301433563232,4,0.9999759197235107
6397,1,1,0.9999784231185913,1,0.9866155385971069
6398,0,0,0.999582827091217,0,0.9919439554214478
6399,6,6,0.9999992847442627,6,0.9999998807907104
6400,0,0,0.9988769888877869,0,0.9763229489326477
6401,9,9,0.9944788217544556,9,0.9696722030639648
6402,6,6,0.999303936958313,6,0.9999058246612549
6403,8,8,0.999976396560669,8,0.9999979734420776
6404,8,8,0.999982476234436,8,0.9999980926513672
6405,5,5,0.9999991655349731,5,0.9999902248382568
6406,6,6,1.0,6,0.9999977350234985
6407,1,1,0.9996763467788696,1,0.9684004187583923
6408,1,1,0.9997730851173401,1,0.9942973256111145
6409,9,9,0.9889698028564453,9,0.9994696974754333
6410,8,8,0.9999740123748779,8,0.9999127388000488
6411,9,9,0.9398264288902283,9,0.9909337759017944
6412,2,2,1.0,2,0.9999905824661255
6413,3,3,1.0,3,1.0
6414,5,5,0.9999964237213135,5,0.9999783039093018
6415,5,5,1.0,5,0.9999998807907104
6416,9,9,0.9947920441627502,9,0.9992351531982422
6417,4,4,0.9729209542274475,4,0.9998878240585327
6418,2,2,0.9996800422668457,2,0.9994358420372009
6419,1,1,0.9998735189437866,1,0.9593508839607239
6420,9,9,0.9958499670028687,9,0.9945764541625977
6421,3,3,0.999993085861206,3,0.9999243021011353
6422,9,9,0.9957287907600403,9,0.9891469478607178
6423,2,2,1.0,2,0.9999998807907104
6424,0,0,0.9999412298202515,0,0.9999443292617798
6425,6,6,0.9992614388465881,6,0.9913409352302551
6426,0,0,0.9989306330680847,0,0.9934491515159607
6427,4,4,0.9999935626983643,4,0.9999219179153442
6428,0,0,0.9998530149459839,0,0.9995495676994324
6429,0,0,1.0,0,0.9999998807907104
6430,1,1,0.9998561143875122,1,0.9996604919433594
6431,2,2,1.0,2,0.9999990463256836
6432,3,3,1.0,3,0.9999996423721313
6433,4,4,0.9971253275871277,4,0.9998239874839783
6434,7,7,0.9932363629341125,7,0.9647669196128845
6435,8,8,1.0,8,0.9999984502792358
6436,9,9,0.9997013211250305,9,0.9990655779838562
6437,0,0,1.0,0,0.9999998807907104
6438,1,1,0.9804689288139343,1,0.9997785687446594
6439,2,2,1.0,2,0.9999923706054688
6440,3,3,0.9999998807907104,3,0.9999988079071045
6441,7,7,0.9998362064361572,7,0.9972743391990662
6442,8,8,1.0,8,0.9999994039535522
6443,9,9,0.9955731630325317,9,0.9768121838569641
6444,0,0,0.9999468326568604,0,0.9998668432235718
6445,1,1,0.9961318969726562,1,0.9997949004173279
6446,2,2,1.0,2,0.9999942779541016
6447,3,3,0.9999983310699463,3,0.9999984502792358
6448,4,4,0.9999949932098389,4,0.9999926090240479
6449,7,7,0.9994785189628601,7,0.9982202649116516
6450,8,8,0.9999991655349731,8,0.9999970197677612
6451,9,9,0.9999701976776123,9,0.99982750415802
6452,7,7,0.9986006617546082,7,0.9994208812713623
6453,3,3,0.9999971389770508,3,0.9999949932098389
6454,0,0,0.9999616146087646,0,0.9996695518493652
6455,3,3,0.9999990463256836,3,0.999998927116394
6456,1,1,0.9978329539299011,1,0.9973722696304321
6457,8,8,1.0,8,0.9999992847442627
6458,7,7,0.9966848492622375,7,0.9673223495483398
6459,6,6,0.9999996423721313,6,0.9999991655349731
6460,4,4,0.9999363422393799,4,0.9988954067230225
6461,0,0,0.9999998807907104,0,0.9999843835830688
6462,2,2,1.0,2,0.9999980926513672
6463,6,6,1.0,6,0.9999899864196777
6464,8,8,0.999998927116394,8,0.9999980926513672
6465,3,3,0.9999936819076538,3,0.9999964237213135
6466,2,2,1.0,2,1.0
6467,8,8,1.0,8,0.9999992847442627
6468,1,1,0.9565122723579407,1,0.9988238215446472
6469,2,2,1.0,2,0.999982476234436
6470,0,0,0.9990591406822205,0,0.9973215460777283
6471,7,7,0.9079355597496033,7,0.7774327397346497
6472,1,1,0.9989972710609436,1,0.9999208450317383
6473,0,0,0.9999911785125732,0,0.9998325109481812
6474,4,4,0.9973812699317932,4,0.9999475479125977
6475,4,4,0.9999837875366211,4,0.9999903440475464
6476,5,5,1.0,5,1.0
6477,8,8,0.9997351765632629,8,0.9998869895935059
6478,0,0,0.999955415725708,0,0.9999289512634277
6479,6,6,0.9999998807907104,6,0.9999979734420776
6480,2,2,0.9998409748077393,2,0.996302604675293
6481,3,3,0.9984570741653442,3,0.9999967813491821
6482,1,1,0.9983426332473755,1,0.999724805355072
6483,5,5,0.9999992847442627,5,0.9999959468841553
6484,1,1,0.9996854066848755,1,0.9960357546806335
6485,8,8,0.9999982118606567,8,0.9999154806137085
6486,5,5,0.9999997615814209,5,0.9999645948410034
6487,9,9,0.9994989633560181,9,0.9915392994880676
6488,4,4,0.9999707937240601,4,0.9999938011169434
6489,0,0,0.9999791383743286,0,0.9999744892120361
6490,7,7,0.9997709393501282,7,0.9975447058677673
6491,5,5,0.9999998807907104,5,0.9999982118606567
6492,8,8,0.9999450445175171,8,0.9999724626541138
6493,8,8,0.9999994039535522,8,0.9999991655349731
6494,3,3,0.9999029636383057,3,0.9999886751174927
6495,8,4,0.5359988212585449,8,0.9884039163589478
6496,9,9,0.9940528273582458,9,0.9972653388977051
6497,2,2,0.9999997615814209,2,0.9999786615371704
6498,6,6,1.0,6,0.9999998807907104
6499,2,2,0.9999996423721313,2,0.9931348562240601
6500,5,5,1.0,5,1.0
6501,3,3,0.9999955892562866,3,0.9999984502792358
6502,1,1,0.9929956793785095,1,0.9997913241386414
6503,7,7,0.9992408752441406,7,0.9618157744407654
6504,3,3,1.0,3,0.9999997615814209
6505,9,0,0.9817668795585632,0,0.8291535377502441
6506,1,1,0.9980504512786865,1,0.9999256134033203
6507,9,9,0.9998101592063904,9,0.9893187880516052
6508,9,9,0.9999440908432007,9,0.9983561635017395
6509,6,6,1.0,6,1.0
6510,0,0,0.9999982118606567,0,0.9999934434890747
6511,3,3,0.8056730628013611,3,0.996367335319519
6512,9,9,0.9996776580810547,9,0.9901835322380066
6513,2,2,0.9999939203262329,2,0.9999880790710449
6514,8,8,0.9999998807907104,8,0.9999916553497314
6515,1,1,0.9969521760940552,1,0.9999232292175293
6516,4,4,0.9999932050704956,4,0.9999991655349731
6517,3,3,0.999994158744812,3,0.999957799911499
6518,5,5,1.0,5,0.9999997615814209
6519,2,2,1.0,2,0.9999990463256836
6520,9,9,0.9948245286941528,9,0.988757312297821
6521,2,2,1.0,2,0.9998974800109863
6522,5,5,1.0,5,0.9999916553497314
6523,8,8,0.998119056224823,8,0.9996256828308105
6524,9,9,0.9999735355377197,9,0.9988699555397034
6525,5,5,1.0,5,0.9999988079071045
6526,0,0,0.9999959468841553,0,0.9981557726860046
6527,1,1,0.9986675977706909,1,0.9998742341995239
6528,2,2,0.9999978542327881,2,0.9999760389328003
6529,4,4,0.9996519088745117,4,0.9984824061393738
6530,5,5,0.9999765157699585,5,0.9996448755264282
6531,6,6,1.0,6,0.9999892711639404
6532,0,7,0.8506681323051453,7,0.7452613711357117
6533,1,1,0.9995321035385132,1,0.9869246482849121
6534,2,2,0.9997900128364563,2,0.9532206654548645
6535,3,3,1.0,3,0.9999961853027344
6536,4,4,0.9972323775291443,4,0.9963507652282715
6537,5,5,0.9999986886978149,5,0.9996671676635742
6538,6,6,0.9945953488349915,6,0.9691103100776672
6539,7,7,0.9999996423721313,7,0.9999157190322876
6540,1,1,0.9997929930686951,1,0.9972148537635803
6541,2,2,0.9999994039535522,2,0.9998718500137329
6542,3,3,0.9898738861083984,3,0.9853987693786621
6543,4,4,0.9999567270278931,4,0.999906063079834
6544,5,5,0.9830622673034668,5,0.9762222170829773
6545,1,1,0.9993108510971069,1,0.6571059823036194
6546,0,0,0.9997890591621399,0,0.9817066788673401
6547,4,4,1.0,4,1.0
6548,5,5,1.0,5,0.9998410940170288
6549,6,6,0.9999576807022095,6,0.999894380569458
6550,6,6,0.9999979734420776,6,0.9999971389770508
6551,3,3,0.9999538660049438,3,0.9999827146530151
6552,4,4,0.9999978542327881,4,0.999832034111023
6553,4,4,0.9897185564041138,4,0.971933901309967
6554,2,2,0.990985631942749,2,0.7517330050468445
6555,8,8,0.5689066052436829,8,0.9539034366607666
6556,1,1,0.9997050166130066,1,0.999810516834259
6557,0,2,0.8041355013847351,0,0.9766149520874023
6558,6,6,0.9474117159843445,3,0.35107582807540894
6559,4,4,0.9990665316581726,4,0.925810694694519
6560,9,9,0.9891936182975769,9,0.7726889252662659
6561,7,7,0.7436947822570801,7,0.5280076265335083
6562,2,2,0.9998987913131714,2,0.9937447905540466
6563,3,3,0.9998821020126343,3,0.9989736080169678
6564,3,3,0.9998536109924316,3,0.9905166029930115
6565,9,9,0.7548454403877258,9,0.6982421278953552
6566,2,2,0.9999996423721313,2,0.9999973773956299
6567,0,0,0.9999955892562866,0,0.9996658563613892
6568,9,9,0.8769930601119995,9,0.5723351836204529
6569,3,3,0.6725109219551086,7,0.5387558937072754
6570,3,3,0.9998494386672974,3,0.9937576055526733
6571,9,7,0.734349250793457,7,0.7021092772483826
6572,1,1,0.6623597741127014,1,0.8533417582511902
6573,5,5,0.9925577640533447,5,0.8768147826194763
6574,2,2,0.9892549514770508,2,0.9650894999504089
6575,3,3,0.9846829771995544,3,0.9781067371368408
6576,7,7,0.5741899013519287,1,0.8873307108879089
6577,7,7,0.9924903512001038,7,0.8068175315856934
6578,8,8,0.9994655251502991,8,0.9819009900093079
6579,4,4,0.9962849617004395,4,0.9828133583068848
6580,0,0,0.9999998807907104,0,0.9997554421424866
6581,2,2,0.9993307590484619,2,0.9986390471458435
6582,4,4,0.9999977350234985,4,0.9999909400939941
6583,0,0,0.9999986886978149,0,0.9999599456787109
6584,2,2,0.9896782636642456,2,0.7533318400382996
6585,4,4,0.999845027923584,4,0.999546229839325
6586,7,7,0.9999710321426392,7,0.9984488487243652
6587,8,8,0.9999961853027344,8,0.9999905824661255
6588,0,0,0.999934196472168,0,0.9996620416641235
6589,7,7,0.9998975992202759,7,0.9994314312934875
6590,0,0,0.997810423374176,0,0.9864860773086548
6591,6,6,1.0,6,1.0
6592,9,9,0.6215426921844482,9,0.7469283938407898
6593,3,3,0.9996451139450073,3,0.9980621933937073
6594,2,2,0.9783731698989868,2,0.9899214506149292
6595,8,8,0.9999910593032837,8,0.9999927282333374
6596,6,6,0.9926982522010803,6,0.9997151494026184
6597,0,7,0.7850576043128967,7,0.9549973607063293
6598,5,5,0.99702388048172,5,0.9968680739402771
6599,7,7,0.7154294848442078,7,0.6062502264976501
6600,5,5,0.9999998807907104,5,0.9973293542861938
6601,1,1,0.9991931319236755,1,0.9851389527320862
6602,0,0,0.9987313151359558,0,0.9981532692909241
6603,8,8,0.9970148801803589,8,0.9999679327011108
6604,1,1,0.9976636171340942,1,0.9663625955581665
6605,6,6,0.994383692741394,6,0.573432445526123
6606,7,7,0.9999990463256836,7,0.9997715353965759
6607,2,2,0.9999760389328003,2,0.9989186525344849
6608,9,9,0.7539443969726562,9,0.887096107006073
6609,7,7,0.9980377554893494,7,0.8459717035293579
6610,9,9,0.971250057220459,9,0.8758437633514404
6611,5,5,0.9999939203262329,5,0.9991796612739563
6612,8,8,0.9999830722808838,8,0.9999232292175293
6613,6,6,0.9998652935028076,6,0.9870026111602783
6614,2,2,0.9803012013435364,7,0.985428512096405
6615,6,6,0.9992454051971436,6,0.966379702091217
6616,2,2,0.999997615814209,2,0.9935592412948608
6617,8,8,0.9984363913536072,8,0.9860166907310486
6618,1,1,0.9813554883003235,1,0.978836715221405
6619,7,7,0.9999983310699463,7,0.9996417760848999
6620,5,5,1.0,5,0.9999475479125977
6621,0,0,0.9993182420730591,0,0.998514711856842
6622,1,1,0.9985182881355286,1,0.9897671341896057
6623,1,1,0.9816687703132629,1,0.7372121214866638
6624,3,3,0.9845523834228516,3,0.9989744424819946
6625,8,8,0.7244434952735901,4,0.9197348356246948
6626,4,4,0.9996665716171265,4,0.999392032623291
6627,9,9,0.9953091740608215,9,0.9351522326469421
6628,1,1,0.9866934418678284,1,0.8786078691482544
6629,8,8,0.9999059438705444,8,0.9999157190322876
6630,6,6,1.0,6,0.9999994039535522
6631,8,8,0.9999418258666992,8,0.9996587038040161
6632,9,9,0.873566210269928,9,0.4298373758792877
6633,0,0,0.9999827146530151,0,0.9999483823776245
6634,1,1,0.9997772574424744,1,0.9982611536979675
6635,2,2,0.999941349029541,2,0.9996840953826904
6636,3,3,0.9528769850730896,3,0.9956063628196716
6637,4,4,0.9766548871994019,4,0.9911365509033203
6638,5,5,1.0,5,0.9999970197677612
6639,6,6,0.9999997615814209,6,0.9999935626983643
6640,7,7,0.9999997615814209,7,0.9999827146530151
6641,8,8,0.9985499978065491,8,0.9907667636871338
6642,9,9,0.9826969504356384,9,0.9595898985862732
6643,0,0,0.9980658888816833,0,0.9977188110351562
6644,1,1,0.9994215965270996,1,0.9995065927505493
6645,2,2,0.9999831914901733,2,0.9975295662879944
6646,3,3,0.9999299049377441,3,0.9999997615814209
6647,4,4,0.9999964237213135,4,0.9999949932098389
6648,7,7,0.9999942779541016,7,0.9998757839202881
6649,8,8,0.9999996423721313,8,0.9999964237213135
6650,9,9,0.9971760511398315,9,0.9885274171829224
6651,0,8,0.6491180658340454,6,0.9004760384559631
6652,1,1,0.9999951124191284,1,0.9999655485153198
6653,7,7,0.9999943971633911,7,0.999977707862854
6654,8,8,1.0,8,0.9999997615814209
6655,9,9,0.9978607296943665,9,0.982698380947113
6656,9,9,0.999195396900177,9,0.993386447429657
6657,8,8,0.9999927282333374,8,0.999962568283081
6658,9,9,0.9997429251670837,9,0.9993364214897156
6659,8,8,0.9999971389770508,8,0.9998759031295776
6660,4,4,0.9999438524246216,4,0.9999905824661255
6661,1,1,0.9999274015426636,1,0.9997757077217102
6662,7,7,0.9978162050247192,7,0.994166374206543
6663,7,7,0.9999921321868896,7,0.9999654293060303
6664,3,3,0.9999958276748657,3,0.9999887943267822
6665,3,3,0.9999992847442627,3,0.9999943971633911
6666,7,7,0.999921441078186,7,0.999976634979248
6667,6,6,0.9996577501296997,6,0.9999068975448608
6668,6,6,0.9999915361404419,6,0.9999903440475464
6669,6,6,0.999995231628418,6,0.9993891716003418
6670,1,1,0.998916745185852,1,0.9997957348823547
6671,9,9,0.9994283318519592,9,0.9931746125221252
6672,0,0,0.9999945163726807,0,0.9998270869255066
6673,1,1,0.9960971474647522,1,0.9994184970855713
6674,7,7,0.9999972581863403,7,0.999992847442627
6675,6,6,1.0,6,0.999972939491272
6676,3,3,0.999995231628418,3,0.9999997615814209
6677,2,2,0.9998489618301392,2,0.6871302723884583
6678,1,1,0.9998307228088379,1,0.9998337030410767
6679,7,7,0.9999492168426514,7,0.9998602867126465
6680,1,1,0.9986323714256287,1,0.9997711777687073
6681,3,3,0.9979881048202515,3,0.9999836683273315
6682,9,9,0.999869704246521,9,0.9993253946304321
6683,1,1,0.9999064207077026,1,0.9997386336326599
6684,7,7,0.9995974898338318,7,0.999131977558136
6685,6,6,0.9999997615814209,6,0.9999935626983643
6686,8,8,0.9998544454574585,8,0.9997921586036682
6687,4,4,0.9998620748519897,4,0.9999828338623047
6688,1,1,0.9999818801879883,1,0.9998238682746887
6689,4,4,0.997308611869812,4,0.9999700784683228
6690,3,3,1.0,3,1.0
6691,6,6,0.9999998807907104,6,0.9998569488525391
6692,9,9,0.9971024394035339,9,0.998497486114502
6693,6,6,0.9999980926513672,6,0.9998094439506531
6694,1,1,0.9999476671218872,1,0.9997019171714783
6695,4,4,0.9981887936592102,4,0.9995057582855225
6696,4,4,0.9999990463256836,4,0.9999858140945435
6697,7,7,0.9999916553497314,7,0.9997768998146057
6698,2,2,1.0,2,1.0
6699,4,4,0.9999998807907104,4,0.9999834299087524
6700,4,4,0.9672555327415466,4,0.9898743629455566
6701,0,0,0.9999921321868896,0,0.9999635219573975
6702,1,1,0.9990230798721313,1,0.9941841959953308
6703,2,2,0.9998996257781982,2,0.9844456315040588
6704,3,3,1.0,3,0.9999942779541016
6705,4,4,0.9999998807907104,4,0.9999995231628418
6706,5,5,0.9688350558280945,5,0.9987587928771973
6707,6,6,0.9999988079071045,6,0.9999973773956299
6708,7,7,0.9999665021896362,7,0.9996488094329834
6709,8,8,0.9999545812606812,8,0.9987780451774597
6710,9,9,0.9812677502632141,9,0.9698893427848816
6711,0,0,0.9999947547912598,0,0.9999951124191284
6712,1,1,0.9987233281135559,1,0.9994620680809021
6713,2,2,0.9999992847442627,2,0.9999796152114868
6714,3,3,1.0,3,0.9999988079071045
6715,4,4,1.0,4,0.9999992847442627
6716,5,5,0.9993540644645691,5,0.9996376037597656
6717,6,6,1.0,6,0.9999994039535522
6718,9,9,0.9852720499038696,9,0.992084801197052
6719,0,0,0.9999908208847046,0,0.999998927116394
6720,1,1,0.9984732270240784,1,0.9983577132225037
6721,2,2,0.9977255463600159,2,0.9621862173080444
6722,3,3,0.9999849796295166,3,0.9999687671661377
6723,4,4,1.0,4,0.9999938011169434
6724,7,7,0.999772846698761,7,0.9987075328826904
6725,8,8,0.9990481734275818,8,0.9994581341743469
6726,1,1,0.9984269142150879,1,0.9998984336853027
6727,3,3,1.0,3,1.0
6728,5,5,0.999998927116394,5,0.9999353885650635
6729,1,1,0.9994578957557678,1,0.9995217323303223
6730,7,7,0.9889982342720032,7,0.9952629804611206
6731,7,7,0.9997327923774719,7,0.9966813921928406
6732,2,2,0.9999986886978149,2,0.9999558925628662
6733,1,1,0.9997784495353699,1,0.9998648166656494
6734,4,4,0.9999935626983643,4,0.9999983310699463
6735,8,8,0.999880313873291,8,0.999811589717865
6736,3,3,0.9999992847442627,3,1.0
6737,4,4,1.0,4,0.9999887943267822
6738,4,4,1.0,4,0.9999992847442627
6739,3,3,0.9999991655349731,3,0.9999980926513672
6740,9,0,0.7878268957138062,9,0.7587305307388306
6741,7,7,0.9965278506278992,7,0.9938363432884216
6742,4,4,0.9999998807907104,4,0.9999998807907104
6743,1,1,0.9989375472068787,1,0.9973950386047363
6744,2,2,0.8329949378967285,7,0.7566125988960266
6745,3,3,0.9936985969543457,3,0.9998028874397278
6746,5,5,0.9935808181762695,5,0.9939690828323364
6747,9,9,0.9983748197555542,9,0.9985784292221069
6748,1,1,0.9991391897201538,1,0.9989933371543884
6749,6,6,0.9999767541885376,6,0.9813887476921082
6750,0,0,0.9999998807907104,0,0.9997592568397522
6751,1,1,0.9991071820259094,1,0.9997720122337341
6752,0,0,0.9999914169311523,0,0.9999980926513672
6753,0,0,0.9999983310699463,0,0.9999634027481079
6754,2,2,0.9999936819076538,2,0.9984942674636841
6755,8,9,0.6495218873023987,8,0.9992262125015259
6756,7,7,0.9985288381576538,7,0.9953702092170715
6757,1,1,0.9998825788497925,1,0.9999040365219116
6758,1,1,0.9922429919242859,1,0.9993995428085327
6759,4,4,0.9999984502792358,4,0.999984860420227
6760,0,0,0.999998927116394,0,0.9999798536300659
6761,4,4,0.9999970197677612,4,0.9999982118606567
6762,7,7,0.9778934717178345,7,0.9945847392082214
6763,3,3,0.9999994039535522,3,0.9999970197677612
6764,6,6,0.9999287128448486,6,0.9987409710884094
6765,8,8,0.9968429803848267,8,0.999818742275238
6766,0,0,0.9999878406524658,0,0.999994158744812
6767,3,3,0.9999997615814209,3,0.9999973773956299
6768,7,7,0.9994018077850342,7,0.999617338180542
6769,4,4,0.9999980926513672,4,0.99920254945755
6770,0,0,0.9999995231628418,0,0.9999988079071045
6771,6,6,0.9999898672103882,6,0.9998700618743896
6772,9,9,0.9978740215301514,9,0.9546387195587158
6773,2,2,0.9999415874481201,2,0.9990819692611694
6774,6,6,0.9999970197677612,6,0.9997952580451965
6775,5,5,0.9969413876533508,5,0.9991232752799988
6776,8,8,0.9999996423721313,8,0.999817430973053
6777,6,6,0.9999994039535522,6,0.9985787868499756
6778,9,9,0.9946287274360657,9,0.9944846034049988
6779,0,0,0.9997368454933167,0,0.9999750852584839
6780,4,4,0.9999997615814209,4,0.99998939037323
6781,0,0,0.9999470710754395,0,0.9999405145645142
6782,6,6,0.9999998807907104,6,0.9999740123748779
6783,1,6,0.4800914525985718,1,0.7180407047271729
6784,9,9,0.9989293217658997,9,0.9971394538879395
6785,2,2,0.9999401569366455,2,0.9991111159324646
6786,0,0,0.9999955892562866,0,0.9997254014015198
6787,9,9,0.9960147142410278,9,0.8832509517669678
6788,5,5,0.9944708347320557,5,0.9987801909446716
6789,1,1,0.9999216794967651,1,0.9999548196792603
6790,3,3,0.9999998807907104,3,0.9999992847442627
6791,7,7,0.9986020922660828,7,0.9982213377952576
6792,6,6,0.9999998807907104,6,0.9999969005584717
6793,9,9,0.9961590766906738,9,0.7205821871757507
6794,3,3,0.9999990463256836,3,0.9999997615814209
6795,0,0,0.9999768733978271,0,0.9999762773513794
6796,2,2,0.9154875874519348,2,0.8369206786155701
6797,2,2,0.9999885559082031,2,0.9973015785217285
6798,0,0,1.0,0,0.9999890327453613
6799,1,1,0.9999881982803345,1,0.9946065545082092
6800,2,2,0.9999995231628418,2,0.9998984336853027
6801,3,3,0.9999974966049194,3,0.9999740123748779
6802,4,4,0.9999397993087769,4,1.0
6803,5,5,0.999998927116394,5,0.9999946355819702
6804,6,6,0.9999992847442627,6,0.9999988079071045
6805,7,7,0.9999010562896729,7,0.9927456974983215
6806,8,8,0.9987732768058777,8,0.9989771842956543
6807,9,9,0.9632979035377502,9,0.9958213567733765
6808,0,0,0.9999921321868896,0,0.9989272952079773
6809,1,1,0.9999243021011353,1,0.9759812951087952
6810,2,2,0.9999706745147705,2,0.9997710585594177
6811,3,3,0.9999775886535645,3,0.999900221824646
6812,4,4,0.9999303817749023,4,0.9999737739562988
6813,5,5,0.999997615814209,5,0.9999593496322632
6814,6,6,0.9999998807907104,6,0.9999998807907104
6815,7,7,0.9999998807907104,7,0.9999747276306152
6816,8,8,0.9999847412109375,8,0.9999912977218628
6817,9,9,0.7470070123672485,9,0.9849560856819153
6818,0,0,0.9999700784683228,0,0.998675525188446
6819,1,1,0.9999678134918213,1,0.9928471446037292
6820,2,2,0.9997758269309998,2,0.999933123588562
6821,3,3,1.0,3,0.999985933303833
6822,4,4,1.0,4,1.0
6823,5,5,0.9999819993972778,5,0.9998519420623779
6824,6,6,1.0,6,0.9999996423721313
6825,7,7,0.9999808073043823,7,0.9989299178123474
6826,8,8,1.0,8,0.9999977350234985
6827,9,4,0.5248804092407227,9,0.9873457551002502
6828,2,2,0.9999980926513672,2,0.9999991655349731
6829,1,1,0.9999940395355225,1,0.9925177097320557
6830,7,7,0.9999732971191406,7,0.9983547329902649
6831,2,2,0.9999769926071167,2,0.99983811378479
6832,5,5,0.9999998807907104,5,0.9999830722808838
6833,0,0,0.9999995231628418,0,0.9999983310699463
6834,8,8,1.0,8,0.9999957084655762
6835,0,0,0.9999959468841553,0,0.999998927116394
6836,2,2,0.9999997615814209,2,0.9998893737792969
6837,7,7,0.999998927116394,7,0.9998656511306763
6838,8,8,0.9999946355819702,8,0.9999884366989136
6839,8,8,0.9995713829994202,8,0.9998459815979004
6840,3,3,0.9999709129333496,3,0.9999659061431885
6841,0,0,0.9999874830245972,0,0.9994980096817017
6842,6,6,0.9999994039535522,6,0.9999977350234985
6843,0,0,0.999936580657959,0,0.9989652633666992
6844,2,2,0.9999997615814209,2,0.9999961853027344
6845,7,7,0.9999185800552368,7,0.9991165995597839
6846,6,6,0.9999994039535522,6,0.9999985694885254
6847,6,4,0.8773515224456787,6,0.7549953460693359
6848,1,1,0.999921441078186,1,0.9859079718589783
6849,2,2,0.9995388984680176,2,0.9999321699142456
6850,8,8,1.0,8,0.9999982118606567
6851,8,8,0.9997667670249939,8,0.9960507750511169
6852,7,7,0.9997913241386414,7,0.9946703314781189
6853,7,7,0.9999301433563232,7,0.9998615980148315
6854,4,4,0.9999793767929077,4,0.999990701675415
6855,7,7,1.0,7,0.9999994039535522
6856,7,7,0.9999784231185913,7,0.9960796236991882
6857,3,3,0.999998927116394,3,0.999996542930603
6858,7,7,0.9999964237213135,7,0.999482274055481
6859,4,4,0.999998927116394,4,0.9999942779541016
6860,5,5,0.9999984502792358,5,0.9999985694885254
6861,4,4,1.0,4,0.9999997615814209
6862,3,3,0.9999977350234985,3,0.9999884366989136
6863,3,3,0.9999998807907104,3,0.9999988079071045
6864,8,8,0.9997655749320984,8,0.9999572038650513
6865,4,4,0.9996911287307739,4,0.999998927116394
6866,5,5,0.999998927116394,5,0.999995231628418
6867,4,4,0.996044397354126,4,0.9998503923416138
6868,1,1,0.9996932744979858,1,0.9734266996383667
6869,1,1,0.9999918937683105,1,0.9932847023010254
6870,9,9,0.9350868463516235,9,0.9942519664764404
6871,7,7,0.9999918937683105,7,0.9998588562011719
6872,4,4,0.9999845027923584,4,0.999984860420227
6873,3,3,0.9999899864196777,3,0.9999287128448486
6874,7,7,0.9999954700469971,7,0.999225378036499
6875,3,3,1.0,3,0.9999992847442627
6876,3,3,0.9999997615814209,3,0.9999599456787109
6877,0,0,0.9999997615814209,0,0.999982476234436
6878,2,2,0.9999141693115234,2,0.9999678134918213
6879,5,5,0.9999988079071045,5,0.9999842643737793
6880,5,5,0.9999819993972778,5,0.9999899864196777
6881,6,6,1.0,6,0.9999994039535522
6882,3,3,0.9999997615814209,3,0.9999886751174927
6883,1,1,0.999913215637207,1,0.9498881101608276
6884,5,5,0.9999910593032837,5,0.9999912977218628
6885,2,2,0.9999991655349731,2,0.9999421834945679
6886,5,5,0.9742142558097839,5,0.9970378875732422
6887,9,9,0.9774076342582703,9,0.9941091537475586
6888,9,9,0.9998026490211487,9,0.9967965483665466
6889,8,8,0.999998927116394,8,0.9998656511306763
6890,4,4,0.9999809265136719,4,0.9999973773956299
6891,1,1,0.9999761581420898,1,0.9960362315177917
6892,0,0,0.9999990463256836,0,0.9999352693557739
6893,6,6,0.9999998807907104,6,0.9999619722366333
6894,0,0,0.9996720552444458,0,0.949337899684906
6895,9,9,0.8922394514083862,9,0.9891651272773743
6896,6,6,0.9999995231628418,6,0.9999994039535522
6897,8,8,0.9999970197677612,8,0.9999926090240479
6898,8,8,0.9999326467514038,8,0.9999778270721436
6899,5,5,0.9974786639213562,5,0.9998506307601929
6900,6,6,0.9999825954437256,6,0.9999711513519287
6901,1,1,0.9998462200164795,1,0.9440324306488037
6902,1,1,0.9999700784683228,1,0.9728180170059204
6903,9,9,0.9999921321868896,9,0.9990134239196777
6904,8,8,0.999977707862854,8,0.998407781124115
6905,9,9,0.9933170080184937,9,0.9714807271957397
6906,2,2,0.9248504042625427,2,0.9947763681411743
6907,3,3,1.0,3,1.0
6908,5,5,0.9999998807907104,5,1.0
6909,5,5,0.9999141693115234,5,0.9999897480010986
6910,9,9,0.8676168322563171,9,0.9988409876823425
6911,4,4,0.9999816417694092,4,0.9999997615814209
6912,2,2,0.9997919201850891,2,0.9925674200057983
6913,1,1,0.9999639987945557,1,0.9975488781929016
6914,9,9,0.9574600458145142,9,0.9956188797950745
6915,4,4,0.9999929666519165,4,0.9999973773956299
6916,9,9,0.9900968074798584,9,0.9987537860870361
6917,1,1,0.9999109506607056,1,0.9988846182823181
6918,3,3,0.9999990463256836,3,0.999966025352478
6919,9,9,0.9886383414268494,9,0.9783097505569458
6920,2,2,0.9961330890655518,2,0.99993896484375
6921,0,0,0.9999997615814209,0,0.9999903440475464
6922,6,6,0.9999183416366577,6,0.9993619322776794
6923,0,0,0.9999985694885254,0,0.9997708201408386
6924,4,4,0.9997228980064392,4,0.9997989535331726
6925,0,0,0.999937891960144,0,0.9978967905044556
6926,6,6,0.9049962162971497,6,0.976825475692749
6927,0,0,0.9999984502792358,0,0.9998911619186401
6928,1,1,0.9999017715454102,1,0.9972230195999146
6929,2,2,0.9999918937683105,2,0.999910831451416
6930,3,3,0.9999943971633911,3,0.999970555305481
6931,4,4,0.9999990463256836,4,0.9999700784683228
6932,5,5,1.0,5,0.9999994039535522
6933,6,6,0.9999996423721313,6,0.9999994039535522
6934,7,7,0.999998927116394,7,0.9996215105056763
6935,8,8,0.9999942779541016,8,0.9999996423721313
6936,9,9,0.99724942445755,9,0.9713270664215088
6937,0,0,0.9998569488525391,0,0.9999872446060181
6938,1,1,0.9999016523361206,1,0.9983962178230286
6939,2,2,0.999998927116394,2,0.9995846152305603
6940,3,3,0.9999990463256836,3,0.999903678894043
6941,4,4,0.999990701675415,4,0.9999878406524658
6942,5,5,0.9999929666519165,5,0.9999796152114868
6943,6,6,0.9998047947883606,6,0.9996269941329956
6944,7,7,0.9999995231628418,7,0.999995231628418
6945,8,8,0.8788618445396423,8,0.9990392923355103
6946,9,9,0.9992232322692871,9,0.9993358254432678
6947,0,0,0.9999997615814209,0,0.9999994039535522
6948,1,1,0.9997968077659607,1,0.9968016147613525
6949,2,2,1.0,2,0.999997615814209
6950,3,3,0.9999904632568359,3,0.9999978542327881
6951,4,4,0.9999998807907104,4,0.9999836683273315
6952,5,5,0.999998927116394,5,0.9999821186065674
6953,6,6,0.999993085861206,6,0.9998828172683716
6954,7,7,0.9999723434448242,7,0.9986969828605652
6955,8,8,1.0,8,0.9999984502792358
6956,9,9,0.9946504235267639,9,0.9960020184516907
6957,3,3,0.9999998807907104,3,0.9999957084655762
6958,8,8,0.9999998807907104,8,0.9999986886978149
6959,0,0,0.9999899864196777,0,0.9999791383743286
6960,7,7,0.9999979734420776,7,0.9999282360076904
6961,1,1,0.9999511241912842,1,0.998898983001709
6962,0,0,0.9999595880508423,0,0.9991481304168701
6963,7,7,0.9999985694885254,7,0.9996495246887207
6964,5,5,0.9999850988388062,5,0.9999366998672485
6965,5,5,1.0,5,0.9999771118164062
6966,6,6,0.9999986886978149,6,0.9999847412109375
6967,9,9,0.9928094148635864,9,0.9770927429199219
6968,0,0,0.9990406632423401,0,0.9999567270278931
6969,1,1,0.9995222091674805,1,0.9957700371742249
6970,0,0,0.9973770380020142,0,0.9961563944816589
6971,0,0,0.9999173879623413,0,0.9978808760643005
6972,8,8,1.0,8,0.9999996423721313
6973,3,3,0.9999998807907104,3,0.9999986886978149
6974,4,4,0.9999972581863403,4,0.9997257590293884
6975,3,3,0.999998927116394,3,0.999998927116394
6976,1,1,0.9993416666984558,1,0.9930958151817322
6977,5,5,1.0,5,0.9999945163726807
6978,0,0,0.9999934434890747,0,0.9999032020568848
6979,0,0,0.9999994039535522,0,0.998698353767395
6980,9,9,0.9944148063659668,9,0.9479100704193115
6981,5,5,0.9995743632316589,5,0.9941703081130981
6982,3,3,0.9999992847442627,3,0.9999994039535522
6983,4,4,0.9996466636657715,4,0.9975064396858215
6984,9,9,0.9994854927062988,9,0.9989770650863647
6985,3,3,0.9999998807907104,3,0.9999821186065674
6986,7,7,0.9999973773956299,7,0.9998865127563477
6987,6,6,0.9999982118606567,6,0.9999973773956299
6988,9,9,0.9959084987640381,9,0.9739953279495239
6989,2,2,1.0,2,0.9999992847442627
6990,4,4,0.9967336654663086,4,0.9889817833900452
6991,5,5,1.0,5,0.9999994039535522
6992,7,7,0.9999998807907104,7,0.9999996423721313
6993,2,2,1.0,2,1.0
6994,6,6,0.9999830722808838,6,0.9998917579650879
6995,4,4,0.9999973773956299,4,0.9999915361404419
6996,9,9,0.9865149855613708,9,0.8710968494415283
6997,4,4,0.9942054152488708,4,0.8270509243011475
6998,9,9,0.9713160395622253,9,0.9900541305541992
6999,4,4,0.9979866743087769,4,0.9997830986976624
7000,1,1,0.9985228180885315,1,0.9837709665298462
7001,2,2,0.999695897102356,2,0.9998335838317871
7002,2,2,0.9999788999557495,2,0.9978148937225342
7003,5,5,0.9999914169311523,5,0.9999876022338867
7004,8,8,0.9998505115509033,8,0.999971866607666
7005,1,1,0.9991344809532166,1,0.9889097809791565
7006,3,3,0.9999983310699463,3,0.9999995231628418
7007,2,2,1.0,2,0.9999996423721313
7008,9,9,0.9966275095939636,9,0.9925950169563293
7009,4,4,0.9999997615814209,4,0.9998064637184143
7010,3,3,1.0,3,0.999998927116394
7011,8,8,1.0,8,1.0
7012,2,2,1.0,2,0.9999990463256836
7013,2,2,1.0,2,1.0
7014,1,1,0.9997227787971497,1,0.9941447377204895
7015,2,2,0.9999998807907104,2,0.9999649524688721
7016,8,8,0.9999430179595947,8,0.999996542930603
7017,6,6,0.9999997615814209,6,0.9999628067016602
7018,5,5,0.9999558925628662,5,0.9998672008514404
7019,1,1,0.9999451637268066,1,0.9862470626831055
7020,6,6,0.9999998807907104,6,0.9999920129776001
7021,7,7,0.9994600415229797,7,0.9991599321365356
7022,2,2,1.0,2,0.999946117401123
7023,1,1,0.999890923500061,1,0.9996452331542969
7024,3,3,0.9999998807907104,3,0.999984860420227
7025,9,9,0.9416618347167969,9,0.9606418609619141
7026,3,3,0.9999914169311523,3,0.9999988079071045
7027,8,8,0.9999995231628418,8,0.9999995231628418
7028,7,7,0.9992535710334778,7,0.9980283379554749
7029,5,5,0.9998780488967896,5,0.9999884366989136
7030,7,7,0.9995365142822266,7,0.9990779161453247
7031,0,0,0.9271211624145508,0,0.9816412925720215
7032,7,7,0.9994608759880066,7,0.998869001865387
7033,4,4,0.9800055027008057,4,0.9983866214752197
7034,8,8,0.9999998807907104,8,0.999998927116394
7035,8,8,0.9998762607574463,8,0.9998881816864014
7036,5,5,1.0,5,1.0
7037,0,0,0.9999984502792358,0,0.9999738931655884
7038,6,6,1.0,6,1.0
7039,6,6,0.9999986886978149,6,0.999964714050293
7040,3,3,0.9997262358665466,3,0.9999808073043823
7041,7,7,0.999990701675415,7,0.9999940395355225
7042,6,6,0.9999997615814209,6,0.9999890327453613
7043,9,9,0.992617666721344,9,0.9795136451721191
7044,9,9,0.9982131719589233,9,0.9894612431526184
7045,4,4,0.9999464750289917,4,0.9995299577713013
7046,8,8,0.9999802112579346,8,0.9999873638153076
7047,4,4,0.9999988079071045,4,0.9996545314788818
7048,1,1,0.9990719556808472,1,0.9994157552719116
7049,0,0,0.9952535629272461,0,0.99490886926651
7050,6,6,0.9999985694885254,6,0.999954104423523
7051,6,6,0.9999170303344727,6,0.9765754342079163
7052,0,0,0.9999892711639404,0,0.9999788999557495
7053,1,1,0.999517560005188,1,0.9948398470878601
7054,2,2,0.656705379486084,7,0.7145726084709167
7055,3,3,1.0,3,0.9999713897705078
7056,4,4,0.9999768733978271,4,0.9999980926513672
7057,5,5,1.0,5,0.9999994039535522
7058,6,6,1.0,6,0.9999934434890747
7059,7,7,0.9999315738677979,7,0.9997444748878479
7060,8,8,0.999933123588562,8,0.9998825788497925
7061,9,9,0.9882509112358093,9,0.9160552024841309
7062,0,0,0.999997615814209,0,0.9999836683273315
7063,1,1,0.9998898506164551,1,0.9862083196640015
7064,2,2,0.9999954700469971,2,0.9978644251823425
7065,3,3,1.0,3,0.9999914169311523
7066,4,4,1.0,4,0.9999998807907104
7067,5,5,1.0,5,0.9999946355819702
7068,6,6,0.9999995231628418,6,0.9999635219573975
7069,7,7,0.999997615814209,7,0.9998745918273926
7070,8,8,0.9996022582054138,8,0.9999914169311523
7071,9,9,0.9870826005935669,9,0.9892657995223999
7072,0,0,0.9999649524688721,0,0.9999572038650513
7073,1,1,0.9999819993972778,1,0.9938402771949768
7074,2,2,0.9978237152099609,2,0.8905019760131836
7075,3,3,0.9999996423721313,3,0.9999833106994629
7076,4,4,0.9999997615814209,4,0.9999955892562866
7077,5,5,1.0,5,0.9999996423721313
7078,6,6,0.9999998807907104,6,0.9999998807907104
7079,7,7,0.9999920129776001,7,0.9998226761817932
7080,8,8,0.9999648332595825,8,0.9999953508377075
7081,9,9,0.9946963787078857,9,0.8773756623268127
7082,7,7,0.9999971389770508,7,0.9998906850814819
7083,4,4,0.9999815225601196,4,0.9999644756317139
7084,0,0,0.9999990463256836,0,0.9978306889533997
7085,4,4,0.9999780654907227,4,0.9995912909507751
7086,0,0,0.9999698400497437,0,0.999946117401123
7087,1,1,0.9994614720344543,1,0.9893084764480591
7088,7,7,0.9999995231628418,7,0.999976634979248
7089,9,9,0.9942299127578735,9,0.9704648852348328
7090,5,5,0.9999872446060181,5,0.9999090433120728
7091,1,1,0.9995146989822388,1,0.999854564666748
7092,4,4,1.0,4,0.9999996423721313
7093,2,2,0.9480834007263184,2,0.5486690998077393
7094,8,8,0.9985839128494263,8,0.9989527463912964
7095,9,9,0.991972804069519,9,0.8518503904342651
7096,4,4,1.0,4,1.0
7097,3,3,0.9999982118606567,3,0.9998443126678467
7098,7,7,0.9999493360519409,7,0.9990973472595215
7099,8,8,0.9993385672569275,8,0.9996004700660706
7100,2,2,0.9997335076332092,2,0.9919058084487915
7101,4,4,0.999994158744812,4,0.9999901056289673
7102,4,4,0.9987741112709045,4,0.9946229457855225
7103,3,3,1.0,3,0.9999964237213135
7104,3,3,1.0,3,0.9999399185180664
7105,6,6,1.0,6,0.9999974966049194
7106,9,9,0.8448865413665771,9,0.9248268604278564
7107,9,9,0.939186692237854,9,0.8882519602775574
7108,5,5,0.9999992847442627,5,0.9999892711639404
7109,8,8,0.9999990463256836,8,0.9998946189880371
7110,6,6,0.9999996423721313,6,0.9999778270721436
7111,7,7,0.9998456239700317,7,0.9998279809951782
7112,0,0,0.9999982118606567,0,0.9999830722808838
7113,6,6,1.0,6,0.999997615814209
7114,8,8,1.0,8,0.9999996423721313
7115,2,2,0.9997097849845886,2,0.9638003706932068
7116,6,6,1.0,6,0.9999997615814209
7117,3,3,1.0,3,0.9999997615814209
7118,9,9,0.9982293248176575,9,0.9864075183868408
7119,3,3,1.0,3,0.999996542930603
7120,2,2,0.9998028874397278,2,0.99754399061203
7121,8,8,0.9942923784255981,8,0.9960825443267822
7122,6,6,0.9999977350234985,6,0.9999532699584961
7123,1,1,0.9998296499252319,1,0.9931567311286926
7124,7,7,0.9999562501907349,7,0.9995057582855225
7125,4,4,1.0,4,0.9999946355819702
7126,8,8,0.999998927116394,8,0.9999971389770508
7127,8,8,0.9999752044677734,8,0.9999970197677612
7128,9,9,0.9843698740005493,9,0.9549223780632019
7129,0,0,0.9999938011169434,0,0.9995079040527344
7130,3,3,1.0,3,0.9999979734420776
7131,3,3,1.0,3,0.9999998807907104
7132,9,9,0.9994667172431946,9,0.9728845953941345
7133,0,0,0.9999916553497314,0,0.9996274709701538
7134,5,5,1.0,5,0.9999969005584717
7135,2,2,0.999588668346405,2,0.9250866174697876
7136,9,9,0.9937544465065002,9,0.9691466689109802
7137,4,4,0.9999988079071045,4,0.9999723434448242
7138,1,1,0.9916539192199707,1,0.9995220899581909
7139,0,0,0.9999687671661377,0,0.9999408721923828
7140,3,3,0.9999982118606567,3,0.9999886751174927
7141,7,7,0.9999946355819702,7,0.9999228715896606
7142,5,5,1.0,5,0.999997615814209
7143,8,8,0.9998551607131958,8,0.9999960660934448
7144,7,7,0.9999997615814209,7,0.9999814033508301
7145,7,7,0.99998939037323,7,0.9999713897705078
7146,8,8,0.9998959302902222,8,0.9999665021896362
7147,2,2,0.9999994039535522,2,0.9993669390678406
7148,9,9,0.8729021549224854,9,0.9913911819458008
7149,7,7,0.9999698400497437,7,0.9996088147163391
7150,1,1,0.9963207244873047,1,0.9996868371963501
7151,2,2,0.999610960483551,2,0.9952459931373596
7152,6,6,1.0,6,0.9999998807907104
7153,4,4,0.9999958276748657,4,0.9999698400497437
7154,2,2,0.859398365020752,2,0.980932354927063
7155,5,5,1.0,5,0.999998927116394
7156,2,2,0.9994803071022034,2,0.9932873845100403
7157,3,3,1.0,3,0.999931812286377
7158,6,6,0.9999909400939941,6,0.9998674392700195
7159,6,6,0.9999972581863403,6,0.9999964237213135
7160,5,5,1.0,5,0.9999961853027344
7161,0,0,0.9999773502349854,0,0.9998987913131714
7162,0,0,0.9999816417694092,0,0.9955828785896301
7163,2,2,0.9999973773956299,2,0.9465516805648804
7164,8,8,0.9999998807907104,8,0.9999969005584717
7165,1,1,0.9991834759712219,1,0.9999474287033081
7166,6,6,0.9999997615814209,6,0.9999974966049194
7167,1,1,0.9987724423408508,1,0.9948480129241943
7168,0,0,0.9998973608016968,0,0.999987006187439
7169,4,4,0.999997615814209,4,0.999996542930603
7170,3,3,1.0,3,0.9999918937683105
7171,1,1,0.9987804293632507,1,0.9980760812759399
7172,6,6,1.0,6,0.9999798536300659
7173,1,1,0.9992194175720215,1,0.9996269941329956
7174,9,9,0.9428411722183228,9,0.9510853290557861
7175,0,0,1.0,0,0.9999889135360718
7176,1,1,0.9998732805252075,1,0.9847294688224792
7177,4,4,0.9999731779098511,4,0.9892561435699463
7178,5,5,0.9992039799690247,5,0.999890923500061
7179,6,6,0.9998769760131836,6,0.9999021291732788
7180,7,7,0.9999967813491821,7,0.9998418092727661
7181,8,8,0.9965167045593262,8,0.9844616055488586
7182,9,9,0.9725306630134583,9,0.9984682202339172
7183,1,1,0.9974937438964844,1,0.9072636961936951
7184,2,2,1.0,2,0.9999998807907104
7185,3,3,0.9999998807907104,3,0.9999926090240479
7186,4,4,0.9999334812164307,4,0.9990621209144592
7187,5,5,0.9999946355819702,5,0.9999336004257202
7188,6,6,1.0,6,0.9999970197677612
7189,7,7,0.9998602867126465,7,0.9987309575080872
7190,0,0,0.9999992847442627,0,0.9902815818786621
7191,1,1,0.9971709847450256,1,0.9997487664222717
7192,2,2,1.0,2,0.9999990463256836
7193,3,3,0.9999916553497314,3,0.999997615814209
7194,4,4,1.0,4,0.9999346733093262
7195,5,5,0.9940698146820068,5,0.9567902684211731
7196,6,6,0.9999997615814209,6,0.9999877214431763
7197,7,7,0.9999830722808838,7,0.9999973773956299
7198,8,8,0.9998775720596313,8,0.9995984435081482
7199,9,9,0.999567449092865,9,0.9980980753898621
7200,8,8,0.9999473094940186,8,0.9995118379592896
7201,4,4,0.9999998807907104,4,0.999967098236084
7202,0,0,0.999998927116394,0,0.999993085861206
7203,0,0,0.9999967813491821,0,0.9999994039535522
7204,7,7,0.9999713897705078,7,0.999910831451416
7205,2,2,0.999962329864502,2,0.9999719858169556
7206,4,4,1.0,4,0.9999998807907104
7207,3,3,1.0,3,0.9999985694885254
7208,8,8,0.9954598546028137,8,0.9823838472366333
7209,6,6,0.9995409250259399,6,0.9994181394577026
7210,6,6,0.9973623156547546,6,0.9983545541763306
7211,3,3,0.9999992847442627,3,0.9999885559082031
7212,2,2,0.9996896982192993,2,0.9707759618759155
7213,6,6,0.9999933242797852,6,0.9999955892562866
7214,3,3,1.0,3,1.0
7215,3,3,0.9999688863754272,3,0.9999991655349731
7216,0,0,0.9989462494850159,0,0.9312341809272766
7217,1,1,0.9930127263069153,1,0.9997736811637878
7218,4,4,0.9999997615814209,4,0.9999957084655762
7219,7,7,0.999993085861206,7,0.9998698234558105
7220,8,8,0.8168092370033264,8,0.9995204210281372
7221,0,0,0.9999183416366577,0,0.999995231628418
7222,3,3,1.0,3,1.0
7223,1,1,0.99138343334198,1,0.9988381266593933
7224,9,9,0.9936738014221191,9,0.9998455047607422
7225,0,0,0.9997015595436096,0,0.9999943971633911
7226,1,1,0.9944867491722107,1,0.999671459197998
7227,9,9,0.9896242022514343,9,0.9969260096549988
7228,1,1,0.9945570230484009,1,0.9987170696258545
7229,2,2,0.9999986886978149,2,0.999961256980896
7230,7,7,0.9999315738677979,7,0.999518632888794
7231,0,0,0.9999593496322632,0,0.9999703168869019
7232,1,1,0.9950116872787476,1,0.9774948954582214
7233,3,3,0.9942303895950317,3,0.9728209972381592
7234,8,8,0.9999786615371704,8,0.9999209642410278
7235,2,2,0.9999794960021973,2,0.9990851879119873
7236,9,9,0.99933260679245,9,0.9993640780448914
7237,2,2,0.9999995231628418,2,0.9999954700469971
7238,7,7,0.9968030452728271,7,0.9931405186653137
7239,6,6,0.9999983310699463,6,0.9999229907989502
7240,5,5,0.5879802107810974,5,0.9819875359535217
7241,5,5,0.9954593777656555,5,0.99643874168396
7242,9,9,0.9978371262550354,9,0.9992200136184692
7243,9,9,0.9982884526252747,9,0.999460756778717
7244,8,8,0.9999949932098389,8,0.9999953508377075
7245,2,2,0.9999982118606567,2,0.9999961853027344
7246,9,9,0.9989557266235352,9,0.9997150301933289
7247,1,1,0.9995063543319702,1,0.9993159770965576
7248,3,3,0.999896764755249,3,0.9996188879013062
7249,2,2,0.9974269270896912,2,0.9984146356582642
7250,3,3,1.0,3,0.9999998807907104
7251,4,4,1.0,4,0.9999996423721313
7252,3,3,0.999983549118042,3,0.9999984502792358
7253,1,1,0.9880213141441345,1,0.9995050430297852
7254,9,9,0.9999340772628784,9,0.9998536109924316
7255,0,0,0.9999350309371948,0,0.9999756813049316
7256,9,9,0.9955812096595764,9,0.9997273087501526
7257,3,3,0.9999834299087524,3,0.9999988079071045
7258,6,6,0.9988264441490173,6,0.9989392161369324
7259,8,8,0.9998021721839905,8,0.9941762685775757
7260,7,7,0.9999961853027344,7,0.9999669790267944
7261,0,0,0.9996680021286011,0,0.999645471572876
7262,1,1,0.9999927282333374,1,0.9999196529388428
7263,0,0,0.999381422996521,0,0.9988977909088135
7264,5,5,0.9999994039535522,5,0.9999926090240479
7265,8,8,0.998668909072876,8,0.9998083710670471
7266,2,2,1.0,2,0.9999972581863403
7267,7,7,0.9999980926513672,7,0.999985933303833
7268,7,7,0.9218649864196777,7,0.78704434633255
7269,0,0,0.9999949932098389,0,0.9991803765296936
7270,1,1,0.9999948740005493,1,0.9964711666107178
7271,2,2,0.9999998807907104,2,0.9999154806137085
7272,3,3,0.9999005794525146,3,0.9966772794723511
7273,4,4,0.9999998807907104,4,0.9999171495437622
7274,5,5,0.9999997615814209,5,0.9998981952667236
7275,6,6,0.9999905824661255,6,0.9999963045120239
7276,7,7,0.999874472618103,7,0.9998718500137329
7277,8,8,0.9998791217803955,8,0.9992280006408691
7278,9,9,0.9777112603187561,9,0.9824935793876648
7279,0,0,0.9998534917831421,0,0.9994543194770813
7280,1,1,0.9999207258224487,1,0.9889151453971863
7281,2,2,1.0,2,0.9999822378158569
7282,3,3,0.9999985694885254,3,0.9999094009399414
7283,4,4,0.9999990463256836,4,0.9999682903289795
7284,5,5,0.9999827146530151,5,0.9999383687973022
7285,6,6,0.999996542930603,6,0.9998962879180908
7286,7,7,0.9999986886978149,7,0.9997792840003967
7287,8,8,0.9999904632568359,8,0.9998390674591064
7288,9,9,0.9987719655036926,9,0.9642924070358276
7289,0,0,0.9999967813491821,0,0.999988317489624
7290,1,1,0.9999306201934814,1,0.9924271106719971
7291,2,2,0.9999996423721313,2,0.999935507774353
7292,3,3,0.9999916553497314,3,0.9999780654907227
7293,4,4,0.9994654059410095,4,0.999958872795105
7294,5,5,0.9999744892120361,5,0.998710036277771
7295,6,6,0.9999998807907104,6,0.999993085861206
7296,7,7,0.9999988079071045,7,0.9995098114013672
7297,8,8,0.9999998807907104,8,0.9999394416809082
7298,9,9,0.9985178112983704,9,0.9756199717521667
7299,1,1,0.9999157190322876,1,0.9965686798095703
7300,7,7,0.9999791383743286,7,0.9981027245521545
7301,4,4,0.9999896287918091,4,0.9993305206298828
7302,8,8,0.9999980926513672,8,0.9999945163726807
7303,1,1,0.9998461008071899,1,0.9669831395149231
7304,5,5,0.9998782873153687,5,0.9995967745780945
7305,6,6,1.0,6,0.9999997615814209
7306,5,5,0.9999995231628418,5,0.9997255206108093
7307,7,7,0.9997100234031677,7,0.9986642599105835
7308,2,2,1.0,2,0.9999946355819702
7309,8,8,0.9999995231628418,8,0.999743640422821
7310,6,6,0.9997944235801697,6,0.9995997548103333
7311,3,3,0.9999996423721313,3,0.999957799911499
7312,3,3,1.0,3,0.9999938011169434
7313,8,8,1.0,8,0.9999997615814209
7314,6,6,0.9999998807907104,6,0.9999533891677856
7315,5,5,0.9999755620956421,5,0.9988479614257812
7316,4,4,0.9999980926513672,4,0.9998242259025574
7317,0,0,0.9999885559082031,0,0.998308539390564
7318,9,9,0.9998687505722046,9,0.9968340992927551
7319,1,1,0.9998350143432617,1,0.9607187509536743
7320,7,7,0.9999926090240479,7,0.998914361000061
7321,2,2,0.9999998807907104,2,0.9999269247055054
7322,9,9,0.9990910291671753,9,0.9975008368492126
7323,1,1,0.9999630451202393,1,0.9659044742584229
7324,5,5,0.9999880790710449,5,0.9995957016944885
7325,1,1,0.9996178150177002,1,0.9796890616416931
7326,3,3,1.0,3,0.9999940395355225
7327,2,2,0.9999977350234985,2,0.9974794983863831
7328,2,2,1.0,2,0.9998996257781982
7329,3,3,0.9999998807907104,3,0.9999924898147583
7330,0,0,0.9999899864196777,0,0.9999489784240723
7331,6,6,0.9999971389770508,6,0.9999808073043823
7332,4,4,0.9999668598175049,4,0.9986175298690796
7333,3,3,0.9998805522918701,3,0.9947799444198608
7334,7,7,0.9999812841415405,7,0.9998810291290283
7335,6,6,0.9994041919708252,6,0.9967421889305115
7336,9,9,0.9993878602981567,9,0.9939870834350586
7337,0,0,0.9232308268547058,0,0.8688138723373413
7338,4,4,0.9765422344207764,4,0.9982312321662903
7339,8,8,0.9999935626983643,8,0.9985830783843994
7340,1,1,0.9999644756317139,1,0.9954311847686768
7341,4,4,0.9999997615814209,4,0.9997401833534241
7342,0,0,0.9999866485595703,0,0.9992936849594116
7343,6,6,0.9999921321868896,6,0.9999810457229614
7344,1,1,0.9999082088470459,1,0.9987217783927917
7345,2,2,0.9977243542671204,2,0.8714280724525452
7346,6,6,1.0,6,0.9999995231628418
7347,9,9,0.9998205304145813,9,0.9984027743339539
7348,2,2,0.9999903440475464,2,0.9988358616828918
7349,2,2,0.999977707862854,2,0.9994692206382751
7350,3,3,0.9999793767929077,3,0.9997603297233582
7351,5,5,0.9999995231628418,5,0.9999097585678101
7352,5,5,0.9999946355819702,5,0.9997065663337708
7353,1,1,0.9997099041938782,1,0.9934120774269104
7354,0,0,0.9999850988388062,0,0.9792779088020325
7355,7,7,0.9999994039535522,7,0.9999192953109741
7356,7,7,0.999990701675415,7,0.9991118311882019
7357,9,9,0.9995597004890442,9,0.9991114735603333
7358,6,6,0.9999997615814209,6,0.9999996423721313
7359,2,2,0.9999842643737793,2,0.9995273351669312
7360,9,9,0.9999886751174927,9,0.998960018157959
7361,4,4,0.9999830722808838,4,0.9944679737091064
7362,7,7,0.9999984502792358,7,0.9999675750732422
7363,0,0,0.9999997615814209,0,0.9996963739395142
7364,2,2,0.9999970197677612,2,0.9974220991134644
7365,3,3,1.0,3,0.9999983310699463
7366,4,4,0.9999997615814209,4,0.9999617338180542
7367,0,0,0.9999998807907104,0,0.999175488948822
7368,0,0,0.9999719858169556,0,0.9978945851325989
7369,8,8,1.0,8,0.9998076558113098
7370,8,8,0.9999626874923706,8,0.9994943141937256
7371,8,8,0.9999997615814209,8,0.9999864101409912
7372,5,5,0.999954342842102,5,0.9998090863227844
7373,1,1,0.9995347261428833,1,0.9786623120307922
7374,3,3,0.9999996423721313,3,0.9999892711639404
7375,7,7,0.9999995231628418,7,0.9998737573623657
7376,4,4,0.9999992847442627,4,0.9999114274978638
7377,9,9,0.9998102784156799,9,0.9968938827514648
7378,8,8,0.9999996423721313,8,0.999754011631012
7379,8,8,0.9999325275421143,8,0.992771327495575
7380,9,9,0.9883850812911987,9,0.9370983242988586
7381,0,0,0.9991317391395569,0,0.9515504240989685
7382,9,9,0.9986274242401123,9,0.9389214515686035
7383,8,8,1.0,8,0.9999949932098389
7384,9,9,0.9910534024238586,9,0.9255028367042542
7385,0,0,0.9999872446060181,0,0.9999971389770508
7386,2,2,0.9999998807907104,2,0.9971987009048462
7387,6,6,0.999976396560669,6,0.9995434880256653
7388,5,5,0.9997733235359192,5,0.9955601692199707
7389,6,6,0.9999539852142334,6,0.9999507665634155
7390,7,7,0.9999896287918091,7,0.9942732453346252
7391,4,4,0.9999803304672241,4,0.9989444613456726
7392,7,7,0.9998695850372314,7,0.9993714690208435
7393,5,5,0.9999923706054688,5,0.9999916553497314
7394,4,4,0.997564435005188,4,0.9997566342353821
7395,1,1,0.9912721514701843,1,0.9976856708526611
7396,3,3,0.999998927116394,3,0.9999954700469971
7397,5,5,0.9999998807907104,5,0.9998664855957031
7398,3,3,0.9999938011169434,3,0.9999992847442627
7399,1,1,0.9977446794509888,1,0.9998496770858765
7400,2,2,0.9992935657501221,2,0.9224779009819031
7401,3,3,0.9991757273674011,3,0.9999639987945557
7402,4,4,0.9915494918823242,4,0.9984034895896912
7403,5,5,0.9845045804977417,5,0.9916958212852478
7404,6,6,0.9338288903236389,6,0.9725304245948792
7405,1,1,0.9999301433563232,1,0.999758780002594
7406,2,2,0.9999865293502808,2,0.9998935461044312
7407,3,3,0.9999982118606567,3,0.9999896287918091
7408,4,4,0.9999722242355347,4,0.9980138540267944
7409,6,6,1.0,6,0.9999936819076538
7410,0,0,0.9999997615814209,0,0.9995482563972473
7411,1,1,0.9994660019874573,1,0.9998151659965515
7412,2,2,1.0,2,0.9999877214431763
7413,4,4,0.994925856590271,4,0.9867827892303467
7414,5,5,1.0,5,0.999998927116394
7415,6,6,0.9999997615814209,6,0.9998983144760132
7416,7,7,0.9999551773071289,7,0.9997381567955017
7417,8,8,0.9999895095825195,8,0.9999328851699829
7418,1,1,0.9997108578681946,1,0.9998434782028198
7419,7,7,0.9990826845169067,7,0.9967293739318848
7420,2,2,0.9901492595672607,2,0.9995356798171997
7421,4,4,0.9999923706054688,4,0.9999862909317017
7422,1,1,0.999992847442627,1,0.9999603033065796
7423,4,4,0.9986993074417114,4,0.9940827488899231
7424,1,1,0.9997404217720032,1,0.9992008805274963
7425,4,4,0.9999929666519165,4,0.9998581409454346
7426,9,9,0.9758161902427673,9,0.6165785789489746
7427,6,6,0.9965601563453674,6,0.9995026588439941
7428,8,8,0.9999997615814209,8,0.9999992847442627
7429,4,4,1.0,4,0.9999945163726807
7430,5,5,0.9619703888893127,5,0.9811260104179382
7431,3,3,0.999996542930603,3,0.9999896287918091
7432,7,7,0.9950934648513794,7,0.9695284962654114
7433,8,8,0.9982882142066956,8,0.9980545043945312
7434,4,4,0.971653163433075,4,0.8273018002510071
7435,3,3,1.0,3,0.9999980926513672
7436,3,3,1.0,3,0.9999970197677612
7437,5,5,0.9997715353965759,5,0.9999773502349854
7438,6,6,0.9999920129776001,6,0.9996283054351807
7439,7,7,0.9998062252998352,7,0.9990764856338501
7440,0,0,0.999929666519165,0,0.9997172951698303
7441,6,6,0.929948091506958,6,0.8856261968612671
7442,1,1,0.9988634586334229,1,0.9998706579208374
7443,6,6,0.9999277591705322,6,0.9976748824119568
7444,8,8,0.9803028106689453,8,0.9932442307472229
7445,7,7,0.9965721368789673,7,0.9921820759773254
7446,0,0,0.9996015429496765,0,0.9983788728713989
7447,1,1,0.999937891960144,1,0.9998806715011597
7448,5,5,0.9999454021453857,5,0.9999382495880127
7449,0,0,0.9999899864196777,0,0.9999322891235352
7450,8,8,0.9999957084655762,8,0.9994300007820129
7451,5,5,0.9006291031837463,5,0.978937566280365
7452,0,0,0.9999924898147583,0,0.9999779462814331
7453,1,1,0.9984513521194458,1,0.9982319474220276
7454,5,5,0.9986639022827148,5,0.9995891451835632
7455,8,8,0.9999803304672241,8,0.9998700618743896
7456,4,4,0.9999951124191284,4,0.9999723434448242
7457,2,2,0.8961966037750244,2,0.998981773853302
7458,3,3,0.9999923706054688,3,0.9999980926513672
7459,9,9,0.9921190738677979,9,0.9649813771247864
7460,7,7,0.9999421834945679,7,0.9981117248535156
7461,6,6,0.999956488609314,6,0.9986514449119568
7462,9,9,0.999515175819397,9,0.9993048906326294
7463,1,1,0.9993652701377869,1,0.999701201915741
7464,9,9,0.9999126195907593,9,0.9963836669921875
7465,0,0,0.9999635219573975,0,0.9999375343322754
7466,6,6,0.9999955892562866,6,0.9997432827949524
7467,7,7,0.9999995231628418,7,0.9999592304229736
7468,1,1,0.9999985694885254,1,0.9999754428863525
7469,2,2,0.9999995231628418,2,0.9999961853027344
7470,3,3,1.0,3,0.9999988079071045
7471,9,9,0.9998770952224731,9,0.992223858833313
7472,2,2,0.9998893737792969,2,0.8793131709098816
7473,4,4,0.8914817571640015,4,0.9963640570640564
7474,5,5,0.9982176423072815,5,0.999769389629364
7475,5,5,0.9999996423721313,5,0.999994158744812
7476,3,3,0.9999446868896484,3,0.9999260902404785
7477,7,7,0.9999629259109497,7,0.9996896982192993
7478,5,5,0.9999977350234985,5,0.9999493360519409
7479,3,3,0.9990724325180054,3,0.9999562501907349
7480,1,1,0.9998670816421509,1,0.9988105297088623
7481,8,8,0.9982863068580627,8,0.9995105266571045
7482,2,2,0.9924679398536682,2,0.9922722578048706
7483,2,2,0.9987818598747253,2,0.9685405492782593
7484,3,3,1.0,3,0.9999973773956299
7485,0,0,0.9995738863945007,0,0.9989985823631287
7486,2,2,0.9529553651809692,2,0.9978298544883728
7487,9,9,0.9995352029800415,9,0.992453396320343
7488,4,4,0.9999982118606567,4,0.9999417066574097
7489,9,9,0.9996950626373291,9,0.9970322847366333
7490,7,7,0.9998307228088379,7,0.9963879585266113
7491,0,0,0.9998756647109985,0,0.9995977282524109
7492,2,2,0.8863357901573181,7,0.7533031702041626
7493,7,7,0.9998542070388794,7,0.9978209733963013
7494,4,4,0.9999679327011108,4,0.9986147880554199
7495,9,9,0.9962343573570251,9,0.9954113364219666
7496,9,9,0.9960789084434509,9,0.984671413898468
7497,2,2,0.9999009370803833,2,0.99529629945755
7498,5,5,0.9966338276863098,5,0.9994723200798035
7499,9,9,0.9944095015525818,9,0.993021547794342
7500,8,8,0.9999983310699463,8,0.999976396560669
7501,3,3,0.9999988079071045,3,0.9999997615814209
7502,8,8,0.9999469518661499,8,0.9999089241027832
7503,6,6,0.9999994039535522,6,0.9999465942382812
7504,7,7,0.9998528957366943,7,0.9990880489349365
7505,0,0,0.9979397654533386,0,0.9998886585235596
7506,0,0,0.9999994039535522,0,0.9997676014900208
7507,1,1,0.9910647869110107,1,0.9961611032485962
7508,2,2,0.9999988079071045,2,0.9999979734420776
7509,3,3,0.9987385869026184,3,0.9999833106994629
7510,4,4,0.9997921586036682,4,0.9996646642684937
7511,5,5,0.9986646175384521,5,0.9998189806938171
7512,6,6,0.9999998807907104,6,0.9999966621398926
7513,7,7,0.9999411106109619,7,0.9993832111358643
7514,8,8,0.9923805594444275,8,0.9998387098312378
7515,9,9,0.9982705116271973,9,0.977257251739502
7516,0,0,0.9999748468399048,0,0.9999959468841553
7517,1,1,0.9998437166213989,1,0.9998611211776733
7518,2,2,0.9999856948852539,2,0.9997969269752502
7519,3,3,0.9996885061264038,3,0.999987006187439
7520,4,4,0.9999978542327881,4,0.9680712223052979
7521,5,5,0.9998319149017334,5,0.9998984336853027
7522,6,6,0.9999990463256836,6,0.9998735189437866
7523,7,7,0.9999183416366577,7,0.994904637336731
7524,8,8,0.9976462721824646,8,0.9996614456176758
7525,9,9,0.996780514717102,9,0.9986985921859741
7526,0,0,0.9999873638153076,0,0.9999439716339111
7527,1,1,0.9998569488525391,1,0.9960746765136719
7528,2,2,0.9999990463256836,2,0.9995275735855103
7529,3,3,0.9954066276550293,3,0.9994766116142273
7530,4,4,0.9924472570419312,4,0.9995749592781067
7531,5,5,0.9821065664291382,5,0.9998583793640137
7532,6,6,0.9999915361404419,6,0.999994158744812
7533,7,7,0.9999804496765137,7,0.9995635151863098
7534,8,8,0.9997709393501282,8,0.9996030926704407
7535,9,9,0.9978927969932556,9,0.993372917175293
7536,0,0,0.9998500347137451,0,0.9992756247520447
7537,0,0,0.9997580647468567,0,0.9999966621398926
7538,7,7,0.9985790252685547,7,0.993587851524353
7539,2,2,0.9692174196243286,2,0.9967373013496399
7540,6,6,0.9999986886978149,6,0.9999721050262451
7541,5,5,0.9362471699714661,5,0.999091386795044
7542,5,5,0.9969538450241089,5,0.9996007084846497
7543,3,3,0.999997615814209,3,0.9999997615814209
7544,7,7,0.9999570846557617,7,0.9978929162025452
7545,8,8,0.9953991770744324,8,0.9995074272155762
7546,6,6,0.9999775886535645,6,0.999996542930603
7547,6,6,0.9999823570251465,6,0.9999995231628418
7548,6,6,0.9999967813491821,6,0.9999972581863403
7549,6,6,0.9999698400497437,6,0.9998785257339478
7550,4,4,0.9997531771659851,4,0.9998464584350586
7551,3,3,0.9990897178649902,3,0.9998306035995483
7552,8,8,0.9913142323493958,8,0.9993749260902405
7553,8,8,0.9998559951782227,8,0.999446451663971
7554,3,3,0.9999165534973145,3,0.9999161958694458
7555,0,0,0.9999982118606567,0,0.999942421913147
7556,1,1,0.8723577857017517,1,0.9383233785629272
7557,9,9,0.9990849494934082,9,0.9994102716445923
7558,0,0,0.999972939491272,0,0.9985161423683167
7559,5,5,1.0,5,0.9999971389770508
7560,4,4,0.982348620891571,4,0.9988239407539368
7561,1,1,0.9988055229187012,1,0.9984651803970337
7562,9,9,0.9963096976280212,9,0.9833885431289673
7563,1,1,0.9998288154602051,1,0.9998553991317749
7564,2,2,0.9999942779541016,2,0.9986255168914795
7565,7,7,0.8950783610343933,7,0.9565348625183105
7566,0,0,0.999945878982544,0,0.9999814033508301
7567,1,1,0.9981518387794495,1,0.9998588562011719
7568,3,3,0.9999938011169434,3,0.9999911785125732
7569,8,8,0.9982911944389343,8,0.992490828037262
7570,2,2,0.9999992847442627,2,0.9950538873672485
7571,9,9,0.9936867356300354,9,0.9512494206428528
7572,2,2,0.9999911785125732,2,0.9962361454963684
7573,7,7,0.999427318572998,7,0.9986032843589783
7574,4,4,0.5739076733589172,4,0.9718359708786011
7575,2,2,0.9999880790710449,2,0.9975304007530212
7576,6,6,1.0,6,0.9999760389328003
7577,5,5,0.9998142123222351,5,0.9999836683273315
7578,5,5,0.9994943141937256,5,0.9999909400939941
7579,9,9,0.998176097869873,9,0.9938642978668213
7580,9,9,0.9780086278915405,9,0.9719300866127014
7581,1,1,0.9999562501907349,1,0.9999333620071411
7582,1,1,0.9990346431732178,1,0.9999176263809204
7583,5,5,0.9990782737731934,5,0.9996064305305481
7584,7,7,0.997340738773346,7,0.9881733059883118
7585,6,6,0.9999215602874756,6,0.9999977350234985
7586,8,8,0.9999421834945679,8,0.9947468638420105
7587,2,2,0.9997705817222595,2,0.9999290704727173
7588,9,9,0.9987654685974121,9,0.994125485420227
7589,4,4,0.9928584098815918,4,0.995288610458374
7590,3,3,0.9999970197677612,3,0.9999996423721313
7591,1,1,0.9998083710670471,1,0.9960470795631409
7592,9,9,0.9982690811157227,9,0.9959291815757751
7593,0,0,0.9999822378158569,0,0.9999974966049194
7594,9,9,0.9938032627105713,9,0.9944067001342773
7595,3,3,0.9999264478683472,3,0.9999797344207764
7596,6,6,0.9999942779541016,6,0.9999655485153198
7597,8,8,0.9991413354873657,8,0.9988744854927063
7598,7,7,0.9999998807907104,7,0.9999333620071411
7599,0,0,0.9999558925628662,0,0.9996713399887085
7600,1,1,0.9995895028114319,1,0.9997804760932922
7601,0,0,0.9999771118164062,0,0.9998846054077148
7602,5,5,0.9999995231628418,5,0.9999997615814209
7603,8,8,0.9975631237030029,8,0.9993727803230286
7604,2,2,0.9999366998672485,2,0.9998784065246582
7605,7,7,0.9990085959434509,7,0.9886166453361511
7606,7,7,0.9520381689071655,7,0.9609816670417786
7607,0,0,1.0,0,0.999994158744812
7608,1,1,0.9995905756950378,1,0.9939928650856018
7609,2,2,1.0,2,0.9954608082771301
7610,3,3,0.9999994039535522,3,0.99992835521698
7611,4,4,0.9999998807907104,4,0.9999988079071045
7612,5,5,0.9999778270721436,5,0.9997425675392151
7613,6,6,0.9999949932098389,6,0.9999845027923584
7614,7,7,1.0,7,0.9999963045120239
7615,8,8,0.9999998807907104,8,0.9999971389770508
7616,9,9,0.9942823648452759,9,0.9953174591064453
7617,0,0,0.9999995231628418,0,0.9999994039535522
7618,1,1,0.999995231628418,1,0.9979751706123352
7619,2,2,0.9998462200164795,2,0.9898271560668945
7620,3,3,0.9999977350234985,3,0.9998306035995483
7621,4,4,0.9999998807907104,4,0.9999998807907104
7622,5,5,0.9999949932098389,5,0.9999866485595703
7623,8,8,1.0,8,1.0
7624,9,9,0.9968492388725281,9,0.9996622800827026
7625,0,0,0.9999994039535522,0,0.9999890327453613
7626,1,1,0.9999749660491943,1,0.9482743144035339
7627,2,2,0.9999924898147583,2,0.9969486594200134
7628,3,3,1.0,3,0.9999985694885254
7629,4,4,0.9999997615814209,4,1.0
7630,5,5,0.9955998659133911,5,0.9986660480499268
7631,6,6,0.9999990463256836,6,0.9998127818107605
7632,7,7,0.9999998807907104,7,0.9998856782913208
7633,8,8,0.9999998807907104,8,0.9999955892562866
7634,9,9,0.9713914394378662,9,0.8010866641998291
7635,2,2,0.9999998807907104,2,0.9999145269393921
7636,1,1,0.9998052716255188,1,0.9585666060447693
7637,2,2,0.9997437596321106,2,0.9600808024406433
7638,1,1,0.9999915361404419,1,0.9951220154762268
7639,3,3,0.9999871253967285,3,0.9999979734420776
7640,9,9,0.9611184000968933,9,0.9951643943786621
7641,9,9,0.7496568560600281,9,0.9947543144226074
7642,8,8,0.9999996423721313,8,0.9999933242797852
7643,5,5,0.9999243021011353,5,0.9998451471328735
7644,3,3,0.9999885559082031,3,0.9999943971633911
7645,7,7,0.9999998807907104,7,0.9999922513961792
7646,0,0,0.9999607801437378,0,0.9999645948410034
7647,7,7,0.9999998807907104,7,0.9999778270721436
7648,7,7,0.9999945163726807,7,0.9999722242355347
7649,5,5,0.9998902082443237,5,0.9995970129966736
7650,7,7,0.9999641180038452,7,0.9983616471290588
7651,9,9,0.9424527287483215,9,0.9848423004150391
7652,9,9,0.9808835387229919,9,0.98435378074646
7653,4,4,1.0,4,0.9999983310699463
7654,7,7,0.9999992847442627,7,0.9997931122779846
7655,0,0,0.9999998807907104,0,0.9999988079071045
7656,3,3,0.9999879598617554,3,0.9993534684181213
7657,4,4,0.9999998807907104,4,0.9999949932098389
7658,1,1,0.9999089241027832,1,0.984675943851471
7659,5,5,0.9999769926071167,5,0.9999988079071045
7660,8,8,1.0,8,0.9999916553497314
7661,1,1,0.9998193383216858,1,0.9942994117736816
7662,4,4,0.9999951124191284,4,0.9999774694442749
7663,8,8,0.9999992847442627,8,0.9999936819076538
7664,4,4,1.0,4,0.9999985694885254
7665,1,1,0.9998812675476074,1,0.9726114273071289
7666,8,8,1.0,8,0.9999998807907104
7667,6,6,1.0,6,0.9999971389770508
7668,6,6,0.9999995231628418,6,0.9999967813491821
7669,4,4,1.0,4,0.9999970197677612
7670,6,6,0.9999827146530151,6,0.9999896287918091
7671,0,0,0.9990032315254211,0,0.9983843564987183
7672,5,5,0.4663485586643219,5,0.9950061440467834
7673,5,5,0.9929710030555725,5,0.9979366064071655
7674,3,3,0.9999998807907104,3,0.9999984502792358
7675,3,3,0.9999876022338867,3,0.9997604489326477
7676,5,5,0.965747594833374,5,0.9989328980445862
7677,7,7,0.9999995231628418,7,0.9999023675918579
7678,2,2,1.0,2,0.9999786615371704
7679,5,5,0.9974284768104553,5,0.9977529644966125
7680,9,9,0.8913922309875488,9,0.9856703877449036
7681,6,6,0.9999960660934448,6,0.9999959468841553
7682,9,9,0.9963484406471252,9,0.9528302550315857
7683,2,2,0.9999885559082031,2,0.9992308616638184
7684,6,6,0.9999994039535522,6,1.0
7685,2,2,1.0,2,0.9999905824661255
7686,1,1,0.9999903440475464,1,0.9981776475906372
7687,2,2,1.0,2,0.9999251365661621
7688,0,0,1.0,0,0.9999970197677612
7689,8,8,0.5986519455909729,8,0.8787944316864014
7690,3,3,0.9998418092727661,3,0.9960715770721436
7691,8,8,0.9998841285705566,8,0.9971959590911865
7692,3,3,0.9999663829803467,3,0.9998835325241089
7693,0,0,0.9999997615814209,0,0.999995231628418
7694,8,8,0.9999734163284302,8,0.9997339844703674
7695,7,7,0.9999825954437256,7,0.9998952150344849
7696,4,4,0.999997615814209,4,0.999998927116394
7697,9,9,0.9829135537147522,9,0.9660625457763672
7698,5,5,0.9993175268173218,5,0.9976077079772949
7699,0,0,1.0,0,0.9999910593032837
7700,9,9,0.993389368057251,9,0.9822924733161926
7701,7,7,0.9999998807907104,7,0.9999953508377075
7702,0,0,0.9999996423721313,0,0.9999281167984009
7703,0,0,0.9999982118606567,0,0.999971866607666
7704,4,4,0.9999970197677612,4,0.9999785423278809
7705,6,6,0.9999998807907104,6,0.9999985694885254
7706,0,0,0.9999939203262329,0,0.9999936819076538
7707,9,9,0.9955769777297974,9,0.9734981060028076
7708,1,1,0.9999208450317383,1,0.9991499185562134
7709,6,6,0.9999997615814209,6,0.999998927116394
7710,2,2,1.0,2,0.9997312426567078
7711,7,7,0.9999996423721313,7,0.9997915625572205
7712,6,6,0.9999995231628418,6,0.9999979734420776
7713,8,8,0.9999995231628418,8,0.9998728036880493
7714,3,3,1.0,3,0.9999817609786987
7715,5,5,0.9999997615814209,5,0.9999767541885376
7716,2,2,0.9999992847442627,2,0.9999510049819946
7717,1,1,0.9999872446060181,1,0.9980924725532532
7718,8,8,0.9998284578323364,8,0.9983443021774292
7719,3,3,0.9999997615814209,3,0.9999974966049194
7720,8,8,0.9978969097137451,8,0.9978833794593811
7721,6,6,1.0,6,0.9999979734420776
7722,1,1,0.9993809461593628,1,0.9787067174911499
7723,0,0,0.9999995231628418,0,1.0
7724,2,2,0.9999991655349731,2,0.9990822076797485
7725,1,1,0.9999371767044067,1,0.9767301678657532
7726,4,4,0.9999982118606567,4,0.9999864101409912
7727,0,0,0.9999994039535522,0,0.9999895095825195
7728,1,1,0.9980668425559998,1,0.9709264039993286
7729,2,2,0.9999983310699463,2,0.9997568726539612
7730,3,3,0.9999856948852539,3,0.9999361038208008
7731,4,4,0.9969105124473572,4,0.9994423985481262
7732,5,5,0.9997335076332092,5,0.9997424483299255
7733,6,6,0.9999644756317139,6,0.9998781681060791
7734,7,7,0.999788224697113,7,0.9991439580917358
7735,8,8,0.987017810344696,8,0.9926337599754333
7736,9,9,0.8312253952026367,4,0.7796631455421448
7737,0,0,0.9999996423721313,0,0.999998927116394
7738,1,1,0.9982750415802002,1,0.9981302618980408
7739,2,2,1.0,2,0.9999814033508301
7740,3,3,1.0,3,0.9999953508377075
7741,4,4,0.9999924898147583,4,0.9999862909317017
7742,5,5,0.9999986886978149,5,0.9999674558639526
7743,6,6,0.9999706745147705,6,0.9999557733535767
7744,7,7,0.9999264478683472,7,0.9985889792442322
7745,8,8,0.9999940395355225,8,0.9999841451644897
7746,9,9,0.9783495664596558,9,0.9704005122184753
7747,0,0,0.9999992847442627,0,0.9998989105224609
7748,1,1,0.9989282488822937,1,0.9988349080085754
7749,2,2,0.9999994039535522,2,0.9999599456787109
7750,3,3,0.9999977350234985,3,0.9999949932098389
7751,4,4,0.9999939203262329,4,0.9999463558197021
7752,5,5,0.9999996423721313,5,0.9999986886978149
7753,6,6,1.0,6,0.9999822378158569
7754,7,7,0.9999939203262329,7,0.9999645948410034
7755,8,8,0.9999719858169556,8,0.9999788999557495
7756,9,9,0.9961236119270325,9,0.9892227649688721
7757,7,7,0.9995971322059631,7,0.9954215884208679
7758,6,6,1.0,6,0.9999911785125732
7759,4,4,0.9999963045120239,4,0.9999940395355225
7760,7,7,0.9999822378158569,7,0.9998652935028076
7761,6,6,1.0,6,0.9999916553497314
7762,2,2,1.0,2,0.9999923706054688
7763,3,3,0.9999994039535522,3,0.9998434782028198
7764,4,4,0.9998332262039185,4,0.9999512434005737
7765,8,8,0.9999891519546509,8,0.9999902248382568
7766,7,7,0.9999998807907104,7,0.9999997615814209
7767,8,8,0.9999954700469971,8,0.9999814033508301
7768,6,6,0.9999655485153198,6,0.9999980926513672
7769,9,9,0.9713843464851379,9,0.9800961017608643
7770,8,8,0.9999984502792358,8,0.9999842643737793
7771,3,3,0.9999978542327881,3,0.9999924898147583
7772,2,2,0.9999973773956299,2,0.9994704127311707
7773,2,2,0.9999939203262329,2,0.999649167060852
7774,8,8,0.9997610449790955,8,0.999875545501709
7775,4,4,0.9999693632125854,4,0.9999947547912598
7776,8,8,1.0,8,0.9999991655349731
7777,5,5,0.9999796152114868,5,0.9997947812080383
7778,6,6,1.0,6,0.9999964237213135
7779,5,5,0.9998425245285034,5,0.999942421913147
7780,0,0,1.0,0,0.9999966621398926
7781,2,2,0.9999959468841553,2,0.9996248483657837
7782,0,0,0.9999995231628418,0,0.9999045133590698
7783,1,1,0.984852135181427,1,0.8822962641716003
7784,1,1,0.9987425208091736,1,0.999091386795044
7785,2,2,1.0,2,0.9999886751174927
7786,9,9,0.9999597072601318,9,0.9906627535820007
7787,6,6,1.0,6,0.9999995231628418
7788,8,8,0.9998146891593933,8,0.9999209642410278
7789,2,2,1.0,2,0.9999943971633911
7790,1,1,0.9991050362586975,1,0.9947519898414612
7791,0,0,1.0,0,0.9999212026596069
7792,6,6,1.0,6,0.9999994039535522
7793,5,5,0.9999974966049194,5,0.9999039173126221
7794,2,2,0.9999279975891113,2,0.9999821186065674
7795,9,9,0.9996044039726257,9,0.9801895022392273
7796,7,7,0.9999203681945801,7,0.9991313815116882
7797,5,5,0.9999752044677734,5,0.9980188608169556
7798,3,3,0.9999518394470215,3,0.9999525547027588
7799,9,9,0.9532325863838196,9,0.9371954798698425
7800,3,3,0.5842955112457275,3,0.9938825368881226
7801,7,7,0.9999977350234985,7,0.9999864101409912
7802,1,1,0.9983799457550049,1,0.9979180693626404
7803,8,8,0.999942421913147,8,0.9998581409454346
7804,3,3,0.9999995231628418,3,0.9999188184738159
7805,8,8,0.9999997615814209,8,0.9999997615814209
7806,1,1,0.9983956217765808,1,0.9952547550201416
7807,9,9,0.983481228351593,9,0.9411699175834656
7808,5,5,0.999962329864502,5,0.9996991157531738
7809,5,5,0.9999871253967285,5,0.9999762773513794
7810,0,0,0.9999972581863403,0,0.9999934434890747
7811,1,1,0.9972527623176575,1,0.9935546517372131
7812,1,1,0.9354249835014343,1,0.8422271609306335
7813,9,9,0.5517135262489319,9,0.8542112112045288
7814,8,8,0.9999922513961792,8,0.9998822212219238
7815,2,2,0.9999998807907104,2,0.9989724159240723
7816,6,6,1.0,6,0.9999977350234985
7817,0,0,0.9999998807907104,0,0.9998453855514526
7818,4,4,0.9999368190765381,4,0.9999765157699585
7819,5,5,0.9999918937683105,5,0.9999423027038574
7820,0,0,0.9999997615814209,0,0.9998999834060669
7821,3,3,0.6851264834403992,3,0.9873360991477966
7822,1,1,0.9970285296440125,1,0.7535912990570068
7823,8,8,0.9999768733978271,8,0.9999171495437622
7824,6,6,1.0,6,0.9999982118606567
7825,7,7,0.9998341798782349,7,0.9977763295173645
7826,5,5,0.9986363053321838,5,0.9992572665214539
7827,9,9,0.999987006187439,9,0.9986217021942139
7828,9,9,0.997945249080658,9,0.993119478225708
7829,3,3,0.9999994039535522,3,0.9999467134475708
7830,0,0,0.9999985694885254,0,0.9999427795410156
7831,3,3,0.9999996423721313,3,0.9998384714126587
7832,1,1,0.9988823533058167,1,0.9995564818382263
7833,4,4,0.9999992847442627,4,0.9999972581863403
7834,4,4,0.9999568462371826,4,0.999947190284729
7835,0,0,1.0,0,0.9999940395355225
7836,4,4,0.9999856948852539,4,0.999998927116394
7837,9,9,0.9326421618461609,9,0.9689218997955322
7838,0,0,0.9999700784683228,0,0.999405026435852
7839,1,1,0.9571713805198669,1,0.8735833764076233
7840,2,2,0.9999985694885254,2,0.9996277093887329
7841,3,3,0.9997838139533997,3,0.9629606008529663
7842,5,5,0.8618926405906677,5,0.9858492612838745
7843,6,6,0.9999995231628418,6,0.9999730587005615
7844,7,7,0.9990538954734802,7,0.9996148347854614
7845,8,8,0.9999687671661377,8,0.999092698097229
7846,0,0,0.9999948740005493,0,0.9999772310256958
7847,1,1,0.7323028445243835,1,0.9676607251167297
7848,2,2,1.0,2,0.9999468326568604
7849,3,3,0.9824838042259216,3,0.9969792366027832
7850,5,5,0.993834376335144,5,0.9425671100616455
7851,6,6,0.999953031539917,6,0.9999749660491943
7852,7,7,0.9999678134918213,7,0.9863619804382324
7853,8,8,0.999539852142334,8,0.9986318945884705
7854,9,9,0.9996520280838013,9,0.9078088998794556
7855,0,0,0.9999986886978149,0,0.9999668598175049
7856,1,8,0.514421820640564,1,0.8997997641563416
7857,2,2,0.9999986886978149,2,0.9999216794967651
7858,3,3,0.9999532699584961,3,0.9996657371520996
7859,5,5,0.9978336691856384,5,0.9997087121009827
7860,6,6,0.9999871253967285,6,0.9999790191650391
7861,7,7,0.9992734789848328,7,0.9845770001411438
7862,8,8,0.9999551773071289,8,0.9989803433418274
7863,9,9,0.9982864260673523,9,0.9147592186927795
7864,9,9,0.9998414516448975,9,0.9985925555229187
7865,7,7,0.9994257688522339,7,0.9959551095962524
7866,0,0,0.9999997615814209,0,0.999983549118042
7867,9,9,0.991519033908844,9,0.9851651191711426
7868,0,0,0.9999315738677979,0,0.9994547963142395
7869,1,1,0.9924180507659912,1,0.9975612163543701
7870,5,5,0.9925740957260132,5,0.9988754391670227
7871,8,8,0.9999749660491943,8,0.9999970197677612
7872,8,8,0.9999912977218628,8,0.9999516010284424
7873,0,0,0.9999992847442627,0,0.9999271631240845
7874,9,9,0.9998089671134949,9,0.9944515824317932
7875,3,3,0.9999896287918091,3,0.9999682903289795
7876,2,2,0.9999887943267822,2,0.9892227649688721
7877,7,7,0.9992573857307434,7,0.9979445338249207
7878,8,8,0.9999486207962036,8,0.9999618530273438
7879,4,4,0.9999922513961792,4,0.9999804496765137
7880,6,6,0.9999791383743286,6,0.9999955892562866
7881,1,1,0.9990654587745667,1,0.9998335838317871
7882,0,0,0.9999823570251465,0,0.99998939037323
7883,4,4,0.999955415725708,4,0.9999352693557739
7884,9,9,0.9998568296432495,9,0.9997690320014954
7885,4,4,0.9999947547912598,4,0.999377965927124
7886,2,2,0.9999992847442627,2,0.999995231628418
7887,0,0,0.9999961853027344,0,0.9973397850990295
7888,5,5,0.9920778870582581,5,0.998278021812439
7889,0,0,0.9999991655349731,0,0.9995571970939636
7890,1,1,0.9938223361968994,1,0.9998617172241211
7891,6,6,0.9999996423721313,6,0.995211660861969
7892,9,9,0.9969140291213989,9,0.979612410068512
7893,3,3,0.9977497458457947,3,0.9998062252998352
7894,2,2,0.9999945163726807,2,0.999345600605011
7895,9,9,0.9977372884750366,9,0.9712934494018555
7896,1,1,0.9957707524299622,1,0.9982301592826843
7897,6,6,0.9999905824661255,6,0.9999064207077026
7898,0,0,0.9999579191207886,0,0.9856376051902771
7899,1,1,0.8368657827377319,1,0.9760730266571045
7900,1,1,0.894163191318512,1,0.9583930969238281
7901,8,8,0.9999988079071045,8,0.9999014139175415
7902,7,7,0.7901597619056702,7,0.876240074634552
7903,7,7,0.9919795989990234,7,0.974794864654541
7904,6,6,1.0,6,0.999710738658905
7905,3,3,0.999771773815155,3,0.9998248219490051
7906,6,6,0.9999942779541016,6,0.9997803568840027
7907,0,0,0.9999923706054688,0,0.9986352324485779
7908,7,7,0.9998615980148315,7,0.9928010702133179
7909,2,2,0.9999994039535522,2,0.9985997080802917
7910,4,4,0.989240825176239,4,0.9993614554405212
7911,1,1,0.9945359230041504,1,0.9936389327049255
7912,7,7,0.9552189707756042,7,0.7897540330886841
7913,0,0,0.9999713897705078,0,0.9998974800109863
7914,6,6,0.999997615814209,6,0.9999232292175293
7915,7,7,0.3361046314239502,7,0.48772212862968445
7916,1,1,0.8839415311813354,1,0.9765812158584595
7917,2,2,0.9999983310699463,2,0.999992847442627
7918,5,5,0.7699849605560303,5,0.99785977602005
7919,8,8,0.9999481439590454,8,0.9981978535652161
7920,1,1,0.9116336107254028,1,0.997958779335022
7921,8,8,0.9787805080413818,8,0.9961475133895874
7922,2,2,0.9999992847442627,2,0.9999904632568359
7923,8,8,0.9999945163726807,8,0.9997785687446594
7924,7,7,0.9854287505149841,7,0.8254865407943726
7925,6,6,0.9995694756507874,6,0.9978112578392029
7926,8,8,0.9998620748519897,8,0.9999661445617676
7927,7,7,0.9920278191566467,7,0.9884657859802246
7928,1,1,0.6184203624725342,1,0.9433140754699707
7929,6,6,0.9999678134918213,6,0.9999954700469971
7930,2,2,0.9999995231628418,2,0.9999768733978271
7931,9,9,0.9998480081558228,9,0.9888582229614258
7932,3,3,0.9999376535415649,3,0.9999955892562866
7933,0,0,0.9999969005584717,0,0.9999994039535522
7934,1,1,0.9996623992919922,1,0.9748541116714478
7935,2,2,0.9999978542327881,2,0.9995355606079102
7936,3,3,0.9999998807907104,3,0.9999924898147583
7937,4,4,0.9999853372573853,4,0.9999960660934448
7938,5,5,0.9999969005584717,5,0.9999881982803345
7939,6,6,1.0,6,0.9999996423721313
7940,7,7,0.9999957084655762,7,0.9999258518218994
7941,8,8,0.9999748468399048,8,0.9999910593032837
7942,9,9,0.99985671043396,9,0.9950012564659119
7943,0,0,0.9999997615814209,0,0.9997490048408508
7944,1,1,0.9989877343177795,1,0.9978222846984863
7945,2,2,0.9999979734420776,2,0.9998143315315247
7946,3,3,0.9999411106109619,3,0.9973107576370239
7947,4,4,0.99986732006073,4,0.999955415725708
7948,5,5,0.9999998807907104,5,0.9999998807907104
7949,6,6,0.9999985694885254,6,0.9999831914901733
7950,7,7,0.9999963045120239,7,0.9999701976776123
7951,8,8,0.9999865293502808,8,0.9999542236328125
7952,9,9,0.9998809099197388,9,0.9962214231491089
7953,0,0,1.0,0,0.999993085861206
7954,1,1,0.999609649181366,1,0.9961949586868286
7955,2,2,0.9999998807907104,2,0.9999839067459106
7956,3,3,1.0,3,0.9999725818634033
7957,4,4,0.999885082244873,4,0.9999675750732422
7958,5,5,0.999997615814209,5,0.9999995231628418
7959,6,6,1.0,6,0.9999899864196777
7960,7,7,0.9999500513076782,7,0.9991102814674377
7961,8,8,0.9999998807907104,8,0.9999986886978149
7962,9,9,0.9997223019599915,9,0.8986737132072449
7963,8,8,0.9999997615814209,8,0.9999853372573853
7964,9,9,0.9834956526756287,9,0.8491255640983582
7965,5,5,1.0,5,1.0
7966,7,7,0.9999849796295166,7,0.9996706247329712
7967,0,0,0.999958872795105,0,0.9999924898147583
7968,3,3,1.0,3,0.9999990463256836
7969,1,1,0.999196469783783,1,0.9987112283706665
7970,6,6,0.9999998807907104,6,0.9999998807907104
7971,8,8,0.9988974332809448,8,0.9994761347770691
7972,4,4,0.9986237287521362,4,0.9999949932098389
7973,1,1,0.9989476799964905,1,0.9985933899879456
7974,5,5,0.9999997615814209,5,0.9999998807907104
7975,6,6,1.0,6,0.9999889135360718
7976,4,4,0.9999781847000122,4,0.9999381303787231
7977,2,2,0.9999994039535522,2,0.9999197721481323
7978,7,7,0.9882301092147827,7,0.9938972592353821
7979,8,8,1.0,8,0.999996542930603
7980,1,1,0.9995630383491516,1,0.9938177466392517
7981,3,3,1.0,3,0.9999978542327881
7982,4,4,0.9990384578704834,4,0.978547215461731
7983,3,3,0.9998563528060913,3,0.9990208148956299
7984,4,4,0.9999350309371948,4,0.9999451637268066
7985,7,7,0.9666479825973511,7,0.9735703468322754
7986,2,2,0.9967558979988098,2,0.9860807657241821
7987,0,0,0.9999455213546753,0,0.9996825456619263
7988,5,5,0.9999998807907104,5,0.9999970197677612
7989,0,0,0.9999872446060181,0,0.999991774559021
7990,1,1,0.9248761534690857,1,0.9470580220222473
7991,9,8,0.8933232426643372,9,0.7131593227386475
7992,2,2,0.9999955892562866,2,0.9999921321868896
7993,3,3,0.9999996423721313,3,0.9999992847442627
7994,2,2,0.9999926090240479,2,0.9999896287918091
7995,3,3,0.9999998807907104,3,1.0
7996,5,5,0.9999606609344482,5,0.9999692440032959
7997,5,5,0.9999788999557495,5,0.9999972581863403
7998,7,7,0.9999998807907104,7,0.9999978542327881
7999,8,8,0.9999974966049194,8,0.9993717074394226
8000,4,4,0.9857090711593628,4,0.695388674736023
8001,9,9,0.9999634027481079,9,0.9989262223243713
8002,9,9,0.9999313354492188,9,0.9983745813369751
8003,7,7,0.9995877146720886,7,0.9998328685760498
8004,1,1,0.9992074370384216,1,0.9483787417411804
8005,1,1,0.9997919201850891,1,0.9997431635856628
8006,9,9,0.999995231628418,9,0.9994093179702759
8007,0,0,0.9999933242797852,0,0.9999616146087646
8008,7,7,0.9997187256813049,7,0.9998762607574463
8009,8,8,1.0,8,0.9999921321868896
8010,3,3,0.9999997615814209,3,0.9999949932098389
8011,4,4,0.9990986585617065,4,0.9995307922363281
8012,8,8,0.9992616772651672,8,0.999691367149353
8013,6,6,1.0,6,0.999998927116394
8014,3,3,1.0,3,0.9999940395355225
8015,8,8,0.9999933242797852,8,0.9999994039535522
8016,0,0,0.9999980926513672,0,0.9998944997787476
8017,9,9,0.9999985694885254,9,0.9984769225120544
8018,6,6,1.0,6,1.0
8019,2,2,0.9992382526397705,2,0.9994303584098816
8020,1,1,0.9998053908348083,1,0.9880689978599548
8021,0,0,0.9999998807907104,0,0.9998980760574341
8022,1,1,0.9971234202384949,1,0.994022786617279
8023,0,0,0.9999896287918091,0,0.998374342918396
8024,6,6,1.0,6,0.9999948740005493
8025,2,2,1.0,2,0.9999991655349731
8026,3,3,1.0,3,0.9999997615814209
8027,8,8,1.0,8,0.9999966621398926
8028,9,9,0.9989053010940552,9,0.9827545285224915
8029,0,0,0.9999767541885376,0,0.9991011619567871
8030,7,7,0.9999922513961792,7,0.9996863603591919
8031,2,2,0.9999663829803467,2,0.9999064207077026
8032,3,3,1.0,3,0.9999935626983643
8033,4,4,0.9999977350234985,4,0.9993613362312317
8034,5,5,0.9999808073043823,5,0.9999898672103882
8035,5,5,0.999962568283081,5,0.9999802112579346
8036,2,2,1.0,2,0.9999982118606567
8037,8,8,0.9999984502792358,8,0.9998884201049805
8038,5,5,0.9999517202377319,5,0.9999998807907104
8039,4,4,0.999993085861206,4,0.9999864101409912
8040,6,6,1.0,6,0.9999997615814209
8041,6,6,1.0,6,0.9999916553497314
8042,6,6,1.0,6,0.9999980926513672
8043,7,7,0.9996678829193115,7,0.9995313882827759
8044,9,9,0.9944233298301697,9,0.9584619998931885
8045,1,1,0.9978628754615784,1,0.9994188547134399
8046,8,8,0.9999995231628418,8,0.9999997615814209
8047,2,2,0.9591169953346252,2,0.9191814661026001
8048,1,1,0.9999555349349976,1,0.9905575513839722
8049,5,5,0.9999723434448242,5,0.9999791383743286
8050,3,3,0.9999994039535522,3,0.9999818801879883
8051,4,4,0.9999979734420776,4,0.9999982118606567
8052,7,7,0.9999977350234985,7,0.9996242523193359
8053,9,9,0.9993909597396851,9,0.8041613101959229
8054,4,4,0.9998811483383179,4,0.9999970197677612
8055,0,0,0.9997205138206482,0,0.9847481846809387
8056,0,0,0.9999995231628418,0,0.9999969005584717
8057,0,0,0.9999991655349731,0,0.9999990463256836
8058,1,1,0.999625563621521,1,0.7792891263961792
8059,2,1,0.9977641105651855,2,0.9139904379844666
8060,3,3,0.9999998807907104,3,0.9999980926513672
8061,4,4,0.9971423745155334,4,0.9965302348136902
8062,5,5,0.998218834400177,5,0.9486452341079712
8063,6,6,0.8063482046127319,6,0.9951217770576477
8064,7,7,0.9921489953994751,7,0.9973612427711487
8065,8,8,0.9806320667266846,8,0.9928996562957764
8066,9,9,0.9740921854972839,9,0.9710143804550171
8067,0,0,0.999864935874939,0,0.9998480081558228
8068,1,1,0.9988466501235962,1,0.9718404412269592
8069,2,1,0.9133171439170837,2,0.995945394039154
8070,3,3,0.9999991655349731,3,0.9999990463256836
8071,4,4,0.9982830286026001,4,0.999823272228241
8072,5,5,0.9984081387519836,5,0.9981752634048462
8073,6,6,0.9998565912246704,6,0.9982590079307556
8074,7,7,0.9999386072158813,7,0.9971739053726196
8075,8,8,0.9963171482086182,8,0.9998631477355957
8076,9,9,0.9922871589660645,9,0.9917237162590027
8077,0,0,0.9999840259552002,0,0.9958376884460449
8078,1,1,0.9995003938674927,1,0.4573308825492859
8079,2,1,0.9677042365074158,2,0.9959208965301514
8080,3,3,1.0,3,0.9999850988388062
8081,4,4,0.8978796005249023,4,0.9845359921455383
8082,5,5,0.9999834299087524,5,0.9983102083206177
8083,6,6,0.9999994039535522,6,0.9999903440475464
8084,9,9,0.9976741671562195,9,0.9694691300392151
8085,0,0,0.9999933242797852,0,0.9999781847000122
8086,1,1,0.9998522996902466,1,0.9933823347091675
8087,3,3,0.9999998807907104,3,0.9999868869781494
8088,1,1,0.9991866946220398,1,0.9650951623916626
8089,5,5,1.0,5,0.9999924898147583
8090,1,1,0.9996212720870972,1,0.7268552184104919
8091,2,2,0.532074511051178,2,0.9625353217124939
8092,4,4,0.9686207175254822,4,0.9861391186714172
8093,9,9,0.9905428290367126,9,0.9321912527084351
8094,2,8,0.4984942376613617,3,0.740903377532959
8095,4,1,0.6873788237571716,4,0.4927598834037781
8096,6,6,0.9989803433418274,6,0.9995211362838745
8097,8,8,0.9706098437309265,8,0.9990071654319763
8098,0,0,0.9999942779541016,0,0.9999468326568604
8099,1,1,0.9989895224571228,1,0.9787461161613464
8100,1,1,0.9998586177825928,1,0.9732100963592529
8101,9,9,0.99680495262146,9,0.9698740243911743
8102,2,2,0.5516504049301147,2,0.9191516637802124
8103,6,6,0.9932150840759277,6,0.9988417029380798
8104,6,6,0.9995145797729492,6,0.9996312856674194
8105,8,8,0.9314961433410645,8,0.9965410828590393
8106,7,7,0.9430246353149414,7,0.9942469000816345
8107,4,4,0.9839099645614624,4,0.998853325843811
8108,2,2,0.9999890327453613,2,0.9978621602058411
8109,9,9,0.9724329113960266,9,0.9547764658927917
8110,7,7,0.9922705888748169,7,0.9646937251091003
8111,0,0,0.9999974966049194,0,0.9999527931213379
8112,2,2,0.6024665236473083,2,0.9775896668434143
8113,1,1,0.9997949004173279,1,0.9930826425552368
8114,0,0,0.9999994039535522,0,0.9999518394470215
8115,3,3,0.9997068047523499,3,0.9950954914093018
8116,6,6,1.0,6,0.9995799660682678
8117,0,0,0.9999980926513672,0,0.9999815225601196
8118,1,1,0.9998424053192139,1,0.9998175501823425
8119,2,2,0.9999797344207764,2,0.999906063079834
8120,3,3,1.0,3,1.0
8121,4,4,0.9999988079071045,4,0.9999990463256836
8122,5,5,1.0,5,0.9999997615814209
8123,6,6,1.0,6,1.0
8124,7,7,0.9999890327453613,7,0.9999665021896362
8125,8,8,0.9999996423721313,8,0.9999969005584717
8126,9,9,0.9998170733451843,9,0.9996577501296997
8127,0,0,1.0,0,0.999997615814209
8128,1,1,0.8058130145072937,1,0.8202326893806458
8129,2,2,0.9999994039535522,2,0.9999988079071045
8130,3,3,0.9999991655349731,3,0.9999997615814209
8131,4,4,1.0,4,0.9999978542327881
8132,5,5,0.9999648332595825,5,0.999992847442627
8133,6,6,1.0,6,1.0
8134,7,7,0.9999796152114868,7,0.9992464780807495
8135,8,8,0.9999998807907104,8,0.9999628067016602
8136,9,9,0.9987699389457703,9,0.9777892231941223
8137,0,0,0.9999973773956299,0,0.9999982118606567
8138,1,1,0.9706246256828308,1,0.9972854852676392
8139,2,2,0.9999830722808838,2,0.9999858140945435
8140,3,3,1.0,3,1.0
8141,4,4,1.0,4,0.9999988079071045
8142,5,5,0.9999608993530273,5,0.9999241828918457
8143,6,6,0.9999991655349731,6,0.9999964237213135
8144,7,7,0.9979490637779236,7,0.9995799660682678
8145,8,8,0.9999985694885254,8,0.9999992847442627
8146,9,9,0.976059079170227,9,0.9672960638999939
8147,8,8,0.9914412498474121,8,0.9999916553497314
8148,6,6,1.0,6,0.9999997615814209
8149,5,5,0.9999998807907104,5,0.9999980926513672
8150,9,9,0.9993689656257629,9,0.9967494010925293
8151,7,7,0.9992450475692749,7,0.999300479888916
8152,0,0,0.9999998807907104,0,0.9999974966049194
8153,2,2,0.9999986886978149,2,0.9993249177932739
8154,3,3,0.9999998807907104,3,0.9999998807907104
8155,4,4,0.9999998807907104,4,0.9999988079071045
8156,3,3,1.0,3,0.9999994039535522
8157,8,8,0.9999904632568359,8,0.9999979734420776
8158,5,5,0.9999964237213135,5,0.9999804496765137
8159,1,1,0.9996709823608398,1,0.9996542930603027
8160,5,5,0.9672242403030396,5,0.9675071239471436
8161,2,2,1.0,2,0.9999985694885254
8162,3,3,1.0,3,1.0
8163,0,0,1.0,0,0.9999490976333618
8164,1,1,0.9879363179206848,1,0.9772233366966248
8165,2,2,0.9998725652694702,2,0.993198037147522
8166,1,1,0.9987446069717407,1,0.9992333650588989
8167,3,3,1.0,3,1.0
8168,2,2,0.9999997615814209,2,0.9999960660934448
8169,6,6,1.0,6,0.9999996423721313
8170,5,5,0.9999845027923584,5,0.9993822574615479
8171,3,3,0.9887978434562683,3,0.9999606609344482
8172,0,0,0.9999995231628418,0,0.9999366998672485
8173,7,7,0.99998939037323,7,0.999782383441925
8174,2,2,0.9993808269500732,2,0.999963641166687
8175,7,7,0.9999220371246338,7,0.9992181062698364
8176,4,4,0.9999995231628418,4,1.0
8177,6,6,1.0,6,1.0
8178,4,4,1.0,4,0.9999995231628418
8179,0,0,0.9999942779541016,0,0.9999827146530151
8180,5,5,0.9999921321868896,5,0.9999864101409912
8181,9,9,0.9998798370361328,9,0.8326752185821533
8182,9,9,0.9995412826538086,9,0.9873778223991394
8183,8,8,0.9933606386184692,8,0.999697208404541
8184,9,9,0.9999834299087524,9,0.9964925646781921
8185,5,5,0.999951958656311,5,0.9997403025627136
8186,3,3,1.0,3,1.0
8187,1,1,0.9977602958679199,1,0.9997294545173645
8188,7,7,0.999984622001648,7,0.9995635151863098
8189,4,4,0.9999984502792358,4,1.0
8190,7,7,0.9999984502792358,7,0.9998350143432617
8191,6,6,1.0,6,0.9999998807907104
8192,5,5,0.9999967813491821,5,0.999967098236084
8193,4,4,1.0,4,0.9999997615814209
8194,0,0,0.9999101161956787,0,0.9993667006492615
8195,0,0,0.9999991655349731,0,0.9999994039535522
8196,6,6,0.9999997615814209,6,0.9999980926513672
8197,6,6,1.0,6,0.9999949932098389
8198,2,2,0.9999274015426636,2,0.999677300453186
8199,0,0,0.9999983310699463,0,0.9999531507492065
8200,6,6,1.0,6,1.0
8201,3,3,1.0,3,0.9999966621398926
8202,7,7,0.9999986886978149,7,0.9999572038650513
8203,7,7,0.9999886751174927,7,0.999992847442627
8204,4,4,1.0,4,0.9999980926513672
8205,4,4,1.0,4,1.0
8206,3,3,1.0,3,1.0
8207,9,9,0.9990028738975525,9,0.9333366751670837
8208,2,2,0.999993085861206,2,0.9998120665550232
8209,8,8,0.9999958276748657,8,0.9999995231628418
8210,9,9,0.9960616230964661,9,0.9985539317131042
8211,6,6,1.0,6,1.0
8212,0,0,0.9999996423721313,0,0.999997615814209
8213,9,9,0.9626096487045288,9,0.9983553290367126
8214,5,5,0.9999994039535522,5,0.9999979734420776
8215,3,3,0.9999992847442627,3,0.9999997615814209
8216,8,8,0.9999830722808838,8,0.9999356269836426
8217,8,8,0.9999948740005493,8,0.9978994131088257
8218,7,7,0.9999336004257202,7,0.9998248219490051
8219,1,1,0.9976546764373779,1,0.9998804330825806
8220,4,4,0.9999991655349731,4,0.9999994039535522
8221,0,0,1.0,0,0.9999984502792358
8222,4,4,1.0,4,1.0
8223,8,8,0.9999997615814209,8,0.9999994039535522
8224,5,5,1.0,5,0.9999992847442627
8225,2,2,0.9999911785125732,2,0.9999896287918091
8226,3,3,0.9999949932098389,3,0.9944504499435425
8227,9,9,0.9998255372047424,9,0.9991763234138489
8228,0,0,0.9999744892120361,0,0.999889612197876
8229,1,1,0.9994075298309326,1,0.9979490637779236
8230,9,9,0.9988852143287659,9,0.997062623500824
8231,1,1,0.999351441860199,1,0.9996705055236816
8232,5,5,0.9999823570251465,5,0.9999349117279053
8233,1,1,0.9967525005340576,1,0.9968848824501038
8234,7,7,0.9999126195907593,7,0.9993677735328674
8235,4,4,0.9999998807907104,4,0.9999998807907104
8236,8,8,0.9966261386871338,8,0.9998887777328491
8237,6,6,1.0,6,0.9999998807907104
8238,2,2,0.999998927116394,2,0.9999972581863403
8239,1,1,0.9990712404251099,1,0.9987576007843018
8240,6,6,0.9999964237213135,6,0.9999953508377075
8241,8,8,0.9999986886978149,8,0.9999964237213135
8242,8,8,0.9994547963142395,8,0.9999085664749146
8243,0,0,0.9999542236328125,0,0.99155592918396
8244,1,1,0.9996218681335449,1,0.9400237202644348
8245,2,2,0.9975564479827881,2,0.9977559447288513
8246,3,3,0.8538854122161865,3,0.9364594221115112
8247,4,4,0.9999997615814209,4,0.9999995231628418
8248,7,7,0.9999935626983643,7,0.99997878074646
8249,8,8,0.9999995231628418,8,0.9999991655349731
8250,9,9,0.9999269247055054,9,0.9989948868751526
8251,0,0,1.0,0,0.9998190999031067
8252,1,1,0.9867132902145386,1,0.9993923902511597
8253,2,2,0.9999972581863403,2,0.9998216032981873
8254,3,3,0.9994237422943115,3,0.9996752738952637
8255,4,4,0.9999865293502808,4,0.999695897102356
8256,6,6,0.9999997615814209,6,0.9999655485153198
8257,7,7,0.9997838139533997,7,0.9976237416267395
8258,8,8,0.9985116124153137,8,0.9997009038925171
8259,9,9,0.9962759017944336,9,0.9952322840690613
8260,0,0,0.9999980926513672,0,0.9900779724121094
8261,1,1,0.9997304081916809,1,0.9998959302902222
8262,2,2,0.9954533576965332,2,0.9398295283317566
8263,3,3,0.9999996423721313,3,0.9999957084655762
8264,4,4,0.9999998807907104,4,0.999974250793457
8265,7,7,0.9999991655349731,7,0.9999896287918091
8266,8,8,0.9999994039535522,8,0.9999998807907104
8267,9,9,0.9956731200218201,9,0.9864381551742554
8268,1,1,0.9999843835830688,1,0.999932050704956
8269,4,4,0.9999986886978149,4,0.9999754428863525
8270,5,5,0.9999994039535522,5,0.9978376030921936
8271,3,3,0.9999992847442627,3,0.9998874664306641
8272,3,3,0.9999580383300781,3,0.9985736608505249
8273,0,0,0.9998195767402649,0,0.9997346997261047
8274,9,9,0.9999682903289795,9,0.9990121126174927
8275,5,5,0.9980364441871643,5,0.9761724472045898
8276,4,4,1.0,4,0.9999986886978149
8277,3,3,0.9937904477119446,3,0.9776710271835327
8278,0,0,0.9982849955558777,0,0.9155077338218689
8279,8,4,0.9416632056236267,8,0.7437006831169128
8280,4,4,0.9999819993972778,4,0.9999614953994751
8281,6,6,0.9999933242797852,6,0.9990882873535156
8282,7,7,0.9999356269836426,7,0.998643696308136
8283,0,0,0.99998939037323,0,0.998173713684082
8284,7,7,0.9999997615814209,7,0.9999997615814209
8285,7,7,0.9999698400497437,7,0.9998923540115356
8286,1,1,0.9932936429977417,1,0.9996441602706909
8287,6,6,0.9800149202346802,6,0.9937187433242798
8288,9,9,0.9982300400733948,9,0.9901307821273804
8289,1,1,0.9994654059410095,1,0.9999535083770752
8290,3,3,0.9993550181388855,3,0.9964667558670044
8291,6,6,0.9999984502792358,6,0.9999966621398926
8292,2,2,0.999143123626709,2,0.9369949102401733
8293,3,3,0.9999490976333618,3,0.9985650181770325
8294,8,8,0.9999970197677612,8,0.999993085861206
8295,2,2,0.9866546392440796,2,0.998263418674469
8296,3,3,0.9998756647109985,3,0.9951748251914978
8297,8,8,0.9999904632568359,8,0.99992835521698
8298,9,9,0.9995563626289368,9,0.9589230418205261
8299,5,5,0.9974502921104431,5,0.9993425011634827
8300,8,8,0.999998927116394,8,0.9999996423721313
8301,8,8,0.9999995231628418,8,0.9999994039535522
8302,7,7,0.9999995231628418,7,0.9999932050704956
8303,1,1,0.9998897314071655,1,0.9990768432617188
8304,7,7,0.9999743700027466,7,0.9999861717224121
8305,1,1,0.9997791647911072,1,0.9989089965820312
8306,1,1,0.9996516704559326,1,0.9998534917831421
8307,0,0,1.0,0,0.9999960660934448
8308,3,3,0.9999538660049438,3,0.9994468092918396
8309,4,4,0.9999899864196777,4,0.9995213747024536
8310,2,2,0.9998953342437744,2,0.8211791515350342
8311,6,6,0.9999667406082153,6,0.9997865557670593
8312,4,4,0.9999860525131226,4,0.9999334812164307
8313,7,7,0.9999790191650391,7,0.9980480670928955
8314,4,4,0.9999995231628418,4,0.9999573230743408
8315,2,2,0.9981221556663513,2,0.9244391918182373
8316,7,7,0.9852980375289917,7,0.9737987518310547
8317,4,4,0.9999998807907104,4,0.9999969005584717
8318,2,2,0.9996132254600525,2,0.9996103644371033
8319,9,9,0.9992233514785767,9,0.9810887575149536
8320,2,2,0.9984657764434814,2,0.9749628901481628
8321,7,7,0.9999879598617554,7,0.9999935626983643
8322,9,9,0.9981654286384583,9,0.9153902530670166
8323,2,2,0.9991311430931091,2,0.9995927214622498
8324,1,1,0.9999886751174927,1,0.9993641972541809
8325,0,0,0.9425014853477478,6,0.7232722043991089
8326,6,6,0.9998030066490173,6,0.9484861493110657
8327,5,5,0.9976984858512878,5,0.9984771609306335
8328,3,3,0.9999996423721313,3,0.9999997615814209
8329,4,4,0.9999878406524658,4,0.9999849796295166
8330,8,8,0.999969482421875,8,0.9995701909065247
8331,5,5,0.9999940395355225,5,0.9988497495651245
8332,9,9,0.9853487610816956,9,0.9045678973197937
8333,6,6,0.9999998807907104,6,0.9999998807907104
8334,9,9,0.9818792939186096,4,0.6128004789352417
8335,0,0,0.9998088479042053,0,0.9998255372047424
8336,6,6,1.0,6,1.0
8337,3,3,0.9999938011169434,3,0.9997221827507019
8338,0,0,0.9999997615814209,0,0.999996542930603
8339,8,8,0.914738118648529,8,0.9737851619720459
8340,1,1,0.9992883801460266,1,0.9998923540115356
8341,6,6,1.0,6,0.9999954700469971
8342,0,0,0.9999992847442627,0,0.9998902082443237
8343,0,0,0.9999955892562866,0,0.999994158744812
8344,1,1,0.9998984336853027,1,0.998664140701294
8345,2,2,1.0,2,0.9999780654907227
8346,3,3,0.9999986886978149,3,0.9999860525131226
8347,4,4,0.9999793767929077,4,0.9999775886535645
8348,5,5,0.9999997615814209,5,0.9999994039535522
8349,6,6,1.0,6,0.9998738765716553
8350,7,7,0.9999988079071045,7,0.9999823570251465
8351,0,0,0.9999951124191284,0,0.9999294281005859
8352,1,1,0.9971967935562134,1,0.995182454586029
8353,2,2,0.9999721050262451,2,0.9996463060379028
8354,3,3,0.9997320771217346,3,0.9942998886108398
8355,4,4,0.9999781847000122,4,0.9999880790710449
8356,7,7,0.9999992847442627,7,0.9999963045120239
8357,8,8,0.9999972581863403,8,0.9999046325683594
8358,9,9,0.9960999488830566,9,0.9712846875190735
8359,0,0,0.9999980926513672,0,0.9999077320098877
8360,1,1,0.9950586557388306,1,0.998883068561554
8361,2,2,0.9999959468841553,2,0.9999821186065674
8362,3,3,0.9941001534461975,3,0.9999315738677979
8363,4,4,0.9999988079071045,4,0.9999967813491821
8364,7,7,0.9999881982803345,7,0.9999358654022217
8365,2,2,1.0,2,0.9999995231628418
8366,5,5,0.9999998807907104,5,0.9999992847442627
8367,1,1,0.9995235204696655,1,0.9975917339324951
8368,6,6,0.9999998807907104,6,0.9999996423721313
8369,4,4,0.999982476234436,4,0.9999747276306152
8370,3,3,0.9999947547912598,3,0.9999997615814209
8371,9,9,0.999872088432312,9,0.9944591522216797
8372,9,9,0.9997398257255554,9,0.9840584397315979
8373,0,0,0.9999998807907104,0,0.9997624754905701
8374,9,9,0.9999085664749146,9,0.7352026104927063
8375,7,7,0.8238345384597778,7,0.9437016248703003
8376,1,1,0.9473057985305786,1,0.7957688570022583
8377,6,6,0.999993085861206,6,0.9999727010726929
8378,4,4,0.9997618794441223,4,0.9634242057800293
8379,3,3,0.9999569654464722,3,0.9998995065689087
8380,6,6,1.0,6,0.9999984502792358
8381,2,2,0.9999955892562866,2,0.9998015761375427
8382,0,0,0.9970954656600952,8,0.8117949366569519
8383,9,9,0.9999984502792358,9,0.9729827642440796
8384,8,8,1.0,8,0.9999998807907104
8385,6,6,0.9999994039535522,6,0.9999791383743286
8386,5,5,1.0,5,0.9999994039535522
8387,7,7,0.9999061822891235,7,0.9999321699142456
8388,0,0,0.9999991655349731,0,0.99992835521698
8389,0,0,0.9999881982803345,0,0.9997478127479553
8390,1,1,0.9995614886283875,1,0.999785840511322
8391,7,7,0.9999756813049316,7,0.9993394017219543
8392,4,4,0.9999667406082153,4,0.9999121427536011
8393,3,3,0.9999977350234985,3,0.9999083280563354
8394,2,2,0.9999992847442627,2,0.9999628067016602
8395,4,4,0.9999982118606567,4,0.9999994039535522
8396,1,1,0.9993896484375,1,0.998757004737854
8397,3,5,0.7440845370292664,3,0.9964499473571777
8398,7,7,0.9997040629386902,7,0.9959269165992737
8399,6,6,0.9999995231628418,6,0.999998927116394
8400,4,4,0.9999769926071167,4,0.9998892545700073
8401,7,7,0.9999986886978149,7,0.9999288320541382
8402,7,7,0.9999994039535522,7,0.999993085861206
8403,7,7,0.9999995231628418,7,0.9999337196350098
8404,9,9,0.999992847442627,9,0.9545187950134277
8405,8,8,0.9999622106552124,8,0.9978293776512146
8406,4,4,0.9998074173927307,4,0.9997250437736511
8407,3,3,0.9999998807907104,3,1.0
8408,8,5,0.8793841600418091,8,0.7805520296096802
8409,2,2,0.9999996423721313,2,0.9999654293060303
8410,8,8,0.9999960660934448,8,0.9981180429458618
8411,3,3,0.9999995231628418,3,0.9993299245834351
8412,5,5,0.9994211196899414,5,0.9995983242988586
8413,8,8,0.9995567202568054,8,0.9994503855705261
8414,0,0,0.9999995231628418,0,0.9997912049293518
8415,5,5,0.9999674558639526,5,0.9997904896736145
8416,4,4,0.9995098114013672,4,0.9999876022338867
8417,7,7,1.0,7,0.9999998807907104
8418,1,1,0.9990100860595703,1,0.9986646175384521
8419,3,3,0.9999985694885254,3,0.9999904632568359
8420,1,1,0.9998012185096741,1,0.9959192872047424
8421,7,7,0.9999914169311523,7,0.9998397827148438
8422,9,9,0.9999645948410034,9,0.9999606609344482
8423,6,6,0.9999988079071045,6,0.9999390840530396
8424,2,2,1.0,2,1.0
8425,0,0,0.9999977350234985,0,0.9999390840530396
8426,9,9,0.9999983310699463,9,0.9998452663421631
8427,1,1,0.9981749057769775,1,0.9948152899742126
8428,7,7,1.0,7,0.9999998807907104
8429,3,3,0.9999998807907104,3,0.9999951124191284
8430,3,3,0.9990586638450623,3,0.9999986886978149
8431,9,9,0.999992847442627,9,0.9997105002403259
8432,1,1,0.9993694424629211,1,0.999772846698761
8433,6,6,1.0,6,0.9999954700469971
8434,4,4,0.9999995231628418,4,0.999996542930603
8435,3,3,0.9999978542327881,3,0.9994638562202454
8436,9,9,0.9998236298561096,9,0.9961792230606079
8437,8,8,1.0,8,0.9999970197677612
8438,2,2,1.0,2,0.9999992847442627
8439,1,1,0.9998745918273926,1,0.996821403503418
8440,8,8,0.9999998807907104,8,1.0
8441,6,6,0.9999992847442627,6,0.9999990463256836
8442,4,4,0.9981980919837952,4,0.9996148347854614
8443,1,1,0.9998377561569214,1,0.9978296160697937
8444,5,5,0.9999948740005493,5,0.9987150430679321
8445,5,5,1.0,5,0.9999371767044067
8446,6,6,1.0,6,0.9999997615814209
8447,5,5,1.0,5,0.9999998807907104
8448,0,0,0.9999963045120239,0,0.9999995231628418
8449,1,1,0.9999967813491821,1,0.9958999752998352
8450,2,2,1.0,2,0.9999998807907104
8451,3,3,0.9999991655349731,3,0.9999991655349731
8452,4,4,0.9999992847442627,4,0.9999996423721313
8453,5,5,0.9969024062156677,5,0.9999655485153198
8454,6,6,1.0,6,1.0
8455,7,7,1.0,7,0.9999462366104126
8456,8,8,0.9999969005584717,8,0.9999871253967285
8457,9,9,0.9999990463256836,9,0.9999899864196777
8458,0,0,1.0,0,0.9999940395355225
8459,1,1,0.9998378753662109,1,0.9818896055221558
8460,2,2,1.0,2,0.9999997615814209
8461,3,3,0.9999998807907104,3,0.9999971389770508
8462,4,4,0.9999997615814209,4,0.9999889135360718
8463,5,5,0.9999954700469971,5,0.9999556541442871
8464,6,6,1.0,6,0.9997676014900208
8465,7,7,0.9535863995552063,7,0.9926268458366394
8466,8,8,0.9999998807907104,8,0.9999887943267822
8467,9,9,0.9998565912246704,9,0.9999725818634033
8468,0,0,0.9999997615814209,0,0.9999980926513672
8469,1,1,0.9975394010543823,1,0.6896786689758301
8470,2,2,1.0,2,0.999950647354126
8471,3,3,1.0,3,0.9999947547912598
8472,4,4,0.9997974038124084,4,0.999971866607666
8473,5,5,0.9999960660934448,5,0.9999977350234985
8474,6,6,1.0,6,0.9999805688858032
8475,7,7,0.9999977350234985,7,0.9994391798973083
8476,8,8,0.9999856948852539,8,0.9999985694885254
8477,9,9,0.9999854564666748,9,0.9998039603233337
8478,6,6,0.9999998807907104,6,0.9999921321868896
8479,9,9,0.996118426322937,9,0.9953256845474243
8480,7,7,0.9999994039535522,7,0.9999933242797852
8481,0,0,1.0,0,1.0
8482,2,2,1.0,2,0.9999302625656128
8483,3,3,1.0,3,0.9999909400939941
8484,4,4,0.9999998807907104,4,0.999964714050293
8485,3,3,0.9999983310699463,3,0.9996455907821655
8486,8,8,0.9999984502792358,8,0.9995599389076233
8487,5,5,0.999984622001648,5,0.9999984502792358
8488,1,1,0.9995286464691162,1,0.9348339438438416
8489,3,3,0.9999992847442627,3,0.9999879598617554
8490,0,0,1.0,0,0.9998871088027954
8491,1,1,0.9960024952888489,1,0.648026168346405
8492,2,2,0.9999806880950928,2,0.9999895095825195
8493,1,1,0.9997349381446838,1,0.9135929942131042
8494,3,3,0.9999988079071045,3,0.999957799911499
8495,2,2,0.99991774559021,2,0.99497389793396
8496,0,0,1.0,0,0.999998927116394
8497,7,7,0.8316799998283386,7,0.9481282234191895
8498,2,2,0.9979301691055298,2,0.9986695051193237
8499,6,6,1.0,6,0.9999938011169434
8500,4,4,1.0,4,0.9999997615814209
8501,0,0,0.9999979734420776,0,0.9998551607131958
8502,5,5,0.9951484799385071,5,0.9773917198181152
8503,9,9,0.9982237219810486,9,0.9227460622787476
8504,9,9,0.9899073839187622,9,0.9552636742591858
8505,8,8,0.9998815059661865,8,0.9999942779541016
8506,9,9,0.998458743095398,9,0.9890360236167908
8507,5,5,0.9999158382415771,5,0.9999144077301025
8508,3,3,0.9777176380157471,3,0.9982953667640686
8509,1,1,0.9989662170410156,8,0.7838082909584045
8510,7,7,0.9436216950416565,7,0.9559677243232727
8511,4,4,0.999505877494812,4,0.9999696016311646
8512,7,7,0.9987152814865112,7,0.9973796606063843
8513,0,0,1.0,0,0.9999673366546631
8514,0,0,1.0,0,0.9999992847442627
8515,6,6,0.9999979734420776,6,0.9999514818191528
8516,6,6,1.0,6,0.9998207688331604
8517,6,6,1.0,6,0.9996032118797302
8518,3,3,1.0,3,0.9999957084655762
8519,7,7,0.6364576816558838,7,0.825437068939209
8520,4,4,0.6965501308441162,4,0.9945928454399109
8521,2,2,0.9999926090240479,2,0.9996682405471802
8522,8,8,0.9999092817306519,8,0.999593198299408
8523,9,9,0.8951024413108826,9,0.9790589213371277
8524,8,8,0.9999983310699463,8,0.9999675750732422
8525,7,7,0.985463559627533,7,0.9975730776786804
8526,1,1,0.999945878982544,1,0.9747068881988525
8527,4,4,0.994554877281189,4,0.9507559537887573
8528,0,0,1.0,0,0.9999995231628418
8529,4,4,1.0,4,0.9999984502792358
8530,8,8,0.9999983310699463,8,0.9996182918548584
8531,5,5,0.9997320771217346,5,0.999769389629364
8532,2,2,0.9999977350234985,2,0.9998075366020203
8533,3,3,1.0,3,0.9999997615814209
8534,9,9,0.9969171285629272,9,0.9990056157112122
8535,0,0,1.0,0,0.9999998807907104
8536,1,1,0.9999217987060547,1,0.9730892181396484
8537,9,9,0.9969348907470703,9,0.9966328740119934
8538,1,1,0.9996477365493774,1,0.9367957711219788
8539,5,5,0.9999998807907104,5,0.9999990463256836
8540,1,1,0.9995361566543579,1,0.9733072519302368
8541,7,7,0.903740406036377,7,0.9294315576553345
8542,6,6,0.9342305064201355,6,0.9963138699531555
8543,1,1,0.9997957348823547,1,0.9927934408187866
8544,2,2,1.0,2,0.9999865293502808
8545,1,1,0.9999164342880249,1,0.9953813552856445
8546,6,6,0.9994775652885437,6,0.9998898506164551
8547,8,8,1.0,8,0.9999995231628418
8548,0,0,0.9999990463256836,0,0.9999995231628418
8549,1,1,0.9999741315841675,1,0.9474504590034485
8550,2,2,0.9999997615814209,2,0.9999923706054688
8551,3,3,1.0,3,0.9999998807907104
8552,4,4,1.0,4,0.9999986886978149
8553,5,5,0.9999991655349731,5,0.9998725652694702
8554,6,6,0.9999991655349731,6,0.9999991655349731
8555,7,7,0.9999998807907104,7,0.9999982118606567
8556,8,8,0.9999983310699463,8,0.999993085861206
8557,9,9,0.9994543194770813,9,0.9999517202377319
8558,0,0,0.9997870326042175,0,0.9999122619628906
8559,1,1,0.9999463558197021,1,0.9989369511604309
8560,2,2,1.0,2,0.9999997615814209
8561,3,3,1.0,3,0.999996542930603
8562,4,4,1.0,4,0.9999982118606567
8563,5,5,1.0,5,0.9999955892562866
8564,6,6,0.9998685121536255,6,0.9999430179595947
8565,7,7,0.995881199836731,7,0.9938721656799316
8566,8,8,0.9999996423721313,8,0.9999570846557617
8567,0,0,0.9999966621398926,0,0.9999998807907104
8568,1,1,0.9999986886978149,1,0.9983680844306946
8569,2,2,1.0,2,1.0
8570,3,3,0.9999997615814209,3,0.9999996423721313
8571,5,5,0.9999994039535522,5,0.9999663829803467
8572,6,6,1.0,6,0.9999974966049194
8573,7,7,0.9999998807907104,7,0.9999988079071045
8574,8,8,0.9999998807907104,8,0.999998927116394
8575,1,1,0.999969482421875,1,0.9824914336204529
8576,0,0,0.9999997615814209,0,0.9999806880950928
8577,4,4,0.9999997615814209,4,0.9999005794525146
8578,5,5,0.9999967813491821,5,0.9999794960021973
8579,6,6,0.9999936819076538,6,0.9999997615814209
8580,6,6,0.9999836683273315,6,0.999666690826416
8581,3,3,0.9999984502792358,3,0.999996542930603
8582,4,4,1.0,4,0.9999979734420776
8583,4,4,0.9999924898147583,4,0.9999337196350098
8584,2,2,0.999996542930603,2,0.999660849571228
8585,8,8,0.9999998807907104,8,0.9999966621398926
8586,1,1,0.9999935626983643,1,0.9992426633834839
8587,0,0,0.9999994039535522,0,0.9999954700469971
8588,6,6,0.9999982118606567,6,0.9999998807907104
8589,4,4,1.0,4,0.9999994039535522
8590,9,9,0.9991738200187683,9,0.9971666932106018
8591,7,7,0.9997746348381042,7,0.9974318146705627
8592,2,2,1.0,2,0.9999895095825195
8593,9,9,0.9927050471305847,9,0.9801498055458069
8594,2,2,0.9999998807907104,2,0.9994749426841736
8595,0,0,1.0,0,0.9999966621398926
8596,9,9,0.921360194683075,9,0.9989319443702698
8597,3,3,0.9999985694885254,3,0.9999598264694214
8598,3,3,0.9999996423721313,3,0.9999920129776001
8599,9,9,0.999550998210907,9,0.9991831183433533
8600,1,1,0.9996383190155029,1,0.9595834016799927
8601,5,5,0.9999995231628418,5,0.9999971389770508
8602,2,2,1.0,2,0.9999722242355347
8603,3,3,0.9999736547470093,3,0.9999526739120483
8604,1,1,0.9988405108451843,1,0.9799505472183228
8605,6,6,0.9999216794967651,6,0.999983549118042
8606,7,7,0.9995304346084595,7,0.999306321144104
8607,3,3,0.9993771910667419,3,0.997669517993927
8608,7,7,0.9984012246131897,7,0.9950805902481079
8609,8,8,1.0,8,0.9999933242797852
8610,4,4,0.9999997615814209,4,0.9999122619628906
8611,0,0,0.9999971389770508,0,0.9999498128890991
8612,2,2,1.0,2,0.9999990463256836
8613,4,4,1.0,4,0.9999982118606567
8614,0,0,0.9999802112579346,0,0.9997493624687195
8615,2,2,0.9999998807907104,2,0.9997197985649109
8616,4,4,0.9992252588272095,4,0.9987145662307739
8617,7,7,0.9999992847442627,7,0.9998410940170288
8618,8,8,0.9999991655349731,8,0.9999936819076538
8619,0,0,0.9999998807907104,0,0.9999982118606567
8620,7,7,0.9999995231628418,7,0.999778687953949
8621,0,0,0.9999984502792358,0,0.9999920129776001
8622,6,6,0.9998389482498169,6,0.9999843835830688
8623,9,9,0.99859219789505,9,0.9934563040733337
8624,3,3,0.9995995163917542,3,0.9999865293502808
8625,2,2,1.0,2,0.9999995231628418
8626,4,4,1.0,4,0.9999566078186035
8627,8,8,0.9999988079071045,8,0.99997878074646
8628,6,6,0.9993748068809509,6,0.9990328550338745
8629,0,0,0.9999979734420776,0,0.9999433755874634
8630,5,5,1.0,5,0.9999997615814209
8631,7,7,0.999997615814209,7,0.9998102784156799
8632,5,5,0.9999997615814209,5,0.9999305009841919
8633,1,1,0.9997101426124573,1,0.9585235714912415
8634,0,0,0.9999990463256836,0,0.999733030796051
8635,8,8,0.9999942779541016,8,0.9999154806137085
8636,1,1,0.9999810457229614,1,0.9844231009483337
8637,6,6,0.9996470212936401,6,0.9999910593032837
8638,7,7,0.9999992847442627,7,0.9999417066574097
8639,2,2,0.9999998807907104,2,0.9996252059936523
8640,9,9,0.9982934594154358,9,0.9886137247085571
8641,7,7,0.9999960660934448,7,0.999616265296936
8642,9,9,0.9999022483825684,9,0.9994373917579651
8643,5,5,1.0,5,0.9999982118606567
8644,6,6,0.9999914169311523,6,0.9999855756759644
8645,5,5,0.9999980926513672,5,0.9999942779541016
8646,2,2,1.0,2,0.9999996423721313
8647,6,6,0.9999421834945679,6,0.9999395608901978
8648,2,2,1.0,2,0.9999992847442627
8649,8,8,0.9999994039535522,8,0.9999755620956421
8650,1,1,0.9982465505599976,1,0.9364819526672363
8651,7,7,0.9999990463256836,7,0.9999226331710815
8652,5,5,0.9999998807907104,5,0.9999915361404419
8653,5,5,0.9855260848999023,5,0.9857903718948364
8654,7,7,0.999953031539917,7,0.9991053938865662
8655,3,3,0.9999994039535522,3,0.9999996423721313
8656,5,5,0.999955415725708,5,0.99997878074646
8657,0,0,1.0,0,0.999998927116394
8658,1,1,0.9998776912689209,1,0.990388810634613
8659,1,1,0.9999957084655762,1,0.9884670972824097
8660,3,3,1.0,3,0.9999998807907104
8661,8,8,0.9999997615814209,8,0.9999473094940186
8662,4,4,0.9999998807907104,4,0.9999551773071289
8663,9,9,0.9998613595962524,9,0.9981721639633179
8664,4,4,0.9999840259552002,4,0.9955512285232544
8665,5,5,0.9999951124191284,5,0.9998196959495544
8666,1,1,0.9998534917831421,1,0.9917399883270264
8667,8,8,0.9999997615814209,8,0.9999620914459229
8668,6,6,1.0,6,0.9999997615814209
8669,8,8,1.0,8,0.9999982118606567
8670,9,9,0.9999992847442627,9,0.9991249442100525
8671,0,0,0.9999916553497314,0,0.9999971389770508
8672,1,1,0.999927282333374,1,0.9989783763885498
8673,2,2,0.9999885559082031,2,0.9978960752487183
8674,3,3,0.9998941421508789,3,0.9990202188491821
8675,4,4,1.0,4,0.9999998807907104
8676,5,5,1.0,5,0.9999915361404419
8677,6,6,0.9999998807907104,6,0.9999897480010986
8678,7,7,0.9999969005584717,7,0.9998292922973633
8679,8,8,0.9996738433837891,8,0.9987394213676453
8680,9,9,0.9999523162841797,9,0.9834054708480835
8681,0,0,0.9999755620956421,0,0.9999945163726807
8682,1,1,0.999958872795105,1,0.9992163181304932
8683,2,2,0.9999994039535522,2,0.9995730519294739
8684,3,3,0.9999994039535522,3,0.9999927282333374
8685,4,4,1.0,4,1.0
8686,5,5,0.9999992847442627,5,0.9999147653579712
8687,6,6,0.9999998807907104,6,0.9999924898147583
8688,7,7,0.9999535083770752,7,0.9997813105583191
8689,8,8,0.9999991655349731,8,0.9999843835830688
8690,9,9,0.9992393255233765,9,0.9804856777191162
8691,0,0,0.9999288320541382,0,0.9999790191650391
8692,1,1,0.9997953772544861,1,0.9993384480476379
8693,2,2,0.9999998807907104,2,0.9999721050262451
8694,3,3,0.9999996423721313,3,0.999980092048645
8695,4,4,0.9999996423721313,4,0.999996542930603
8696,5,5,1.0,5,0.9999997615814209
8697,6,6,1.0,6,0.9999986886978149
8698,7,7,0.9999955892562866,7,0.9992818236351013
8699,8,8,0.9999991655349731,8,0.9999334812164307
8700,9,9,0.9853089451789856,9,0.9889812469482422
8701,3,3,0.9999997615814209,3,0.999997615814209
8702,5,5,0.9999990463256836,5,0.9999727010726929
8703,3,3,0.9999802112579346,3,0.9998307228088379
8704,2,2,0.9999938011169434,2,0.9992274045944214
8705,9,9,0.9989935755729675,9,0.9939305782318115
8706,3,3,0.9999998807907104,3,0.9999910593032837
8707,2,2,1.0,2,0.9999977350234985
8708,1,1,0.999941349029541,1,0.9997184872627258
8709,4,4,0.9999996423721313,4,0.9999979734420776
8710,5,5,0.9999802112579346,5,0.9963198900222778
8711,5,5,0.9999761581420898,5,0.9999169111251831
8712,2,2,0.9999890327453613,2,0.999983549118042
8713,3,3,0.9999953508377075,3,0.9999762773513794
8714,2,2,0.999996542930603,2,0.9998069405555725
8715,1,1,0.9998424053192139,1,0.9966073036193848
8716,3,3,0.9999994039535522,3,0.9999997615814209
8717,9,9,0.9979210495948792,9,0.8921645879745483
8718,7,7,0.9995449185371399,7,0.999642014503479
8719,2,2,0.9999998807907104,2,0.999997615814209
8720,1,1,0.9996205568313599,1,0.9990398287773132
8721,2,2,0.9999972581863403,2,0.9973776340484619
8722,8,8,0.9997374415397644,8,0.9998038411140442
8723,9,9,0.9904139637947083,9,0.9372227191925049
8724,1,1,0.9998699426651001,1,0.9985018968582153
8725,8,8,0.9999771118164062,8,0.9999308586120605
8726,8,8,0.9999971389770508,8,0.9999351501464844
8727,7,7,0.9999537467956543,7,0.9975125789642334
8728,8,8,0.9999905824661255,8,0.9999903440475464
8729,1,1,0.9993358254432678,1,0.9996966123580933
8730,0,0,0.9999996423721313,0,0.9999994039535522
8731,0,0,0.9999996423721313,0,0.9999994039535522
8732,6,6,0.9999995231628418,6,0.9999988079071045
8733,7,7,0.9999908208847046,7,0.9960069060325623
8734,7,7,0.9999998807907104,7,0.9999837875366211
8735,8,8,0.9999080896377563,8,0.9997672438621521
8736,7,7,0.9992513060569763,7,0.9922669529914856
8737,5,5,1.0,5,0.9999984502792358
8738,0,0,0.9997815489768982,0,0.9997746348381042
8739,6,6,1.0,6,0.9999997615814209
8740,1,1,0.9997636675834656,1,0.9923796653747559
8741,5,5,0.9999971389770508,5,0.9996540546417236
8742,7,7,0.9975677132606506,7,0.9962886571884155
8743,4,4,1.0,4,0.9999998807907104
8744,6,6,0.999990701675415,6,0.9996520280838013
8745,1,1,0.9997417330741882,1,0.9978703260421753
8746,2,2,1.0,2,0.9999973773956299
8747,5,5,0.9999996423721313,5,0.9999837875366211
8748,0,0,0.9999939203262329,0,0.9999877214431763
8749,7,7,0.9999728202819824,7,0.9993718266487122
8750,9,9,0.9997015595436096,9,0.9893938302993774
8751,9,9,0.9998762607574463,9,0.9918809533119202
8752,0,0,0.9999960660934448,0,0.9994502663612366
8753,3,3,0.9999996423721313,3,0.9999871253967285
8754,4,4,0.9999998807907104,4,0.9999997615814209
8755,4,4,1.0,4,1.0
8756,8,8,0.9998186230659485,8,0.9998626708984375
8757,4,4,1.0,4,1.0
8758,1,1,0.9998834133148193,1,0.9994522929191589
8759,8,8,0.9999551773071289,8,0.9982748031616211
8760,6,6,1.0,6,0.9999985694885254
8761,5,5,1.0,5,0.9999920129776001
8762,9,9,0.9980564117431641,9,0.9975113868713379
8763,0,0,0.9999498128890991,0,0.9999935626983643
8764,0,0,0.999995231628418,0,0.9999972581863403
8765,0,0,0.9999908208847046,0,0.9999982118606567
8766,3,3,1.0,3,0.9999926090240479
8767,7,7,0.9999996423721313,7,0.999995231628418
8768,1,1,0.99985671043396,1,0.9997969269752502
8769,6,6,0.9999904632568359,6,0.9998422861099243
8770,4,4,1.0,4,0.9999902248382568
8771,6,6,0.9999998807907104,6,0.999813973903656
8772,0,0,0.9999995231628418,0,0.9999935626983643
8773,4,4,0.9999996423721313,4,0.9999998807907104
8774,5,5,0.9999996423721313,5,0.9999979734420776
8775,4,4,0.9999908208847046,4,0.9999927282333374
8776,1,1,0.9993926286697388,1,0.9995148181915283
8777,3,3,1.0,3,0.9999958276748657
8778,8,8,0.9999383687973022,8,0.9999667406082153
8779,6,6,1.0,6,0.9999974966049194
8780,3,3,1.0,3,0.9999973773956299
8781,9,9,0.9864939451217651,9,0.961879312992096
8782,9,9,0.9990160465240479,9,0.9258341193199158
8783,5,5,0.9999997615814209,5,0.9999998807907104
8784,9,9,0.9999433755874634,9,0.9906156063079834
8785,3,3,0.9999997615814209,3,0.999987006187439
8786,7,7,0.9999998807907104,7,0.999996542930603
8787,8,8,0.999983549118042,8,0.9975507855415344
8788,5,5,0.9996433258056641,5,0.9999066591262817
8789,6,6,0.9999996423721313,6,0.9999997615814209
8790,4,4,0.9999995231628418,4,0.9999996423721313
8791,7,7,0.9999983310699463,7,0.9998993873596191
8792,6,6,0.9999995231628418,6,0.9999957084655762
8793,2,2,0.9999998807907104,2,0.9972604513168335
8794,2,2,1.0,2,0.9999911785125732
8795,0,0,0.999977707862854,0,0.9999488592147827
8796,9,9,0.9999432563781738,9,0.9987233281135559
8797,4,4,0.9999997615814209,4,0.9999995231628418
8798,0,0,0.9999998807907104,0,0.9999990463256836
8799,1,1,0.9997056126594543,1,0.9994778037071228
8800,2,2,1.0,2,1.0
8801,3,3,0.9999995231628418,3,1.0
8802,4,4,0.9999995231628418,4,0.9999998807907104
8803,5,5,1.0,5,0.9999998807907104
8804,6,6,0.9997562766075134,6,0.9999921321868896
8805,7,7,0.9999772310256958,7,0.9977667331695557
8806,8,8,0.9999884366989136,8,0.9998334646224976
8807,9,9,0.9987857937812805,9,0.914738655090332
8808,0,0,0.999997615814209,0,0.9999986886978149
8809,1,1,0.9988765120506287,1,0.9999096393585205
8810,2,2,0.9999998807907104,2,0.9999926090240479
8811,3,3,1.0,3,1.0
8812,4,4,0.9999808073043823,4,0.9999945163726807
8813,5,5,1.0,5,0.9999996423721313
8814,6,6,0.9999940395355225,6,0.9999889135360718
8815,7,7,0.9999991655349731,7,0.9998946189880371
8816,8,8,0.998404324054718,8,0.9960153698921204
8817,9,9,0.9999477863311768,9,0.9943496584892273
8818,0,0,0.9999734163284302,0,0.9999973773956299
8819,1,1,0.9995361566543579,1,0.9999268054962158
8820,2,2,1.0,2,0.9999973773956299
8821,3,3,0.9999417066574097,3,0.9999946355819702
8822,4,4,1.0,4,0.9999996423721313
8823,5,5,1.0,5,0.999980092048645
8824,6,6,1.0,6,0.9999998807907104
8825,7,7,0.9999372959136963,7,0.9994482398033142
8826,8,8,0.9999988079071045,8,0.9999910593032837
8827,9,9,0.9981335997581482,9,0.9640689492225647
8828,6,6,1.0,6,0.9999995231628418
8829,4,4,0.9999998807907104,4,0.9999929666519165
8830,2,2,1.0,2,0.9999982118606567
8831,6,6,0.9999988079071045,6,0.9999945163726807
8832,4,4,0.9999979734420776,4,1.0
8833,7,7,0.9999487400054932,7,0.9972684383392334
8834,5,5,1.0,5,0.9999988079071045
8835,5,5,0.9999998807907104,5,0.9999992847442627
8836,4,4,0.9999998807907104,4,0.9999998807907104
8837,7,7,0.9999991655349731,7,0.9996563196182251
8838,2,2,1.0,2,1.0
8839,9,9,0.9992140531539917,9,0.9943673014640808
8840,3,3,1.0,3,0.9999997615814209
8841,9,9,0.9999997615814209,9,0.999376118183136
8842,3,3,0.9999699592590332,3,0.9999994039535522
8843,8,8,0.9999992847442627,8,0.9999985694885254
8844,2,2,1.0,2,1.0
8845,0,0,0.9999967813491821,0,0.9999724626541138
8846,9,9,0.9925084710121155,9,0.985883891582489
8847,5,5,0.9758101105690002,5,0.9991987347602844
8848,6,6,0.999962568283081,6,0.9996448755264282
8849,0,0,1.0,0,0.999996542930603
8850,1,1,0.9997815489768982,1,0.9958752989768982
8851,0,0,0.9999129772186279,0,0.999972939491272
8852,6,6,1.0,6,0.9999990463256836
8853,5,5,0.9999631643295288,5,0.9998038411140442
8854,3,3,1.0,3,1.0
8855,5,5,1.0,5,0.9999998807907104
8856,3,3,1.0,3,1.0
8857,8,8,0.9999998807907104,8,0.9999940395355225
8858,0,0,0.9999973773956299,0,0.9999994039535522
8859,0,0,1.0,0,0.9999432563781738
8860,3,3,1.0,3,1.0
8861,4,4,0.9999972581863403,4,0.9999980926513672
8862,1,1,0.999133288860321,1,0.998993456363678
8863,5,5,0.9999439716339111,5,0.9999929666519165
8864,3,3,0.9999985694885254,3,0.9999934434890747
8865,0,0,0.9999991655349731,0,0.9999982118606567
8866,8,8,0.9999990463256836,8,0.9999654293060303
8867,3,3,1.0,3,0.9999995231628418
8868,0,0,1.0,0,0.9999938011169434
8869,6,6,0.9999959468841553,6,0.999915599822998
8870,2,2,1.0,2,0.9999996423721313
8871,7,7,1.0,7,0.9999769926071167
8872,8,8,0.9999992847442627,8,0.9999992847442627
8873,1,1,0.9992988109588623,1,0.9932007193565369
8874,7,7,0.9999977350234985,7,0.999680757522583
8875,1,1,0.9985508322715759,1,0.9995433688163757
8876,3,3,0.9999998807907104,3,0.9999991655349731
8877,8,8,1.0,8,0.9999980926513672
8878,5,5,1.0,5,0.9999948740005493
8879,4,4,1.0,4,0.9999996423721313
8880,2,2,1.0,2,0.9999988079071045
8881,0,0,0.9999873638153076,0,0.9999936819076538
8882,9,9,0.9825407862663269,9,0.8937751650810242
8883,7,7,1.0,7,0.9999957084655762
8884,6,6,0.9999996423721313,6,0.9999996423721313
8885,7,7,0.9999943971633911,7,0.9999736547470093
8886,4,4,0.9999996423721313,4,0.9999992847442627
8887,1,1,0.9988310933113098,1,0.9999030828475952
8888,6,6,0.9999998807907104,6,0.9999996423721313
8889,2,2,0.9999792575836182,2,0.9992606043815613
8890,6,6,0.9999912977218628,6,0.9997270703315735
8891,7,7,0.9999881982803345,7,0.9999774694442749
8892,1,1,0.9992146492004395,1,0.9996452331542969
8893,9,9,0.9999499320983887,9,0.9994509816169739
8894,8,8,1.0,8,0.9999977350234985
8895,0,0,0.9999895095825195,0,0.9999841451644897
8896,6,6,0.99997878074646,6,0.9999314546585083
8897,9,9,0.9832109212875366,9,0.9083003401756287
8898,4,4,1.0,4,0.9999985694885254
8899,9,9,0.9999951124191284,9,0.9995726943016052
8900,9,9,0.9987693428993225,9,0.958313524723053
8901,6,6,0.9999871253967285,6,0.9999443292617798
8902,2,2,1.0,2,0.9999890327453613
8903,3,3,0.9999992847442627,3,1.0
8904,7,7,0.9999997615814209,7,0.999996542930603
8905,1,1,0.9969358444213867,1,0.9997289776802063
8906,9,9,0.989375114440918,9,0.7771514654159546
8907,2,2,1.0,2,0.9999992847442627
8908,2,2,0.9999982118606567,2,0.9998586177825928
8909,5,5,1.0,5,0.9999998807907104
8910,3,3,0.9999998807907104,3,0.9999994039535522
8911,7,7,0.9999469518661499,7,0.9999167919158936
8912,8,8,0.9999740123748779,8,0.9999451637268066
8913,0,0,0.9997255206108093,0,0.9995416402816772
8914,1,1,0.9999840259552002,1,0.9998815059661865
8915,2,2,1.0,2,0.9999890327453613
8916,3,3,1.0,3,0.9999997615814209
8917,4,4,1.0,4,0.9999845027923584
8918,7,7,0.9999529123306274,7,0.9999912977218628
8919,8,8,1.0,8,0.9999995231628418
8920,9,9,0.999783456325531,9,0.9999548196792603
8921,0,0,0.9999537467956543,0,0.9999926090240479
8922,1,1,0.9999392032623291,1,0.9996612071990967
8923,2,2,0.9999994039535522,2,0.9996267557144165
8924,3,3,0.9999991655349731,3,0.9999994039535522
8925,4,4,1.0,4,0.9999997615814209
8926,7,7,0.9999998807907104,7,0.9999998807907104
8927,8,8,0.9999992847442627,8,0.9999986886978149
8928,9,9,0.9999340772628784,9,0.9994719624519348
8929,0,0,0.999994158744812,0,0.9999947547912598
8930,1,1,0.999484658241272,1,0.9998495578765869
8931,7,7,0.9999998807907104,7,0.9999961853027344
8932,8,8,0.9999996423721313,8,0.9999946355819702
8933,9,9,0.9999077320098877,9,0.9983853101730347
8934,8,8,0.9999986886978149,8,0.999997615814209
8935,9,9,0.9999819993972778,9,0.9999240636825562
8936,2,2,1.0,2,0.9999969005584717
8937,6,6,0.9999996423721313,6,1.0
8938,1,1,0.9981191754341125,1,0.9997085928916931
8939,3,3,0.9999880790710449,3,0.999998927116394
8940,5,5,0.9999998807907104,5,0.9999985694885254
8941,4,4,1.0,4,0.9999876022338867
8942,8,8,0.9994832277297974,8,0.9999785423278809
8943,2,2,0.9999984502792358,2,0.9996814727783203
8944,6,6,0.999992847442627,6,0.9998164772987366
8945,4,4,0.9999998807907104,4,0.9999986886978149
8946,3,3,0.9999662637710571,3,0.9999984502792358
8947,4,4,1.0,4,0.9999991655349731
8948,5,5,0.9994354844093323,5,0.999687671661377
8949,9,9,0.9999887943267822,9,0.9992967844009399
8950,2,2,0.9999969005584717,2,0.9999929666519165
8951,0,0,0.99992835521698,0,0.9998090863227844
8952,3,3,0.9999412298202515,3,0.9998047947883606
8953,9,9,0.998609185218811,9,0.9961523413658142
8954,4,4,0.9999997615814209,4,0.9999967813491821
8955,9,9,0.9999645948410034,9,0.9997592568397522
8956,7,7,0.9998724460601807,7,0.99954754114151
8957,3,3,0.9999594688415527,3,0.9999980926513672
8958,8,8,0.9998931884765625,8,0.999983549118042
8959,7,7,0.9999997615814209,7,0.9999995231628418
8960,4,4,1.0,4,1.0
8961,4,4,1.0,4,0.9999951124191284
8962,9,9,0.9996832609176636,9,0.9987090826034546
8963,8,8,0.9996906518936157,8,0.9998020529747009
8964,5,5,0.9999995231628418,5,0.9999785423278809
8965,8,8,1.0,8,0.9999994039535522
8966,2,2,1.0,2,0.9999996423721313
8967,6,6,0.9999982118606567,6,0.999964714050293
8968,6,6,1.0,6,0.9999998807907104
8969,2,2,1.0,2,0.9999997615814209
8970,3,3,1.0,3,1.0
8971,1,1,0.9999755620956421,1,0.9997544884681702
8972,3,3,0.9999991655349731,3,0.9999995231628418
8973,2,2,1.0,2,0.9999828338623047
8974,7,7,0.9999997615814209,7,0.9999998807907104
8975,3,3,0.999957799911499,3,0.9999809265136719
8976,1,1,0.9999639987945557,1,0.999822199344635
8977,9,9,0.9997841715812683,9,0.9995306730270386
8978,0,0,0.9999998807907104,0,0.9999967813491821
8979,1,1,0.9999986886978149,1,0.9999709129333496
8980,1,1,0.9998726844787598,1,0.9997197985649109
8981,3,3,0.9999994039535522,3,0.9999754428863525
8982,5,5,0.9994271993637085,5,0.9983068704605103
8983,0,0,0.9999996423721313,0,0.999943733215332
8984,7,7,0.9999982118606567,7,0.9999752044677734
8985,8,8,0.9999997615814209,8,0.9999990463256836
8986,1,1,0.9986164569854736,1,0.9999102354049683
8987,5,5,1.0,5,0.9999995231628418
8988,1,1,0.9999011754989624,1,0.9998711347579956
8989,4,4,1.0,4,0.9999997615814209
8990,6,6,1.0,6,0.9999994039535522
8991,0,0,0.9999995231628418,0,0.9999961853027344
8992,0,0,0.9999998807907104,0,0.9999996423721313
8993,4,4,0.9999948740005493,4,0.9999918937683105
8994,9,9,0.9998942613601685,9,0.9989946484565735
8995,1,1,0.9998169541358948,1,0.9999344348907471
8996,6,6,1.0,6,0.9999971389770508
8997,6,6,1.0,6,0.9999998807907104
8998,9,9,0.9993748068809509,9,0.9976180195808411
8999,0,0,1.0,0,0.999967098236084
9000,7,7,0.9999923706054688,7,0.9999960660934448
9001,6,6,1.0,6,0.9999997615814209
9002,1,1,0.9999959468841553,1,0.9985343217849731
9003,1,1,0.9999960660934448,1,0.9996966123580933
9004,0,0,0.9999911785125732,0,0.9999247789382935
9005,1,1,0.9999799728393555,1,0.9998067021369934
9006,2,2,0.9970917701721191,2,0.9992475509643555
9007,3,3,1.0,3,0.9999988079071045
9008,4,4,0.9999990463256836,4,0.99998939037323
9009,7,7,0.9885203242301941,7,0.9825960397720337
9010,2,2,0.8953321576118469,2,0.999445378780365
9011,3,3,0.9999998807907104,3,0.9999992847442627
9012,4,4,0.9998852014541626,4,0.999446451663971
9013,5,5,0.9999979734420776,5,0.999847412109375
9014,6,6,0.9999997615814209,6,0.9984849095344543
9015,7,2,0.7417316436767578,7,0.7683563232421875
9016,0,0,0.9963935017585754,0,0.9977133274078369
9017,1,1,0.999957799911499,1,0.9999352693557739
9018,2,2,0.9999520778656006,2,0.9995055198669434
9019,7,7,0.5523394346237183,7,0.9907643795013428
9020,8,8,0.9995192289352417,8,0.9999731779098511
9021,6,6,1.0,6,0.9999979734420776
9022,3,3,0.9999439716339111,3,0.9999969005584717
9023,9,9,0.9999964237213135,9,0.9975989460945129
9024,7,7,0.9970627427101135,7,0.9995808005332947
9025,1,1,0.9976709485054016,1,0.9924874305725098
9026,9,9,0.9824414849281311,9,0.99815434217453
9027,3,3,1.0,3,0.9999990463256836
9028,9,9,0.999686598777771,9,0.9994551539421082
9029,6,6,1.0,6,0.9997902512550354
9030,1,1,0.9997069239616394,1,0.9998072981834412
9031,7,7,0.9990224838256836,7,0.9999270439147949
9032,2,2,0.995274007320404,2,0.9999476671218872
9033,4,4,0.9999798536300659,4,0.9999797344207764
9034,4,4,0.9999986886978149,4,0.999893069267273
9035,5,5,0.992850661277771,5,0.9998278617858887
9036,7,7,0.6666347980499268,7,0.9982796907424927
9037,0,0,1.0,0,0.9999884366989136
9038,0,0,0.9999676942825317,0,0.9959789514541626
9039,1,1,0.9999063014984131,1,0.9997873902320862
9040,6,6,0.9999997615814209,6,0.999991774559021
9041,6,6,0.9999998807907104,6,0.9999969005584717
9042,8,8,0.999994158744812,8,0.9999988079071045
9043,2,2,0.9999852180480957,2,0.999908447265625
9044,7,2,0.9217795729637146,7,0.9692716598510742
9045,7,7,0.9920725226402283,7,0.9987198114395142
9046,2,2,0.9632455706596375,2,0.9973813891410828
9047,4,4,0.9999057054519653,4,0.9999845027923584
9048,2,2,1.0,2,0.9999936819076538
9049,1,1,0.9999769926071167,1,0.9999547004699707
9050,6,6,0.9999995231628418,6,0.9999680519104004
9051,1,1,0.9292727112770081,1,0.8553717732429504
9052,0,0,0.9999991655349731,0,0.9972896575927734
9053,6,6,1.0,6,0.9999998807907104
9054,9,9,0.9772233963012695,9,0.9823015928268433
9055,8,8,1.0,8,0.9999995231628418
9056,3,3,0.9999996423721313,3,0.9999992847442627
9057,9,9,0.9887697696685791,9,0.9913807511329651
9058,6,6,0.9999998807907104,6,0.9999957084655762
9059,3,3,0.9999998807907104,3,0.9999839067459106
9060,0,0,0.9999995231628418,0,1.0
9061,1,1,0.9999189376831055,1,0.5116564631462097
9062,2,2,0.9983171224594116,2,0.9973492622375488
9063,3,3,0.9999270439147949,3,0.9999841451644897
9064,4,4,0.9999995231628418,4,1.0
9065,5,5,1.0,5,1.0
9066,6,6,1.0,6,0.9998953342437744
9067,7,7,0.9999911785125732,7,0.9999867677688599
9068,8,8,0.99982088804245,8,0.9998433589935303
9069,9,9,0.9955346584320068,9,0.5644260048866272
9070,0,0,0.9999997615814209,0,0.9998730421066284
9071,1,1,0.9992808699607849,1,0.7787302732467651
9072,2,2,0.9999555349349976,2,0.9998531341552734
9073,3,3,0.9999980926513672,3,0.9999921321868896
9074,4,4,0.9999985694885254,4,1.0
9075,5,5,1.0,5,0.9999998807907104
9076,6,6,1.0,6,0.9993458390235901
9077,7,7,1.0,7,0.9999806880950928
9078,8,8,0.9999924898147583,8,0.9999924898147583
9079,9,9,0.9835493564605713,9,0.9931417107582092
9080,0,0,1.0,0,0.9999992847442627
9081,1,1,0.9999257326126099,1,0.9087003469467163
9082,2,2,0.9967177510261536,2,0.9692126512527466
9083,3,3,1.0,3,0.9999996423721313
9084,4,4,0.9995216131210327,4,0.9999967813491821
9085,5,5,0.9999799728393555,5,0.999782383441925
9086,6,6,1.0,6,0.9999983310699463
9087,7,7,1.0,7,0.9999978542327881
9088,8,8,0.9999926090240479,8,0.999974250793457
9089,9,9,0.9978570342063904,9,0.9761840105056763
9090,1,1,0.9999580383300781,1,0.9962977766990662
9091,6,6,1.0,6,0.9999995231628418
9092,8,8,0.9999983310699463,8,0.9997743964195251
9093,9,9,0.997222900390625,9,0.9618174433708191
9094,9,9,0.9997133612632751,9,0.9894235730171204
9095,0,0,1.0,0,0.9999972581863403
9096,1,1,0.9999841451644897,1,0.9500430822372437
9097,2,2,0.9999656677246094,2,0.9998055100440979
9098,4,4,0.9999996423721313,4,0.9999997615814209
9099,4,4,0.9999988079071045,4,1.0
9100,3,3,1.0,3,0.9999990463256836
9101,7,7,1.0,7,0.9999806880950928
9102,4,4,0.9999997615814209,4,0.9999994039535522
9103,4,4,0.9999172687530518,4,0.999903678894043
9104,4,4,0.999993085861206,4,0.9999991655349731
9105,0,0,0.9999994039535522,0,0.9997832179069519
9106,3,3,1.0,3,1.0
9107,8,8,0.9999922513961792,8,0.9999938011169434
9108,7,7,0.999997615814209,7,0.9999990463256836
9109,5,5,1.0,5,1.0
9110,8,8,0.9924347400665283,8,0.995668888092041
9111,2,2,0.9999912977218628,2,0.9999818801879883
9112,1,1,0.999925971031189,1,0.9795366525650024
9113,7,7,0.9999972581863403,7,0.9999978542327881
9114,5,5,1.0,5,0.9999997615814209
9115,3,3,1.0,3,0.9999905824661255
9116,8,8,0.9998663663864136,8,0.9999865293502808
9117,5,5,0.9998354911804199,5,0.9992309808731079
9118,2,2,0.9999537467956543,2,0.999207079410553
9119,5,5,0.999998927116394,5,0.9999996423721313
9120,1,1,0.9999902248382568,1,0.9976400136947632
9121,1,1,0.9993847608566284,1,0.9934061765670776
9122,6,6,1.0,6,0.9999979734420776
9123,2,2,0.9999842643737793,2,0.9996558427810669
9124,1,1,0.9999674558639526,1,0.9968069791793823
9125,3,3,1.0,3,1.0
9126,8,8,0.9996386766433716,8,0.9999291896820068
9127,6,6,0.999967098236084,6,0.9998273253440857
9128,4,4,0.9997511506080627,4,0.999956488609314
9129,2,2,0.9999998807907104,2,0.9999220371246338
9130,6,6,0.9999988079071045,6,0.9978718757629395
9131,2,2,0.9999855756759644,2,0.9999721050262451
9132,5,5,0.9999849796295166,5,0.9999995231628418
9133,5,5,1.0,5,1.0
9134,0,0,0.9999990463256836,0,0.999797523021698
9135,2,2,0.9999985694885254,2,0.9999243021011353
9136,8,8,0.9997473359107971,8,0.9999336004257202
9137,0,0,0.9999904632568359,0,0.9998441934585571
9138,6,6,1.0,6,0.999914288520813
9139,8,8,0.9976970553398132,8,0.9701719284057617
9140,1,1,0.9999890327453613,1,0.9884001016616821
9141,7,7,0.9998377561569214,7,0.9999619722366333
9142,9,9,0.9994114637374878,9,0.9979020357131958
9143,1,1,0.9999374151229858,1,0.9945825934410095
9144,9,9,0.9981911778450012,9,0.9981905817985535
9145,2,2,0.999985933303833,2,0.9996312856674194
9146,6,6,1.0,6,0.9999874830245972
9147,7,7,1.0,7,0.9999978542327881
9148,6,6,0.9999992847442627,6,0.9999661445617676
9149,6,6,0.9999994039535522,6,0.9999849796295166
9150,8,8,0.999876856803894,8,0.9985779523849487
9151,7,7,0.9999988079071045,7,0.9999998807907104
9152,4,4,1.0,4,0.9999995231628418
9153,9,9,0.998521625995636,9,0.9931315779685974
9154,2,2,0.9999972581863403,2,0.999954104423523
9155,1,1,0.9999303817749023,1,0.9908102750778198
9156,3,3,0.9999979734420776,3,0.9999971389770508
9157,3,3,1.0,3,0.9999996423721313
9158,0,0,0.9989930987358093,0,0.9864657521247864
9159,5,5,1.0,5,0.9999996423721313
9160,5,5,0.9999997615814209,5,1.0
9161,8,8,0.9999992847442627,8,0.9998537302017212
9162,0,0,0.9999988079071045,0,0.9997634291648865
9163,3,3,0.9995436072349548,3,0.9999141693115234
9164,7,7,1.0,7,0.9999974966049194
9165,9,9,0.9983267188072205,9,0.9805150032043457
9166,7,7,0.9999996423721313,7,0.9999994039535522
9167,0,0,1.0,0,0.9999970197677612
9168,2,2,0.9894816875457764,2,0.9597831964492798
9169,7,7,0.9999957084655762,7,0.9999843835830688
9170,9,9,0.9521510601043701,9,0.9387865662574768
9171,1,1,0.9999910593032837,1,0.9914621114730835
9172,7,7,0.9997615218162537,7,0.999981164932251
9173,8,8,0.9999395608901978,8,0.9999639987945557
9174,0,0,1.0,0,0.999962329864502
9175,3,3,0.9999994039535522,3,0.9999920129776001
9176,5,5,0.9999775886535645,5,0.9999985694885254
9177,3,3,1.0,3,1.0
9178,6,6,1.0,6,0.999996542930603
9179,0,0,0.9999791383743286,0,0.9999958276748657
9180,1,1,0.9934709072113037,1,0.9992274045944214
9181,2,2,0.9999985694885254,2,0.9985185265541077
9182,3,3,0.9999966621398926,3,0.9999953508377075
9183,4,4,0.9999181032180786,4,0.999889612197876
9184,5,5,1.0,5,0.9999911785125732
9185,6,6,0.9999998807907104,6,0.9999862909317017
9186,7,7,0.9999895095825195,7,0.9998376369476318
9187,8,8,0.9999293088912964,8,0.9999990463256836
9188,9,9,0.9749013781547546,9,0.9562891125679016
9189,0,0,0.9999995231628418,0,0.9999970197677612
9190,1,1,0.9999616146087646,1,0.9999479055404663
9191,2,2,0.9996894598007202,2,0.9999513626098633
9192,3,3,0.9998944997787476,3,0.9999806880950928
9193,4,4,1.0,4,0.9999988079071045
9194,5,5,0.9999330043792725,5,0.9998165965080261
9195,6,6,1.0,6,0.9999972581863403
9196,7,7,0.9999997615814209,7,0.9999955892562866
9197,8,8,0.9999821186065674,8,0.9999973773956299
9198,9,9,0.999941349029541,9,0.9898691177368164
9199,0,0,0.9999984502792358,0,0.9997634291648865
9200,1,1,0.9999152421951294,1,0.9990389347076416
9201,2,2,0.9999984502792358,2,0.9999419450759888
9202,3,3,0.9999858140945435,3,0.9999692440032959
9203,4,4,1.0,4,0.9999988079071045
9204,7,7,0.999998927116394,7,0.9999170303344727
9205,8,8,0.9999949932098389,8,0.9999676942825317
9206,9,9,0.9999991655349731,9,0.9986359477043152
9207,6,6,0.9999986886978149,6,0.9999184608459473
9208,4,4,0.9996768236160278,4,0.9980924725532532
9209,2,2,0.9984464049339294,2,0.9990659356117249
9210,6,6,0.9986382126808167,6,0.9978951215744019
9211,4,4,0.9971892237663269,4,0.9907848834991455
9212,7,7,0.999998927116394,7,0.9999954700469971
9213,8,8,0.9999977350234985,8,0.99997878074646
9214,9,9,0.9994294047355652,9,0.9849371314048767
9215,2,2,0.9999951124191284,2,0.9993993043899536
9216,9,9,0.998289167881012,9,0.9939060807228088
9217,3,3,0.9999995231628418,3,0.9989907145500183
9218,9,9,0.999607264995575,9,0.9976449608802795
9219,3,3,0.9999991655349731,3,0.9999977350234985
9220,0,0,1.0,0,0.9999997615814209
9221,0,0,0.9999951124191284,0,0.9999923706054688
9222,1,1,0.9999338388442993,1,0.9998676776885986
9223,0,0,0.9999990463256836,0,0.999839186668396
9224,4,4,0.9999998807907104,4,0.999962329864502
9225,2,2,0.7811509370803833,2,0.9996587038040161
9226,6,6,1.0,6,0.9999986886978149
9227,3,3,0.9999769926071167,3,0.9959457516670227
9228,5,5,0.9999998807907104,5,0.9998729228973389
9229,3,3,1.0,3,1.0
9230,0,0,1.0,0,0.9999995231628418
9231,3,3,0.9989381432533264,3,0.9998537302017212
9232,4,4,0.9999998807907104,4,0.9999842643737793
9233,1,1,0.9999250173568726,1,0.9973410964012146
9234,5,5,1.0,5,0.9999707937240601
9235,3,3,0.9999998807907104,3,0.9999997615814209
9236,0,0,0.9999996423721313,0,0.9999997615814209
9237,8,8,0.9717027544975281,8,0.9987273812294006
9238,3,3,0.9999996423721313,3,0.9999637603759766
9239,0,0,1.0,0,0.9999951124191284
9240,6,6,0.9999988079071045,6,0.9995241165161133
9241,1,1,0.9999904632568359,1,0.9998964071273804
9242,7,7,0.9999994039535522,7,0.9999994039535522
9243,8,8,0.9999831914901733,8,0.9999924898147583
9244,0,0,1.0,0,0.9999551773071289
9245,9,9,0.9999769926071167,9,0.999417781829834
9246,2,2,1.0,2,0.9999889135360718
9247,6,6,1.0,6,0.9999806880950928
9248,7,7,0.9999841451644897,7,0.9997764229774475
9249,1,1,0.9996788501739502,1,0.999722421169281
9250,9,9,0.9999083280563354,9,0.9997379183769226
9251,6,6,1.0,6,0.999996542930603
9252,9,9,0.9728434085845947,9,0.9930256605148315
9253,4,4,0.9999080896377563,4,0.99970942735672
9254,9,9,0.9999386072158813,9,0.9831045269966125
9255,9,9,0.9998500347137451,9,0.9933551549911499
9256,6,6,0.9999984502792358,6,0.9999629259109497
9257,7,7,0.9999819993972778,7,0.9995724558830261
9258,1,1,0.9999958276748657,1,0.9997844099998474
9259,2,2,0.9999868869781494,2,0.9999104738235474
9260,5,5,0.9999996423721313,5,0.9999908208847046
9261,3,3,0.9999998807907104,3,0.999998927116394
9262,7,7,0.9999990463256836,7,0.9999909400939941
9263,8,8,0.9999887943267822,8,0.9999969005584717
9264,0,0,0.9999991655349731,0,0.9999277591705322
9265,1,1,0.9990430474281311,1,0.9111173152923584
9266,2,2,0.999998927116394,2,0.9998620748519897
9267,4,4,0.9999994039535522,4,0.9999786615371704
9268,5,5,0.9994480013847351,5,0.9999996423721313
9269,6,6,0.9999994039535522,6,0.9999922513961792
9270,7,7,0.9999985694885254,7,0.9990406632423401
9271,8,8,0.999997615814209,8,0.9999957084655762
9272,9,9,0.9909576177597046,9,0.9991090893745422
9273,0,0,0.9999878406524658,0,0.9999549388885498
9274,1,1,0.9999921321868896,1,0.9809160828590393
9275,3,3,0.9999978542327881,3,0.9988766312599182
9276,4,4,1.0,4,1.0
9277,5,5,0.9999991655349731,5,0.9999998807907104
9278,6,6,0.9999991655349731,6,0.9999998807907104
9279,7,7,0.9999998807907104,7,0.9999518394470215
9280,8,8,0.9981733560562134,8,0.9949964284896851
9281,0,0,0.9999995231628418,0,0.9997707009315491
9282,1,1,0.9990649819374084,1,0.9918639659881592
9283,3,3,0.9999996423721313,3,0.9999281167984009
9284,4,4,0.9999978542327881,4,0.9999994039535522
9285,7,7,0.9999995231628418,7,0.9999328851699829
9286,8,8,0.9999996423721313,8,0.9999963045120239
9287,9,9,0.9998546838760376,9,0.9785013794898987
9288,7,7,0.9999984502792358,7,0.9997743964195251
9289,5,5,0.9999842643737793,5,0.9999990463256836
9290,5,5,0.9998360872268677,5,0.9999247789382935
9291,1,1,0.9999171495437622,1,0.9662871956825256
9292,9,9,0.9996819496154785,9,0.9980024695396423
9293,9,9,0.9927444458007812,9,0.9802843928337097
9294,7,7,1.0,7,0.9999991655349731
9295,1,1,0.9997395873069763,1,0.9953035116195679
9296,0,0,0.9999328851699829,0,0.9999619722366333
9297,0,0,0.9999984502792358,0,0.9999942779541016
9298,5,5,1.0,5,0.9999998807907104
9299,9,9,0.9997269511222839,9,0.998805046081543
9300,7,7,1.0,7,0.999998927116394
9301,1,1,0.9997853636741638,1,0.9760633707046509
9302,7,7,0.999985933303833,7,0.9999662637710571
9303,2,2,0.999671459197998,2,0.9988880753517151
9304,2,2,0.9998401403427124,2,0.9999589920043945
9305,3,3,0.9999924898147583,3,0.9982288479804993
9306,6,6,1.0,6,1.0
9307,8,8,0.9999951124191284,8,0.9999159574508667
9308,3,3,0.9999662637710571,3,0.9990160465240479
9309,2,2,0.9998705387115479,2,0.9848189353942871
9310,0,0,1.0,0,0.9999995231628418
9311,0,0,0.9999046325683594,0,0.9999657869338989
9312,6,6,0.9999997615814209,6,0.9999998807907104
9313,1,1,0.9999905824661255,1,0.9898005127906799
9314,7,7,0.9999971389770508,7,0.9986966252326965
9315,5,5,0.9994367957115173,5,0.9980154037475586
9316,8,8,0.9943010807037354,8,0.9346558451652527
9317,6,6,0.9999998807907104,6,0.9999978542327881
9318,2,2,0.9999908208847046,2,0.9948691129684448
9319,9,9,0.9995810389518738,9,0.9972906708717346
9320,4,4,0.9999909400939941,4,0.9996850490570068
9321,8,8,0.9999622106552124,8,0.9987865090370178
9322,8,8,0.999980092048645,8,0.9989151954650879
9323,7,7,0.9999997615814209,7,0.9999890327453613
9324,1,1,0.9995105266571045,1,0.9770573377609253
9325,0,0,0.999997615814209,0,0.9999985694885254
9326,8,8,0.9999954700469971,8,0.9999810457229614
9327,7,7,1.0,7,0.9999783039093018
9328,7,7,0.9999995231628418,7,0.9999384880065918
9329,5,5,1.0,5,0.9999996423721313
9330,8,8,0.9999983310699463,8,0.9998420476913452
9331,5,5,0.9998072981834412,5,0.999651312828064
9332,3,3,0.9999970197677612,3,0.9996256828308105
9333,4,4,0.9999990463256836,4,0.999984860420227
9334,6,6,0.9999985694885254,6,0.9999942779541016
9335,1,1,0.9998822212219238,1,0.9825949668884277
9336,1,1,0.9999954700469971,1,0.9945348501205444
9337,5,5,0.9999974966049194,5,0.9999959468841553
9338,5,5,0.9999957084655762,5,0.9999909400939941
9339,0,0,0.999945878982544,0,0.9999991655349731
9340,7,7,0.9999977350234985,7,0.9986969828605652
9341,2,2,0.9993619322776794,2,0.9985619187355042
9342,3,3,0.9951837658882141,3,0.9925030469894409
9343,6,6,1.0,6,0.999995231628418
9344,4,4,1.0,4,0.9999837875366211
9345,1,1,0.9996877908706665,1,0.9640126824378967
9346,2,2,0.9999045133590698,2,0.9745484590530396
9347,4,4,0.9999986886978149,4,0.999996542930603
9348,1,1,0.9998852014541626,1,0.9965558052062988
9349,5,5,0.9999997615814209,5,0.9999878406524658
9350,4,4,0.9997707009315491,4,0.9995983242988586
9351,2,2,0.9999722242355347,2,0.9999681711196899
9352,0,0,0.9999947547912598,0,0.9999940395355225
9353,4,4,0.9999985694885254,4,0.9999227523803711
9354,8,8,0.9998980760574341,8,0.9999648332595825
9355,6,6,0.9999963045120239,6,0.9999988079071045
9356,1,1,0.999815046787262,1,0.9387871026992798
9357,9,9,0.997833788394928,9,0.9957482218742371
9358,0,0,0.9999862909317017,0,0.9999676942825317
9359,2,2,1.0,2,0.9999992847442627
9360,5,5,1.0,5,0.9999980926513672
9361,6,6,1.0,6,0.9999992847442627
9362,9,9,0.9994644522666931,9,0.9987278580665588
9363,3,3,0.9999992847442627,3,0.9999511241912842
9364,6,6,0.9999998807907104,6,0.9999986886978149
9365,3,3,0.9999998807907104,3,0.9999988079071045
9366,6,6,0.9999606609344482,6,0.9994876384735107
9367,0,0,1.0,0,1.0
9368,1,1,0.9999810457229614,1,0.9966158270835876
9369,2,2,1.0,2,0.9999357461929321
9370,3,3,0.9999998807907104,3,0.9999897480010986
9371,4,4,1.0,4,0.9999998807907104
9372,5,5,0.9999977350234985,5,0.9994220733642578
9373,6,6,1.0,6,1.0
9374,7,7,1.0,7,0.9999997615814209
9375,8,8,0.9999978542327881,8,0.9998581409454346
9376,9,9,0.9633767604827881,9,0.999544084072113
9377,0,0,0.999783456325531,0,0.9999839067459106
9378,1,1,0.9997803568840027,1,0.993355393409729
9379,2,2,1.0,2,0.9999812841415405
9380,3,3,0.9998319149017334,3,0.9999980926513672
9381,4,4,1.0,4,0.9999980926513672
9382,5,5,0.9647926688194275,5,0.9964278340339661
9383,6,6,1.0,6,0.9999665021896362
9384,7,7,0.9999997615814209,7,0.9999972581863403
9385,8,8,0.9999203681945801,8,0.9889567494392395
9386,9,9,0.9965497255325317,9,0.9779546856880188
9387,0,0,0.9999983310699463,0,0.9999421834945679
9388,1,1,0.9999958276748657,1,0.9968430995941162
9389,2,2,1.0,2,0.9999984502792358
9390,3,3,0.9999552965164185,3,0.9999990463256836
9391,5,5,0.9998478889465332,5,0.9853458404541016
9392,6,6,0.9999997615814209,6,0.9999996423721313
9393,7,7,1.0,7,0.9999997615814209
9394,8,8,0.9999995231628418,8,0.9999496936798096
9395,1,1,0.9999570846557617,1,0.9965393543243408
9396,0,0,1.0,0,0.9999980926513672
9397,9,9,0.9998155236244202,9,0.9973118305206299
9398,5,5,0.9999929666519165,5,0.9970723390579224
9399,7,7,0.999998927116394,7,1.0
9400,5,5,0.9997621178627014,5,0.9958577752113342
9401,1,1,0.99997878074646,1,0.9839240908622742
9402,8,8,0.9999998807907104,8,0.9999994039535522
9403,6,6,1.0,6,1.0
9404,9,9,0.9999675750732422,9,0.999500036239624
9405,0,0,1.0,0,0.9999984502792358
9406,4,4,0.9999966621398926,4,0.999936580657959
9407,1,1,0.9999446868896484,1,0.995966911315918
9408,9,9,0.999947190284729,9,0.9999971389770508
9409,3,3,1.0,3,0.9999977350234985
9410,8,8,0.9999995231628418,8,0.9998679161071777
9411,4,4,1.0,4,0.9999849796295166
9412,4,4,0.9999995231628418,4,0.9999910593032837
9413,7,7,0.9992145299911499,7,0.9987175464630127
9414,0,0,0.9999727010726929,0,0.999881386756897
9415,1,1,0.9999818801879883,1,0.9908774495124817
9416,9,9,0.9981903433799744,9,0.9992327690124512
9417,2,2,1.0,2,0.9999995231628418
9418,8,8,0.9999998807907104,8,0.9999991655349731
9419,7,7,0.9999997615814209,7,0.9999967813491821
9420,8,8,1.0,8,0.9999985694885254
9421,2,2,0.9999963045120239,2,0.9997746348381042
9422,5,5,0.7717719078063965,5,0.8915964365005493
9423,9,9,0.8841613531112671,9,0.8790330290794373
9424,6,6,1.0,6,0.9999998807907104
9425,0,0,0.9998181462287903,0,0.9999072551727295
9426,6,6,0.9995015859603882,6,0.9997897744178772
9427,5,5,0.9998456239700317,5,0.9999819993972778
9428,5,5,0.9999845027923584,5,0.9989572763442993
9429,3,3,1.0,3,0.9999992847442627
9430,3,3,1.0,3,0.999998927116394
9431,3,3,1.0,3,0.9999996423721313
9432,9,9,0.9902958273887634,9,0.9981821775436401
9433,8,8,0.99993896484375,8,0.9999743700027466
9434,1,1,0.9999836683273315,1,0.9966146349906921
9435,1,1,0.9998226761817932,1,0.9968823194503784
9436,0,0,0.9999909400939941,0,0.9997112154960632
9437,6,6,0.9999988079071045,6,0.9999996423721313
9438,1,1,0.9999977350234985,1,0.9681974649429321
9439,0,0,0.9999971389770508,0,0.9999938011169434
9440,0,0,0.9999980926513672,0,0.9999747276306152
9441,6,6,0.9999992847442627,6,0.9999374151229858
9442,2,2,0.9999998807907104,2,0.9999963045120239
9443,1,1,0.9999803304672241,1,0.9944802522659302
9444,1,1,0.9998078942298889,1,0.9679816365242004
9445,3,3,1.0,3,1.0
9446,2,2,0.9943426847457886,2,0.9418119788169861
9447,7,7,0.9999982118606567,7,0.9999877214431763
9448,7,7,0.9998189806938171,7,0.9961133003234863
9449,8,8,1.0,8,0.9999978542327881
9450,8,8,0.9994335770606995,8,0.9565827250480652
9451,7,7,1.0,7,0.9999982118606567
9452,8,8,0.9999998807907104,8,0.9997900128364563
9453,4,4,1.0,4,0.9999998807907104
9454,6,6,0.9997199177742004,6,0.999988317489624
9455,0,0,0.999996542930603,0,0.9999991655349731
9456,2,2,0.9773640632629395,2,0.9976481795310974
9457,0,0,0.9999994039535522,0,0.9999967813491821
9458,7,7,1.0,7,0.9999957084655762
9459,0,0,0.9999994039535522,0,0.9999971389770508
9460,3,3,1.0,3,1.0
9461,6,6,1.0,6,1.0
9462,8,8,1.0,8,0.9999996423721313
9463,7,7,0.9982815980911255,7,0.998322069644928
9464,1,1,0.9999386072158813,1,0.9955341815948486
9465,5,5,0.9997228980064392,5,0.9999234676361084
9466,9,9,0.9861396551132202,9,0.9713544249534607
9467,9,9,0.9972615242004395,9,0.9943944215774536
9468,3,3,1.0,3,0.9999997615814209
9469,7,7,0.9999880790710449,7,0.9997527003288269
9470,2,2,0.9999977350234985,2,0.9999353885650635
9471,4,4,0.9999995231628418,4,0.9999821186065674
9472,9,9,0.9994163513183594,9,0.9989379048347473
9473,4,4,1.0,4,0.9999964237213135
9474,3,3,0.9999879598617554,3,0.9997190833091736
9475,6,6,1.0,6,0.9999998807907104
9476,2,2,1.0,2,0.9999998807907104
9477,2,2,0.9999953508377075,2,0.9999721050262451
9478,5,5,0.9953847527503967,5,0.9899806380271912
9479,3,3,1.0,3,0.9999992847442627
9480,2,2,0.9999996423721313,2,0.9999862909317017
9481,5,5,0.9999990463256836,5,0.9996529817581177
9482,5,5,0.9999817609786987,5,0.9987358450889587
9483,9,9,0.9998936653137207,9,0.9982187151908875
9484,4,4,0.9999998807907104,4,0.9999991655349731
9485,1,1,0.9990123510360718,1,0.9996243715286255
9486,7,7,0.9999997615814209,7,0.9999967813491821
9487,2,2,0.9999992847442627,2,0.9997395873069763
9488,0,0,0.9999538660049438,0,0.9993168115615845
9489,1,1,0.9999563694000244,1,0.9635749459266663
9490,2,2,0.6692179441452026,2,0.9295715689659119
9491,3,3,0.9906816482543945,3,0.8312693238258362
9492,4,4,0.9999978542327881,4,0.9999750852584839
9493,5,5,0.9998693466186523,5,0.9999953508377075
9494,6,6,1.0,6,0.9999016523361206
9495,7,7,0.9895078539848328,7,0.9986100196838379
9496,8,8,0.9999904632568359,8,0.9994906187057495
9497,9,9,0.8382046818733215,9,0.7680051922798157
9498,0,0,1.0,0,0.9999998807907104
9499,1,1,0.9999692440032959,1,0.9983785152435303
9500,2,2,0.9027504324913025,2,0.989441990852356
9501,3,3,0.9999991655349731,3,0.9951534271240234
9502,4,4,1.0,4,0.9999977350234985
9503,5,5,0.9999998807907104,5,0.9999963045120239
9504,6,6,1.0,6,0.9999998807907104
9505,7,7,0.7924962043762207,7,0.9143980145454407
9506,8,8,1.0,8,1.0
9507,9,9,0.9616903066635132,9,0.6597614884376526
9508,0,0,0.9999995231628418,0,0.99996018409729
9509,1,1,0.9786689281463623,1,0.9989055395126343
9510,2,2,0.9999752044677734,2,0.9967047572135925
9511,3,3,0.9999812841415405,3,0.9999517202377319
9512,4,4,0.9999983310699463,4,0.999957799911499
9513,5,5,0.9999961853027344,5,0.9999462366104126
9514,6,6,0.9999269247055054,6,0.9999986886978149
9515,7,7,0.999819815158844,7,0.99989914894104
9516,8,8,1.0,8,1.0
9517,9,9,0.9413081407546997,9,0.6350442171096802
9518,1,1,0.9999245405197144,1,0.9987857937812805
9519,0,0,0.9999974966049194,0,0.999994158744812
9520,1,1,0.999987006187439,1,0.9995495676994324
9521,2,2,0.9999996423721313,2,0.9999459981918335
9522,7,7,0.9994288086891174,7,0.9901785850524902
9523,5,5,1.0,5,0.9999998807907104
9524,3,3,0.9999995231628418,3,0.99982750415802
9525,4,4,0.9999860525131226,4,0.9999382495880127
9526,4,4,0.9999992847442627,4,0.9999997615814209
9527,0,0,0.9997742772102356,0,0.9992384910583496
9528,0,0,0.9999998807907104,0,0.9999992847442627
9529,6,6,0.9999998807907104,6,0.9999998807907104
9530,9,8,0.9463900923728943,8,0.9840967655181885
9531,6,6,0.9998010993003845,6,0.9990838766098022
9532,6,6,0.9999771118164062,6,0.9999992847442627
9533,5,5,0.9996139407157898,5,0.9998904466629028
9534,7,7,0.9998588562011719,7,0.9988403916358948
9535,2,2,0.9999936819076538,2,0.9313029646873474
9536,3,3,0.999974250793457,3,0.9980423450469971
9537,4,4,0.9999947547912598,4,0.9999914169311523
9538,4,4,0.7455336451530457,4,0.9159576892852783
9539,9,9,0.9952325224876404,9,0.9270312190055847
9540,1,1,0.9547435641288757,1,0.6054536700248718
9541,4,4,0.9998654127120972,4,0.9992789626121521
9542,0,0,0.9973822236061096,0,0.9179880619049072
9543,7,7,0.9999995231628418,7,0.9999532699584961
9544,9,9,0.9995501637458801,9,0.9583038091659546
9545,5,5,0.9999971389770508,5,0.9999983310699463
9546,7,7,0.9999971389770508,7,0.9999786615371704
9547,2,2,1.0,2,0.9999812841415405
9548,3,3,0.9999998807907104,3,0.9999924898147583
9549,1,1,0.9991477727890015,1,0.919826090335846
9550,4,4,0.9999593496322632,4,0.9999710321426392
9551,4,4,0.9999842643737793,4,0.9997760653495789
9552,0,0,0.9999735355377197,0,0.9966813921928406
9553,9,9,0.9114173650741577,9,0.8176271319389343
9554,9,9,0.8257880210876465,9,0.9929209351539612
9555,6,6,1.0,6,0.999998927116394
9556,1,1,0.7121198177337646,1,0.9546146988868713
9557,8,8,0.9999998807907104,8,0.999998927116394
9558,3,3,0.9999995231628418,3,0.9999996423721313
9559,3,3,0.9999998807907104,3,0.9999698400497437
9560,7,7,0.998353123664856,7,0.9991974234580994
9561,3,3,0.9999995231628418,3,0.9999831914901733
9562,9,9,0.7445859909057617,9,0.6631944179534912
9563,8,8,0.9999996423721313,8,0.9999988079071045
9564,8,8,0.9999979734420776,8,0.9999984502792358
9565,4,4,1.0,4,0.9999998807907104
9566,7,7,0.9999983310699463,7,0.9996694326400757
9567,7,7,0.9999849796295166,7,0.9999455213546753
9568,6,6,1.0,6,0.9999998807907104
9569,2,2,0.9998494386672974,2,0.9878101348876953
9570,1,1,0.9999281167984009,1,0.9982099533081055
9571,9,9,0.9921615719795227,9,0.6741920709609985
9572,8,8,1.0,8,0.9999954700469971
9573,7,7,0.9999985694885254,7,0.9999886751174927
9574,8,8,1.0,8,1.0
9575,8,8,1.0,8,0.9999997615814209
9576,7,7,0.9997425675392151,7,0.9923208355903625
9577,2,2,0.9999024868011475,2,0.9984769225120544
9578,2,2,0.9999887943267822,2,0.9994449019432068
9579,3,3,0.9999955892562866,3,0.9999257326126099
9580,9,9,0.8365881443023682,9,0.9616120457649231
9581,3,3,0.9999998807907104,3,0.9999890327453613
9582,3,3,0.9999998807907104,3,0.9999783039093018
9583,5,5,0.9999912977218628,5,0.9999035596847534
9584,5,5,0.9999998807907104,5,0.9999856948852539
9585,0,0,0.9999971389770508,0,0.9999536275863647
9586,7,7,0.9999984502792358,7,0.9999872446060181
9587,9,4,0.9685574173927307,4,0.958095908164978
9588,5,5,0.9999998807907104,5,0.9999977350234985
9589,6,6,0.9999998807907104,6,1.0
9590,5,5,1.0,5,0.9999996423721313
9591,1,1,0.968411386013031,1,0.9981474876403809
9592,4,4,0.999998927116394,4,0.9998905658721924
9593,1,1,0.991823136806488,1,0.9996108412742615
9594,1,1,0.9946029782295227,1,0.773729145526886
9595,2,2,0.9999908208847046,2,0.9760457873344421
9596,8,8,0.9995121955871582,8,0.998860239982605
9597,2,2,1.0,2,0.999992847442627
9598,6,6,0.9999996423721313,6,1.0
9599,1,1,0.9556247591972351,1,0.9466184377670288
9600,5,5,0.9999991655349731,5,0.9999455213546753
9601,0,0,0.9999982118606567,0,0.9999947547912598
9602,1,1,0.9995244741439819,1,0.9976698756217957
9603,2,2,0.9999997615814209,2,0.9999790191650391
9604,3,3,0.9999964237213135,3,1.0
9605,4,4,0.9999287128448486,4,0.9981709718704224
9606,5,5,0.9996647834777832,5,0.9935302138328552
9607,6,6,0.9990248680114746,6,0.9983084201812744
9608,7,7,0.9999821186065674,7,0.9999587535858154
9609,8,8,0.9999934434890747,8,0.9999959468841553
9610,9,9,0.9998589754104614,9,0.999782383441925
9611,0,0,0.9999986886978149,0,0.9999910593032837
9612,1,1,0.981960654258728,1,0.9989776611328125
9613,2,3,0.5826832056045532,2,0.4824596047401428
9614,3,3,0.9999731779098511,3,0.9999992847442627
9615,4,4,0.8684099316596985,4,0.9999021291732788
9616,5,5,1.0,5,0.9999926090240479
9617,6,6,0.999595582485199,6,0.9999326467514038
9618,7,7,0.9997624754905701,7,0.9997813105583191
9619,8,8,0.9999957084655762,8,0.9999961853027344
9620,9,9,0.9153771996498108,9,0.680863082408905
9621,0,0,0.9995864033699036,0,0.9997593760490417
9622,1,1,0.9864197373390198,1,0.5367387533187866
9623,2,2,0.9999899864196777,2,0.9978688955307007
9624,3,3,1.0,3,0.9999960660934448
9625,4,4,0.9606865048408508,4,0.9548708200454712
9626,5,5,0.998646080493927,5,0.9997990727424622
9627,6,6,0.995576024055481,6,0.8931811451911926
9628,7,7,0.9999125003814697,7,0.9998998641967773
9629,8,8,0.9991305470466614,8,0.9938275218009949
9630,8,8,0.9999738931655884,8,0.9998430013656616
9631,0,0,0.9999785423278809,0,0.9999058246612549
9632,6,6,0.9989606142044067,6,0.9400208592414856
9633,0,0,0.9999953508377075,0,0.9999909400939941
9634,0,8,0.5261438488960266,0,0.9703148007392883
9635,2,2,1.0,2,0.9999760389328003
9636,3,3,0.9984732270240784,3,0.9832889437675476
9637,7,7,0.9997666478157043,7,0.998663067817688
9638,9,7,0.9179408550262451,9,0.6126705408096313
9639,4,4,0.9986478686332703,4,0.9942873120307922
9640,7,7,0.9987941980361938,7,0.992605447769165
9641,1,1,0.9901504516601562,1,0.9969225525856018
9642,9,7,0.9829771518707275,7,0.9718016982078552
9643,1,4,0.4329930543899536,1,0.987957775592804
9644,7,7,0.9995385408401489,7,0.9971731901168823
9645,1,1,0.9682249426841736,1,0.9998433589935303
9646,4,4,0.986835241317749,4,0.7667562961578369
9647,0,0,0.9999994039535522,0,0.9999932050704956
9648,0,0,0.9999953508377075,0,0.999996542930603
9649,1,1,0.999778687953949,1,0.9997270703315735
9650,7,7,0.9999994039535522,7,0.9999896287918091
9651,5,5,0.9709917902946472,5,0.9995569586753845
9652,7,7,0.9999901056289673,7,0.9998359680175781
9653,1,1,0.9095485210418701,1,0.9943536520004272
9654,3,3,1.0,3,0.9999982118606567
9655,3,3,0.9999842643737793,3,0.9987912774085999
9656,3,3,0.9999997615814209,3,0.99998939037323
9657,1,1,0.9938949942588806,1,0.994577169418335
9658,6,6,0.9998680353164673,6,0.9981208443641663
9659,9,9,0.9995037317276001,9,0.9922841191291809
9660,7,7,0.9999852180480957,7,0.9999961853027344
9661,1,1,0.9892668724060059,1,0.996938943862915
9662,3,3,0.9999841451644897,3,0.9999998807907104
9663,0,0,0.9999657869338989,0,0.9998795986175537
9664,2,7,0.8665828108787537,2,0.7137160301208496
9665,6,6,0.9999632835388184,6,0.9963388442993164
9666,0,0,0.9334863424301147,0,0.9919805526733398
9667,8,8,0.9999982118606567,8,0.9995276927947998
9668,9,9,0.9990272521972656,9,0.9994606375694275
9669,4,4,0.9876662492752075,4,0.9814189672470093
9670,3,3,0.99998939037323,3,0.9999970197677612
9671,5,5,0.9999994039535522,5,0.9999635219573975
9672,4,4,0.999625563621521,4,0.9995962977409363
9673,8,8,0.9997265934944153,8,0.999994158744812
9674,1,1,0.986292839050293,1,0.9993515610694885
9675,5,5,0.9999682903289795,5,0.9994841814041138
9676,9,9,0.9854108095169067,9,0.9986200332641602
9677,0,0,0.9944183826446533,0,0.8222504258155823
9678,6,6,0.9996910095214844,6,0.9984931945800781
9679,6,2,0.7456731200218201,2,0.5668169260025024
9680,3,3,1.0,3,0.9999973773956299
9681,8,8,0.9999868869781494,8,0.9986164569854736
9682,1,1,0.9989610910415649,1,0.9870677590370178
9683,4,4,0.8215072154998779,4,0.9939302206039429
9684,7,7,0.9999998807907104,7,0.9999994039535522
9685,5,5,0.9999958276748657,5,0.9999860525131226
9686,2,2,0.993830144405365,2,0.8774855136871338
9687,0,0,0.9983353018760681,0,0.9984211921691895
9688,0,0,0.9999759197235107,0,0.9991868138313293
9689,1,1,0.9842559695243835,1,0.9973758459091187
9690,7,7,0.9999947547912598,7,0.9998010993003845
9691,8,8,0.9999864101409912,8,0.8647944331169128
9692,9,7,0.8182864785194397,7,0.6728658080101013
9693,6,6,0.9988242983818054,6,0.9768774509429932
9694,8,8,0.9975491166114807,8,0.9904186129570007
9695,8,8,0.9880748391151428,8,0.9996384382247925
9696,2,2,0.7075745463371277,2,0.935531735420227
9697,3,3,0.9999911785125732,3,0.9999982118606567
9698,6,6,0.8454450368881226,1,0.9530266523361206
9699,1,1,0.9986894726753235,1,0.9992038607597351
9700,2,2,0.8108429312705994,4,0.8012694716453552
9701,9,7,0.9412534832954407,9,0.9740403890609741
9702,5,5,1.0,5,0.9999992847442627
9703,2,2,0.999196469783783,2,0.9996151924133301
9704,0,0,0.9999406337738037,0,0.999994158744812
9705,1,1,0.9996421337127686,1,0.9993816614151001
9706,2,2,0.9999884366989136,2,0.9980320334434509
9707,3,3,1.0,3,0.9999998807907104
9708,4,4,0.9995728135108948,4,0.9998980760574341
9709,5,5,0.9613974690437317,5,0.9857351183891296
9710,6,6,0.9999998807907104,6,0.999686598777771
9711,7,7,0.9997275471687317,7,0.9997913241386414
9712,8,8,0.9987583160400391,8,0.9971848130226135
9713,9,9,0.9998375177383423,9,0.9929960370063782
9714,0,0,0.6817639470100403,0,0.9869576692581177
9715,1,1,0.9997878670692444,1,0.9996311664581299
9716,2,2,0.7565662264823914,2,0.98382967710495
9717,3,3,0.9999719858169556,3,0.9999998807907104
9718,4,4,0.9999986886978149,4,0.9999990463256836
9719,5,5,0.999933123588562,5,0.9999525547027588
9720,6,6,1.0,6,0.9999991655349731
9721,7,7,0.9992617964744568,7,0.9998200535774231
9722,8,8,0.9999997615814209,8,0.9999991655349731
9723,9,9,0.999950647354126,9,0.997610330581665
9724,0,0,0.9999988079071045,0,0.9999372959136963
9725,1,1,0.9999809265136719,1,0.9998210072517395
9726,2,2,0.995116114616394,2,0.9946622252464294
9727,3,3,0.9999912977218628,3,0.9999990463256836
9728,4,4,0.9997628331184387,4,0.9998704195022583
9729,5,6,0.983810544013977,6,0.986024022102356
9730,6,6,0.9999996423721313,6,0.9999338388442993
9731,7,7,0.999993085861206,7,0.9999575614929199
9732,8,8,0.9999717473983765,8,0.999997615814209
9733,9,9,0.9982288479804993,9,0.6488648056983948
9734,7,7,0.999984622001648,7,0.9995952248573303
9735,4,4,0.8947588801383972,4,0.9970741271972656
9736,6,6,0.9999997615814209,6,0.9999794960021973
9737,1,1,0.9970358610153198,1,0.9992733597755432
9738,4,4,0.9779622554779053,4,0.9997574687004089
9739,0,0,0.9999220371246338,0,0.9998905658721924
9740,9,9,0.9791754484176636,9,0.9607707858085632
9741,9,9,0.9995214939117432,9,0.9961020946502686
9742,3,3,0.9999988079071045,3,0.9827582240104675
9743,7,7,0.999947190284729,7,0.9988168478012085
9744,8,8,0.9990791082382202,8,0.9998137354850769
9745,4,4,0.995075523853302,4,0.9997170567512512
9746,7,7,0.999804675579071,7,0.9985575079917908
9747,5,5,0.9999231100082397,5,0.9999746084213257
9748,8,8,0.9999949932098389,8,0.9996033310890198
9749,5,6,0.740502119064331,6,0.9847495555877686
9750,3,3,0.9972957968711853,3,0.9986740350723267
9751,2,2,0.9996857643127441,2,0.9994764924049377
9752,2,2,0.9994207620620728,2,0.9999723434448242
9753,0,0,0.9999988079071045,0,0.999962329864502
9754,5,5,0.9883705377578735,5,0.772959291934967
9755,8,8,0.9998136162757874,8,0.9994732737541199
9756,6,6,0.9999910593032837,6,0.9999995231628418
9757,0,0,0.9999825954437256,0,0.9999961853027344
9758,3,3,0.9998996257781982,3,0.9996086955070496
9759,8,8,0.9992939233779907,8,0.9999973773956299
9760,1,1,0.9992862343788147,1,0.9971128702163696
9761,0,0,0.9970721006393433,0,0.9998173117637634
9762,3,3,0.9975152015686035,3,0.9732880592346191
9763,0,0,0.9998175501823425,0,0.9987105131149292
9764,4,4,0.9817713499069214,4,0.99368816614151
9765,7,7,0.9999632835388184,7,0.9999401569366455
9766,4,4,0.9999954700469971,4,0.9999966621398926
9767,9,9,0.9988431930541992,9,0.9845313429832458
9768,2,2,0.9748181104660034,2,0.9012746810913086
9769,9,9,0.9998117089271545,9,0.9950857758522034
9770,5,0,0.9893622994422913,5,0.7650284171104431
9771,7,7,0.9999942779541016,7,0.9999159574508667
9772,1,1,0.9999804496765137,1,0.9998352527618408
9773,7,7,0.9999717473983765,7,0.9994688630104065
9774,1,1,0.9999958276748657,1,0.9998013377189636
9775,6,6,1.0,6,0.9997860789299011
9776,6,6,0.9999986886978149,6,0.9999198913574219
9777,5,5,0.9978127479553223,5,0.9855502843856812
9778,6,6,1.0,6,0.9999970197677612
9779,2,2,0.9922107458114624,2,0.8915719389915466
9780,8,8,0.9998598098754883,8,0.999406099319458
9781,7,7,0.9999053478240967,7,0.9997314810752869
9782,6,6,0.9999994039535522,6,0.9999927282333374
9783,4,4,0.9957560896873474,4,0.9998974800109863
9784,9,9,0.999349057674408,9,0.9990983009338379
9785,9,9,0.9986141920089722,9,0.9985905289649963
9786,5,5,0.9999974966049194,5,0.9999890327453613
9787,3,3,0.9999998807907104,3,0.9999583959579468
9788,7,7,0.9999816417694092,7,0.99977046251297
9789,4,4,0.9836589097976685,4,0.9996368885040283
9790,3,3,0.9994309544563293,3,0.9998794794082642
9791,0,0,0.9999872446060181,0,0.9999493360519409
9792,4,9,0.8111216425895691,4,0.6595560908317566
9793,6,6,0.9998155236244202,6,0.9999637603759766
9794,6,6,0.9999998807907104,6,0.9999830722808838
9795,1,1,0.9998939037322998,1,0.9975903034210205
9796,1,1,0.9999500513076782,1,0.999947190284729
9797,3,3,0.9999043941497803,3,0.9999969005584717
9798,2,2,0.9999986886978149,2,0.9999945163726807
9799,1,1,0.9999027252197266,1,0.9999383687973022
9800,0,0,0.9999544620513916,0,0.9998792409896851
9801,0,0,0.99998939037323,0,0.9999945163726807
9802,1,1,0.9998420476913452,1,0.9997242093086243
9803,2,2,0.9988312125205994,2,0.9976346492767334
9804,3,3,0.9999724626541138,3,0.9992251396179199
9805,4,4,1.0,4,1.0
9806,7,7,0.9999781847000122,7,0.9995303153991699
9807,8,8,0.9999997615814209,8,0.9999985694885254
9808,9,9,0.9958547949790955,9,0.9464904069900513
9809,0,0,0.9998574256896973,0,0.999964714050293
9810,1,1,0.999727189540863,1,0.9998235106468201
9811,2,2,0.8840440511703491,2,0.7728244066238403
9812,3,3,0.9999997615814209,3,0.9999957084655762
9813,4,4,0.9997603297233582,4,0.9999814033508301
9814,5,5,0.9999006986618042,5,0.999996542930603
9815,6,6,0.9998548030853271,6,0.9999901056289673
9816,7,7,0.9994664788246155,7,0.9954774975776672
9817,8,8,0.999946117401123,8,0.986814022064209
9818,0,0,0.9999595880508423,0,0.999861478805542
9819,1,1,0.9998724460601807,1,0.9997403025627136
9820,2,2,0.9826290607452393,2,0.980248749256134
9821,3,3,1.0,3,0.9999982118606567
9822,4,4,0.9999998807907104,4,0.9999982118606567
9823,7,7,0.9999774694442749,7,0.9998544454574585
9824,8,8,0.9999997615814209,8,0.9999604225158691
9825,9,9,0.999601423740387,9,0.9989811778068542
9826,0,0,0.9983185529708862,0,0.9976717829704285
9827,8,8,0.9999978542327881,8,0.9999499320983887
9828,3,3,0.7063901424407959,3,0.9691172242164612
9829,9,9,0.8641123175621033,9,0.8887391686439514
9830,5,5,0.9999116659164429,5,0.9985722303390503
9831,5,5,0.9558215141296387,5,0.9834047555923462
9832,2,8,0.8018496036529541,2,0.5559536814689636
9833,6,6,0.9936575293540955,6,0.9913344979286194
9834,8,8,0.9987820982933044,8,0.9989054203033447
9835,4,4,1.0,4,0.9999964237213135
9836,1,1,0.9999252557754517,1,0.9996718168258667
9837,7,7,0.9996191263198853,7,0.9930330514907837
9838,1,1,0.9997439980506897,1,0.9994978904724121
9839,2,2,0.9723800420761108,2,0.7954322695732117
9840,3,3,0.9998507499694824,3,0.9945552349090576
9841,5,5,0.9999980926513672,5,0.9999886751174927
9842,6,6,0.9999525547027588,6,0.9998360872268677
9843,9,9,0.9879190325737,9,0.9261631369590759
9844,1,1,0.9994750618934631,1,0.9922630786895752
9845,1,1,0.9993801116943359,1,0.999056875705719
9846,1,1,0.9979609251022339,1,0.9994674324989319
9847,2,2,0.9954500794410706,2,0.9887324571609497
9848,1,1,0.9991274476051331,1,0.9997102618217468
9849,2,2,0.9114239811897278,2,0.9847518801689148
9850,0,0,0.9924660921096802,0,0.9038345813751221
9851,7,7,0.9999986886978149,7,0.9988592863082886
9852,7,7,0.9998953342437744,7,0.996630847454071
9853,5,5,0.9994933605194092,5,0.9998316764831543
9854,8,8,0.9998691082000732,8,0.9988756775856018
9855,2,2,0.997996985912323,2,0.9944039583206177
9856,9,9,0.9931008815765381,9,0.9490891695022583
9857,8,8,0.9996552467346191,8,0.9852240085601807
9858,6,6,0.8916130661964417,6,0.9404313564300537
9859,7,7,0.9999988079071045,7,0.999727189540863
9860,3,3,0.9999555349349976,3,0.9999622106552124
9861,4,4,0.9999996423721313,4,0.9999998807907104
9862,6,6,0.9928795695304871,6,0.9981905817985535
9863,8,8,0.9997509121894836,8,0.9812698364257812
9864,7,7,0.9999010562896729,7,0.9956368803977966
9865,0,0,0.9999746084213257,0,0.9998694658279419
9866,4,4,0.9999898672103882,4,0.999991774559021
9867,2,2,0.9986072182655334,2,0.9966731071472168
9868,7,7,0.9999372959136963,7,0.9957822561264038
9869,7,7,0.999998927116394,7,0.9998812675476074
9870,5,5,0.9999903440475464,5,0.9997705817222595
9871,4,4,0.9999915361404419,4,0.9999884366989136
9872,3,3,0.9999599456787109,3,0.9999949932098389
9873,4,4,0.9999537467956543,4,0.9998656511306763
9874,2,2,0.9321869611740112,2,0.9145938158035278
9875,8,8,0.9985816478729248,8,0.9963504076004028
9876,1,1,0.9939764738082886,1,0.9996306896209717
9877,5,5,0.9999980926513672,5,0.9998557567596436
9878,1,1,0.9993467926979065,1,0.9998464584350586
9879,0,0,0.8006455898284912,0,0.9163185954093933
9880,2,2,0.9967600703239441,2,0.9950897693634033
9881,3,3,0.9999595880508423,3,0.9997734427452087
9882,3,3,0.9996278285980225,3,0.9967455863952637
9883,5,5,0.8185176253318787,5,0.990081250667572
9884,7,7,0.9721502661705017,7,0.8954548239707947
9885,0,0,0.9999926090240479,0,0.9998302459716797
9886,6,6,0.9597977995872498,6,0.9804815649986267
9887,8,8,0.9945578575134277,8,0.8767488598823547
9888,6,0,0.9696663618087769,0,0.4026532471179962
9889,3,3,0.9999997615814209,3,0.9999943971633911
9890,9,9,0.97989821434021,9,0.975246012210846
9891,9,9,0.7715306878089905,4,0.5109127759933472
9892,8,8,0.9852643013000488,8,0.9950828552246094
9893,2,3,0.4148603081703186,2,0.9048365950584412
9894,7,7,0.9997109770774841,7,0.9942843317985535
9895,7,7,0.9999926090240479,7,0.9994615912437439
9896,1,1,0.9992226362228394,1,0.9999176263809204
9897,0,0,0.9999988079071045,0,0.9999979734420776
9898,1,1,0.9998383522033691,1,0.9991310238838196
9899,7,7,0.9999984502792358,7,0.9998257756233215
9900,8,8,0.9999977350234985,8,0.9998229146003723
9901,9,9,0.9998949766159058,9,0.998611569404602
9902,0,0,0.9999828338623047,0,0.9994749426841736
9903,1,1,0.9996953010559082,1,0.9999326467514038
9904,2,8,0.7786606550216675,8,0.8001013994216919
9905,3,3,0.998857855796814,3,0.993462085723877
9906,4,4,0.9152873754501343,4,0.9989516735076904
9907,5,5,0.9998888969421387,5,0.9996046423912048
9908,6,6,0.9999998807907104,6,0.9999983310699463
9909,7,7,0.9999675750732422,7,0.9989827275276184
9910,8,8,0.9999303817749023,8,0.999747097492218
9911,0,0,0.999161958694458,0,0.9999945163726807
9912,1,1,0.9999992847442627,1,0.999924898147583
9913,2,2,0.9999432563781738,2,0.9999892711639404
9914,3,3,0.9999995231628418,3,0.9999978542327881
9915,4,4,0.999991774559021,4,0.9999970197677612
9916,7,7,0.9999973773956299,7,0.99997878074646
9917,8,8,1.0,8,0.9999996423721313
9918,9,9,0.9991425275802612,9,0.9947599768638611
9919,7,7,0.9999240636825562,7,0.9997935891151428
9920,8,8,1.0,8,0.9999997615814209
9921,6,6,0.9999725818634033,6,0.9999713897705078
9922,4,4,0.9797835350036621,4,0.9680432677268982
9923,1,1,0.9997976422309875,1,0.9998719692230225
9924,9,9,0.9930001497268677,9,0.9952474236488342
9925,3,3,0.9999970197677612,3,0.9998787641525269
9926,8,8,0.9997041821479797,8,0.9998646974563599
9927,4,4,0.9999990463256836,4,0.9999973773956299
9928,4,4,0.9999994039535522,4,0.9999731779098511
9929,7,7,0.9999998807907104,7,0.999997615814209
9930,0,0,0.9999970197677612,0,0.9999556541442871
9931,1,1,0.9998855590820312,1,0.9973633885383606
9932,9,9,0.8343267440795898,9,0.9929634928703308
9933,2,2,1.0,2,0.9999849796295166
9934,8,8,0.9996297359466553,8,0.9997890591621399
9935,7,7,0.9999380111694336,7,0.9972440004348755
9936,8,8,0.9999303817749023,8,0.9998915195465088
9937,2,2,0.9999997615814209,2,0.999970555305481
9938,6,6,0.9999982118606567,6,0.9999955892562866
9939,0,0,0.9999998807907104,0,0.9999939203262329
9940,6,6,0.9999176263809204,6,0.9998849630355835
9941,5,5,0.9952358603477478,5,0.9999865293502808
9942,3,3,1.0,3,0.9999997615814209
9943,3,3,0.9999773502349854,3,0.9984509944915771
9944,3,3,0.9999926090240479,3,0.9990678429603577
9945,9,9,0.992553174495697,9,0.9735681414604187
9946,1,1,0.9998257756233215,1,0.9996585845947266
9947,4,4,0.7350685000419617,4,0.9997555613517761
9948,0,0,0.9998718500137329,0,0.9999076128005981
9949,6,6,0.999993085861206,6,0.9999707937240601
9950,1,1,0.9985551238059998,1,0.9998369216918945
9951,0,0,0.9995858073234558,0,0.9965251088142395
9952,0,0,0.9999974966049194,0,0.9999730587005615
9953,6,6,0.9999918937683105,6,0.9999417066574097
9954,2,2,0.9975146055221558,2,0.9982902407646179
9955,1,1,0.9999364614486694,1,0.9997251629829407
9956,1,1,0.999261200428009,1,0.9998984336853027
9957,7,7,0.9999951124191284,7,0.9997628331184387
9958,7,7,0.9992504715919495,7,0.9894325733184814
9959,8,8,0.9916658997535706,8,0.9987855553627014
9960,4,4,0.9999977350234985,4,0.9999569654464722
9961,6,6,0.9999951124191284,6,0.9999496936798096
9962,0,0,0.9999995231628418,0,0.9999994039535522
9963,7,7,0.9999535083770752,7,0.9997689127922058
9964,0,0,0.9998216032981873,0,0.9998373985290527
9965,3,3,0.9999815225601196,3,0.9999558925628662
9966,6,6,1.0,6,1.0
9967,8,8,0.9999909400939941,8,0.9999982118606567
9968,7,7,0.9999494552612305,7,0.9998654127120972
9969,1,1,0.9991766810417175,1,0.9998629093170166
9970,5,5,0.9747047424316406,5,0.999847412109375
9971,2,2,0.9999957084655762,2,0.9999301433563232
9972,4,4,0.9999985694885254,4,0.9999715089797974
9973,9,9,0.9955976605415344,9,0.996196985244751
9974,4,4,0.9999629259109497,4,0.9999645948410034
9975,3,3,0.9999771118164062,3,0.9975690245628357
9976,6,6,0.9986721277236938,6,0.982346773147583
9977,4,4,0.9998503923416138,4,0.9999710321426392
9978,1,1,0.9999587535858154,1,0.9999477863311768
9979,7,7,0.9999983310699463,7,0.999983549118042
9980,2,2,0.9999449253082275,2,0.9999570846557617
9981,6,6,0.99988853931427,6,0.9944533705711365
9982,5,5,0.9490373730659485,5,0.9998156428337097
9983,0,0,1.0,0,0.9999998807907104
9984,1,1,0.9998692274093628,1,0.9900420904159546
9985,2,2,0.9999467134475708,2,0.99955815076828
9986,3,3,0.9999973773956299,3,0.9996985197067261
9987,4,4,0.9999984502792358,4,0.9999881982803345
9988,5,5,0.9999971389770508,5,0.9999669790267944
9989,6,6,0.9999998807907104,6,0.9999988079071045
9990,7,7,0.9995598196983337,7,0.9992788434028625
9991,8,8,0.9999966621398926,8,0.9998525381088257
9992,9,9,0.9906032681465149,9,0.9221904873847961
9993,0,0,0.9999948740005493,0,0.9996278285980225
9994,1,1,0.9989598989486694,1,0.989335834980011
9995,2,2,0.9999932050704956,2,0.9995537400245667
9996,3,3,0.9999948740005493,3,0.9997308850288391
9997,4,4,0.9999983310699463,4,0.9999361038208008
9998,5,5,0.997298538684845,5,0.9499176740646362
9999,6,6,1.0,6,0.9999934434890747
