index,true,pred,confidence
0,7,7,0.9999996423721313
1,2,2,0.9999834299087524
2,1,1,0.9997081160545349
3,0,0,0.9997780919075012
4,4,4,0.999996542930603
5,1,1,0.9998540878295898
6,4,4,0.9998674392700195
7,9,9,0.9966345429420471
8,5,5,0.9937019348144531
9,9,9,0.998993456363678
10,0,0,0.9999986886978149
11,6,6,0.9999889135360718
12,9,9,0.997863233089447
13,0,0,0.9999979734420776
14,1,1,0.9998119473457336
15,5,5,0.9999338388442993
16,9,9,0.9998347759246826
17,7,7,0.9999978542327881
18,3,3,0.6011662483215332
19,4,4,0.9999945163726807
20,9,9,0.9925406575202942
21,6,6,0.9999502897262573
22,6,6,0.9999880790710449
23,5,5,0.9999992847442627
24,4,4,0.9999767541885376
25,0,0,0.9999412298202515
26,7,7,0.9999815225601196
27,4,4,1.0
28,0,0,0.9999728202819824
29,1,1,0.9992535710334778
30,3,3,0.9999852180480957
31,1,1,0.9979432225227356
32,3,3,0.9999998807907104
33,4,4,0.9919058084487915
34,7,7,0.9999583959579468
35,2,2,1.0
36,7,7,0.9999511241912842
37,1,1,0.9996511936187744
38,2,2,0.9999924898147583
39,1,1,0.9988221526145935
40,1,1,0.9979623556137085
41,7,7,0.999687910079956
42,4,4,0.9999867677688599
43,2,2,0.9993189573287964
44,3,3,0.9997373223304749
45,5,5,0.9999284744262695
46,1,1,0.9984679818153381
47,2,2,1.0
48,4,4,0.9986072182655334
49,4,4,0.999998927116394
50,6,6,0.9999834299087524
51,3,3,0.9999979734420776
52,5,5,0.9999996423721313
53,5,5,0.9999915361404419
54,6,6,1.0
55,0,0,0.9998980760574341
56,4,4,1.0
57,1,1,0.997149646282196
58,9,9,0.9999586343765259
59,5,5,0.9888550639152527
60,7,7,0.9999986886978149
61,8,8,0.9999692440032959
62,9,9,0.8368394374847412
63,3,3,0.9994524121284485
64,7,7,0.9999998807907104
65,4,4,0.9919890761375427
66,6,6,0.9999964237213135
67,4,4,0.999997615814209
68,3,3,0.9999991655349731
69,0,0,0.9999821186065674
70,7,7,0.9999997615814209
71,0,0,0.9999996423721313
72,2,2,0.9999997615814209
73,9,9,0.9869940876960754
74,1,1,0.9994514584541321
75,7,7,0.9999998807907104
76,3,3,0.99998939037323
77,2,2,0.9999984502792358
78,9,9,0.8391285538673401
79,7,7,0.9999654293060303
80,7,7,0.9996645450592041
81,6,6,0.9999737739562988
82,2,2,1.0
83,7,7,0.9999985694885254
84,8,8,0.9999891519546509
85,4,4,0.9999898672103882
86,7,7,0.999988317489624
87,3,3,0.9982388019561768
88,6,6,1.0
89,1,1,0.9956468939781189
90,3,3,0.9999979734420776
91,6,6,0.9999992847442627
92,9,9,0.7915323972702026
93,3,3,0.99965500831604
94,1,1,0.9967515468597412
95,4,4,0.9509356021881104
96,1,1,0.9817675948143005
97,7,7,0.9998410940170288
98,6,6,0.9999681711196899
99,9,9,0.9999948740005493
100,6,6,0.9999996423721313
101,0,0,0.9999921321868896
102,5,5,0.9999997615814209
103,4,4,1.0
104,9,9,0.9998692274093628
105,9,9,0.999762237071991
106,2,2,0.9999994039535522
107,1,1,0.9805179834365845
108,9,9,0.9999805688858032
109,4,4,0.9999996423721313
110,8,8,0.9999655485153198
111,7,7,0.9778674840927124
112,3,3,0.9999970197677612
113,9,9,0.9999467134475708
114,7,7,0.9999624490737915
115,4,9,0.5188829898834229
116,4,4,0.9993638396263123
117,4,4,0.9999997615814209
118,9,9,0.9896134734153748
119,2,2,0.9998121857643127
120,5,5,0.9999854564666748
121,4,4,0.9786164164543152
122,7,7,0.9999839067459106
123,6,6,1.0
124,7,7,0.9999704360961914
125,9,9,0.9950954914093018
126,0,0,0.9883913397789001
127,5,5,0.9999992847442627
128,8,8,0.9999998807907104
129,5,5,1.0
130,6,6,0.9999978542327881
131,6,6,0.9999988079071045
132,5,5,0.9999967813491821
133,7,7,0.999929666519165
134,8,8,0.9999958276748657
135,1,1,0.9998329877853394
136,0,0,0.9999181032180786
137,1,1,0.9987704157829285
138,6,6,1.0
139,4,4,0.999213457107544
140,6,6,0.9999923706054688
141,7,7,1.0
142,3,3,0.9998089671134949
143,1,1,0.9995355606079102
144,7,7,0.9999817609786987
145,1,1,0.9996272325515747
146,8,8,0.9999713897705078
147,2,2,1.0
148,0,0,0.9999051094055176
149,2,2,0.9995361566543579
150,9,9,0.9998032450675964
151,9,9,0.9921073317527771
152,5,5,0.9999992847442627
153,5,5,0.9998726844787598
154,1,1,0.9993621706962585
155,5,5,0.9999997615814209
156,6,6,0.9999996423721313
157,0,0,0.9999582767486572
158,3,3,0.957925021648407
159,4,4,0.9989247918128967
160,4,4,0.9930303692817688
161,6,6,0.9999998807907104
162,5,5,1.0
163,4,4,0.9999994039535522
164,6,6,0.999995231628418
165,5,5,0.9999995231628418
166,4,4,0.9999322891235352
167,5,5,0.9993245601654053
168,1,1,0.999289870262146
169,4,4,0.9999940395355225
170,4,4,0.9999973773956299
171,7,7,0.9945328235626221
172,2,2,0.9999446868896484
173,3,3,0.9993489384651184
174,2,2,0.9999998807907104
175,7,7,0.8512698411941528
176,1,1,0.9987435936927795
177,8,8,0.9997779726982117
178,1,1,0.9999861717224121
179,8,8,0.9962551593780518
180,1,1,0.9999364614486694
181,8,8,0.999982476234436
182,5,5,0.9999731779098511
183,0,0,0.9999988079071045
184,8,8,0.8998762965202332
185,9,9,0.9986860156059265
186,2,2,0.9998489618301392
187,5,5,0.9999984502792358
188,0,0,0.9999977350234985
189,1,1,0.9972913861274719
190,1,1,0.9948373436927795
191,1,1,0.9974716901779175
192,0,0,0.9998462200164795
193,9,9,0.9945559501647949
194,0,0,0.9999984502792358
195,3,3,0.9945684671401978
196,1,1,0.9985685348510742
197,6,6,0.9999595880508423
198,4,4,0.999994158744812
199,2,2,0.9862455129623413
200,3,3,0.999911904335022
201,6,6,1.0
202,1,1,0.9998334646224976
203,1,1,0.9993107318878174
204,1,1,0.9994094371795654
205,3,3,0.9999911785125732
206,9,9,0.9994121789932251
207,5,5,0.9993447661399841
208,2,2,0.9999996423721313
209,9,9,0.9947027564048767
210,4,4,0.9999988079071045
211,5,5,0.5122472643852234
212,9,9,0.9999853372573853
213,3,3,0.9998428821563721
214,9,9,0.9927287101745605
215,0,0,0.9999872446060181
216,3,3,0.9999988079071045
217,6,6,0.9940853118896484
218,5,5,0.9999980926513672
219,5,5,0.9999947547912598
220,7,7,0.9988422989845276
221,2,2,0.9995941519737244
222,2,2,0.9999920129776001
223,7,7,0.99997878074646
224,1,1,0.9946823716163635
225,2,2,0.9999809265136719
226,8,8,0.9999527931213379
227,4,4,0.9994986057281494
228,1,1,0.9989272952079773
229,7,7,0.9997075200080872
230,3,3,0.9991356730461121
231,3,3,0.9999157190322876
232,8,8,0.9988124370574951
233,8,8,0.9999951124191284
234,7,7,0.9988151788711548
235,9,9,0.9840987324714661
236,2,2,1.0
237,2,2,0.9999985694885254
238,4,4,0.9999998807907104
239,1,1,0.9999114274978638
240,5,5,0.9999929666519165
241,9,9,0.9971711039543152
242,8,8,0.9998573064804077
243,7,7,0.9975742697715759
244,2,2,0.9977883100509644
245,3,3,0.9998364448547363
246,0,0,0.9999690055847168
247,4,6,0.869867205619812
248,4,4,0.9999761581420898
249,2,2,0.9886518120765686
250,4,4,0.9896741509437561
251,1,1,0.9940266609191895
252,9,9,0.9999973773956299
253,5,5,0.999991774559021
254,7,7,0.9999496936798096
255,7,7,0.9984771609306335
256,2,2,0.9990559220314026
257,8,8,0.9893821477890015
258,2,2,1.0
259,6,6,0.9603041410446167
260,8,8,0.9999961853027344
261,5,5,0.9999632835388184
262,7,7,1.0
263,7,7,0.9999803304672241
264,9,9,0.9807979464530945
265,1,1,0.9995044469833374
266,8,8,0.9227890968322754
267,1,1,0.9998069405555725
268,8,8,0.9994980096817017
269,0,0,0.999995231628418
270,3,3,0.999996542930603
271,0,0,0.9999967813491821
272,1,1,0.9998036026954651
273,9,9,0.999451220035553
274,9,9,0.9993971586227417
275,4,4,0.9999459981918335
276,1,1,0.9999269247055054
277,8,8,0.9999949932098389
278,2,2,0.9999996423721313
279,1,1,0.9997952580451965
280,2,2,0.9999815225601196
281,9,9,0.9999415874481201
282,7,7,0.532870352268219
283,5,5,0.9999949932098389
284,9,9,0.999828577041626
285,2,2,1.0
286,6,6,0.9969120025634766
287,4,4,0.9999293088912964
288,1,1,0.9986109733581543
289,5,5,0.9989498257637024
290,8,8,0.9811597466468811
291,2,2,0.9992719292640686
292,9,9,0.9963919520378113
293,2,2,1.0
294,0,0,0.9999878406524658
295,4,4,0.999990701675415
296,0,0,0.9999997615814209
297,0,0,0.9991605281829834
298,2,2,0.9999898672103882
299,8,8,0.9999932050704956
300,4,4,0.9920017719268799
301,7,7,0.9995043277740479
302,1,1,0.9997749924659729
303,2,2,0.9999904632568359
304,4,4,0.9998836517333984
305,0,0,0.9999817609786987
306,2,2,0.9999740123748779
307,7,7,0.9978927969932556
308,4,4,0.9997243285179138
309,3,3,0.9999732971191406
310,3,3,0.9999637603759766
311,0,0,0.9999604225158691
312,0,0,0.9999738931655884
313,3,3,0.9998573064804077
314,1,1,0.9999258518218994
315,9,9,0.9999781847000122
316,6,6,0.9998894929885864
317,5,5,0.9999876022338867
318,2,2,0.9984298348426819
319,5,5,0.9999997615814209
320,9,9,0.9508638381958008
321,2,2,0.701921820640564
322,9,9,0.999691367149353
323,3,3,0.9999994039535522
324,0,0,0.7553676962852478
325,4,4,0.997879147529602
326,2,2,0.9399923086166382
327,0,0,0.9999973773956299
328,7,7,0.9996210336685181
329,1,1,0.9999467134475708
330,1,1,0.9999164342880249
331,2,2,0.9999997615814209
332,1,1,0.9999858140945435
333,5,5,0.996134877204895
334,3,3,0.9999990463256836
335,3,3,0.9998692274093628
336,9,9,0.998665452003479
337,7,7,0.9901300072669983
338,8,8,0.9997149109840393
339,6,6,0.9958232641220093
340,5,5,0.5482040643692017
341,6,6,0.9994454979896545
342,1,1,0.9998973608016968
343,3,3,0.9996836185455322
344,8,8,0.9997274279594421
345,1,1,0.9997039437294006
346,0,0,0.9999408721923828
347,5,5,0.9996058344841003
348,1,1,0.9996516704559326
349,3,3,0.9996932744979858
350,1,1,0.9954892992973328
351,5,5,0.9999994039535522
352,5,5,0.9999966621398926
353,6,6,0.9999746084213257
354,1,1,0.9999436140060425
355,8,8,0.9998558759689331
356,5,5,1.0
357,1,1,0.9949870109558105
358,7,7,0.9795315265655518
359,9,9,0.8894672393798828
360,4,4,0.9999979734420776
361,6,6,1.0
362,2,2,0.9999995231628418
363,2,2,0.9998998641967773
364,5,5,0.9999998807907104
365,0,0,0.9998412132263184
366,6,6,0.9736407399177551
367,5,5,0.9999946355819702
368,6,6,0.9966219663619995
369,3,3,0.9996535778045654
370,7,7,0.999974250793457
371,2,2,0.9999979734420776
372,0,0,0.9994688630104065
373,8,8,0.9999983310699463
374,8,8,0.9995519518852234
375,5,5,1.0
376,4,4,0.9788731336593628
377,1,1,0.9996215105056763
378,1,1,0.9997079968452454
379,4,4,0.9999960660934448
380,0,0,0.9999845027923584
381,3,3,0.9127364158630371
382,3,3,0.9999899864196777
383,7,7,0.999891996383667
384,6,6,1.0
385,1,1,0.9999349117279053
386,6,6,0.9999758005142212
387,2,2,1.0
388,1,1,0.9998693466186523
389,9,9,0.9974197149276733
390,2,2,0.9999997615814209
391,8,8,0.9939435124397278
392,6,6,0.9999998807907104
393,1,1,0.9997157454490662
394,9,9,0.7764502763748169
395,5,5,0.9999994039535522
396,2,2,0.9999983310699463
397,5,5,0.999879002571106
398,4,4,0.9999982118606567
399,4,4,0.9999805688858032
400,2,2,0.9997385144233704
401,8,8,0.9997320771217346
402,3,3,0.9999909400939941
403,8,8,0.9995216131210327
404,2,2,0.8262149095535278
405,4,4,0.9999986886978149
406,5,5,0.9815318584442139
407,0,0,0.9999980926513672
408,3,3,0.9999641180038452
409,1,1,0.9987320303916931
410,7,7,1.0
411,7,7,0.9945766925811768
412,5,5,0.9985411167144775
413,7,7,0.9999991655349731
414,9,9,0.9990867376327515
415,7,7,0.9999127388000488
416,1,1,0.9998949766159058
417,9,9,0.9719676971435547
418,2,2,0.9999990463256836
419,1,1,0.9996970891952515
420,4,4,0.9923241138458252
421,2,2,0.9998157620429993
422,9,9,0.999715268611908
423,2,2,1.0
424,0,0,0.9999949932098389
425,4,4,0.999993085861206
426,9,9,0.9998718500137329
427,1,1,0.9994649291038513
428,4,4,0.999995231628418
429,8,8,0.9999991655349731
430,1,1,0.9997180104255676
431,8,8,0.5615662932395935
432,4,4,0.9993144273757935
433,5,5,0.9999865293502808
434,9,9,0.9996922016143799
435,8,8,0.9797747731208801
436,8,8,0.9999619722366333
437,3,3,0.9999905824661255
438,7,7,0.9999278783798218
439,6,6,0.9955602884292603
440,0,0,0.9999994039535522
441,0,0,0.9991114735603333
442,3,3,0.9999984502792358
443,0,0,0.9944315552711487
444,2,2,0.8396593928337097
445,6,0,0.6413869261741638
446,6,6,0.998320996761322
447,4,4,0.9902774691581726
448,9,9,0.8440645337104797
449,3,5,0.8509876132011414
450,3,3,0.9447516798973083
451,3,3,0.9999915361404419
452,2,2,0.9986743927001953
453,3,3,0.9999974966049194
454,9,9,0.9997871518135071
455,1,1,0.9995092153549194
456,2,2,0.9998890161514282
457,6,6,0.9977996945381165
458,8,8,0.9999998807907104
459,0,0,0.9998233914375305
460,5,5,0.9993133544921875
461,6,6,0.9999985694885254
462,6,6,0.9963669776916504
463,6,6,1.0
464,3,3,0.9984758496284485
465,8,8,0.9999098777770996
466,8,8,0.9999740123748779
467,2,2,0.9999957084655762
468,7,7,0.9959567189216614
469,5,5,0.9998652935028076
470,8,8,0.9999375343322754
471,9,9,0.9877638220787048
472,6,6,1.0
473,1,1,0.9976590871810913
474,8,8,0.9999779462814331
475,4,4,0.9992333650588989
476,1,1,0.9998210072517395
477,2,2,0.9999594688415527
478,5,5,0.9998149275779724
479,9,9,0.9914968609809875
480,1,1,0.9993453621864319
481,9,9,0.9999837875366211
482,7,7,1.0
483,5,5,0.9999107122421265
484,4,4,0.9999948740005493
485,0,0,0.9998565912246704
486,8,8,0.9999881982803345
487,9,9,0.9999067783355713
488,9,9,0.9984475374221802
489,1,1,0.9998660087585449
490,0,0,0.9998581409454346
491,5,5,0.9991462230682373
492,2,2,0.6608411073684692
493,3,3,1.0
494,7,7,0.9999995231628418
495,8,8,0.8990194797515869
496,9,9,0.9999892711639404
497,4,4,0.6691103577613831
498,0,0,0.997266411781311
499,6,6,0.9991336464881897
500,3,3,0.9999998807907104
501,9,9,0.9999960660934448
502,5,5,0.9999436140060425
503,2,2,1.0
504,1,1,0.9990755319595337
505,3,3,0.9998118281364441
506,1,1,0.9995600581169128
507,3,3,0.9998252987861633
508,6,6,0.9967656135559082
509,5,5,0.9999737739562988
510,7,7,0.9994366765022278
511,4,4,0.8331377506256104
512,2,2,0.999998927116394
513,2,2,1.0
514,6,6,0.9999833106994629
515,3,3,0.9998793601989746
516,2,2,0.9999998807907104
517,6,6,0.9999998807907104
518,5,5,0.9999971389770508
519,4,4,0.9997825026512146
520,8,8,0.9999210834503174
521,9,9,0.9993754029273987
522,7,7,0.9999939203262329
523,1,1,0.9890950322151184
524,3,3,0.9990020394325256
525,0,0,0.9999977350234985
526,3,3,0.9999516010284424
527,8,8,0.9999706745147705
528,3,3,0.9957327246665955
529,1,1,0.9999462366104126
530,9,9,0.998727023601532
531,3,3,0.999864935874939
532,4,4,0.9994078874588013
533,4,4,0.9999998807907104
534,6,6,0.9999911785125732
535,4,4,0.9999998807907104
536,2,2,0.9996871948242188
537,1,1,0.9995324611663818
538,8,8,0.9993605017662048
539,2,2,0.9999358654022217
540,5,5,0.9999604225158691
541,4,4,0.9999978542327881
542,8,8,0.5727484822273254
543,8,8,0.9670294523239136
544,4,4,0.9999935626983643
545,0,0,0.9997091889381409
546,0,0,0.999990701675415
547,2,2,0.9941459894180298
548,3,3,0.9999964237213135
549,2,2,1.0
550,7,7,0.9956283569335938
551,7,7,0.9497498869895935
552,0,0,0.9772908091545105
553,8,8,0.9999574422836304
554,7,7,1.0
555,4,4,0.9999921321868896
556,4,4,0.9999940395355225
557,7,7,0.9983539581298828
558,9,9,0.9999109506607056
559,6,6,0.9999744892120361
560,9,9,0.9997661709785461
561,0,0,0.9996758699417114
562,9,9,0.9998840093612671
563,8,8,0.9998193383216858
564,0,0,0.9998701810836792
565,4,4,0.9992738366127014
566,6,6,0.9998204112052917
567,0,0,0.9989707469940186
568,6,6,0.9999767541885376
569,3,3,0.9999979734420776
570,5,5,0.9999686479568481
571,4,4,0.7903462052345276
572,8,8,0.9998371601104736
573,3,3,0.9999988079071045
574,3,3,0.9999972581863403
575,9,9,0.9997979998588562
576,3,3,0.999991774559021
577,3,3,1.0
578,3,3,0.9994226694107056
579,7,7,0.9999933242797852
580,8,8,0.9992738366127014
581,0,0,0.9999600648880005
582,8,2,0.6722602248191833
583,2,2,0.7962155938148499
584,1,1,0.9993395209312439
585,7,7,0.9999996423721313
586,0,0,0.999858021736145
587,6,6,0.9999817609786987
588,5,5,0.9999840259552002
589,4,4,0.9999949932098389
590,3,3,1.0
591,8,2,0.565768837928772
592,0,0,0.9999980926513672
593,9,9,0.9852525591850281
594,6,6,0.9999939203262329
595,3,3,0.9999897480010986
596,8,8,0.9999288320541382
597,0,0,0.9808277487754822
598,9,9,0.999941349029541
599,9,9,0.9999715089797974
600,6,6,0.9999998807907104
601,8,8,0.9997311234474182
602,6,6,1.0
603,8,8,0.9998670816421509
604,5,5,0.9999998807907104
605,7,7,0.9973276853561401
606,8,8,0.9999351501464844
607,6,6,0.9999994039535522
608,0,0,0.999974250793457
609,2,2,0.9999997615814209
610,4,4,0.9993833303451538
611,0,0,0.999993085861206
612,2,2,1.0
613,2,2,0.9946958422660828
614,3,3,0.9999369382858276
615,1,1,0.9992642998695374
616,9,9,0.9999401569366455
617,7,7,0.9989803433418274
618,5,5,0.9995040893554688
619,1,8,0.5312914252281189
620,0,0,0.9999765157699585
621,8,8,0.9999421834945679
622,4,4,0.999998927116394
623,6,6,0.9999997615814209
624,2,2,0.9998188614845276
625,6,6,0.9377880692481995
626,7,7,0.9999997615814209
627,9,9,0.9995493292808533
628,3,3,0.9999967813491821
629,2,2,0.9872187376022339
630,9,9,0.9997987151145935
631,8,8,0.999998927116394
632,2,2,0.9999992847442627
633,2,2,1.0
634,9,9,0.999976396560669
635,2,2,0.9964914917945862
636,7,7,1.0
637,3,3,0.999433696269989
638,5,5,0.9999997615814209
639,9,9,0.998927652835846
640,1,1,0.9982550740242004
641,8,8,0.9992423057556152
642,0,0,0.9911453127861023
643,2,2,1.0
644,0,0,0.9999979734420776
645,5,5,0.9981777667999268
646,2,2,0.9113647937774658
647,1,1,0.9996711015701294
648,3,3,1.0
649,7,7,0.9998515844345093
650,6,6,0.9996048808097839
651,7,7,0.9999977350234985
652,1,1,0.9999277591705322
653,2,2,0.9999943971633911
654,5,5,0.9998424053192139
655,8,8,0.9651650786399841
656,0,0,0.9999998807907104
657,3,3,0.9999997615814209
658,7,7,0.9994444251060486
659,2,2,0.5502234101295471
660,4,4,0.9999949932098389
661,0,0,0.9977960586547852
662,9,9,0.9999681711196899
663,1,1,0.9999675750732422
664,8,8,0.9999996423721313
665,6,6,1.0
666,7,7,0.9998840093612671
667,7,7,0.9780078530311584
668,4,4,0.9999895095825195
669,3,3,0.9999879598617554
670,4,4,0.9999191761016846
671,9,9,0.9997544884681702
672,1,1,0.9999350309371948
673,9,9,0.998347282409668
674,5,5,0.9361929297447205
675,1,1,0.9998817443847656
676,7,7,0.9999722242355347
677,3,3,0.9999978542327881
678,9,9,0.9999427795410156
679,7,7,0.9998824596405029
680,6,6,1.0
681,9,9,0.9999411106109619
682,1,1,0.9998202919960022
683,3,3,0.9995586276054382
684,7,7,0.562090277671814
685,8,8,0.9987738728523254
686,3,3,0.9999933242797852
687,3,3,0.9999991655349731
688,6,6,0.9995236396789551
689,7,7,0.9796075820922852
690,2,2,0.9999973773956299
691,8,8,0.9927873015403748
692,5,5,0.9992212057113647
693,8,8,0.999958872795105
694,5,5,0.9999961853027344
695,1,1,0.9997716546058655
696,1,1,0.9796326160430908
697,4,4,0.9999991655349731
698,4,4,0.9996026158332825
699,3,3,0.9999313354492188
700,1,1,0.9991042017936707
701,0,0,0.9999873638153076
702,7,7,0.9995837807655334
703,7,7,0.9999909400939941
704,0,0,0.9999570846557617
705,7,7,0.9999980926513672
706,9,9,0.9998922348022461
707,4,4,0.8430776000022888
708,4,4,0.9996504783630371
709,8,8,0.999948263168335
710,5,5,1.0
711,5,5,0.9999998807907104
712,4,4,0.9957226514816284
713,0,0,0.9999483823776245
714,8,8,0.9999730587005615
715,2,2,0.9998843669891357
716,1,1,0.9080786108970642
717,0,4,0.3692557215690613
718,8,8,0.9998495578765869
719,4,4,0.999997615814209
720,5,5,0.9978951215744019
721,0,0,0.9996565580368042
722,4,4,1.0
723,0,0,0.9995629191398621
724,6,6,0.9999953508377075
725,1,1,0.9999247789382935
726,7,7,0.40568679571151733
727,3,3,0.9999997615814209
728,2,2,0.9998229146003723
729,6,6,0.9999969005584717
730,7,7,0.9996452331542969
731,2,2,1.0
732,6,6,0.9999997615814209
733,9,9,0.9999890327453613
734,3,3,0.999980092048645
735,1,1,0.9995563626289368
736,4,4,0.9999486207962036
737,6,6,0.9998739957809448
738,2,2,0.9996827840805054
739,5,5,0.9999327659606934
740,4,9,0.8646638989448547
741,2,2,0.9999964237213135
742,0,0,0.9999998807907104
743,6,6,0.9999943971633911
744,2,2,1.0
745,1,1,0.9999514818191528
746,7,7,0.9990795850753784
747,3,3,1.0
748,4,4,0.9995118379592896
749,1,1,0.998548686504364
750,0,0,0.9999897480010986
751,5,5,0.9999991655349731
752,4,4,0.9999948740005493
753,3,3,0.9996546506881714
754,1,1,0.9999567270278931
755,1,1,0.99955815076828
756,7,7,0.999893069267273
757,4,4,0.9999876022338867
758,9,9,0.9998444318771362
759,9,9,0.9984825253486633
760,4,4,0.9845351576805115
761,8,8,0.9989755153656006
762,4,4,0.9999271631240845
763,0,0,0.9996811151504517
764,2,2,0.9999990463256836
765,4,4,0.9999933242797852
766,5,5,0.9999674558639526
767,1,1,0.9970128536224365
768,1,1,0.999923586845398
769,6,6,0.9999226331710815
770,4,4,0.9999982118606567
771,7,7,0.9694108963012695
772,1,1,0.9990235567092896
773,9,9,0.9999241828918457
774,4,4,0.9729083180427551
775,2,2,0.9999451637268066
776,4,4,0.9999957084655762
777,1,1,0.9964336156845093
778,5,5,0.9999991655349731
779,5,5,0.9999979734420776
780,3,3,0.9999772310256958
781,8,8,0.9865148663520813
782,3,3,0.9997701048851013
783,1,1,0.999438464641571
784,4,4,0.9999861717224121
785,5,5,0.9993976354598999
786,6,6,0.9140309691429138
787,8,8,0.9997103810310364
788,9,9,0.9997743964195251
789,4,4,0.9993595480918884
790,1,1,0.999168872833252
791,5,5,0.9991299510002136
792,3,3,1.0
793,8,8,0.9999886751174927
794,0,0,0.9999990463256836
795,3,3,0.9985306262969971
796,2,2,1.0
797,5,5,0.9603445529937744
798,1,1,0.9988964796066284
799,2,2,1.0
800,8,8,0.9982944130897522
801,3,3,0.999983549118042
802,4,4,0.9999985694885254
803,4,4,0.9999997615814209
804,0,0,0.9998533725738525
805,8,8,0.9999996423721313
806,8,8,0.9999915361404419
807,3,3,0.9999995231628418
808,3,3,0.9996999502182007
809,1,1,0.998978853225708
810,7,7,0.998991072177887
811,3,3,0.9999961853027344
812,5,5,1.0
813,9,8,0.5604888200759888
814,6,6,0.9999990463256836
815,3,3,0.9988303780555725
816,2,2,0.9999232292175293
817,6,6,0.9998908042907715
818,1,1,0.9991112351417542
819,3,3,1.0
820,6,6,0.9999986886978149
821,0,0,0.999911904335022
822,7,7,1.0
823,2,2,0.9994919300079346
824,1,1,0.9999210834503174
825,7,7,0.9999970197677612
826,1,1,0.9999496936798096
827,4,4,0.9978589415550232
828,2,2,0.9997898936271667
829,4,8,0.6234934329986572
830,2,2,0.9999450445175171
831,1,1,0.9989233613014221
832,7,7,0.9999892711639404
833,9,9,0.9820854067802429
834,6,6,0.9995762705802917
835,1,1,0.9996720552444458
836,1,1,0.9993858337402344
837,2,2,0.9999943971633911
838,4,4,1.0
839,8,8,0.8410637974739075
840,1,1,0.9984478950500488
841,7,7,0.9999996423721313
842,7,7,0.9588749408721924
843,4,4,1.0
844,8,8,0.8589500188827515
845,0,0,0.9999963045120239
846,7,9,0.8708336353302002
847,3,3,0.9999885559082031
848,1,1,0.9999179840087891
849,3,3,1.0
850,1,1,0.9995574355125427
851,0,0,0.999920129776001
852,7,7,0.9999982118606567
853,7,7,0.9999332427978516
854,0,0,0.9999850988388062
855,3,3,0.9999992847442627
856,5,5,0.9999798536300659
857,5,5,0.9998328685760498
858,2,2,0.9999996423721313
859,7,7,0.9998890161514282
860,6,6,1.0
861,6,6,0.9999998807907104
862,9,9,0.9998339414596558
863,2,2,0.9924151301383972
864,8,8,0.9999881982803345
865,3,3,0.999980092048645
866,5,5,0.9995256662368774
867,2,2,0.9999997615814209
868,2,2,0.9999986886978149
869,5,5,0.9999994039535522
870,6,6,0.9857472777366638
871,0,0,0.9999908208847046
872,8,8,0.9994261264801025
873,2,2,0.9999997615814209
874,9,9,0.9883055686950684
875,2,2,0.9995112419128418
876,8,8,0.9999707937240601
877,8,8,0.9884750843048096
878,8,8,0.9963173866271973
879,8,8,0.9999959468841553
880,7,7,0.9999440908432007
881,4,4,0.9795213341712952
882,9,7,0.8618674874305725
883,3,3,0.850439727306366
884,0,0,0.999985933303833
885,6,6,0.9990369081497192
886,6,6,0.9999998807907104
887,3,3,0.9999995231628418
888,2,2,0.9999977350234985
889,1,1,0.9999806880950928
890,3,3,0.9968607425689697
891,2,2,0.999968409538269
892,2,2,1.0
893,9,9,0.9984983205795288
894,3,3,0.9997217059135437
895,0,0,0.8754782676696777
896,0,0,0.9991911053657532
897,5,5,1.0
898,7,7,0.7210782766342163
899,8,8,0.999997615814209
900,1,1,0.6968583464622498
901,4,4,0.9999988079071045
902,4,4,0.9994269609451294
903,6,6,0.9999481439590454
904,0,0,0.9974092841148376
905,2,2,1.0
906,9,9,0.999782145023346
907,1,1,0.9987645149230957
908,4,4,0.9999901056289673
909,7,7,0.9999531507492065
910,4,4,0.9999997615814209
911,7,7,0.9999228715896606
912,3,3,0.9999995231628418
913,9,9,0.9998495578765869
914,8,8,0.9999849796295166
915,8,8,0.9997158646583557
916,4,4,0.9999254941940308
917,7,7,0.9999991655349731
918,1,1,0.997853696346283
919,2,2,0.9999994039535522
920,1,1,0.9995661377906799
921,2,2,1.0
922,2,2,0.9999855756759644
923,3,3,1.0
924,2,2,0.7130346894264221
925,3,3,1.0
926,2,2,0.9998825788497925
927,3,3,0.9999992847442627
928,9,9,0.999824583530426
929,1,1,0.9997264742851257
930,7,7,0.9994999170303345
931,4,4,0.9992331266403198
932,0,0,0.9999376535415649
933,3,3,0.9999971389770508
934,5,5,0.9999914169311523
935,5,5,0.9999970197677612
936,8,8,0.9408019781112671
937,6,6,0.9999982118606567
938,3,5,0.5066381096839905
939,2,2,0.9793635010719299
940,6,6,0.9937451481819153
941,7,7,0.9999990463256836
942,6,6,0.9999911785125732
943,6,6,0.999966025352478
944,3,3,0.9999028444290161
945,2,2,0.9999995231628418
946,7,7,0.9997432827949524
947,8,9,0.8126500844955444
948,1,1,0.9997878670692444
949,1,1,0.9996013045310974
950,7,7,0.9405896067619324
951,5,5,0.9994620680809021
952,6,6,0.9999808073043823
953,4,4,0.9999942779541016
954,9,9,0.9999767541885376
955,5,5,0.9996241331100464
956,1,2,0.7005608081817627
957,3,3,0.9957525730133057
958,3,3,0.9119099974632263
959,4,4,0.9960463643074036
960,7,7,0.9974790215492249
961,8,8,0.9999955892562866
962,9,9,0.9916144609451294
963,1,1,0.9985969662666321
964,1,1,0.9944500923156738
965,6,6,0.9121886491775513
966,9,9,0.9861389994621277
967,1,1,0.9999171495437622
968,4,4,0.9999659061431885
969,4,4,0.9958678483963013
970,5,5,0.9999951124191284
971,4,4,0.9999985694885254
972,0,0,1.0
973,6,6,1.0
974,2,2,0.9999998807907104
975,2,2,0.9999765157699585
976,3,3,0.9992782473564148
977,1,1,0.9977151155471802
978,5,5,0.9999183416366577
979,1,1,0.9980669617652893
980,2,2,1.0
981,0,0,0.9999866485595703
982,3,3,0.9923186302185059
983,8,8,0.9997493624687195
984,1,1,0.9994851350784302
985,2,2,0.9999992847442627
986,6,6,0.9999244213104248
987,7,7,0.9999998807907104
988,1,1,0.9910256266593933
989,6,6,0.9999827146530151
990,2,2,0.9999154806137085
991,3,3,1.0
992,9,9,0.9997168183326721
993,0,0,0.9999815225601196
994,1,1,0.9960979223251343
995,2,2,0.9999876022338867
996,2,2,0.9999998807907104
997,0,0,0.9999997615814209
998,8,8,0.9998106360435486
999,9,9,0.9985095858573914
1000,9,9,0.9997896552085876
1001,0,0,0.9997703433036804
1002,2,2,0.9879422783851624
1003,5,5,0.9953321814537048
1004,1,1,0.9907917976379395
1005,9,9,0.9987069368362427
1006,7,7,0.9997854828834534
1007,8,8,0.9996322393417358
1008,1,1,0.9997537732124329
1009,0,0,0.9998830556869507
1010,4,4,0.9999722242355347
1011,1,1,0.999042809009552
1012,7,7,0.9945098161697388
1013,9,9,0.9997956156730652
1014,6,5,0.8823791146278381
1015,4,4,0.999487042427063
1016,2,2,0.9999951124191284
1017,6,6,0.9995133876800537
1018,8,8,0.9999889135360718
1019,1,1,0.9997538924217224
1020,3,3,0.9999939203262329
1021,7,7,0.9989099502563477
1022,5,5,0.9986438155174255
1023,4,4,0.999998927116394
1024,4,4,0.9993488192558289
1025,1,1,0.9999105930328369
1026,8,8,0.9780821800231934
1027,1,1,0.9985623955726624
1028,3,3,0.9999918937683105
1029,8,8,0.9999946355819702
1030,1,1,0.999363124370575
1031,2,2,0.9999774694442749
1032,5,5,0.9971953630447388
1033,8,8,0.9786347150802612
1034,0,0,0.9999490976333618
1035,6,6,0.9999995231628418
1036,2,2,0.9999997615814209
1037,1,1,0.9995397329330444
1038,1,1,0.9996508359909058
1039,7,2,0.9664748311042786
1040,1,1,0.9996569156646729
1041,5,5,1.0
1042,3,3,0.9999984502792358
1043,4,4,0.9999977350234985
1044,6,6,0.9905344247817993
1045,9,9,0.9820080995559692
1046,5,5,0.9999916553497314
1047,0,0,0.9999948740005493
1048,9,9,0.9999282360076904
1049,2,2,1.0
1050,2,2,0.9990684390068054
1051,4,4,0.9982976317405701
1052,8,8,0.9999312162399292
1053,2,2,1.0
1054,1,1,0.9986937642097473
1055,7,7,0.9986346364021301
1056,2,2,0.9999412298202515
1057,4,4,0.999995231628418
1058,9,9,0.9999194145202637
1059,4,4,0.9999970197677612
1060,4,4,0.9999933242797852
1061,0,0,0.9988638162612915
1062,3,3,0.9986584186553955
1063,9,9,0.9998519420623779
1064,2,2,0.9999542236328125
1065,2,2,0.9998562335968018
1066,3,3,0.9999755620956421
1067,3,3,0.9999747276306152
1068,8,8,0.9967193007469177
1069,3,3,0.9999169111251831
1070,5,5,1.0
1071,7,7,0.9999803304672241
1072,3,3,0.9810339212417603
1073,5,5,0.9999971389770508
1074,8,8,0.9999879598617554
1075,1,1,0.9994315505027771
1076,2,2,0.9999958276748657
1077,4,4,0.9997814297676086
1078,4,4,0.999784529209137
1079,6,6,0.999992847442627
1080,4,4,0.9999536275863647
1081,9,9,0.9990980625152588
1082,5,5,0.999068558216095
1083,1,1,0.9996449947357178
1084,0,0,0.9999994039535522
1085,6,6,0.9999454021453857
1086,9,9,0.9998157620429993
1087,5,5,0.9999102354049683
1088,9,9,0.9999005794525146
1089,5,5,0.999549925327301
1090,9,9,0.9894780516624451
1091,7,7,0.9999936819076538
1092,3,3,0.9999866485595703
1093,8,8,0.9957999587059021
1094,0,0,0.999933123588562
1095,3,3,0.999985933303833
1096,7,7,0.9999250173568726
1097,1,1,0.9997147917747498
1098,3,3,0.9999362230300903
1099,6,6,0.9999895095825195
1100,7,7,0.9999991655349731
1101,8,8,0.9915561676025391
1102,5,5,1.0
1103,9,9,0.9994254112243652
1104,7,7,0.9999825954437256
1105,9,9,0.9998992681503296
1106,6,6,1.0
1107,9,9,0.9990164041519165
1108,6,6,0.997211754322052
1109,3,3,0.9999897480010986
1110,7,7,0.9999998807907104
1111,4,4,0.9999909400939941
1112,4,6,0.8914207220077515
1113,5,5,1.0
1114,3,3,0.8448255062103271
1115,5,5,0.9999814033508301
1116,4,4,0.9984824061393738
1117,7,7,0.9991832375526428
1118,8,8,0.9998140931129456
1119,7,7,0.9997311234474182
1120,8,8,0.9999599456787109
1121,0,0,0.9585033059120178
1122,7,7,0.9997362494468689
1123,6,6,0.9999998807907104
1124,8,8,0.9583845734596252
1125,8,8,0.9996527433395386
1126,7,7,0.9999943971633911
1127,3,3,0.9999996423721313
1128,3,3,0.9912422895431519
1129,1,1,0.9996007084846497
1130,9,9,0.9996681213378906
1131,5,5,0.9999821186065674
1132,2,2,1.0
1133,7,7,0.9997256398200989
1134,3,3,0.9999995231628418
1135,5,5,0.9999821186065674
1136,1,1,0.9984368681907654
1137,1,1,0.9997560381889343
1138,2,2,0.9980873465538025
1139,1,1,0.9984086155891418
1140,4,4,0.9999997615814209
1141,7,7,0.9999862909317017
1142,4,4,0.9999637603759766
1143,7,7,0.9961022138595581
1144,5,5,0.999990701675415
1145,4,4,0.9997485280036926
1146,5,5,0.9998562335968018
1147,4,4,0.9991795420646667
1148,0,0,0.9999750852584839
1149,8,8,0.9999967813491821
1150,3,3,0.9998428821563721
1151,6,6,0.9991728663444519
1152,9,9,0.999352753162384
1153,6,6,0.9985217452049255
1154,0,0,0.9999613761901855
1155,2,2,0.9999985694885254
1156,7,7,0.9526658654212952
1157,4,4,0.9836152195930481
1158,4,4,1.0
1159,4,4,0.9982299208641052
1160,4,4,0.9999843835830688
1161,6,6,0.9997195601463318
1162,6,6,1.0
1163,4,4,0.9999914169311523
1164,7,7,0.9992664456367493
1165,9,9,0.9998365640640259
1166,3,3,0.964144766330719
1167,4,4,0.9956321120262146
1168,5,5,0.9999994039535522
1169,5,5,0.9970648884773254
1170,8,8,0.9999986886978149
1171,7,7,0.9999986886978149
1172,3,3,0.9999997615814209
1173,7,7,0.9994474053382874
1174,2,2,0.9999994039535522
1175,7,7,0.9999980926513672
1176,0,0,0.9999932050704956
1177,2,2,0.9999998807907104
1178,4,4,0.9452781081199646
1179,1,1,0.999650239944458
1180,1,1,0.9996132254600525
1181,6,6,0.9895360469818115
1182,6,5,0.72329181432724
1183,9,9,0.9991397857666016
1184,2,2,0.9878478050231934
1185,8,8,0.9999996423721313
1186,7,7,1.0
1187,2,2,0.9971153736114502
1188,0,0,0.99992835521698
1189,1,1,0.9989287257194519
1190,5,5,0.9999969005584717
1191,0,0,0.958026111125946
1192,9,9,0.9809726476669312
1193,1,1,0.9999643564224243
1194,7,7,0.9995936751365662
1195,0,0,0.9999650716781616
1196,6,6,0.9999706745147705
1197,0,0,0.9997488856315613
1198,8,8,0.999054491519928
1199,6,6,0.9998502731323242
1200,8,8,0.9965366125106812
1201,1,1,0.9989010095596313
1202,8,8,0.8311821818351746
1203,0,0,0.9999991655349731
1204,3,3,0.9999099969863892
1205,3,3,1.0
1206,7,7,0.9167821407318115
1207,2,2,1.0
1208,3,3,0.999963641166687
1209,6,6,0.9975602626800537
1210,2,2,1.0
1211,1,1,0.9999260902404785
1212,6,6,0.9982025623321533
1213,1,1,0.999931812286377
1214,1,1,0.9943178296089172
1215,3,3,0.9999560117721558
1216,7,7,0.9399340748786926
1217,9,9,0.9939330220222473
1218,0,0,0.99996018409729
1219,8,8,0.9994440674781799
1220,0,0,0.9998010993003845
1221,5,5,0.9999982118606567
1222,4,4,1.0
1223,0,0,0.9999685287475586
1224,2,2,0.993124783039093
1225,8,8,0.9999980926513672
1226,7,2,0.9618043899536133
1227,2,2,0.9999666213989258
1228,9,9,0.9991117119789124
1229,8,8,0.9999066591262817
1230,4,4,0.9999828338623047
1231,0,0,0.9999886751174927
1232,9,4,0.5992733240127563
1233,5,5,0.9999977350234985
1234,8,8,0.9999927282333374
1235,5,5,0.9999895095825195
1236,1,1,0.9990793466567993
1237,2,2,0.9999706745147705
1238,1,1,0.9999676942825317
1239,3,3,0.9982611536979675
1240,1,1,0.9934750199317932
1241,7,7,0.9999988079071045
1242,4,9,0.7970602512359619
1243,5,5,0.9995642304420471
1244,7,7,0.9993454813957214
1245,2,2,1.0
1246,0,0,0.9998799562454224
1247,9,5,0.5053955316543579
1248,8,8,0.8514304757118225
1249,8,8,0.9999998807907104
1250,6,6,0.9997937083244324
1251,2,2,0.9999902248382568
1252,5,5,0.9998940229415894
1253,4,4,0.9999862909317017
1254,1,1,0.9998236298561096
1255,9,9,0.9999874830245972
1256,2,2,0.9999922513961792
1257,1,1,0.9999337196350098
1258,5,5,0.983055591583252
1259,8,8,0.9956110119819641
1260,7,7,0.6039108633995056
1261,0,0,0.9999963045120239
1262,2,2,0.9999879598617554
1263,4,4,0.9984976053237915
1264,4,4,0.9758459329605103
1265,3,3,0.9997758269309998
1266,6,6,0.999991774559021
1267,8,8,0.9999856948852539
1268,8,8,0.9999998807907104
1269,2,2,0.9999948740005493
1270,4,4,0.9939139485359192
1271,0,0,0.9998171925544739
1272,5,5,0.9999984502792358
1273,0,0,0.9663816094398499
1274,4,4,0.9902845025062561
1275,4,4,0.9996169805526733
1276,7,7,0.9999985694885254
1277,9,9,0.9994288086891174
1278,3,3,1.0
1279,4,4,0.9483103156089783
1280,1,1,0.9999384880065918
1281,5,5,0.9996029734611511
1282,9,9,0.999593198299408
1283,7,7,0.9997376799583435
1284,3,3,1.0
1285,5,5,0.9999953508377075
1286,8,8,0.9997954964637756
1287,8,8,0.9985561966896057
1288,0,0,0.9993172883987427
1289,5,5,0.9953853487968445
1290,3,3,0.9194280505180359
1291,3,3,0.9999995231628418
1292,6,6,0.9188405275344849
1293,6,6,0.9999978542327881
1294,0,0,0.9999967813491821
1295,1,1,0.999833345413208
1296,6,6,0.9908862113952637
1297,0,0,0.9999991655349731
1298,3,3,0.9999659061431885
1299,5,5,0.8141313791275024
1300,4,4,0.9999794960021973
1301,4,4,0.9943045973777771
1302,1,1,0.9975382089614868
1303,2,2,0.9999961853027344
1304,9,9,0.9999570846557617
1305,1,1,0.9996426105499268
1306,4,4,1.0
1307,6,6,0.9999985694885254
1308,9,9,0.9999982118606567
1309,9,9,0.9999127388000488
1310,3,3,0.9998366832733154
1311,9,9,0.9994895458221436
1312,8,8,0.9999740123748779
1313,4,4,0.9999974966049194
1314,4,4,1.0
1315,3,3,0.9999057054519653
1316,1,1,0.9997648596763611
1317,3,3,1.0
1318,1,1,0.998996913433075
1319,8,8,0.4782770872116089
1320,8,8,0.9977009892463684
1321,7,7,0.9999463558197021
1322,9,9,0.9998248219490051
1323,4,4,0.9999998807907104
1324,8,8,0.9997674822807312
1325,8,8,0.9999498128890991
1326,7,2,0.8589921593666077
1327,9,9,0.999006450176239
1328,7,7,0.9905727505683899
1329,1,1,0.9996837377548218
1330,4,4,0.999936580657959
1331,5,5,0.9961050748825073
1332,6,6,0.9999998807907104
1333,0,0,0.9999986886978149
1334,5,5,0.9955613613128662
1335,2,2,0.9970554113388062
1336,2,2,0.9998854398727417
1337,2,2,0.9993090629577637
1338,1,1,0.9997240900993347
1339,5,5,0.9985281229019165
1340,5,5,0.9999927282333374
1341,2,2,0.9999997615814209
1342,4,4,0.9999998807907104
1343,9,9,0.9996713399887085
1344,6,6,0.9997414946556091
1345,2,2,0.9998999834060669
1346,7,7,0.999997615814209
1347,7,7,0.9999362230300903
1348,2,2,0.9999996423721313
1349,2,2,0.8795307278633118
1350,1,1,0.9999704360961914
1351,1,1,0.9986721277236938
1352,2,2,0.9999839067459106
1353,8,8,0.9999169111251831
1354,3,3,0.9999878406524658
1355,7,7,0.9880782961845398
1356,2,2,0.9749789834022522
1357,4,4,0.9984386563301086
1358,1,1,0.9999158382415771
1359,7,7,0.9999837875366211
1360,1,1,0.9995025396347046
1361,7,7,0.999995231628418
1362,6,6,0.9999998807907104
1363,7,7,0.9999897480010986
1364,8,8,0.9433333873748779
1365,2,2,0.9999805688858032
1366,7,7,0.9999978542327881
1367,3,3,0.9999996423721313
1368,1,1,0.9979664087295532
1369,7,7,0.9999992847442627
1370,5,5,0.9999845027923584
1371,8,8,0.9999954700469971
1372,2,2,0.9999387264251709
1373,6,6,1.0
1374,2,2,0.9999897480010986
1375,2,2,0.9999850988388062
1376,5,5,1.0
1377,6,6,0.9973235726356506
1378,5,5,0.9976093769073486
1379,0,0,0.9999996423721313
1380,9,9,0.9999459981918335
1381,2,2,0.9999963045120239
1382,4,4,1.0
1383,3,3,0.9945207834243774
1384,3,3,0.9999994039535522
1385,9,9,0.9926843047142029
1386,7,7,0.9999998807907104
1387,6,6,0.9999982118606567
1388,6,6,0.9999936819076538
1389,8,8,1.0
1390,0,0,0.9999959468841553
1391,4,4,0.9999606609344482
1392,1,1,0.9979799389839172
1393,5,3,0.813448429107666
1394,8,8,0.9869834184646606
1395,2,2,0.9332751035690308
1396,9,9,0.9998691082000732
1397,1,1,0.9992140531539917
1398,8,8,0.9997995495796204
1399,0,0,0.9999905824661255
1400,6,6,0.9998939037322998
1401,7,7,0.9999605417251587
1402,2,2,0.9989951252937317
1403,1,6,0.5006084442138672
1404,0,0,0.9996843338012695
1405,5,5,0.9999861717224121
1406,5,5,0.9997575879096985
1407,2,2,1.0
1408,0,0,0.9999831914901733
1409,2,2,0.9999966621398926
1410,2,2,0.9999527931213379
1411,0,0,0.9969515800476074
1412,2,2,0.9997676014900208
1413,4,4,0.999049961566925
1414,9,9,0.7093512415885925
1415,8,8,0.9752243757247925
1416,0,0,0.9999538660049438
1417,9,9,0.9940453767776489
1418,9,9,0.9997727274894714
1419,4,4,0.9999372959136963
1420,6,6,0.9999998807907104
1421,5,5,0.9999997615814209
1422,4,4,0.9997381567955017
1423,9,9,0.999625563621521
1424,1,1,0.9996143579483032
1425,8,8,0.9989094734191895
1426,3,3,0.9999996423721313
1427,4,4,0.9998902082443237
1428,9,9,0.999790608882904
1429,9,9,0.9753149747848511
1430,1,1,0.9996626377105713
1431,2,2,0.9999982118606567
1432,2,2,0.9999986886978149
1433,8,8,0.9332829117774963
1434,1,1,0.9998743534088135
1435,9,9,0.9977250695228577
1436,6,6,0.996029257774353
1437,4,4,0.9988357424736023
1438,0,0,0.9932377338409424
1439,9,9,0.9991183876991272
1440,4,4,0.9939571619033813
1441,8,8,0.9015341997146606
1442,3,3,0.9999994039535522
1443,8,8,0.9999984502792358
1444,6,6,0.9998117089271545
1445,0,0,0.9999911785125732
1446,2,2,0.9999918937683105
1447,5,5,0.9218868613243103
1448,1,1,0.999672532081604
1449,9,9,0.9999966621398926
1450,6,6,0.9999998807907104
1451,2,2,0.9999321699142456
1452,9,9,0.9999887943267822
1453,4,4,0.9444040060043335
1454,0,0,0.9994375109672546
1455,9,9,0.9953592419624329
1456,6,6,0.9999830722808838
1457,0,0,0.9999998807907104
1458,6,6,0.998986542224884
1459,2,2,0.974705159664154
1460,5,5,0.9999979734420776
1461,4,4,0.9999831914901733
1462,2,2,0.9995966553688049
1463,3,3,0.9999622106552124
1464,8,8,0.9675289988517761
1465,4,4,0.970234215259552
1466,5,5,0.9971400499343872
1467,5,5,0.9999797344207764
1468,0,0,0.9908241033554077
1469,3,3,0.9890809059143066
1470,8,8,0.9999964237213135
1471,5,5,0.9999984502792358
1472,3,3,0.9998270869255066
1473,5,5,0.9999854564666748
1474,8,8,0.9993560910224915
1475,6,6,0.999883770942688
1476,5,5,0.9999547004699707
1477,7,7,0.9999222755432129
1478,6,6,0.9999686479568481
1479,3,3,1.0
1480,3,3,0.9999982118606567
1481,9,9,0.9996126294136047
1482,6,6,0.9970657229423523
1483,1,1,0.9976108074188232
1484,1,1,0.9998959302902222
1485,2,2,0.9999998807907104
1486,9,9,0.9995392560958862
1487,0,0,0.9999850988388062
1488,4,4,0.9999996423721313
1489,3,3,0.9999990463256836
1490,3,3,0.9999953508377075
1491,6,6,0.9999998807907104
1492,9,9,0.9905869364738464
1493,5,5,1.0
1494,7,7,0.9996148347854614
1495,3,3,0.9998750686645508
1496,7,7,0.9848167300224304
1497,7,7,0.999998927116394
1498,7,7,0.9999998807907104
1499,8,8,0.9999958276748657
1500,7,7,0.9548022747039795
1501,9,9,0.9992334842681885
1502,8,8,0.9943049550056458
1503,3,3,0.9992608428001404
1504,0,0,0.9999939203262329
1505,7,7,0.9970220923423767
1506,2,2,1.0
1507,7,7,0.9990482926368713
1508,9,9,0.9799619913101196
1509,4,4,0.9936822652816772
1510,5,5,0.9999358654022217
1511,4,4,0.9999145269393921
1512,9,9,0.9999918937683105
1513,3,3,0.9986497759819031
1514,2,2,0.9994412064552307
1515,1,1,0.9982024431228638
1516,4,4,0.9983022212982178
1517,0,0,0.9999986886978149
1518,2,2,0.9995166063308716
1519,3,3,0.9999998807907104
1520,7,7,0.9988085031509399
1521,5,5,0.9999995231628418
1522,7,9,0.5633968710899353
1523,8,8,0.9662549495697021
1524,8,8,0.9999834299087524
1525,5,5,0.9999899864196777
1526,0,0,0.9999775886535645
1527,1,1,0.7365947365760803
1528,1,1,0.9998167157173157
1529,4,4,0.9999984502792358
1530,8,7,0.697247326374054
1531,3,3,0.9497429132461548
1532,9,9,0.9985494017601013
1533,0,0,0.99887615442276
1534,0,0,0.9998942613601685
1535,0,0,0.9999933242797852
1536,6,6,0.9997093081474304
1537,6,6,0.999998927116394
1538,2,2,0.9999645948410034
1539,3,3,0.9999985694885254
1540,7,7,0.9999988079071045
1541,8,8,0.9999867677688599
1542,4,4,0.9999997615814209
1543,7,7,0.9968554973602295
1544,7,7,1.0
1545,9,9,0.9987855553627014
1546,2,2,0.9999946355819702
1547,4,4,0.9987788796424866
1548,1,1,0.9968510270118713
1549,4,6,0.7008607983589172
1550,5,5,0.9999877214431763
1551,2,2,0.9996448755264282
1552,4,4,0.9998476505279541
1553,9,9,0.8293576240539551
1554,9,9,0.8257299661636353
1555,1,1,0.9992184638977051
1556,8,8,0.9999998807907104
1557,4,4,0.9999990463256836
1558,0,0,0.9891670942306519
1559,9,9,0.9863219261169434
1560,8,8,0.9999940395355225
1561,4,4,0.9999827146530151
1562,8,8,0.9997629523277283
1563,7,7,0.9999980926513672
1564,7,7,0.9999328851699829
1565,0,0,0.9999245405197144
1566,7,7,0.9588257074356079
1567,8,8,0.9999978542327881
1568,8,8,0.9999402761459351
1569,6,6,0.9939848780632019
1570,0,0,0.9865601062774658
1571,4,4,0.9995324611663818
1572,8,8,0.9999610185623169
1573,8,8,0.9997935891151428
1574,2,2,1.0
1575,4,4,0.9999997615814209
1576,7,7,0.9998693466186523
1577,6,6,0.9999998807907104
1578,6,6,0.9999998807907104
1579,6,6,0.9999672174453735
1580,4,4,0.999964714050293
1581,7,7,0.9928459525108337
1582,1,1,0.9997215867042542
1583,8,8,0.995873749256134
1584,8,8,0.9994614720344543
1585,2,2,1.0
1586,3,3,0.997572124004364
1587,6,6,0.9982292056083679
1588,3,3,0.9999997615814209
1589,0,0,0.9999747276306152
1590,0,0,0.9996776580810547
1591,3,3,0.9999083280563354
1592,7,7,0.9998289346694946
1593,6,6,0.9997761845588684
1594,9,9,0.9998794794082642
1595,7,7,0.9864648580551147
1596,9,9,0.9995236396789551
1597,9,9,0.9440807700157166
1598,5,5,0.9999994039535522
1599,4,4,0.9999852180480957
1600,3,3,0.9417843818664551
1601,3,3,0.9920952916145325
1602,6,6,0.9999969005584717
1603,1,1,0.9998819828033447
1604,2,2,0.9999898672103882
1605,3,3,0.9999845027923584
1606,7,7,0.9999961853027344
1607,3,3,0.9952470660209656
1608,3,3,0.9999985694885254
1609,2,2,0.9575995206832886
1610,0,0,0.9999357461929321
1611,3,3,0.9749208688735962
1612,3,3,0.9997995495796204
1613,8,8,0.9997808337211609
1614,4,4,0.9657072424888611
1615,3,3,0.9999830722808838
1616,6,6,0.9999926090240479
1617,3,3,0.9978694915771484
1618,5,5,0.9999240636825562
1619,0,0,0.9992498755455017
1620,2,2,0.9995183944702148
1621,0,6,0.8420743942260742
1622,9,9,0.9999866485595703
1623,0,0,0.9999998807907104
1624,7,7,0.9999947547912598
1625,4,4,0.999998927116394
1626,6,6,0.997973620891571
1627,9,9,0.9999631643295288
1628,3,3,0.9998613595962524
1629,5,5,1.0
1630,1,1,0.9995525479316711
1631,9,9,0.9997043013572693
1632,6,6,0.9999991655349731
1633,1,1,0.9997687935829163
1634,4,4,0.7229079008102417
1635,5,5,0.9999949932098389
1636,4,4,0.9998433589935303
1637,5,5,0.9906942248344421
1638,0,0,0.9997915625572205
1639,5,5,0.9999979734420776
1640,9,9,0.9985846281051636
1641,5,5,0.9884493947029114
1642,2,2,0.999998927116394
1643,1,1,0.9997155070304871
1644,2,2,0.9997996687889099
1645,9,9,0.9999988079071045
1646,1,1,0.9999351501464844
1647,9,9,0.9996651411056519
1648,9,9,0.9998997449874878
1649,4,4,0.9998883008956909
1650,0,0,0.9964587092399597
1651,8,8,0.999984860420227
1652,4,4,0.9999939203262329
1653,5,5,0.9999924898147583
1654,2,2,0.9979904890060425
1655,9,9,0.9997796416282654
1656,2,2,0.9999990463256836
1657,1,1,0.9999632835388184
1658,2,2,0.9999995231628418
1659,1,1,0.9994297623634338
1660,7,7,0.99460768699646
1661,3,3,0.9997279047966003
1662,6,6,1.0
1663,8,8,0.9999901056289673
1664,8,8,0.9996274709701538
1665,4,4,0.9999979734420776
1666,9,9,0.9996658563613892
1667,1,1,0.9982808828353882
1668,9,9,0.9997772574424744
1669,8,8,0.9997535347938538
1670,5,5,0.9999756813049316
1671,7,7,0.995731770992279
1672,5,5,0.9999496936798096
1673,1,1,0.946046769618988
1674,1,1,0.9994437098503113
1675,8,8,0.999937891960144
1676,6,6,0.9944080114364624
1677,5,5,0.9999914169311523
1678,2,2,0.979668915271759
1679,4,4,0.999996542930603
1680,4,4,0.9999750852584839
1681,3,3,0.9916319251060486
1682,2,2,0.999993085861206
1683,3,3,1.0
1684,5,5,0.9999680519104004
1685,6,6,1.0
1686,8,8,0.6187414526939392
1687,8,8,0.9991732239723206
1688,6,6,0.9998912811279297
1689,2,2,0.9992087483406067
1690,3,3,0.9997548460960388
1691,1,1,0.9193365573883057
1692,0,0,0.999995231628418
1693,5,5,0.9999972581863403
1694,8,8,0.9261573553085327
1695,9,9,0.9777770042419434
1696,2,2,0.9998102784156799
1697,9,9,0.999169111251831
1698,6,6,1.0
1699,7,7,1.0
1700,0,0,0.9999991655349731
1701,4,4,0.9750094413757324
1702,8,8,0.9960818886756897
1703,7,7,0.9982665777206421
1704,1,1,0.9998971223831177
1705,7,7,0.9999884366989136
1706,4,4,0.9999977350234985
1707,1,1,0.999256432056427
1708,0,0,0.9999961853027344
1709,9,5,0.6301819682121277
1710,7,7,0.999984622001648
1711,2,2,0.9992953538894653
1712,0,0,0.9994780421257019
1713,0,0,0.9999969005584717
1714,9,9,0.9999862909317017
1715,1,1,0.9998773336410522
1716,7,7,0.9327531456947327
1717,8,0,0.8971693515777588
1718,7,7,0.9935216307640076
1719,8,8,0.9999977350234985
1720,4,4,0.9999991655349731
1721,7,7,0.8520768284797668
1722,2,7,0.5017267465591431
1723,0,0,0.999997615814209
1724,4,4,0.9999982118606567
1725,6,6,0.9964486360549927
1726,0,0,0.9999992847442627
1727,3,3,0.9999996423721313
1728,1,1,0.999823272228241
1729,1,1,0.9963361024856567
1730,3,3,0.9997615218162537
1731,3,3,0.9999982118606567
1732,9,9,0.9999616146087646
1733,6,6,0.9999951124191284
1734,7,7,0.999997615814209
1735,4,4,0.9997727274894714
1736,1,1,0.9993834495544434
1737,5,5,0.9780287146568298
1738,3,3,0.9999992847442627
1739,0,0,0.9998973608016968
1740,8,8,0.9998475313186646
1741,7,7,0.9985941052436829
1742,3,3,0.9999998807907104
1743,9,9,0.9992129802703857
1744,6,6,0.9999995231628418
1745,9,9,0.9999138116836548
1746,3,3,0.9996589422225952
1747,5,5,0.9997450709342957
1748,0,0,0.9814425110816956
1749,2,2,1.0
1750,7,7,0.9999861717224121
1751,4,4,0.9590791463851929
1752,5,5,0.9999969005584717
1753,1,1,0.9997193217277527
1754,7,2,0.5242894291877747
1755,5,5,0.9997655749320984
1756,8,8,0.999936580657959
1757,0,0,0.9999678134918213
1758,8,8,0.9999383687973022
1759,8,8,0.9993213415145874
1760,1,1,0.9829698801040649
1761,5,5,0.9998632669448853
1762,0,0,0.9983739852905273
1763,3,3,0.9999657869338989
1764,0,0,0.999901533126831
1765,3,3,0.9999970197677612
1766,1,1,0.9999618530273438
1767,4,4,0.9998055100440979
1768,0,0,0.9999954700469971
1769,3,3,0.9874852299690247
1770,7,7,0.9999982118606567
1771,2,2,0.9999992847442627
1772,7,7,0.9998868703842163
1773,1,6,0.6082658171653748
1774,8,8,0.9970831274986267
1775,0,0,0.9989629983901978
1776,7,7,0.9995649456977844
1777,0,0,0.9999964237213135
1778,4,4,0.9999544620513916
1779,3,3,0.9999781847000122
1780,1,1,0.9995357990264893
1781,9,9,0.9995231628417969
1782,8,8,0.9958613514900208
1783,7,7,0.9999991655349731
1784,7,7,0.9999992847442627
1785,1,1,0.9963701963424683
1786,4,4,0.9986020922660828
1787,9,9,0.9999926090240479
1788,9,9,0.9999415874481201
1789,3,3,0.992154061794281
1790,2,7,0.6739018559455872
1791,1,1,0.9998315572738647
1792,7,7,0.9999908208847046
1793,9,9,0.9999982118606567
1794,0,0,0.9976984858512878
1795,2,2,1.0
1796,0,0,0.9999939203262329
1797,3,3,0.9973733425140381
1798,3,3,0.999997615814209
1799,7,7,0.9999980926513672
1800,6,6,0.998009979724884
1801,9,9,0.9999878406524658
1802,2,2,0.9999849796295166
1803,3,3,0.9999969005584717
1804,3,3,1.0
1805,7,7,0.9999997615814209
1806,7,7,0.9999210834503174
1807,0,0,0.9999983310699463
1808,0,0,0.9919970631599426
1809,7,7,0.9771131277084351
1810,5,5,0.9999998807907104
1811,2,2,0.9996527433395386
1812,9,9,0.9998791217803955
1813,8,8,0.9999858140945435
1814,7,7,0.9999853372573853
1815,4,4,0.9999974966049194
1816,4,4,0.9999504089355469
1817,2,2,0.999984860420227
1818,6,6,0.999967098236084
1819,6,6,0.9999991655349731
1820,1,1,0.9999308586120605
1821,9,9,0.999991774559021
1822,6,6,0.9630133509635925
1823,8,8,0.9851655960083008
1824,2,2,1.0
1825,9,9,0.9975525736808777
1826,0,0,0.9999963045120239
1827,8,8,0.9999719858169556
1828,3,3,0.9882941246032715
1829,1,1,0.9981196522712708
1830,1,1,0.9999489784240723
1831,6,6,0.9999899864196777
1832,3,3,0.9999849796295166
1833,5,5,0.9997113347053528
1834,1,1,0.9998581409454346
1835,1,1,0.9998636245727539
1836,1,1,0.9987911581993103
1837,3,3,0.9998378753662109
1838,1,1,0.9923176765441895
1839,2,2,0.9985539317131042
1840,3,3,0.9999997615814209
1841,0,0,0.9998513460159302
1842,2,2,0.9999958276748657
1843,0,0,0.9999496936798096
1844,1,1,0.9980505704879761
1845,3,3,1.0
1846,5,5,0.9998956918716431
1847,5,5,0.9995717406272888
1848,7,7,0.9999953508377075
1849,4,4,0.9985135197639465
1850,8,8,0.9983490705490112
1851,9,9,0.9999020099639893
1852,6,6,0.9999347925186157
1853,9,9,0.9990623593330383
1854,6,6,0.9999998807907104
1855,8,8,0.9959618449211121
1856,3,3,0.7351834177970886
1857,6,6,0.9999892711639404
1858,6,6,0.9999998807907104
1859,8,8,0.9999998807907104
1860,5,5,0.9997335076332092
1861,1,1,0.9963638186454773
1862,4,4,0.9998751878738403
1863,2,2,1.0
1864,4,4,0.9999929666519165
1865,4,4,0.9712153077125549
1866,5,5,0.9999986886978149
1867,1,1,0.9999110698699951
1868,1,1,0.9833622574806213
1869,9,9,0.9999895095825195
1870,0,0,0.9999971389770508
1871,2,2,0.9848768711090088
1872,4,4,0.9999880790710449
1873,9,9,0.9999710321426392
1874,5,5,0.9996285438537598
1875,7,7,0.9999998807907104
1876,1,1,0.9999687671661377
1877,8,8,0.9998743534088135
1878,8,3,0.9157277345657349
1879,5,5,0.9999920129776001
1880,6,6,0.9830323457717896
1881,9,9,0.9999376535415649
1882,8,8,0.9993088245391846
1883,7,7,0.9987190961837769
1884,1,1,0.9983925223350525
1885,1,1,0.9536291360855103
1886,6,6,0.9999939203262329
1887,7,7,0.999982476234436
1888,6,6,0.9955154061317444
1889,3,3,0.9999972581863403
1890,2,2,1.0
1891,2,2,1.0
1892,0,0,0.9999827146530151
1893,8,8,0.9999053478240967
1894,9,9,0.999305009841919
1895,2,2,1.0
1896,5,5,0.9999959468841553
1897,1,1,0.9999867677688599
1898,0,0,0.8346355557441711
1899,8,8,0.9741445183753967
1900,1,1,0.9015953540802002
1901,9,4,0.4715183675289154
1902,5,5,0.9999867677688599
1903,7,7,0.8834863305091858
1904,9,9,0.9999357461929321
1905,6,6,1.0
1906,9,9,0.999958872795105
1907,0,0,0.9999454021453857
1908,6,6,0.999963641166687
1909,1,1,0.9478983879089355
1910,5,5,0.9994831085205078
1911,5,5,0.9990019202232361
1912,8,8,0.9999809265136719
1913,3,3,0.9973576664924622
1914,8,8,1.0
1915,2,2,0.9999986886978149
1916,6,6,0.9999364614486694
1917,5,5,0.9999909400939941
1918,0,0,0.9999418258666992
1919,7,7,0.9999980926513672
1920,4,4,0.9986777901649475
1921,6,6,1.0
1922,1,1,0.9997468590736389
1923,3,3,1.0
1924,4,4,0.999920129776001
1925,7,7,0.999998927116394
1926,3,3,0.9999653100967407
1927,2,2,0.9986289739608765
1928,3,3,1.0
1929,4,4,0.9990947246551514
1930,2,2,0.9999973773956299
1931,5,5,0.9999706745147705
1932,2,2,0.9999939203262329
1933,7,7,0.9996271133422852
1934,1,1,0.999792754650116
1935,7,7,0.9999996423721313
1936,2,2,0.9999996423721313
1937,6,6,0.9999538660049438
1938,4,4,0.9963310360908508
1939,1,1,0.999405026435852
1940,5,5,0.9999374151229858
1941,7,7,0.9995496869087219
1942,8,8,0.9982357025146484
1943,6,6,0.9998364448547363
1944,0,0,0.999997615814209
1945,1,1,0.9961696267127991
1946,8,8,0.9999862909317017
1947,2,2,0.9999736547470093
1948,5,5,0.9997772574424744
1949,7,7,0.9992807507514954
1950,7,7,0.9999998807907104
1951,6,6,0.9999682903289795
1952,9,9,0.9957960844039917
1953,3,3,0.999745786190033
1954,5,5,0.9788332581520081
1955,8,2,0.6830777525901794
1956,4,4,0.9996432065963745
1957,2,2,0.9999910593032837
1958,4,4,1.0
1959,0,0,0.9999288320541382
1960,8,8,0.9999487400054932
1961,8,8,0.984541654586792
1962,3,3,1.0
1963,4,4,0.9987590312957764
1964,9,9,0.9995898604393005
1965,2,2,0.9999431371688843
1966,7,7,1.0
1967,5,5,0.9999991655349731
1968,8,8,0.9990658164024353
1969,6,6,0.9997523427009583
1970,5,5,0.9999982118606567
1971,6,6,0.9999070167541504
1972,0,0,0.9999994039535522
1973,8,8,0.9983444213867188
1974,6,6,0.9999990463256836
1975,7,7,0.9999996423721313
1976,3,3,0.9986170530319214
1977,6,6,0.9999949932098389
1978,4,4,0.9997989535331726
1979,9,9,0.9999407529830933
1980,4,4,1.0
1981,6,6,0.9999583959579468
1982,6,6,0.9713882803916931
1983,3,3,0.9999983310699463
1984,2,2,0.999969482421875
1985,4,4,0.9999974966049194
1986,1,1,0.9996287822723389
1987,0,0,0.9991348385810852
1988,1,1,0.9976752400398254
1989,4,4,0.9669055938720703
1990,6,6,0.9999943971633911
1991,2,2,0.9999971389770508
1992,9,9,0.9460341930389404
1993,1,1,0.9913655519485474
1994,1,1,0.9988597631454468
1995,0,0,0.9999936819076538
1996,6,6,0.9997321963310242
1997,3,3,0.9999814033508301
1998,9,9,0.9989823698997498
1999,5,5,0.9997285008430481
2000,6,6,0.9998831748962402
2001,5,5,0.997368574142456
2002,6,6,0.9999996423721313
2003,5,5,0.9999966621398926
2004,8,8,0.9418693780899048
2005,4,4,0.9999871253967285
2006,6,6,0.9999841451644897
2007,4,4,1.0
2008,3,3,0.9999853372573853
2009,9,9,0.9989249110221863
2010,1,1,0.9985735416412354
2011,3,3,1.0
2012,4,4,0.9999998807907104
2013,1,1,0.9992130994796753
2014,9,9,0.9993000030517578
2015,1,1,0.9995595812797546
2016,7,7,0.9932544827461243
2017,1,1,0.9996322393417358
2018,1,2,0.413429319858551
2019,9,9,0.9998540878295898
2020,3,3,0.9999754428863525
2021,5,5,0.999993085861206
2022,4,4,0.9999942779541016
2023,0,0,0.9965052604675293
2024,7,7,0.9816570281982422
2025,3,3,0.979476273059845
2026,6,6,1.0
2027,1,1,0.9993103742599487
2028,7,7,0.9996334314346313
2029,5,5,0.9856407642364502
2030,5,5,0.9999613761901855
2031,3,3,1.0
2032,3,3,1.0
2033,0,0,0.9998836517333984
2034,1,1,0.9996353387832642
2035,5,3,0.9383112788200378
2036,7,7,0.9999978542327881
2037,5,5,0.9998528957366943
2038,8,8,0.9980942606925964
2039,6,6,0.9999967813491821
2040,5,5,0.6391161680221558
2041,1,1,0.9998598098754883
2042,0,0,0.9999920129776001
2043,4,8,0.6936438679695129
2044,2,2,0.9999475479125977
2045,3,3,0.999984860420227
2046,4,4,0.9999986886978149
2047,6,6,0.9997333884239197
2048,7,7,0.9990214109420776
2049,9,9,0.9828575849533081
2050,8,8,0.9999511241912842
2051,1,1,0.9994534850120544
2052,8,8,0.9884490370750427
2053,4,9,0.7096385359764099
2054,9,9,0.9994763731956482
2055,2,2,0.9999415874481201
2056,8,8,0.9998533725738525
2057,6,6,0.9999816417694092
2058,2,2,0.999213695526123
2059,7,7,0.9998231530189514
2060,0,0,0.9997915625572205
2061,0,0,0.9999818801879883
2062,6,6,1.0
2063,7,7,0.9956568479537964
2064,5,5,0.9999985694885254
2065,8,8,0.9990074038505554
2066,6,6,0.9999980926513672
2067,0,0,0.9979872703552246
2068,9,9,0.9999045133590698
2069,3,3,0.9999990463256836
2070,7,9,0.5046609044075012
2071,1,1,0.997969925403595
2072,3,3,0.9999959468841553
2073,5,5,0.9999227523803711
2074,4,4,0.9973415732383728
2075,3,3,0.999984860420227
2076,3,3,0.9999996423721313
2077,5,5,0.9999947547912598
2078,5,5,0.9999995231628418
2079,6,6,0.9999926090240479
2080,3,3,1.0
2081,0,0,0.9991782307624817
2082,2,2,0.9999994039535522
2083,3,3,0.9999990463256836
2084,4,4,0.9629551768302917
2085,2,2,0.9999997615814209
2086,3,3,0.9999967813491821
2087,0,0,0.9999730587005615
2088,9,9,0.9999845027923584
2089,9,9,0.9995809197425842
2090,4,4,0.9219253659248352
2091,7,7,0.9999990463256836
2092,2,2,0.9999992847442627
2093,8,8,0.9736692905426025
2094,4,4,0.9736248850822449
2095,7,7,0.9998471736907959
2096,0,0,0.9999980926513672
2097,6,6,0.9999978542327881
2098,2,2,0.9082709550857544
2099,8,8,0.9997135996818542
2100,5,5,0.9999624490737915
2101,2,2,0.999416708946228
2102,8,8,0.9999970197677612
2103,5,5,0.9999585151672363
2104,7,7,0.9999423027038574
2105,3,3,0.9994506239891052
2106,0,0,0.999909520149231
2107,8,8,0.7516863346099854
2108,2,2,0.9999722242355347
2109,3,7,0.7308809161186218
2110,2,2,0.999994158744812
2111,8,8,0.9999996423721313
2112,2,2,0.9999983310699463
2113,5,5,0.9999388456344604
2114,5,5,0.9999979734420776
2115,7,7,0.9999420642852783
2116,6,6,0.9994993209838867
2117,4,4,0.9999958276748657
2118,6,0,0.9566842317581177
2119,8,8,0.999981164932251
2120,4,4,0.9999107122421265
2121,8,8,0.9998441934585571
2122,2,2,0.9999998807907104
2123,7,7,0.9993414282798767
2124,4,4,1.0
2125,5,5,0.9871641397476196
2126,2,2,0.9999991655349731
2127,0,0,0.9999926090240479
2128,3,3,0.9999885559082031
2129,9,8,0.5429121851921082
2130,4,9,0.9442470073699951
2131,6,6,0.9913225173950195
2132,7,7,0.9999970197677612
2133,2,2,0.9999943971633911
2134,5,5,0.999998927116394
2135,6,6,0.61011803150177
2136,1,1,0.9988505840301514
2137,1,1,0.99978107213974
2138,2,2,0.9986407160758972
2139,3,3,0.9999998807907104
2140,6,6,0.9999998807907104
2141,7,7,0.9999997615814209
2142,8,8,0.9996899366378784
2143,7,7,0.9980738162994385
2144,6,6,0.999996542930603
2145,4,4,0.9999990463256836
2146,8,8,0.9998748302459717
2147,9,9,0.9980740547180176
2148,4,4,0.5603758692741394
2149,8,8,0.999901294708252
2150,6,6,0.9999955892562866
2151,3,3,0.9999977350234985
2152,8,8,0.9999967813491821
2153,3,3,0.9988023042678833
2154,1,1,0.9997465014457703
2155,0,0,0.9998334646224976
2156,6,6,0.9999995231628418
2157,2,2,0.9998301267623901
2158,2,2,0.9999703168869019
2159,5,5,0.9999979734420776
2160,6,6,0.9999760389328003
2161,9,9,0.9981244206428528
2162,5,5,0.9954990744590759
2163,8,8,0.9999986886978149
2164,1,1,0.9998339414596558
2165,4,4,0.9999998807907104
2166,1,1,0.9963692426681519
2167,7,7,0.9999998807907104
2168,8,8,0.7949252724647522
2169,4,4,0.9966488480567932
2170,6,6,1.0
2171,1,1,0.9994561076164246
2172,8,8,0.9999990463256836
2173,4,4,0.9999988079071045
2174,3,3,0.9840218424797058
2175,1,1,0.9865027666091919
2176,2,2,0.9999996423721313
2177,8,8,0.9998065829277039
2178,0,0,0.9999991655349731
2179,8,8,0.9952865839004517
2180,5,5,0.9999996423721313
2181,9,9,0.999987006187439
2182,1,1,0.7454797625541687
2183,4,4,0.9999535083770752
2184,2,2,0.9999916553497314
2185,0,8,0.7000863552093506
2186,2,2,0.9123098850250244
2187,7,7,0.9999996423721313
2188,0,0,0.9985890984535217
2189,9,1,0.4561302363872528
2190,0,0,0.9994584918022156
2191,2,2,0.9999998807907104
2192,5,5,0.9999346733093262
2193,7,7,0.9999688863754272
2194,6,6,0.999964714050293
2195,7,7,0.994759738445282
2196,9,9,0.9999699592590332
2197,4,4,0.996455192565918
2198,2,2,0.9999911785125732
2199,6,6,0.9999943971633911
2200,2,2,0.9999616146087646
2201,4,4,0.9999991655349731
2202,4,4,0.9999251365661621
2203,8,8,0.9998922348022461
2204,0,0,0.9997614026069641
2205,4,4,0.9992365837097168
2206,4,4,0.9999936819076538
2207,5,5,0.9999998807907104
2208,8,8,0.9993476271629333
2209,0,0,0.9996631145477295
2210,6,6,0.9999959468841553
2211,8,8,0.9999974966049194
2212,9,9,0.9906344413757324
2213,8,8,1.0
2214,5,5,0.9999998807907104
2215,6,6,0.9884967803955078
2216,9,9,0.9999196529388428
2217,0,0,0.9999939203262329
2218,4,4,0.9999698400497437
2219,8,8,0.999866247177124
2220,7,7,0.9999998807907104
2221,1,1,0.9998581409454346
2222,3,3,0.9996362924575806
2223,4,4,0.9999988079071045
2224,5,5,0.9948108196258545
2225,8,8,0.992120623588562
2226,0,0,0.9998890161514282
2227,9,9,0.9990025162696838
2228,1,1,0.9987523555755615
2229,3,3,0.9997377991676331
2230,3,3,0.9999997615814209
2231,6,6,1.0
2232,9,9,0.9967300891876221
2233,8,8,1.0
2234,7,7,0.9992019534111023
2235,1,1,0.9998003840446472
2236,0,0,0.9999990463256836
2237,5,5,0.9985047578811646
2238,7,7,0.99954754114151
2239,1,1,0.9995239973068237
2240,7,7,1.0
2241,5,5,0.9999955892562866
2242,2,2,0.9397200345993042
2243,7,7,0.9999867677688599
2244,9,9,0.9998579025268555
2245,1,1,0.993650496006012
2246,8,8,0.9998495578765869
2247,5,5,0.9999939203262329
2248,2,2,0.9999923706054688
2249,4,4,1.0
2250,9,9,0.9997268319129944
2251,4,4,0.9998999834060669
2252,7,7,0.9999853372573853
2253,2,2,0.9999991655349731
2254,2,2,0.9999256134033203
2255,3,3,0.9998397827148438
2256,4,4,1.0
2257,9,9,0.9999111890792847
2258,1,1,0.9940933585166931
2259,9,9,0.9999904632568359
2260,2,2,0.9999992847442627
2261,1,1,0.999860405921936
2262,7,7,0.9998202919960022
2263,9,9,1.0
2264,4,4,0.9999643564224243
2265,4,4,0.999500036239624
2266,1,2,0.8795190453529358
2267,6,6,0.9999984502792358
2268,7,7,0.9999874830245972
2269,2,2,0.999967098236084
2270,7,7,0.999981164932251
2271,8,8,0.9998226761817932
2272,8,8,0.9946438074111938
2273,1,1,0.996371865272522
2274,9,9,0.9998888969421387
2275,7,7,0.9999920129776001
2276,1,1,0.7783991098403931
2277,1,1,0.9985159039497375
2278,7,7,0.9999992847442627
2279,5,5,0.9998273253440857
2280,3,5,0.6462841629981995
2281,3,3,0.9999945163726807
2282,5,5,0.999907374382019
2283,1,1,0.9999285936355591
2284,3,3,0.9999922513961792
2285,7,7,0.9999997615814209
2286,6,6,0.9999994039535522
2287,1,1,0.9997487664222717
2288,3,3,0.9994449019432068
2289,8,8,0.9979081153869629
2290,7,7,0.9999310970306396
2291,5,5,0.999309778213501
2292,9,9,0.9931257963180542
2293,9,2,0.8527205586433411
2294,0,0,0.9986370205879211
2295,0,0,0.9999111890792847
2296,2,2,0.9975041747093201
2297,8,8,0.9998548030853271
2298,8,8,0.9893409609794617
2299,2,2,0.9999047517776489
2300,3,3,0.9994180202484131
2301,7,7,0.9999940395355225
2302,1,1,0.9900417327880859
2303,3,3,0.9999971389770508
2304,0,0,0.9999978542327881
2305,3,3,0.9998970031738281
2306,4,4,0.9999940395355225
2307,4,4,0.9999091625213623
2308,3,3,0.9840108752250671
2309,8,8,0.9977831244468689
2310,9,9,0.9999301433563232
2311,2,2,0.9999313354492188
2312,3,3,0.9999911785125732
2313,9,9,0.9998229146003723
2314,7,7,0.999893069267273
2315,1,1,0.9998303651809692
2316,1,1,0.9999538660049438
2317,7,7,0.9999986886978149
2318,0,0,0.9945536851882935
2319,4,4,0.9999984502792358
2320,9,9,0.9876655340194702
2321,6,6,1.0
2322,5,5,0.9999324083328247
2323,9,9,0.9999819993972778
2324,1,1,0.998246431350708
2325,7,7,0.999958872795105
2326,0,0,0.9118092060089111
2327,2,2,0.9998694658279419
2328,0,0,0.9999890327453613
2329,0,0,0.8075883984565735
2330,4,4,0.999998927116394
2331,6,6,0.9999533891677856
2332,7,7,0.999998927116394
2333,0,0,0.999143123626709
2334,7,7,0.999990701675415
2335,1,1,0.999887228012085
2336,4,4,1.0
2337,6,6,1.0
2338,4,4,0.9999978542327881
2339,5,5,0.9988515377044678
2340,4,4,1.0
2341,9,9,0.9999748468399048
2342,9,9,0.9999645948410034
2343,1,1,0.9524507522583008
2344,7,7,0.9999998807907104
2345,9,9,0.9989604949951172
2346,5,5,1.0
2347,3,3,0.99992835521698
2348,3,3,0.9999867677688599
2349,8,8,0.9999997615814209
2350,2,2,1.0
2351,3,3,0.9733632206916809
2352,6,6,0.9999997615814209
2353,2,2,0.9999988079071045
2354,2,2,1.0
2355,1,1,0.9931102991104126
2356,1,1,0.9999289512634277
2357,1,1,0.9997878670692444
2358,1,1,0.9998430013656616
2359,1,1,0.9990484118461609
2360,6,6,0.9999998807907104
2361,9,9,0.9984899759292603
2362,8,8,0.9984266757965088
2363,4,4,0.9987784028053284
2364,3,3,0.999992847442627
2365,7,7,0.9999994039535522
2366,1,1,0.9988401532173157
2367,6,6,0.9999959468841553
2368,4,4,0.9999996423721313
2369,5,5,0.8240405917167664
2370,0,0,0.999169111251831
2371,4,4,0.9961910247802734
2372,7,7,0.9992426633834839
2373,4,4,0.9999997615814209
2374,2,2,0.9998805522918701
2375,4,4,0.9999972581863403
2376,0,0,0.999576985836029
2377,7,7,0.9995811581611633
2378,0,0,0.8806082606315613
2379,1,1,0.9995867609977722
2380,9,9,0.9973715543746948
2381,8,8,0.9998076558113098
2382,8,8,0.9736417531967163
2383,6,6,0.9999990463256836
2384,0,0,0.9995927214622498
2385,0,0,0.9999957084655762
2386,4,4,0.9913370609283447
2387,9,9,0.8583958148956299
2388,6,6,0.9999897480010986
2389,8,8,0.9999690055847168
2390,2,2,0.9999998807907104
2391,2,2,0.9999914169311523
2392,3,3,0.9999488592147827
2393,8,8,0.9955571293830872
2394,4,4,0.9962438344955444
2395,8,8,0.9968120455741882
2396,2,2,0.9999964237213135
2397,2,2,0.9999915361404419
2398,1,1,0.9408140778541565
2399,7,7,0.9999982118606567
2400,5,5,0.999891996383667
2401,4,4,0.9999998807907104
2402,4,4,0.9999814033508301
2403,0,0,0.9998865127563477
2404,4,4,0.9989092350006104
2405,3,3,0.9982364177703857
2406,9,9,0.33326244354248047
2407,7,7,1.0
2408,3,3,0.9830187559127808
2409,1,1,0.9910531640052795
2410,0,0,0.9999892711639404
2411,1,1,0.9998606443405151
2412,2,2,0.9997186064720154
2413,5,5,0.9999998807907104
2414,9,9,0.8425819873809814
2415,2,2,0.999733030796051
2416,1,1,0.9999195337295532
2417,0,0,0.9997647404670715
2418,1,1,0.9996368885040283
2419,8,8,0.9985982775688171
2420,9,9,0.9998798370361328
2421,1,1,0.998796820640564
2422,6,6,0.9972672462463379
2423,8,8,0.9999630451202393
2424,3,3,0.9999960660934448
2425,8,8,0.9863411784172058
2426,9,9,0.961990475654602
2427,3,3,0.9999994039535522
2428,6,6,0.9999955892562866
2429,2,2,0.9999667406082153
2430,8,8,0.9993563294410706
2431,3,3,0.9999991655349731
2432,2,2,0.9999992847442627
2433,2,2,0.9988862872123718
2434,1,1,0.9988948702812195
2435,0,0,0.9999997615814209
2436,4,4,1.0
2437,2,2,0.9430033564567566
2438,9,9,0.9999512434005737
2439,2,2,0.9999997615814209
2440,4,4,0.9999991655349731
2441,3,3,0.9982299208641052
2442,7,7,0.9999971389770508
2443,9,9,0.9999593496322632
2444,1,1,0.9995331764221191
2445,5,5,0.9999998807907104
2446,2,2,0.9999998807907104
2447,4,4,0.580439031124115
2448,9,9,0.99679034948349
2449,0,0,0.9914426207542419
2450,3,3,0.9893661737442017
2451,8,8,0.9999864101409912
2452,5,5,1.0
2453,3,3,0.9999951124191284
2454,6,5,0.9049084186553955
2455,0,0,0.9770662188529968
2456,9,9,0.9998227953910828
2457,4,4,0.8958386182785034
2458,6,6,1.0
2459,2,2,0.9999440908432007
2460,5,5,0.9999198913574219
2461,0,0,0.9998181462287903
2462,2,2,0.6068942546844482
2463,7,7,0.9993571639060974
2464,4,4,0.9996708631515503
2465,6,6,0.9999997615814209
2466,6,6,0.9999637603759766
2467,8,8,0.9999982118606567
2468,6,6,0.9999998807907104
2469,6,6,0.9999896287918091
2470,8,8,0.9999409914016724
2471,6,6,0.9999966621398926
2472,9,9,0.9992056488990784
2473,1,1,0.866045355796814
2474,7,7,0.9996249675750732
2475,2,2,0.999998927116394
2476,5,5,0.9989846348762512
2477,9,9,0.99998939037323
2478,9,9,0.9996999502182007
2479,0,0,0.9998641014099121
2480,7,7,0.9835065007209778
2481,2,2,0.9998550415039062
2482,7,7,0.9999974966049194
2483,6,6,0.9999990463256836
2484,7,7,0.9999910593032837
2485,0,0,0.9999943971633911
2486,6,6,1.0
2487,5,5,0.9999983310699463
2488,2,2,0.9054772853851318
2489,4,4,0.9989355206489563
2490,7,7,0.9998195767402649
2491,2,2,0.9999974966049194
2492,0,0,0.9999921321868896
2493,9,9,0.9999792575836182
2494,9,9,0.998471200466156
2495,2,2,0.9999997615814209
2496,2,2,0.9991762042045593
2497,9,9,0.9990405440330505
2498,4,4,0.9999991655349731
2499,4,4,0.9999995231628418
2500,2,2,0.9999454021453857
2501,3,3,0.9999939203262329
2502,3,3,1.0
2503,2,2,1.0
2504,1,1,0.9977879524230957
2505,7,7,1.0
2506,0,0,0.9998914003372192
2507,7,7,0.731241762638092
2508,6,6,0.999771773815155
2509,4,4,0.9999935626983643
2510,1,1,0.9996893405914307
2511,3,3,0.9999980926513672
2512,8,8,0.99905925989151
2513,7,7,0.9999392032623291
2514,4,4,0.9218228459358215
2515,5,5,0.9988150596618652
2516,9,9,0.9398894309997559
2517,2,2,0.9996429681777954
2518,5,5,1.0
2519,1,1,0.9982994198799133
2520,8,8,0.9996817111968994
2521,7,7,0.999882698059082
2522,3,3,0.9999750852584839
2523,7,7,0.9996452331542969
2524,1,1,0.999566376209259
2525,5,5,0.9982618689537048
2526,5,5,0.9991827607154846
2527,0,0,0.9999251365661621
2528,9,9,0.9966850876808167
2529,1,1,0.9997519850730896
2530,4,4,0.9999874830245972
2531,0,0,0.9999948740005493
2532,6,6,0.9832861423492432
2533,3,3,0.9994394183158875
2534,3,3,0.9877654314041138
2535,6,6,0.9999948740005493
2536,0,0,0.9999970197677612
2537,4,4,0.9999185800552368
2538,9,9,0.999913215637207
2539,7,7,0.9996893405914307
2540,5,5,0.999976634979248
2541,1,1,0.9999301433563232
2542,6,6,0.9999760389328003
2543,8,8,0.9999587535858154
2544,9,9,0.9992484450340271
2545,5,5,0.9999700784683228
2546,5,5,0.9999998807907104
2547,7,7,0.9998310804367065
2548,9,9,0.9990874528884888
2549,3,3,0.9999985694885254
2550,8,8,0.9999892711639404
2551,3,3,0.9987881779670715
2552,8,8,0.9999552965164185
2553,1,1,0.9999489784240723
2554,5,5,0.9999998807907104
2555,3,3,0.9999996423721313
2556,5,5,0.9996683597564697
2557,0,0,0.9999741315841675
2558,5,5,0.9999988079071045
2559,5,5,0.9990546107292175
2560,3,2,0.8366051316261292
2561,8,8,1.0
2562,6,6,0.9999947547912598
2563,7,7,0.9999984502792358
2564,7,7,0.9994706511497498
2565,7,7,1.0
2566,3,3,0.9999996423721313
2567,7,7,0.9999932050704956
2568,0,0,0.9990315437316895
2569,5,5,0.9999276399612427
2570,9,9,0.9977920055389404
2571,0,0,0.997642457485199
2572,2,2,0.9999986886978149
2573,5,5,0.9896419644355774
2574,5,5,0.943099319934845
2575,3,3,1.0
2576,1,1,0.9957000017166138
2577,7,7,0.9998027682304382
2578,7,2,0.6672414541244507
2579,8,8,0.9999970197677612
2580,6,6,0.9999961853027344
2581,5,5,0.9999294281005859
2582,9,9,0.9400452971458435
2583,3,3,0.9999985694885254
2584,8,8,0.9999890327453613
2585,9,9,0.9999144077301025
2586,5,5,0.9999505281448364
2587,3,3,0.9999991655349731
2588,7,7,0.9999990463256836
2589,9,9,0.9999545812606812
2590,1,1,0.9990290403366089
2591,7,7,0.9999973773956299
2592,0,0,0.9999955892562866
2593,0,0,0.9999176263809204
2594,3,3,0.9998946189880371
2595,7,7,1.0
2596,2,2,0.9978013634681702
2597,5,3,0.9637598395347595
2598,8,8,0.9878913164138794
2599,1,1,0.9966121315956116
2600,8,8,0.9999982118606567
2601,6,6,0.9999315738677979
2602,2,2,0.999922513961792
2603,9,9,0.9980771541595459
2604,5,5,0.9995162487030029
2605,7,7,0.9999995231628418
2606,5,5,0.9999982118606567
2607,7,7,0.7940657138824463
2608,8,8,0.9997714161872864
2609,6,6,0.9997413754463196
2610,2,2,0.999800980091095
2611,5,5,0.9997007846832275
2612,1,1,0.9989885687828064
2613,4,4,1.0
2614,8,8,0.9996082186698914
2615,4,4,0.9999998807907104
2616,5,5,0.9999991655349731
2617,8,8,0.9946095943450928
2618,3,3,0.9757015705108643
2619,0,0,0.9999898672103882
2620,6,6,0.9999146461486816
2621,2,2,1.0
2622,7,7,0.9999996423721313
2623,3,3,0.9999951124191284
2624,3,3,0.9998623132705688
2625,2,2,0.9999163150787354
2626,1,1,0.9997336268424988
2627,0,0,0.9999985694885254
2628,7,7,0.9997592568397522
2629,3,3,0.9993845224380493
2630,4,4,0.9480817914009094
2631,0,0,0.9756913781166077
2632,3,3,0.9999966621398926
2633,9,9,0.9986842274665833
2634,3,3,0.99994957447052
2635,2,2,0.873621940612793
2636,8,8,0.9997387528419495
2637,9,9,0.9998903274536133
2638,0,0,0.999904990196228
2639,3,3,0.9999980926513672
2640,8,8,0.9998264908790588
2641,0,0,0.9999881982803345
2642,7,7,0.9998487234115601
2643,6,6,0.9999818801879883
2644,5,5,0.9999995231628418
2645,4,4,0.9887086749076843
2646,7,7,0.9999961853027344
2647,3,3,0.9999873638153076
2648,9,9,0.9775590300559998
2649,0,0,0.996584415435791
2650,8,8,0.9998904466629028
2651,6,6,0.9997212290763855
2652,2,2,0.9999912977218628
2653,5,5,1.0
2654,6,1,0.9564031362533569
2655,1,1,0.9997501969337463
2656,0,0,0.9997757077217102
2657,0,0,0.9999995231628418
2658,4,4,0.995112955570221
2659,4,4,0.9852802157402039
2660,0,0,0.9993653893470764
2661,1,1,0.9997639060020447
2662,2,2,0.9999998807907104
2663,3,3,1.0
2664,2,2,0.9999862909317017
2665,7,7,0.9991313815116882
2666,7,7,0.9999966621398926
2667,8,8,0.9997548460960388
2668,5,5,0.9975232481956482
2669,2,2,1.0
2670,5,5,0.9997883439064026
2671,7,7,0.9996381998062134
2672,6,6,0.9988178610801697
2673,9,9,0.9989606142044067
2674,1,1,0.9995394945144653
2675,4,4,1.0
2676,1,1,0.9958628416061401
2677,6,6,0.9999996423721313
2678,4,4,0.9852479696273804
2679,2,2,1.0
2680,4,4,0.9999880790710449
2681,3,3,0.9999510049819946
2682,5,5,0.9999979734420776
2683,4,4,0.9994285702705383
2684,3,3,0.9997716546058655
2685,9,9,0.9996205568313599
2686,5,5,0.9990606904029846
2687,0,0,0.9999915361404419
2688,1,1,0.9998431205749512
2689,5,5,0.996914267539978
2690,3,3,0.9999998807907104
2691,8,8,0.9998069405555725
2692,9,9,0.9979234933853149
2693,1,1,0.9995290040969849
2694,9,9,0.999845027923584
2695,7,7,0.9997043013572693
2696,9,9,0.9996069073677063
2697,5,5,0.9999936819076538
2698,5,5,0.9998642206192017
2699,2,2,0.9991102814674377
2700,7,7,0.9994432330131531
2701,4,4,0.999870777130127
2702,6,6,0.9998365640640259
2703,0,0,0.9996040463447571
2704,1,1,0.9994128942489624
2705,1,1,0.8985212445259094
2706,1,1,0.9994369149208069
2707,0,0,0.999998927116394
2708,4,4,0.9936760067939758
2709,4,4,0.9999613761901855
2710,7,7,0.9997743964195251
2711,6,6,1.0
2712,3,3,0.9999957084655762
2713,0,0,0.8588234782218933
2714,0,0,0.9999979734420776
2715,4,4,0.9832615256309509
2716,3,3,0.9999985694885254
2717,0,0,0.9999967813491821
2718,6,6,0.9999485015869141
2719,1,1,0.9986863732337952
2720,9,9,0.9211956858634949
2721,6,6,0.9633074998855591
2722,1,1,0.9983945488929749
2723,3,3,0.9999222755432129
2724,8,8,0.9991294741630554
2725,1,1,0.9997122883796692
2726,2,2,0.9999953508377075
2727,5,5,0.9999955892562866
2728,6,6,0.9999977350234985
2729,2,2,0.9999986886978149
2730,7,7,0.9977889060974121
2731,3,3,0.9999951124191284
2732,6,6,0.9964548349380493
2733,0,0,0.9999809265136719
2734,1,1,0.9842405319213867
2735,9,9,0.993259847164154
2736,7,7,0.9997794032096863
2737,6,6,0.9999997615814209
2738,6,6,0.9999886751174927
2739,8,8,0.9997000694274902
2740,9,9,0.9980993866920471
2741,2,2,0.9999998807907104
2742,9,9,0.8995574712753296
2743,5,5,0.7392265200614929
2744,8,8,0.9999833106994629
2745,3,3,0.9983615279197693
2746,1,1,0.9999426603317261
2747,0,0,0.9999321699142456
2748,0,0,0.9994631409645081
2749,7,7,0.9999816417694092
2750,6,6,0.9997441172599792
2751,6,6,0.9999969005584717
2752,2,2,1.0
2753,1,1,0.9841927886009216
2754,6,6,0.993280827999115
2755,9,9,0.9993071556091309
2756,3,3,0.9993321299552917
2757,1,1,0.9998807907104492
2758,8,8,0.9636355042457581
2759,6,6,1.0
2760,9,9,0.8481329083442688
2761,0,0,0.9990743398666382
2762,6,6,0.999991774559021
2763,0,0,0.9999982118606567
2764,0,0,0.9979043006896973
2765,0,0,0.9999969005584717
2766,6,6,0.9999229907989502
2767,3,3,0.9998408555984497
2768,5,5,1.0
2769,9,9,0.859771728515625
2770,3,3,0.9446234107017517
2771,4,4,0.6340864300727844
2772,5,5,0.9997530579566956
2773,5,5,0.9999982118606567
2774,8,8,0.9999933242797852
2775,5,5,0.9999978542327881
2776,3,3,0.999997615814209
2777,0,0,0.9997962117195129
2778,4,4,0.8911913633346558
2779,0,0,0.9999997615814209
2780,2,2,0.9983678460121155
2781,9,9,0.9996986389160156
2782,6,6,0.9999889135360718
2783,8,8,0.9992316961288452
2784,2,2,0.9999979734420776
2785,3,3,0.9999998807907104
2786,1,1,0.9992460012435913
2787,2,2,0.9999996423721313
2788,1,1,0.9987321496009827
2789,1,1,0.9999324083328247
2790,5,5,1.0
2791,6,6,0.9999948740005493
2792,9,9,0.999977707862854
2793,8,8,0.9948251247406006
2794,0,0,0.9996567964553833
2795,6,6,0.9999979734420776
2796,6,6,0.9999902248382568
2797,5,5,0.9999924898147583
2798,5,5,0.9999998807907104
2799,3,3,0.999990701675415
2800,8,8,0.9999927282333374
2801,6,6,0.999992847442627
2802,2,2,0.9999980926513672
2803,1,1,0.9177553653717041
2804,4,4,0.9999722242355347
2805,5,5,0.9999854564666748
2806,4,4,0.9999995231628418
2807,3,3,0.9999985694885254
2808,7,7,0.9992448091506958
2809,8,8,0.9999754428863525
2810,5,5,0.9758342504501343
2811,0,0,0.9999902248382568
2812,9,9,0.9965686798095703
2813,3,3,0.9998170733451843
2814,5,5,0.999639630317688
2815,1,1,0.9971211552619934
2816,1,1,0.9997475743293762
2817,0,0,0.9997109770774841
2818,4,4,0.9972438812255859
2819,4,4,0.9999868869781494
2820,7,7,0.9999798536300659
2821,0,0,0.9982499480247498
2822,1,1,0.9991102814674377
2823,7,7,0.9889305233955383
2824,0,0,0.999997615814209
2825,1,1,0.9754058122634888
2826,6,6,1.0
2827,1,1,0.9977311491966248
2828,4,4,0.9994841814041138
2829,5,5,0.999583899974823
2830,6,6,0.999997615814209
2831,6,6,0.999923825263977
2832,5,5,0.9999748468399048
2833,7,7,1.0
2834,8,8,0.9990491271018982
2835,4,4,0.999902606010437
2836,4,4,0.8438440561294556
2837,7,7,0.9999998807907104
2838,2,2,0.999997615814209
2839,5,5,0.9999988079071045
2840,3,3,0.9999760389328003
2841,7,7,0.9999953508377075
2842,0,0,0.9995583891868591
2843,7,7,0.9939796924591064
2844,7,7,0.9999995231628418
2845,9,9,0.9995784163475037
2846,6,6,0.9999067783355713
2847,4,4,0.9930970072746277
2848,2,2,0.9855819344520569
2849,8,8,1.0
2850,5,5,0.9997333884239197
2851,7,7,0.9964750409126282
2852,8,8,0.9998522996902466
2853,3,3,0.9986206293106079
2854,9,9,0.9894036054611206
2855,5,5,0.9999877214431763
2856,8,8,0.9999834299087524
2857,9,9,0.9999932050704956
2858,9,9,0.9995549321174622
2859,8,8,0.9999252557754517
2860,6,6,0.6364813446998596
2861,2,2,0.9999978542327881
2862,8,8,0.9992163181304932
2863,9,9,0.9906250238418579
2864,2,2,0.9998918771743774
2865,3,3,1.0
2866,6,6,0.9985622763633728
2867,1,1,0.9974532723426819
2868,1,1,0.9998424053192139
2869,8,8,0.9992245435714722
2870,9,9,0.9999748468399048
2871,3,3,0.9999929666519165
2872,4,4,0.9996050000190735
2873,0,0,0.9999721050262451
2874,7,7,0.999997615814209
2875,9,9,0.9994834661483765
2876,6,6,0.999718964099884
2877,4,4,0.9787662029266357
2878,1,1,0.9930399656295776
2879,4,4,0.9982307553291321
2880,1,1,0.9995715022087097
2881,3,3,0.9999909400939941
2882,4,4,0.9999222755432129
2883,9,9,0.999311089515686
2884,3,3,0.9999926090240479
2885,1,1,0.9952614903450012
2886,4,4,0.9999988079071045
2887,7,7,0.9999984502792358
2888,7,7,0.9988927245140076
2889,4,4,1.0
2890,7,7,0.9999405145645142
2891,2,2,0.9994170665740967
2892,9,9,0.9999948740005493
2893,3,3,0.999997615814209
2894,0,0,0.9437539577484131
2895,8,8,0.9999996423721313
2896,8,0,0.9534470438957214
2897,8,8,0.9999878406524658
2898,4,4,0.9995504021644592
2899,0,0,0.9999911785125732
2900,4,4,0.9992707371711731
2901,4,4,0.9838495254516602
2902,1,1,0.9972720742225647
2903,5,5,0.9999995231628418
2904,2,2,1.0
2905,8,8,0.9991649389266968
2906,3,3,0.9996079802513123
2907,4,4,0.9797832369804382
2908,9,9,0.9999994039535522
2909,5,5,0.99998939037323
2910,2,2,0.9996838569641113
2911,8,8,0.9937469959259033
2912,1,1,0.9996576309204102
2913,5,5,0.9999467134475708
2914,3,3,0.9998708963394165
2915,7,7,0.9902584552764893
2916,9,9,0.9998106360435486
2917,4,4,0.9990792274475098
2918,2,2,1.0
2919,5,5,0.9999223947525024
2920,6,6,0.9999915361404419
2921,3,3,0.4241425395011902
2922,5,5,0.9999998807907104
2923,9,9,0.9999474287033081
2924,3,3,0.9999730587005615
2925,5,5,0.9993374943733215
2926,9,9,0.9999054670333862
2927,3,3,0.7386080622673035
2928,1,1,0.9996336698532104
2929,9,9,0.9946241974830627
2930,5,7,0.6086570024490356
2931,3,3,0.9999833106994629
2932,0,0,0.9997193217277527
2933,6,6,0.9998550415039062
2934,9,9,0.9999330043792725
2935,8,8,0.9999998807907104
2936,4,4,0.9997053742408752
2937,0,0,0.9998514652252197
2938,4,4,0.8966018557548523
2939,9,5,0.9143888354301453
2940,2,2,0.9841554164886475
2941,9,9,0.9999829530715942
2942,0,0,0.9999971389770508
2943,1,1,0.9983091354370117
2944,0,0,0.9899600744247437
2945,3,3,0.9729572534561157
2946,1,1,0.9944993257522583
2947,6,6,0.9999992847442627
2948,5,5,0.9998953342437744
2949,8,8,0.9999058246612549
2950,1,1,0.9998235106468201
2951,5,5,0.9998341798782349
2952,3,5,0.5658007860183716
2953,3,5,0.7022272944450378
2954,0,0,0.9992818236351013
2955,3,3,0.9998317956924438
2956,5,5,0.9966832995414734
2957,5,5,0.999994158744812
2958,9,9,0.9997913241386414
2959,2,2,0.9954018592834473
2960,8,8,0.9998644590377808
2961,7,7,0.994948148727417
2962,0,0,0.9999443292617798
2963,4,4,0.9999996423721313
2964,9,9,0.9959600567817688
2965,1,1,0.9999728202819824
2966,9,9,0.9998537302017212
2967,7,7,0.9999978542327881
2968,7,7,0.9992586970329285
2969,5,5,0.9999732971191406
2970,5,5,0.6221141815185547
2971,2,2,0.999998927116394
2972,0,0,0.7657991051673889
2973,9,9,0.9999231100082397
2974,1,1,0.9998020529747009
2975,8,8,0.9999070167541504
2976,6,6,0.9993391633033752
2977,2,2,0.9978092312812805
2978,3,3,0.999833345413208
2979,9,9,0.4918340742588043
2980,6,6,0.9999998807907104
2981,2,2,0.9999774694442749
2982,1,1,0.9999773502349854
2983,9,9,0.9999594688415527
2984,1,1,0.9998111128807068
2985,3,3,0.9999817609786987
2986,5,5,0.9990826845169067
2987,5,5,0.9999346733093262
2988,0,0,0.9999096393585205
2989,3,3,0.9999786615371704
2990,8,8,0.9972048401832581
2991,3,3,0.9999587535858154
2992,3,3,0.9991849064826965
2993,7,7,0.9924647808074951
2994,6,6,0.9979300498962402
2995,6,8,0.7911800742149353
2996,0,0,0.9999988079071045
2997,1,1,0.9999288320541382
2998,4,4,0.999381422996521
2999,0,0,0.9999951124191284
3000,6,6,0.9996063113212585
3001,9,9,0.9998530149459839
3002,8,8,0.9999938011169434
3003,1,1,0.9974141120910645
3004,2,2,0.9999693632125854
3005,9,9,0.7344464659690857
3006,9,9,0.9999136924743652
3007,5,5,0.9995718598365784
3008,9,9,0.9999829530715942
3009,7,7,0.9999641180038452
3010,3,3,0.9999995231628418
3011,7,7,0.9999948740005493
3012,8,8,0.9969448447227478
3013,0,0,0.9999723434448242
3014,1,1,0.9999526739120483
3015,3,3,0.9999994039535522
3016,0,0,0.9709810018539429
3017,4,4,0.9999889135360718
3018,6,6,0.9999985694885254
3019,1,1,0.9962801337242126
3020,0,0,0.9992803931236267
3021,2,2,0.9990732669830322
3022,5,5,0.9999991655349731
3023,8,8,0.9235944151878357
3024,4,4,1.0
3025,4,4,0.9999884366989136
3026,1,1,0.9997381567955017
3027,1,1,0.9994612336158752
3028,5,5,1.0
3029,4,4,0.9999436140060425
3030,6,0,0.5342861413955688
3031,6,6,1.0
3032,0,0,0.9999818801879883
3033,6,6,0.9999899864196777
3034,9,9,0.9998759031295776
3035,2,2,1.0
3036,6,6,1.0
3037,2,2,1.0
3038,7,7,0.9999140501022339
3039,1,1,0.9962072372436523
3040,7,7,0.9999278783798218
3041,9,9,0.9999685287475586
3042,4,4,0.999984860420227
3043,0,0,0.9997532963752747
3044,0,0,0.9999926090240479
3045,3,3,1.0
3046,8,8,0.999761164188385
3047,2,2,0.9999994039535522
3048,2,2,0.9999960660934448
3049,3,3,0.998710036277771
3050,1,1,0.9998204112052917
3051,6,6,0.9999972581863403
3052,0,0,0.9999955892562866
3053,5,5,1.0
3054,7,7,0.9997816681861877
3055,7,7,0.9993116855621338
3056,9,9,0.9990365505218506
3057,2,2,1.0
3058,6,6,0.9999823570251465
3059,7,7,0.9989458918571472
3060,9,9,0.7410908937454224
3061,7,7,0.9999716281890869
3062,8,8,0.6922393441200256
3063,6,6,0.9999929666519165
3064,8,8,0.9999936819076538
3065,8,8,0.9845933318138123
3066,4,4,0.9999984502792358
3067,6,6,0.9999948740005493
3068,8,8,0.9997642636299133
3069,4,4,0.9996278285980225
3070,1,1,0.9996167421340942
3071,2,2,1.0
3072,8,8,0.9999990463256836
3073,1,2,0.9019754528999329
3074,3,3,1.0
3075,9,9,0.9999921321868896
3076,4,4,0.9999998807907104
3077,0,0,0.9998458623886108
3078,3,3,0.9978869557380676
3079,7,7,0.9999963045120239
3080,3,3,1.0
3081,2,2,0.9999992847442627
3082,3,3,0.9999992847442627
3083,3,3,0.9999769926071167
3084,7,7,0.9996405839920044
3085,3,3,0.9999446868896484
3086,4,4,0.9997966885566711
3087,0,0,0.9999953508377075
3088,6,6,0.9999451637268066
3089,2,2,0.9999978542327881
3090,0,0,0.999995231628418
3091,8,8,0.9999545812606812
3092,1,1,0.9987196922302246
3093,5,5,0.999996542930603
3094,3,3,0.9999909400939941
3095,5,5,0.9999971389770508
3096,4,4,0.9996805191040039
3097,1,1,0.9999068975448608
3098,7,7,0.9999874830245972
3099,1,1,0.9999299049377441
3100,5,5,0.948728621006012
3101,7,7,0.9999415874481201
3102,5,5,0.9926285743713379
3103,7,7,0.9999023675918579
3104,3,3,0.9999982118606567
3105,2,2,1.0
3106,2,2,0.9996262788772583
3107,7,7,0.9999772310256958
3108,3,3,0.9930035471916199
3109,7,7,0.9844633340835571
3110,3,3,0.9991359114646912
3111,7,7,0.9999979734420776
3112,8,8,0.999382734298706
3113,5,5,0.9999996423721313
3114,4,4,0.7710095047950745
3115,5,5,0.991101086139679
3116,2,2,0.9999977350234985
3117,5,5,0.9688519835472107
3118,6,6,0.9999862909317017
3119,5,5,1.0
3120,3,3,0.9999876022338867
3121,6,6,0.9996384382247925
3122,7,7,0.9997773766517639
3123,4,4,0.9998818635940552
3124,1,1,0.9976508021354675
3125,7,7,0.9999978542327881
3126,1,1,0.9997918009757996
3127,5,5,0.9994491934776306
3128,2,2,0.9999984502792358
3129,3,3,0.9884139895439148
3130,6,6,0.999263346195221
3131,3,3,0.9999949932098389
3132,1,1,0.9953806400299072
3133,4,4,0.9980218410491943
3134,2,2,0.9997102618217468
3135,6,6,0.9999970197677612
3136,7,7,0.9693567752838135
3137,4,4,0.9999772310256958
3138,3,3,0.9774216413497925
3139,8,8,0.9999905824661255
3140,0,0,0.9999841451644897
3141,6,6,0.9999916553497314
3142,2,2,0.9999405145645142
3143,1,1,0.9997660517692566
3144,6,6,1.0
3145,5,5,0.9999854564666748
3146,3,3,0.985353410243988
3147,9,9,0.9999963045120239
3148,1,1,0.9984336495399475
3149,9,9,0.9999845027923584
3150,3,3,0.9999998807907104
3151,2,2,0.9982131719589233
3152,1,1,0.99891197681427
3153,8,8,0.999591052532196
3154,4,4,0.9999277591705322
3155,4,4,0.999997615814209
3156,6,6,0.9999920129776001
3157,5,5,0.9355075359344482
3158,8,8,0.9927682876586914
3159,6,6,0.9999974966049194
3160,9,9,0.9966350197792053
3161,7,7,0.9998505115509033
3162,7,7,0.9999994039535522
3163,8,8,0.9999203681945801
3164,6,6,0.9999991655349731
3165,9,9,0.9999690055847168
3166,7,7,0.9952031373977661
3167,3,3,0.9992208480834961
3168,9,9,0.9999984502792358
3169,4,4,0.9999997615814209
3170,0,0,0.9998934268951416
3171,5,5,0.9982775449752808
3172,4,4,0.9821272492408752
3173,6,6,0.9994062185287476
3174,4,4,1.0
3175,1,1,0.9998335838317871
3176,2,2,0.999983549118042
3177,3,3,0.9999986886978149
3178,0,0,0.9999825954437256
3179,0,0,0.9999990463256836
3180,2,2,0.9999998807907104
3181,6,6,0.999997615814209
3182,6,6,0.9999996423721313
3183,5,5,0.9999970197677612
3184,7,7,0.9997966885566711
3185,0,0,0.994198203086853
3186,8,8,0.9993114471435547
3187,6,6,0.999998927116394
3188,4,4,0.9999997615814209
3189,7,7,0.9915515184402466
3190,9,9,0.9999467134475708
3191,0,0,0.9993509650230408
3192,7,7,0.9999982118606567
3193,3,3,0.9999544620513916
3194,4,4,0.9998728036880493
3195,2,2,1.0
3196,1,1,0.9844471216201782
3197,8,8,0.9999898672103882
3198,8,8,0.9999986886978149
3199,5,5,0.9999998807907104
3200,9,9,0.9999948740005493
3201,2,2,1.0
3202,7,7,0.9999876022338867
3203,1,1,0.99868243932724
3204,8,8,0.9999188184738159
3205,8,8,0.9995917677879333
3206,8,8,0.9772173762321472
3207,2,2,0.979514479637146
3208,7,7,0.9999921321868896
3209,6,6,0.9999574422836304
3210,0,0,0.9998683929443359
3211,1,1,0.9994014501571655
3212,2,2,0.9999998807907104
3213,7,7,0.9902791380882263
3214,1,1,0.999923825263977
3215,0,0,0.9999949932098389
3216,8,8,0.9994747042655945
3217,3,3,0.9999994039535522
3218,6,6,0.9950690269470215
3219,0,0,0.9977572560310364
3220,5,5,0.9999988079071045
3221,3,3,0.9999998807907104
3222,6,6,0.9999325275421143
3223,2,2,1.0
3224,8,8,0.999987006187439
3225,7,7,0.7262769937515259
3226,0,0,0.9999959468841553
3227,1,1,0.9997825026512146
3228,4,4,0.9999923706054688
3229,2,2,0.999701201915741
3230,1,1,0.9995602965354919
3231,1,1,0.9991793036460876
3232,4,4,0.9999526739120483
3233,4,4,0.9999874830245972
3234,4,4,1.0
3235,4,4,0.9993002414703369
3236,7,7,0.9864500164985657
3237,1,1,0.9984379410743713
3238,6,6,0.9958487749099731
3239,2,2,0.9945588707923889
3240,9,9,0.9974150657653809
3241,9,9,0.9999974966049194
3242,0,0,0.9998849630355835
3243,0,0,0.9989176988601685
3244,1,1,0.9985142350196838
3245,8,8,0.994536817073822
3246,8,8,0.9995335340499878
3247,4,4,0.9999744892120361
3248,3,3,0.9999977350234985
3249,4,4,0.9999982118606567
3250,2,2,0.9900251626968384
3251,0,0,0.9987189769744873
3252,6,6,0.9999788999557495
3253,1,1,0.9992552399635315
3254,6,6,0.9997673630714417
3255,1,1,0.9996521472930908
3256,2,2,0.9999289512634277
3257,2,2,1.0
3258,2,2,1.0
3259,1,1,0.9927840232849121
3260,2,2,0.9999809265136719
3261,3,3,0.9987272620201111
3262,7,7,0.9991266131401062
3263,8,8,0.9984923601150513
3264,1,1,0.9970530271530151
3265,0,0,0.9999990463256836
3266,0,0,0.9958977103233337
3267,2,2,0.9997757077217102
3268,1,1,0.9999170303344727
3269,6,6,0.9999852180480957
3270,6,6,0.9999328851699829
3271,0,0,0.9999997615814209
3272,1,1,0.9984435439109802
3273,6,6,0.9996297359466553
3274,2,2,0.9999998807907104
3275,5,5,0.9999798536300659
3276,1,1,0.9998008608818054
3277,7,7,0.9999758005142212
3278,4,4,0.9999996423721313
3279,8,8,0.9999980926513672
3280,2,2,0.9995154142379761
3281,1,1,0.9998742341995239
3282,4,4,0.9999043941497803
3283,3,3,0.9999964237213135
3284,8,8,0.9999490976333618
3285,3,3,0.9999855756759644
3286,9,9,0.9999938011169434
3287,9,9,0.9999552965164185
3288,4,4,0.9849746823310852
3289,8,8,0.9685779809951782
3290,3,3,0.9996466636657715
3291,4,4,0.9975160360336304
3292,7,7,0.999913215637207
3293,2,2,0.999990701675415
3294,7,7,0.9999998807907104
3295,5,5,0.9999998807907104
3296,7,7,0.9996592998504639
3297,0,0,0.999998927116394
3298,4,4,0.9999963045120239
3299,3,3,0.9999207258224487
3300,3,3,0.9999274015426636
3301,2,2,0.9999990463256836
3302,6,6,0.9994833469390869
3303,7,7,0.9928440451622009
3304,6,6,0.9999980926513672
3305,0,0,0.984718918800354
3306,0,0,0.999996542930603
3307,6,6,1.0
3308,7,7,0.9999951124191284
3309,7,7,0.9999969005584717
3310,0,0,0.9999823570251465
3311,5,5,0.9999914169311523
3312,5,5,0.9978804588317871
3313,8,8,0.9999923706054688
3314,1,1,0.9999576807022095
3315,0,0,0.9999994039535522
3316,7,8,0.486992746591568
3317,0,0,0.9990770816802979
3318,2,2,0.9983327984809875
3319,8,8,0.9998801946640015
3320,1,1,0.9998787641525269
3321,5,5,0.9979514479637146
3322,0,0,0.9999817609786987
3323,8,8,0.99986732006073
3324,8,8,0.999995231628418
3325,0,0,0.9999980926513672
3326,3,3,0.9980195760726929
3327,2,2,0.9999966621398926
3328,7,7,0.9999338388442993
3329,7,7,0.9873186945915222
3330,2,2,0.9948086738586426
3331,6,6,0.9999792575836182
3332,4,4,0.9999898672103882
3333,7,9,0.5007116198539734
3334,5,5,0.9991809725761414
3335,5,5,0.9998974800109863
3336,5,5,0.7155919075012207
3337,2,2,0.9569132924079895
3338,9,9,0.9998741149902344
3339,2,2,0.9998051524162292
3340,8,8,0.9999744892120361
3341,4,4,0.999940037727356
3342,6,6,0.9962564706802368
3343,8,8,0.9876440167427063
3344,6,6,0.9984741806983948
3345,5,5,0.999997615814209
3346,0,0,0.9999974966049194
3347,0,0,0.9978920817375183
3348,8,8,0.9999954700469971
3349,7,7,0.9998342990875244
3350,6,6,0.9999945163726807
3351,1,1,0.9993732571601868
3352,7,7,0.9999880790710449
3353,1,1,0.9994211196899414
3354,1,1,0.9998592138290405
3355,2,2,1.0
3356,7,7,1.0
3357,4,4,0.9999990463256836
3358,0,0,0.9929920434951782
3359,0,0,0.999994158744812
3360,7,7,0.9999964237213135
3361,7,7,0.9997108578681946
3362,6,6,1.0
3363,3,3,0.9993477463722229
3364,8,8,0.9966530203819275
3365,6,6,0.9970700740814209
3366,4,4,0.9999996423721313
3367,2,2,0.9997454285621643
3368,0,0,0.9999991655349731
3369,9,9,0.9376790523529053
3370,4,4,0.9999997615814209
3371,0,0,0.9999969005584717
3372,5,5,0.9999955892562866
3373,7,7,0.9999791383743286
3374,8,8,0.9999839067459106
3375,2,2,0.9988881945610046
3376,7,7,0.9980814456939697
3377,4,4,0.9950448274612427
3378,7,7,0.9999940395355225
3379,1,1,0.9998650550842285
3380,1,1,0.9996738433837891
3381,3,3,0.9976593255996704
3382,6,6,0.9999992847442627
3383,6,6,0.9999619722366333
3384,2,2,0.9960712194442749
3385,9,9,0.9999922513961792
3386,1,1,0.9995228052139282
3387,9,9,0.9999818801879883
3388,4,4,0.9698050618171692
3389,8,8,0.9999395608901978
3390,3,3,0.9999709129333496
3391,6,6,0.9999958276748657
3392,9,9,0.9999486207962036
3393,5,5,0.9999920129776001
3394,9,9,0.9999558925628662
3395,6,6,0.9999948740005493
3396,2,2,0.9999998807907104
3397,4,4,1.0
3398,6,6,0.9999914169311523
3399,7,7,0.9999297857284546
3400,7,7,1.0
3401,0,0,0.9999896287918091
3402,6,6,0.9998881816864014
3403,6,6,0.9999990463256836
3404,9,9,0.9999121427536011
3405,4,4,0.9454553127288818
3406,8,8,0.9999890327453613
3407,3,3,0.9999127388000488
3408,5,5,0.9999997615814209
3409,3,3,0.9999979734420776
3410,4,4,0.9980117082595825
3411,9,9,0.9975866079330444
3412,0,0,0.9981655478477478
3413,0,0,0.9999823570251465
3414,5,5,0.9998824596405029
3415,2,2,0.9999262094497681
3416,5,5,0.9999995231628418
3417,0,0,0.9998925924301147
3418,7,7,0.9999862909317017
3419,1,1,0.9998635053634644
3420,1,1,0.9989000558853149
3421,1,1,0.9998923540115356
3422,6,6,0.8878249526023865
3423,7,7,0.999985933303833
3424,6,6,0.9999940395355225
3425,7,7,0.9931666254997253
3426,9,9,0.999930739402771
3427,6,6,0.9995110034942627
3428,6,6,0.9999967813491821
3429,4,4,0.993303120136261
3430,1,1,0.9939178228378296
3431,4,4,0.9998762607574463
3432,3,3,0.9977478384971619
3433,1,1,0.999718964099884
3434,1,1,0.999311089515686
3435,2,2,0.9999936819076538
3436,2,2,0.9995986819267273
3437,4,4,0.9991488456726074
3438,1,1,0.9951450228691101
3439,0,0,0.9999948740005493
3440,8,8,0.9999850988388062
3441,7,7,0.9995682835578918
3442,6,6,0.9999485015869141
3443,3,3,0.9999614953994751
3444,4,4,0.9999176263809204
3445,0,0,1.0
3446,0,0,0.9998353719711304
3447,6,6,0.999875545501709
3448,3,3,0.9965511560440063
3449,3,3,1.0
3450,0,0,0.9922686219215393
3451,7,7,0.7088397145271301
3452,1,1,0.9987792372703552
3453,7,7,0.9951377511024475
3454,1,1,0.999913215637207
3455,1,1,0.9998948574066162
3456,3,3,0.9999799728393555
3457,1,1,0.7722868919372559
3458,0,0,0.9999995231628418
3459,9,9,0.999975323677063
3460,9,9,0.9986683130264282
3461,7,7,1.0
3462,5,5,1.0
3463,4,4,1.0
3464,1,1,0.9941310286521912
3465,4,4,0.9999827146530151
3466,8,8,0.9999243021011353
3467,9,9,0.9996739625930786
3468,5,5,0.9999985694885254
3469,3,3,0.9999778270721436
3470,5,5,0.9999970197677612
3471,1,1,0.9984448552131653
3472,9,9,0.9999938011169434
3473,8,8,0.9996482133865356
3474,2,2,0.5839170813560486
3475,3,3,0.9959932565689087
3476,3,3,0.999624490737915
3477,9,9,0.9762371778488159
3478,9,9,0.9999791383743286
3479,0,0,0.9999451637268066
3480,1,1,0.9997003078460693
3481,0,0,0.9999899864196777
3482,2,2,0.9999998807907104
3483,9,9,0.9999932050704956
3484,3,3,0.9999998807907104
3485,9,9,0.9999728202819824
3486,3,3,0.9999997615814209
3487,3,3,0.9999997615814209
3488,6,6,0.9999969005584717
3489,2,2,0.997248113155365
3490,4,4,0.969859778881073
3491,9,9,0.9960100650787354
3492,8,8,0.9993231296539307
3493,3,3,0.9999996423721313
3494,7,7,0.9973570704460144
3495,4,4,0.9999583959579468
3496,0,0,0.9995152950286865
3497,4,4,0.9999924898147583
3498,7,7,0.9993345141410828
3499,8,8,0.9999676942825317
3500,4,4,0.9999998807907104
3501,9,9,0.9997732043266296
3502,8,8,0.9999865293502808
3503,9,1,0.8396878838539124
3504,9,9,0.9238885641098022
3505,7,7,0.9999929666519165
3506,5,5,0.9999765157699585
3507,9,9,0.9999741315841675
3508,2,2,0.9999997615814209
3509,8,8,0.999910831451416
3510,2,2,0.9999996423721313
3511,2,2,0.9739712476730347
3512,0,0,0.9999897480010986
3513,2,2,0.9999998807907104
3514,2,2,0.9999206066131592
3515,3,3,0.9999997615814209
3516,8,8,0.9968373775482178
3517,4,4,1.0
3518,6,6,0.9995166063308716
3519,8,8,0.9998006224632263
3520,6,4,0.997536301612854
3521,8,8,0.9991573095321655
3522,2,2,0.9992050528526306
3523,4,4,0.9989376664161682
3524,6,6,0.9999998807907104
3525,7,7,0.9996318817138672
3526,9,9,0.9999003410339355
3527,3,3,0.9999891519546509
3528,3,3,0.9999978542327881
3529,9,9,0.9756415486335754
3530,4,4,0.9999867677688599
3531,3,3,0.9999922513961792
3532,1,1,0.9998229146003723
3533,4,4,0.9880639910697937
3534,4,8,0.9219748973846436
3535,7,7,0.9999978542327881
3536,0,0,0.9990309476852417
3537,5,5,0.9998958110809326
3538,9,9,0.9999817609786987
3539,6,6,0.9999980926513672
3540,0,0,0.9999099969863892
3541,4,4,0.9999779462814331
3542,4,4,0.9998140931129456
3543,4,4,0.9999892711639404
3544,4,4,0.999995231628418
3545,6,6,1.0
3546,1,1,0.999743640422821
3547,2,2,0.9997920393943787
3548,3,3,0.9999996423721313
3549,3,3,0.9943495392799377
3550,6,6,0.9565901756286621
3551,4,4,0.9999849796295166
3552,5,5,0.9994847774505615
3553,9,9,0.9990552067756653
3554,6,6,1.0
3555,8,8,0.9986394047737122
3556,5,5,0.9999980926513672
3557,6,6,0.9977904558181763
3558,5,5,0.8860291838645935
3559,8,5,0.5545768737792969
3560,6,6,1.0
3561,4,4,0.9997305274009705
3562,1,1,0.9997805953025818
3563,8,8,0.9946630001068115
3564,6,6,0.9999232292175293
3565,5,5,0.9992085099220276
3566,2,2,0.9999945163726807
3567,8,8,0.9996711015701294
3568,4,4,0.9999959468841553
3569,5,5,0.9999997615814209
3570,5,5,0.9999991655349731
3571,4,4,0.9879854321479797
3572,7,7,0.9999994039535522
3573,7,7,0.9620864987373352
3574,0,0,0.8804953098297119
3575,7,7,0.9999994039535522
3576,8,8,0.9960023760795593
3577,2,2,0.9999860525131226
3578,2,2,0.9998494386672974
3579,3,3,0.9999996423721313
3580,7,7,0.9978160858154297
3581,0,0,0.9999918937683105
3582,1,1,0.9935666918754578
3583,8,8,0.998820960521698
3584,0,0,0.9999998807907104
3585,7,7,0.9999924898147583
3586,1,1,0.9995212554931641
3587,9,9,0.9996864795684814
3588,8,8,0.9999960660934448
3589,7,7,0.9997549653053284
3590,5,5,0.9999951124191284
3591,5,5,0.9991790652275085
3592,9,9,0.99755859375
3593,1,1,0.9999653100967407
3594,7,7,1.0
3595,5,5,0.9999998807907104
3596,4,4,0.9984166622161865
3597,9,9,0.8921937346458435
3598,1,1,0.9810687899589539
3599,2,2,0.9827799797058105
3600,2,2,0.9984737038612366
3601,1,1,0.9402078986167908
3602,6,6,1.0
3603,6,6,1.0
3604,7,7,0.9984942674636841
3605,1,1,0.9988425970077515
3606,1,1,0.9922294020652771
3607,4,4,0.9998866319656372
3608,0,0,0.9999986886978149
3609,7,7,0.9999567270278931
3610,4,4,0.9999995231628418
3611,2,2,0.9998596906661987
3612,4,4,0.9999880790710449
3613,0,0,0.9999828338623047
3614,6,6,0.9999997615814209
3615,4,4,0.9999501705169678
3616,7,7,0.9999502897262573
3617,6,6,0.9999977350234985
3618,9,9,0.8519789576530457
3619,5,5,0.9999998807907104
3620,3,3,0.9999911785125732
3621,4,4,0.9999651908874512
3622,6,6,0.9999994039535522
3623,5,5,0.99997878074646
3624,0,0,0.9999834299087524
3625,1,1,0.9996963739395142
3626,8,8,0.5085324645042419
3627,8,8,0.9990506768226624
3628,2,2,0.9999996423721313
3629,8,8,0.99696284532547
3630,3,3,0.9999902248382568
3631,5,5,1.0
3632,7,7,0.9999974966049194
3633,8,8,0.9999911785125732
3634,0,0,0.9998372793197632
3635,8,8,0.981300950050354
3636,5,5,0.9999949932098389
3637,7,7,0.9999607801437378
3638,1,1,0.9987142086029053
3639,1,1,0.9996906518936157
3640,0,0,0.9990679621696472
3641,1,1,0.999627947807312
3642,3,3,1.0
3643,7,7,0.9999293088912964
3644,8,8,0.9999086856842041
3645,5,5,0.9999899864196777
3646,0,0,0.9991070628166199
3647,7,7,0.9999762773513794
3648,1,1,0.9999817609786987
3649,1,1,0.9996993541717529
3650,0,0,0.999990701675415
3651,1,1,0.9995571970939636
3652,1,1,0.9997130036354065
3653,4,4,0.997933030128479
3654,5,5,0.9993402361869812
3655,2,2,0.9999998807907104
3656,7,7,0.9999970197677612
3657,6,6,0.9999995231628418
3658,2,2,0.997722327709198
3659,3,3,1.0
3660,0,0,0.9999986886978149
3661,2,2,0.9999983310699463
3662,8,8,0.8529294729232788
3663,5,5,0.9959160685539246
3664,9,9,0.9940261840820312
3665,6,6,0.9996542930603027
3666,9,9,0.9999150037765503
3667,7,7,0.9999550580978394
3668,2,2,1.0
3669,1,1,0.9991135001182556
3670,3,3,0.9999951124191284
3671,6,6,0.9999984502792358
3672,4,4,0.9987450838088989
3673,1,1,0.9995157718658447
3674,8,8,0.9936023354530334
3675,2,2,1.0
3676,4,4,1.0
3677,0,0,0.9999972581863403
3678,5,5,0.9999984502792358
3679,1,1,0.9997124075889587
3680,0,0,0.9999608993530273
3681,2,2,0.9533320665359497
3682,2,2,0.9999996423721313
3683,6,6,0.9999496936798096
3684,4,4,0.999995231628418
3685,4,4,0.9999990463256836
3686,3,3,0.9998059868812561
3687,9,9,0.9998452663421631
3688,6,6,0.9983130693435669
3689,1,1,0.9999444484710693
3690,6,6,0.9996786117553711
3691,5,5,1.0
3692,7,7,0.9999997615814209
3693,9,9,0.999931812286377
3694,2,2,0.9823228716850281
3695,0,0,0.9999735355377197
3696,2,2,0.9999871253967285
3697,6,6,0.9999709129333496
3698,0,0,0.9999542236328125
3699,1,1,0.9997236132621765
3700,4,4,0.9999706745147705
3701,3,3,0.999997615814209
3702,5,5,0.9578222036361694
3703,2,2,0.9999995231628418
3704,8,8,0.9999997615814209
3705,8,8,0.9998726844787598
3706,0,0,0.9979775547981262
3707,8,8,0.9998517036437988
3708,8,8,0.9974310994148254
3709,9,9,0.9993996620178223
3710,0,0,0.9997299313545227
3711,9,9,0.9998990297317505
3712,6,6,1.0
3713,7,7,0.9998329877853394
3714,6,6,0.9999991655349731
3715,3,3,0.9999988079071045
3716,9,9,0.9707805514335632
3717,3,3,0.999991774559021
3718,4,4,0.9082754850387573
3719,7,7,0.9999134540557861
3720,7,7,0.9999996423721313
3721,7,7,0.9991662502288818
3722,4,4,0.9999988079071045
3723,9,9,0.9984784722328186
3724,0,0,0.9999393224716187
3725,6,6,0.9998151659965515
3726,4,4,0.5955422520637512
3727,8,9,0.7491605877876282
3728,4,4,0.9994426369667053
3729,2,2,0.9985754489898682
3730,7,7,0.9642653465270996
3731,2,2,0.9999994039535522
3732,8,8,0.9998480081558228
3733,1,1,0.9997937083244324
3734,0,0,0.9995057582855225
3735,0,0,0.9998480081558228
3736,7,7,0.9753445982933044
3737,8,8,0.9999806880950928
3738,3,3,0.9998180270195007
3739,3,3,0.9995049238204956
3740,3,3,1.0
3741,1,1,0.9998385906219482
3742,3,3,0.6481823921203613
3743,7,7,0.9999343156814575
3744,6,6,0.9999719858169556
3745,1,1,0.9998559951782227
3746,3,3,0.9999977350234985
3747,1,1,0.999488353729248
3748,6,6,0.999799907207489
3749,6,6,0.9905586242675781
3750,5,5,1.0
3751,7,2,0.6596332788467407
3752,4,4,1.0
3753,7,7,0.9999957084655762
3754,5,5,0.999964714050293
3755,9,9,0.95965176820755
3756,5,5,0.909977376461029
3757,8,8,0.9577211737632751
3758,4,4,0.9998362064361572
3759,9,9,0.9999771118164062
3760,9,9,0.9999525547027588
3761,1,1,0.9966614246368408
3762,6,6,0.6733033061027527
3763,5,5,0.9999822378158569
3764,0,0,0.9998109936714172
3765,1,1,0.998853325843811
3766,3,3,0.9993465542793274
3767,7,7,0.6156069040298462
3768,0,0,0.9999282360076904
3769,3,3,0.9986850619316101
3770,4,4,0.9999991655349731
3771,8,8,0.9997852444648743
3772,2,2,0.993881106376648
3773,2,2,0.9999767541885376
3774,0,0,0.9999269247055054
3775,2,2,0.9999924898147583
3776,5,5,0.9999881982803345
3777,1,1,0.9997676014900208
3778,5,5,0.9934509992599487
3779,1,1,0.9997202754020691
3780,4,4,0.5975320339202881
3781,8,8,0.9999947547912598
3782,8,8,0.9572893381118774
3783,9,9,0.9999837875366211
3784,1,1,0.999607264995575
3785,2,2,0.9987567663192749
3786,1,1,0.9984250068664551
3787,3,3,0.9996134638786316
3788,5,5,1.0
3789,1,1,0.9741429686546326
3790,0,0,0.9999909400939941
3791,9,9,0.9994366765022278
3792,4,4,0.9999994039535522
3793,4,4,0.9999154806137085
3794,8,8,0.9564859867095947
3795,3,3,0.9999971389770508
3796,2,2,0.8410786390304565
3797,5,5,0.9999998807907104
3798,9,9,0.999869704246521
3799,7,7,0.9999483823776245
3800,6,6,0.9999343156814575
3801,6,6,0.9957299828529358
3802,2,2,1.0
3803,0,0,0.9999768733978271
3804,0,0,0.9999648332595825
3805,0,0,0.9998860359191895
3806,5,8,0.8158591389656067
3807,8,8,1.0
3808,7,8,0.9968575239181519
3809,1,1,0.999618411064148
3810,5,5,0.9552596807479858
3811,2,2,0.9028078317642212
3812,3,3,0.9999876022338867
3813,8,8,0.9999988079071045
3814,5,5,0.999998927116394
3815,1,1,0.9999732971191406
3816,8,8,0.9999974966049194
3817,2,2,0.9999579191207886
3818,0,0,0.9620493054389954
3819,4,4,0.9999997615814209
3820,9,9,0.9998898506164551
3821,9,9,0.9999681711196899
3822,6,6,1.0
3823,2,2,0.9999995231628418
3824,3,3,0.9999997615814209
3825,3,3,0.9999964237213135
3826,5,5,0.9999992847442627
3827,6,6,0.9999997615814209
3828,4,4,0.9999995231628418
3829,8,8,0.9999294281005859
3830,0,0,0.9999991655349731
3831,9,9,0.9770118594169617
3832,2,2,1.0
3833,8,8,0.9661610126495361
3834,3,3,0.994045615196228
3835,6,6,0.9999252557754517
3836,7,7,0.9981325268745422
3837,5,5,0.9999462366104126
3838,7,7,0.8631626963615417
3839,2,2,0.9997913241386414
3840,9,9,0.9995525479316711
3841,4,4,1.0
3842,9,9,0.9999943971633911
3843,1,1,0.9991336464881897
3844,2,2,0.9999974966049194
3845,8,8,0.9999912977218628
3846,6,6,0.9981904625892639
3847,0,0,0.9999978542327881
3848,7,7,0.9998089671134949
3849,0,0,0.9999967813491821
3850,9,4,0.5228486061096191
3851,1,1,0.9961428046226501
3852,1,1,0.9995972514152527
3853,6,6,0.8069857358932495
3854,7,7,0.9999998807907104
3855,5,5,0.999901294708252
3856,9,9,0.976184606552124
3857,9,9,0.9999829530715942
3858,1,1,0.9990705847740173
3859,9,9,0.9894931316375732
3860,5,5,0.999995231628418
3861,9,9,0.9996615648269653
3862,2,2,0.9997473359107971
3863,5,5,0.9999886751174927
3864,0,0,0.9998100399971008
3865,4,4,1.0
3866,1,1,0.9997835755348206
3867,0,0,0.9999756813049316
3868,8,8,0.9999327659606934
3869,9,9,0.9882240295410156
3870,0,0,0.9999905824661255
3871,8,8,0.9749971032142639
3872,9,9,0.9999703168869019
3873,8,8,0.9999977350234985
3874,9,9,0.9959908127784729
3875,4,4,0.9972015619277954
3876,2,2,0.9991714954376221
3877,5,5,0.9999977350234985
3878,7,7,0.9999761581420898
3879,9,9,0.9999827146530151
3880,8,8,0.9991944432258606
3881,9,9,0.9987422823905945
3882,8,8,0.9999995231628418
3883,0,0,0.9999988079071045
3884,9,9,0.9999994039535522
3885,9,9,0.9999891519546509
3886,6,6,1.0
3887,8,8,0.999997615814209
3888,9,9,0.9999538660049438
3889,9,9,0.9993250370025635
3890,5,5,0.999994158744812
3891,9,9,0.9999591112136841
3892,8,8,0.999998927116394
3893,5,5,0.998522937297821
3894,1,1,0.9987363219261169
3895,0,0,0.9999921321868896
3896,3,3,0.9999996423721313
3897,3,3,0.999977707862854
3898,5,5,0.9999963045120239
3899,2,2,0.9999688863754272
3900,1,1,0.9996592998504639
3901,6,6,0.9999998807907104
3902,5,5,0.9942179918289185
3903,0,0,0.9999896287918091
3904,2,2,0.9999767541885376
3905,8,8,0.9998534917831421
3906,1,1,0.5179974436759949
3907,5,5,1.0
3908,6,6,0.9999899864196777
3909,2,2,0.9999992847442627
3910,3,3,0.9999992847442627
3911,0,0,0.9999804496765137
3912,2,2,0.9999971389770508
3913,2,2,0.9998472929000854
3914,6,6,0.9999998807907104
3915,4,4,0.9998922348022461
3916,3,3,0.998875081539154
3917,5,5,0.9999905824661255
3918,5,5,0.9972296357154846
3919,1,1,0.9999488592147827
3920,7,7,1.0
3921,2,2,0.9999985694885254
3922,1,1,0.9983502626419067
3923,6,6,0.9999994039535522
3924,9,9,0.9815018773078918
3925,1,1,0.9999446868896484
3926,9,9,0.9529122114181519
3927,9,9,0.9983129501342773
3928,5,5,0.9999939203262329
3929,5,5,0.9999918937683105
3930,1,1,0.9999194145202637
3931,6,6,0.9999991655349731
3932,2,2,1.0
3933,2,2,1.0
3934,8,8,0.9999991655349731
3935,6,6,0.999997615814209
3936,7,7,0.9999649524688721
3937,1,1,0.9998268485069275
3938,4,4,0.9998770952224731
3939,6,6,0.9898650050163269
3940,0,0,0.9996381998062134
3941,4,6,0.5645313858985901
3942,0,0,0.9997221827507019
3943,3,3,0.8698832988739014
3944,3,3,0.9999948740005493
3945,2,2,0.9999998807907104
3946,2,2,0.9908329844474792
3947,3,3,0.9999997615814209
3948,6,6,0.9999915361404419
3949,8,8,0.9995317459106445
3950,9,9,0.9961458444595337
3951,8,8,0.7011991143226624
3952,5,5,0.9999661445617676
3953,3,3,0.9999994039535522
3954,8,8,0.9997640252113342
3955,5,5,0.9999982118606567
3956,4,4,0.9999983310699463
3957,5,5,0.9999630451202393
3958,2,2,1.0
3959,0,0,0.9999773502349854
3960,5,5,0.9999998807907104
3961,6,6,0.9999374151229858
3962,3,3,0.9965717792510986
3963,2,2,1.0
3964,8,8,0.999946117401123
3965,3,3,0.9999986886978149
3966,9,9,0.999998927116394
3967,9,9,0.9751157760620117
3968,5,5,0.965022623538971
3969,7,7,0.9980687499046326
3970,9,9,0.9986985921859741
3971,4,4,0.9778043627738953
3972,6,6,0.9999990463256836
3973,7,7,0.9999997615814209
3974,1,1,0.9971418976783752
3975,3,3,0.9999880790710449
3976,7,7,0.8079739809036255
3977,3,3,0.9985277652740479
3978,6,6,0.9999327659606934
3979,6,6,0.9999971389770508
3980,0,0,0.9999996423721313
3981,9,9,0.9999890327453613
3982,0,0,0.9992535710334778
3983,1,1,0.999661922454834
3984,9,9,0.997584342956543
3985,9,9,0.8875798583030701
3986,2,2,0.9985730648040771
3987,8,8,0.9993558526039124
3988,8,8,0.9953503608703613
3989,0,0,0.9996827840805054
3990,1,1,0.9966179728507996
3991,6,6,0.9999974966049194
3992,9,9,0.9999488592147827
3993,7,7,0.9999982118606567
3994,5,5,0.9994906187057495
3995,3,3,0.9864429235458374
3996,4,4,0.9999985694885254
3997,7,7,0.9999381303787231
3998,4,4,0.9976752400398254
3999,9,9,0.9999624490737915
4000,9,9,0.9987733960151672
4001,4,4,0.9943906664848328
4002,3,3,0.976432740688324
4003,6,6,0.9999983310699463
4004,3,3,0.9999953508377075
4005,1,1,0.9996477365493774
4006,1,1,0.9998316764831543
4007,7,7,0.7170043587684631
4008,6,6,0.9999998807907104
4009,9,9,0.9997320771217346
4010,1,1,0.9998701810836792
4011,8,8,0.9985584616661072
4012,4,4,0.9995898604393005
4013,1,1,0.9996869564056396
4014,1,1,0.999832272529602
4015,9,9,0.9970990419387817
4016,9,9,0.9998247027397156
4017,4,4,0.5452865958213806
4018,3,3,0.9950395226478577
4019,6,6,0.9999997615814209
4020,8,8,1.0
4021,1,1,0.9995672106742859
4022,6,6,0.9997740387916565
4023,0,0,0.999997615814209
4024,4,4,0.9999909400939941
4025,1,1,0.999441921710968
4026,3,3,1.0
4027,7,7,0.9795417189598083
4028,7,7,0.9999996423721313
4029,4,4,0.9922686219215393
4030,9,9,0.999295711517334
4031,5,5,0.9997023940086365
4032,1,1,0.9967932105064392
4033,0,0,0.999998927116394
4034,0,0,0.9999752044677734
4035,1,1,0.9998699426651001
4036,1,1,0.9998505115509033
4037,6,6,0.9993459582328796
4038,2,2,0.9999934434890747
4039,1,1,0.9992882609367371
4040,9,9,0.9999734163284302
4041,8,8,0.9999808073043823
4042,4,4,0.9999997615814209
4043,0,0,0.9999957084655762
4044,3,3,0.9846298098564148
4045,6,6,0.9999997615814209
4046,4,4,0.9999973773956299
4047,9,9,0.9990744590759277
4048,0,0,0.9850081205368042
4049,7,7,1.0
4050,1,1,0.9974615573883057
4051,6,6,0.9999980926513672
4052,5,5,0.9997321963310242
4053,7,7,0.9873504042625427
4054,5,5,0.9999891519546509
4055,2,2,0.9960780739784241
4056,5,5,0.9996907711029053
4057,1,1,0.9999464750289917
4058,8,8,0.9999732971191406
4059,5,5,0.9999881982803345
4060,4,4,0.9999897480010986
4061,7,7,0.9999510049819946
4062,0,0,0.9999890327453613
4063,6,6,0.9576046466827393
4064,7,7,0.9999997615814209
4065,0,2,0.7713645696640015
4066,2,2,0.999998927116394
4067,5,5,0.9999688863754272
4068,8,8,0.999572217464447
4069,1,1,0.9998520612716675
4070,0,0,0.9999995231628418
4071,4,4,0.9999116659164429
4072,5,5,0.9999849796295166
4073,7,7,1.0
4074,1,1,0.9994705319404602
4075,8,8,0.38249874114990234
4076,5,5,0.9999501705169678
4077,1,1,0.9998435974121094
4078,9,9,0.8410550355911255
4079,0,0,0.9997246861457825
4080,0,0,0.9992042183876038
4081,6,6,0.9999921321868896
4082,0,0,0.9999489784240723
4083,7,7,1.0
4084,3,3,0.999994158744812
4085,1,1,0.9999617338180542
4086,8,8,0.9953118562698364
4087,3,3,0.9995168447494507
4088,9,9,0.9998171925544739
4089,7,7,0.9999754428863525
4090,0,0,0.9996644258499146
4091,0,0,0.9999978542327881
4092,8,8,0.9997954964637756
4093,9,9,0.9997230172157288
4094,5,5,0.9999223947525024
4095,9,9,0.9999896287918091
4096,8,8,0.9997565150260925
4097,3,3,0.9999997615814209
4098,2,2,1.0
4099,7,7,0.9990761280059814
4100,2,2,0.9494500756263733
4101,9,9,0.9999111890792847
4102,7,7,0.978997528553009
4103,2,2,0.9999042749404907
4104,1,1,0.9995781779289246
4105,1,1,0.9991449117660522
4106,3,3,0.9999998807907104
4107,7,7,0.9999754428863525
4108,5,5,0.9999997615814209
4109,3,3,0.9999663829803467
4110,1,1,0.9994487166404724
4111,9,9,0.9999610185623169
4112,8,8,0.9997554421424866
4113,2,2,0.9999903440475464
4114,2,2,0.9983832836151123
4115,2,2,0.9999985694885254
4116,8,8,0.9926188588142395
4117,8,8,0.9318373799324036
4118,5,5,0.9999998807907104
4119,7,7,0.9999936819076538
4120,3,3,0.999875545501709
4121,8,8,0.9990837574005127
4122,9,9,0.9999865293502808
4123,8,8,0.9969082474708557
4124,8,8,0.9972597360610962
4125,6,6,0.99992835521698
4126,8,8,0.9883792400360107
4127,2,2,0.9999681711196899
4128,3,3,0.9997773766517639
4129,9,9,0.9968221187591553
4130,7,7,0.9999970197677612
4131,5,5,0.9998623132705688
4132,6,6,0.9999983310699463
4133,2,2,0.9999960660934448
4134,9,9,0.998843789100647
4135,2,2,0.999931812286377
4136,8,8,0.9990793466567993
4137,8,8,0.9996738433837891
4138,1,1,0.9995113611221313
4139,6,6,0.9998144507408142
4140,8,8,0.9019050598144531
4141,8,8,0.9995998740196228
4142,7,7,0.9999946355819702
4143,9,9,0.9994445443153381
4144,1,1,0.9998478889465332
4145,8,8,0.9998435974121094
4146,0,0,0.9980145692825317
4147,1,1,0.9980902075767517
4148,7,7,0.9993268251419067
4149,2,2,0.9999938011169434
4150,0,0,0.9999997615814209
4151,7,7,0.9999637603759766
4152,5,5,0.9922539591789246
4153,1,1,0.9999569654464722
4154,9,9,0.9988603591918945
4155,0,0,0.9999903440475464
4156,2,2,0.9949709177017212
4157,0,0,0.9999850988388062
4158,9,9,0.9999561309814453
4159,8,8,0.9847240447998047
4160,6,6,0.9999967813491821
4161,2,2,0.9999973773956299
4162,3,3,1.0
4163,9,9,0.962563693523407
4164,3,3,1.0
4165,8,8,0.9541589617729187
4166,0,0,0.9999531507492065
4167,2,2,0.9985333681106567
4168,1,1,0.9985440969467163
4169,1,1,0.9997537732124329
4170,1,1,0.9976832866668701
4171,1,1,0.8348196148872375
4172,4,4,0.9999582767486572
4173,2,2,0.9999986886978149
4174,9,9,0.9985877275466919
4175,7,7,0.9999836683273315
4176,2,7,0.9721139073371887
4177,5,5,0.99457848072052
4178,1,1,0.9794570803642273
4179,1,1,0.9999288320541382
4180,2,2,0.9995445609092712
4181,1,1,0.9999617338180542
4182,9,9,0.9978389143943787
4183,9,9,0.9996825456619263
4184,9,9,0.9998762607574463
4185,1,1,0.9975518584251404
4186,0,0,0.9999536275863647
4187,2,2,0.9995900988578796
4188,0,0,0.9999983310699463
4189,2,2,0.9999616146087646
4190,1,1,0.9998637437820435
4191,1,1,0.9999661445617676
4192,4,4,0.9998528957366943
4193,6,6,0.9993659853935242
4194,4,4,0.9817169308662415
4195,1,1,0.999467670917511
4196,5,5,0.9980798959732056
4197,4,4,0.9930986762046814
4198,9,9,0.9999786615371704
4199,7,7,0.7643458247184753
4200,7,7,1.0
4201,1,7,0.7186949849128723
4202,5,5,0.999995231628418
4203,6,6,0.9999942779541016
4204,2,2,0.9999797344207764
4205,2,2,0.9556021094322205
4206,2,2,0.9999920129776001
4207,8,8,0.8708600997924805
4208,0,0,0.9999996423721313
4209,6,6,0.9999986886978149
4210,9,9,0.9999194145202637
4211,6,6,0.9998617172241211
4212,1,1,0.9809166789054871
4213,9,9,0.9994841814041138
4214,7,7,0.9999569654464722
4215,7,7,0.99998939037323
4216,1,1,0.9749260544776917
4217,4,4,0.9999756813049316
4218,8,8,0.9999580383300781
4219,5,5,0.9999998807907104
4220,3,3,0.999994158744812
4221,4,4,0.9992604851722717
4222,3,3,0.9999945163726807
4223,4,4,0.9989920258522034
4224,9,7,0.6257203817367554
4225,7,7,0.9999904632568359
4226,5,5,0.9999998807907104
4227,0,0,0.9998639822006226
4228,7,7,0.9999909400939941
4229,4,4,1.0
4230,8,8,0.9999756813049316
4231,8,8,0.9936198592185974
4232,1,1,0.9995661377906799
4233,5,5,0.9999897480010986
4234,3,3,0.9999997615814209
4235,9,9,0.9999426603317261
4236,5,5,1.0
4237,9,9,0.9999570846557617
4238,7,3,0.9635446071624756
4239,6,6,0.9997969269752502
4240,9,9,0.9999974966049194
4241,0,0,0.9999979734420776
4242,3,3,0.999983549118042
4243,6,6,0.9999732971191406
4244,3,3,0.9998522996902466
4245,9,9,0.9999833106994629
4246,8,8,0.9999538660049438
4247,2,2,0.9999912977218628
4248,2,2,0.542600154876709
4249,1,1,0.9999122619628906
4250,2,2,0.9999946355819702
4251,8,8,0.9999872446060181
4252,6,6,0.9999997615814209
4253,8,8,0.9994638562202454
4254,5,5,0.9998506307601929
4255,5,5,0.9967446327209473
4256,3,2,0.8357917070388794
4257,9,9,0.9999212026596069
4258,4,4,0.9999994039535522
4259,9,9,0.9586837291717529
4260,2,2,0.9999661445617676
4261,5,5,0.9999982118606567
4262,1,1,0.9998728036880493
4263,5,5,0.9997071623802185
4264,1,1,0.9998698234558105
4265,4,7,0.4382069408893585
4266,4,4,0.9975995421409607
4267,1,1,0.9998762607574463
4268,4,4,0.9986386895179749
4269,4,4,0.9993284940719604
4270,3,3,0.9999983310699463
4271,5,5,0.9313132166862488
4272,9,9,0.9999079704284668
4273,1,1,0.9996581077575684
4274,2,2,0.9999997615814209
4275,2,2,0.9999953508377075
4276,3,3,0.9999871253967285
4277,3,3,0.9994034767150879
4278,0,0,0.9999997615814209
4279,2,2,0.9999977350234985
4280,9,9,0.9997617602348328
4281,0,0,0.9990767240524292
4282,0,0,0.9999839067459106
4283,9,9,0.9998699426651001
4284,9,9,0.9348246455192566
4285,6,6,0.9993458390235901
4286,0,0,0.9707270860671997
4287,9,9,0.9997227787971497
4288,3,3,1.0
4289,2,2,0.9820090532302856
4290,8,8,0.9999641180038452
4291,4,4,0.9998475313186646
4292,1,1,0.999687671661377
4293,9,9,0.999950647354126
4294,9,9,0.9838565587997437
4295,7,7,0.9999707937240601
4296,2,2,0.9999998807907104
4297,7,7,0.9534498453140259
4298,9,9,0.9999706745147705
4299,9,9,0.9759404063224792
4300,5,5,0.9828360676765442
4301,9,9,0.9996098875999451
4302,5,5,0.9999945163726807
4303,1,1,0.999901533126831
4304,1,1,0.9999079704284668
4305,8,8,0.9999845027923584
4306,3,3,0.7655653357505798
4307,5,5,0.9999988079071045
4308,1,1,0.9768824577331543
4309,9,9,0.9990398287773132
4310,5,5,0.9999945163726807
4311,3,3,0.999265730381012
4312,5,5,0.9999880790710449
4313,4,4,0.9601205587387085
4314,9,9,0.9729836583137512
4315,5,5,0.9639512896537781
4316,9,9,0.999627947807312
4317,3,3,0.9986973404884338
4318,1,1,0.998263418674469
4319,9,9,0.999993085861206
4320,0,0,0.999972939491272
4321,9,9,0.9999836683273315
4322,7,7,0.9999998807907104
4323,5,5,0.998975396156311
4324,4,4,0.9999959468841553
4325,9,9,0.9994049072265625
4326,2,2,0.9998865127563477
4327,0,0,0.9282647371292114
4328,1,1,0.9997863173484802
4329,0,0,0.9999313354492188
4330,5,5,0.9976722598075867
4331,1,1,0.9986447691917419
4332,4,4,0.9999935626983643
4333,9,9,0.9994507431983948
4334,3,3,0.9997034668922424
4335,3,3,0.9775290489196777
4336,6,6,0.9999933242797852
4337,1,1,0.9996283054351807
4338,5,5,0.9999258518218994
4339,2,2,0.999997615814209
4340,5,5,0.9999974966049194
4341,2,2,0.9999551773071289
4342,2,2,0.9999761581420898
4343,0,0,0.9998751878738403
4344,9,9,0.9864934682846069
4345,2,2,0.9999998807907104
4346,6,6,0.9999077320098877
4347,6,6,0.9999996423721313
4348,0,0,0.9999982118606567
4349,1,1,0.9776057600975037
4350,2,2,0.47414374351501465
4351,0,0,0.9999973773956299
4352,3,3,0.9999101161956787
4353,0,0,0.9999427795410156
4354,2,2,0.9999648332595825
4355,5,5,0.991521954536438
4356,5,5,0.997577965259552
4357,7,7,0.9999998807907104
4358,9,9,0.9992731213569641
4359,5,5,0.9404522180557251
4360,5,5,0.8769855499267578
4361,0,0,0.9998949766159058
4362,8,8,0.9999711513519287
4363,9,9,0.9994522929191589
4364,5,5,1.0
4365,0,0,0.999998927116394
4366,3,3,0.9999998807907104
4367,2,2,0.9999374151229858
4368,5,5,0.9995487332344055
4369,9,9,0.7270866632461548
4370,0,0,0.996130108833313
4371,8,8,0.9999765157699585
4372,8,8,0.9999991655349731
4373,4,4,0.9989045858383179
4374,5,5,0.9995558857917786
4375,8,8,0.9999552965164185
4376,8,8,0.9999573230743408
4377,4,4,0.9999651908874512
4378,5,5,0.9999985694885254
4379,4,4,0.9994401335716248
4380,8,8,0.8696675300598145
4381,5,5,0.9999992847442627
4382,4,4,0.9424390196800232
4383,9,9,0.9886407852172852
4384,2,2,0.9952196478843689
4385,2,2,0.9999767541885376
4386,1,1,0.9973013997077942
4387,2,2,0.969723105430603
4388,6,6,0.9999988079071045
4389,8,8,0.9996985197067261
4390,8,8,0.9998217225074768
4391,7,7,0.9962735176086426
4392,0,0,0.9999939203262329
4393,3,3,0.9997941851615906
4394,6,6,1.0
4395,6,6,0.9999979734420776
4396,4,4,0.9999747276306152
4397,3,3,0.999984622001648
4398,8,8,0.9999986886978149
4399,8,8,0.9980220794677734
4400,7,7,0.9716843366622925
4401,2,2,0.998993456363678
4402,2,2,0.9999998807907104
4403,0,0,0.9371261596679688
4404,0,0,0.9999847412109375
4405,9,9,0.9102845191955566
4406,3,3,0.9999998807907104
4407,9,9,0.999925971031189
4408,9,9,0.9994316697120667
4409,1,1,0.9997065663337708
4410,9,9,0.9975677132606506
4411,8,8,0.9999998807907104
4412,6,6,0.9999998807907104
4413,6,6,0.9996950626373291
4414,4,4,0.9999972581863403
4415,2,2,0.9999996423721313
4416,6,6,0.9999998807907104
4417,9,9,0.9999972581863403
4418,2,2,1.0
4419,8,8,0.9996927976608276
4420,5,5,0.9999707937240601
4421,4,4,0.9999984502792358
4422,5,5,0.9999202489852905
4423,7,7,0.9999947547912598
4424,9,9,0.9990001320838928
4425,9,9,0.9956977367401123
4426,9,9,0.9995495676994324
4427,2,2,0.9999277591705322
4428,1,1,0.9989935755729675
4429,8,8,0.9985378980636597
4430,3,3,1.0
4431,4,4,0.9999854564666748
4432,0,0,0.9996402263641357
4433,7,7,0.8811482787132263
4434,8,8,0.9976794123649597
4435,3,3,0.9994997978210449
4436,9,9,0.9999837875366211
4437,3,3,0.9722480773925781
4438,4,4,0.9916512370109558
4439,6,6,0.9989435076713562
4440,5,5,0.9999858140945435
4441,6,6,0.999994158744812
4442,2,2,0.9999947547912598
4443,3,3,0.7556758522987366
4444,9,9,0.9997654557228088
4445,2,2,0.9999994039535522
4446,6,6,1.0
4447,0,0,0.9999704360961914
4448,0,0,0.9999970197677612
4449,6,6,0.999991774559021
4450,1,1,0.9997151494026184
4451,2,2,0.9981278777122498
4452,8,8,0.9965633749961853
4453,7,7,0.9999783039093018
4454,9,9,0.9983964562416077
4455,8,8,0.9998323917388916
4456,2,2,0.9999971389770508
4457,0,0,0.9999827146530151
4458,4,4,0.9999918937683105
4459,7,7,0.9999980926513672
4460,7,7,0.9974167346954346
4461,5,5,0.9999094009399414
4462,0,0,0.999994158744812
4463,5,5,0.9996761083602905
4464,6,6,1.0
4465,4,4,0.9994308352470398
4466,6,6,0.999966025352478
4467,7,7,0.9999854564666748
4468,4,4,0.99998939037323
4469,3,3,0.9995399713516235
4470,0,0,0.9999933242797852
4471,7,7,0.9999977350234985
4472,5,5,0.9990226030349731
4473,0,0,0.9999041557312012
4474,7,7,1.0
4475,4,4,0.9999765157699585
4476,2,2,0.9999786615371704
4477,0,0,0.5573188066482544
4478,8,8,0.9999746084213257
4479,9,9,0.9943442344665527
4480,9,9,0.9995811581611633
4481,4,4,0.9989463686943054
4482,2,2,0.999948263168335
4483,4,4,0.998967170715332
4484,6,6,1.0
4485,7,7,1.0
4486,8,8,0.9999825954437256
4487,7,7,0.9995256662368774
4488,6,6,0.998519241809845
4489,9,9,0.97196364402771
4490,4,4,0.9999982118606567
4491,1,1,0.9931064248085022
4492,3,3,1.0
4493,7,7,0.9998742341995239
4494,3,3,0.9954565763473511
4495,0,0,0.9999834299087524
4496,8,8,0.9996854066848755
4497,8,7,0.8666877150535583
4498,7,7,0.9997889399528503
4499,6,6,0.9999371767044067
4500,9,9,0.9546264410018921
4501,3,3,0.999962329864502
4502,9,9,0.9999899864196777
4503,2,2,0.9998131394386292
4504,2,2,0.8600663542747498
4505,9,9,0.9941149353981018
4506,2,2,0.9999148845672607
4507,1,1,0.6334238052368164
4508,8,8,0.9999860525131226
4509,3,3,0.9994311928749084
4510,2,2,1.0
4511,9,9,0.9999316930770874
4512,6,6,0.9999947547912598
4513,8,8,0.9994636178016663
4514,4,4,0.9979833364486694
4515,0,0,0.9999810457229614
4516,1,1,0.9999693632125854
4517,2,2,1.0
4518,8,8,0.9999955892562866
4519,4,4,0.999882698059082
4520,5,5,0.9999511241912842
4521,2,2,0.999705970287323
4522,7,7,1.0
4523,8,8,0.99953293800354
4524,1,1,0.999527096748352
4525,1,1,0.9999326467514038
4526,3,3,0.9898520112037659
4527,0,0,0.9999966621398926
4528,3,3,0.9970741271972656
4529,5,5,0.9999998807907104
4530,7,7,0.9999997615814209
4531,0,0,0.9998780488967896
4532,3,3,0.9999997615814209
4533,1,1,0.9998719692230225
4534,9,9,0.9968582391738892
4535,3,3,0.9999996423721313
4536,6,5,0.9301712512969971
4537,3,3,1.0
4538,1,1,0.9986518025398254
4539,7,7,0.9999996423721313
4540,7,7,0.999810516834259
4541,3,3,0.9999990463256836
4542,0,0,0.9999994039535522
4543,8,8,0.9654474854469299
4544,4,4,0.9999973773956299
4545,8,8,0.9999821186065674
4546,2,2,0.9999901056289673
4547,6,6,0.9930552840232849
4548,5,5,0.9989000558853149
4549,2,2,0.9999964237213135
4550,9,9,0.9997881054878235
4551,7,7,0.9970217347145081
4552,3,3,0.9998680353164673
4553,9,9,0.999880313873291
4554,0,0,0.9990019202232361
4555,9,9,0.999903678894043
4556,9,9,0.9995998740196228
4557,6,6,0.9999991655349731
4558,4,4,0.9996572732925415
4559,2,2,0.9999985694885254
4560,9,9,0.9999867677688599
4561,7,7,0.9949681162834167
4562,2,2,1.0
4563,1,1,0.9328638911247253
4564,1,1,0.9994372725486755
4565,6,6,0.9999648332595825
4566,7,7,0.9936927556991577
4567,4,4,0.9293298721313477
4568,7,7,0.9988352656364441
4569,5,5,0.9998657703399658
4570,9,9,0.9963467717170715
4571,6,8,0.8186109662055969
4572,8,8,0.9998438358306885
4573,2,2,0.9999942779541016
4574,1,1,0.9879088997840881
4575,4,2,0.9356942772865295
4576,4,4,0.9999992847442627
4577,5,5,0.999995231628418
4578,7,7,0.7239567041397095
4579,6,6,0.9927614331245422
4580,1,1,0.9999374151229858
4581,3,3,0.9999997615814209
4582,2,2,0.9999983310699463
4583,5,5,0.9999992847442627
4584,9,9,0.9860763549804688
4585,9,9,0.9996570348739624
4586,3,3,0.9923056960105896
4587,6,6,0.9999983310699463
4588,1,1,0.999708354473114
4589,1,1,0.9993340373039246
4590,4,4,0.9999958276748657
4591,6,6,0.9999994039535522
4592,9,9,0.9999829530715942
4593,7,7,0.9999966621398926
4594,2,2,0.9999923706054688
4595,1,1,0.9994906187057495
4596,5,5,0.9999833106994629
4597,1,1,0.9978253841400146
4598,4,4,0.996148943901062
4599,6,6,0.9999971389770508
4600,3,3,0.9999998807907104
4601,8,8,0.9348591566085815
4602,1,1,0.9993614554405212
4603,1,1,0.9995723366737366
4604,0,0,0.9624082446098328
4605,3,3,0.9999923706054688
4606,1,1,0.9999039173126221
4607,6,6,0.9999970197677612
4608,8,8,0.9996874332427979
4609,4,4,0.9986284971237183
4610,9,9,0.999854564666748
4611,0,0,0.9999997615814209
4612,7,7,0.9999998807907104
4613,3,3,0.9999257326126099
4614,0,0,0.9998493194580078
4615,2,2,0.9889082312583923
4616,9,9,0.9999806880950928
4617,0,0,0.9999836683273315
4618,6,6,0.9999996423721313
4619,6,6,0.9967954754829407
4620,6,6,0.9986698627471924
4621,3,3,1.0
4622,6,6,1.0
4623,7,7,1.0
4624,7,7,0.9999823570251465
4625,2,2,0.9997809529304504
4626,8,8,0.9991239905357361
4627,6,6,0.9999932050704956
4628,0,0,1.0
4629,8,8,1.0
4630,3,3,0.9913438558578491
4631,0,0,0.9999994039535522
4632,2,2,0.965535044670105
4633,9,9,0.9719359278678894
4634,8,8,0.9999887943267822
4635,3,3,0.999764621257782
4636,2,2,0.9999973773956299
4637,5,5,0.9999978542327881
4638,3,3,0.9999977350234985
4639,8,8,0.6433460712432861
4640,8,8,0.9729883074760437
4641,0,0,0.9999682903289795
4642,0,0,0.9998220801353455
4643,1,1,0.9962539672851562
4644,9,9,0.9999550580978394
4645,5,5,0.9999990463256836
4646,1,1,0.9990472197532654
4647,3,3,0.9999970197677612
4648,9,9,0.9999144077301025
4649,6,6,0.9999979734420776
4650,0,0,0.9999984502792358
4651,1,1,0.9999499320983887
4652,4,4,0.9999613761901855
4653,1,1,0.9998451471328735
4654,7,7,1.0
4655,1,1,0.9986781477928162
4656,2,2,0.9819475412368774
4657,3,3,0.9999687671661377
4658,7,7,0.9999779462814331
4659,9,9,0.9999884366989136
4660,7,7,0.999795138835907
4661,4,4,0.999998927116394
4662,9,9,0.9974691867828369
4663,9,9,0.9999619722366333
4664,3,3,0.9999955892562866
4665,9,9,0.9984123706817627
4666,2,2,0.9999971389770508
4667,8,8,0.9999929666519165
4668,2,2,0.9999233484268188
4669,7,7,0.9999792575836182
4670,1,1,0.9997307658195496
4671,8,8,0.9514189958572388
4672,0,0,0.9999797344207764
4673,9,9,0.9940004348754883
4674,1,1,0.9979698061943054
4675,0,0,0.999990701675415
4676,1,1,0.9995014667510986
4677,7,7,0.998724639415741
4678,7,7,1.0
4679,9,9,0.9988740086555481
4680,6,6,1.0
4681,9,9,0.9998564720153809
4682,9,9,0.9997689127922058
4683,9,9,0.999782145023346
4684,2,2,0.9999619722366333
4685,1,1,0.9998786449432373
4686,6,6,0.9999865293502808
4687,1,1,0.9992056488990784
4688,3,3,0.9999983310699463
4689,5,5,0.9999983310699463
4690,7,7,0.9887973666191101
4691,1,1,0.9970993995666504
4692,9,9,0.9988067150115967
4693,7,7,0.9976125955581665
4694,6,6,0.9999934434890747
4695,4,4,0.9998890161514282
4696,5,5,0.9950293898582458
4697,7,7,0.9999966621398926
4698,6,6,0.9999765157699585
4699,6,6,0.9351418018341064
4700,9,9,0.9999595880508423
4701,9,9,0.9998410940170288
4702,6,6,0.9999827146530151
4703,3,3,0.9999994039535522
4704,6,6,0.9999878406524658
4705,2,2,0.9999996423721313
4706,9,9,0.999652624130249
4707,8,8,0.9996987581253052
4708,1,1,0.9999761581420898
4709,2,2,0.9999986886978149
4710,2,2,0.9999665021896362
4711,5,5,0.9985554814338684
4712,5,5,0.9999486207962036
4713,2,2,0.9920877814292908
4714,3,3,0.9999732971191406
4715,7,7,0.9999986886978149
4716,2,2,0.9999709129333496
4717,1,1,0.9996978044509888
4718,0,0,1.0
4719,1,1,0.9963701963424683
4720,0,0,0.9999547004699707
4721,4,4,0.9999854564666748
4722,5,5,0.9999551773071289
4723,2,2,0.9999966621398926
4724,8,8,0.9954038858413696
4725,2,2,0.9999948740005493
4726,8,8,0.9998169541358948
4727,3,3,0.999994158744812
4728,5,5,0.9999980926513672
4729,1,1,0.9997462630271912
4730,7,7,1.0
4731,8,8,0.4696487784385681
4732,1,1,0.9998036026954651
4733,1,1,0.9983929991722107
4734,2,2,0.9999426603317261
4735,9,9,0.9988862872123718
4736,7,7,0.9999635219573975
4737,8,8,0.9639617204666138
4738,4,4,0.9969874024391174
4739,0,0,0.9740887880325317
4740,3,5,0.7388531565666199
4741,0,0,0.999591052532196
4742,7,7,0.9999251365661621
4743,8,8,0.9783965945243835
4744,8,8,0.9996860027313232
4745,4,4,0.9997126460075378
4746,7,7,0.9999921321868896
4747,7,7,1.0
4748,8,8,0.9999988079071045
4749,5,5,0.9995099306106567
4750,8,8,0.9998503923416138
4751,4,4,0.9497161507606506
4752,9,9,0.9999734163284302
4753,8,8,0.9995688796043396
4754,1,1,0.9992676377296448
4755,3,3,0.9993368983268738
4756,8,8,0.9999979734420776
4757,0,0,0.9999992847442627
4758,3,3,0.9999997615814209
4759,1,1,0.8090119957923889
4760,7,7,0.9999936819076538
4761,9,8,0.9612456560134888
4762,5,5,0.9999977350234985
4763,5,5,0.9884181618690491
4764,1,1,0.9991942048072815
4765,6,6,0.9999991655349731
4766,5,5,0.9999955892562866
4767,7,7,1.0
4768,4,4,0.9999727010726929
4769,9,9,0.999969482421875
4770,3,3,0.9999972581863403
4771,5,5,0.9929713606834412
4772,4,4,0.9999430179595947
4773,7,7,0.9998688697814941
4774,1,1,0.999874472618103
4775,2,2,0.9999985694885254
4776,0,0,0.999748170375824
4777,8,8,0.9975475668907166
4778,1,1,0.9991889595985413
4779,6,6,1.0
4780,0,0,0.9999583959579468
4781,7,7,1.0
4782,3,3,1.0
4783,4,4,0.6912867426872253
4784,7,7,0.9999963045120239
4785,3,3,0.9961519837379456
4786,9,9,0.9988073110580444
4787,6,6,0.9999992847442627
4788,0,0,0.9999721050262451
4789,8,8,0.9999282360076904
4790,6,6,0.9999270439147949
4791,4,4,0.9996471405029297
4792,8,8,0.9999997615814209
4793,7,7,0.9999998807907104
4794,7,7,0.9999850988388062
4795,9,9,0.9999182224273682
4796,3,3,0.9999926090240479
4797,8,8,0.9999948740005493
4798,6,6,0.937131404876709
4799,9,9,0.999108612537384
4800,7,7,0.9999998807907104
4801,2,2,0.9999878406524658
4802,3,3,0.9977365732192993
4803,4,4,0.9999967813491821
4804,0,0,0.9993864297866821
4805,2,2,1.0
4806,1,1,0.9998968839645386
4807,8,0,0.8067566156387329
4808,3,3,0.9441418647766113
4809,5,5,0.9999997615814209
4810,5,5,0.9999775886535645
4811,7,7,1.0
4812,2,2,0.999904990196228
4813,4,4,0.999897837638855
4814,6,6,0.9916021227836609
4815,7,7,0.9975420236587524
4816,2,2,0.9994291663169861
4817,8,8,0.9999867677688599
4818,3,3,1.0
4819,0,0,0.9952379465103149
4820,8,8,0.9999974966049194
4821,7,7,0.9999963045120239
4822,8,8,0.9997369647026062
4823,9,9,0.9146714210510254
4824,0,0,0.9997238516807556
4825,8,8,0.9999254941940308
4826,4,4,0.9999802112579346
4827,4,4,0.9998579025268555
4828,5,5,0.9997513890266418
4829,8,8,0.999982476234436
4830,5,5,0.9998112320899963
4831,6,6,0.999980092048645
4832,6,6,0.9999974966049194
4833,3,3,0.9982978701591492
4834,0,0,0.9998433589935303
4835,9,9,0.9997047781944275
4836,3,3,0.9999775886535645
4837,7,7,0.7781826853752136
4838,6,6,0.9916039109230042
4839,8,8,0.990875244140625
4840,9,9,0.9996515512466431
4841,3,3,0.9990633130073547
4842,4,4,0.999976634979248
4843,9,9,0.9999891519546509
4844,5,5,0.9999998807907104
4845,8,8,0.9999576807022095
4846,9,9,0.998308539390564
4847,1,1,0.9994764924049377
4848,2,2,0.9999923706054688
4849,8,8,0.9999676942825317
4850,8,8,0.9999890327453613
4851,6,6,0.9999525547027588
4852,8,8,0.8857629299163818
4853,1,1,0.9995477795600891
4854,3,3,0.9990103244781494
4855,7,7,0.9999939203262329
4856,9,9,0.9995648264884949
4857,0,0,0.9995325803756714
4858,1,1,0.9995383024215698
4859,1,1,0.9998664855957031
4860,4,9,0.871939480304718
4861,7,7,0.9844411611557007
4862,0,0,0.9999560117721558
4863,8,8,0.9927567839622498
4864,1,1,0.9971625208854675
4865,7,7,1.0
4866,4,4,0.9999867677688599
4867,5,5,0.9999998807907104
4868,7,7,0.9996620416641235
4869,1,1,0.9932742118835449
4870,2,2,1.0
4871,1,1,0.9984069466590881
4872,1,1,0.999504804611206
4873,3,3,0.9999861717224121
4874,9,9,0.7938984632492065
4875,6,6,0.9999978542327881
4876,2,2,0.9949941039085388
4877,1,1,0.9995786547660828
4878,2,2,0.9999986886978149
4879,8,8,0.5977274179458618
4880,0,0,0.9981978535652161
4881,7,7,1.0
4882,6,6,0.9998350143432617
4883,6,6,0.999998927116394
4884,9,9,0.9997434020042419
4885,3,3,0.9999959468841553
4886,7,7,0.9614917635917664
4887,0,0,0.9993703961372375
4888,5,5,0.9953219294548035
4889,2,2,0.9999994039535522
4890,8,8,0.9713838696479797
4891,0,0,0.9999839067459106
4892,5,5,1.0
4893,4,4,0.9997125267982483
4894,3,3,0.999930739402771
4895,8,8,0.9994829893112183
4896,4,4,0.9998823404312134
4897,6,6,0.9999772310256958
4898,6,6,0.9999856948852539
4899,2,2,0.9999593496322632
4900,7,7,0.99946528673172
4901,9,9,0.9997559189796448
4902,5,5,0.9973016977310181
4903,1,1,0.9986574649810791
4904,3,3,0.9999997615814209
4905,2,2,0.9999998807907104
4906,4,4,0.999998927116394
4907,3,3,0.9986043572425842
4908,6,6,0.9999945163726807
4909,1,1,0.9992932081222534
4910,9,9,0.9998881816864014
4911,4,4,0.9218710660934448
4912,4,4,0.999998927116394
4913,7,7,0.999983549118042
4914,6,6,0.9999998807907104
4915,5,5,0.9993830919265747
4916,4,4,1.0
4917,1,1,0.9996267557144165
4918,9,9,0.9716684222221375
4919,9,9,0.9999914169311523
4920,2,2,1.0
4921,7,7,0.9529107809066772
4922,8,8,0.9961446523666382
4923,0,0,0.9999916553497314
4924,1,1,0.8716229200363159
4925,3,3,0.9999696016311646
4926,6,6,1.0
4927,1,1,0.9999221563339233
4928,3,3,0.9999997615814209
4929,4,4,0.9948169589042664
4930,1,1,0.9997230172157288
4931,1,1,0.9996846914291382
4932,1,1,0.9999196529388428
4933,5,5,0.9999929666519165
4934,6,6,0.9794816374778748
4935,0,0,0.9999942779541016
4936,7,7,0.9999499320983887
4937,0,0,0.9999361038208008
4938,7,7,0.9999978542327881
4939,2,2,0.9936967492103577
4940,3,3,1.0
4941,2,2,0.9854454398155212
4942,5,5,0.9509603977203369
4943,2,2,0.9998599290847778
4944,2,2,0.9999521970748901
4945,9,9,0.9999672174453735
4946,4,4,0.999988317489624
4947,9,9,0.9999251365661621
4948,8,8,0.9998453855514526
4949,1,1,0.9999862909317017
4950,2,2,0.9980682730674744
4951,1,1,0.9987911581993103
4952,6,6,0.9999788999557495
4953,1,1,0.9999388456344604
4954,2,2,0.999998927116394
4955,7,7,1.0
4956,8,4,0.6072683930397034
4957,0,0,0.9999969005584717
4958,0,0,0.9999978542327881
4959,0,0,0.9998958110809326
4960,8,8,0.9999542236328125
4961,2,2,0.9999997615814209
4962,2,2,1.0
4963,9,9,0.938489556312561
4964,2,2,0.9999849796295166
4965,2,2,0.9999998807907104
4966,7,7,0.9667283296585083
4967,9,9,0.9999061822891235
4968,9,9,0.9999322891235352
4969,2,2,1.0
4970,7,7,0.9999794960021973
4971,5,5,0.9993206262588501
4972,1,1,0.9995229244232178
4973,3,3,1.0
4974,4,4,0.9999536275863647
4975,9,9,0.9999186992645264
4976,4,4,0.9999628067016602
4977,1,1,0.9998160004615784
4978,8,8,0.8556551933288574
4979,5,5,0.9999911785125732
4980,6,6,0.9999996423721313
4981,2,2,0.9999686479568481
4982,8,8,0.9996799230575562
4983,3,3,0.9999961853027344
4984,1,1,0.9988831877708435
4985,2,2,0.9999779462814331
4986,8,8,0.9997386336326599
4987,4,4,0.9999276399612427
4988,9,9,0.9999486207962036
4989,9,9,0.9955264925956726
4990,3,3,0.9940763711929321
4991,7,7,0.9999988079071045
4992,0,0,0.9999966621398926
4993,7,7,0.9999752044677734
4994,7,7,0.9999880790710449
4995,2,2,0.9998742341995239
4996,3,3,0.9999977350234985
4997,2,2,0.7413321733474731
4998,4,4,0.9982845187187195
4999,0,0,0.9999994039535522
5000,3,3,0.9999899864196777
5001,9,9,0.9976479411125183
5002,9,9,0.9999767541885376
5003,8,8,0.9999985694885254
5004,4,4,1.0
5005,1,1,0.9998441934585571
5006,0,0,0.999937891960144
5007,6,6,1.0
5008,0,0,0.9998774528503418
5009,9,9,0.999854326248169
5010,6,6,0.9999998807907104
5011,8,8,0.9941727519035339
5012,6,6,1.0
5013,1,1,0.9997292160987854
5014,1,1,0.9997333884239197
5015,9,9,0.9967672824859619
5016,8,8,0.9999991655349731
5017,9,9,0.99996018409729
5018,2,2,1.0
5019,3,3,0.9999996423721313
5020,5,5,0.9999221563339233
5021,5,5,0.9999978542327881
5022,9,9,0.9999244213104248
5023,4,4,0.9999746084213257
5024,2,2,0.9999804496765137
5025,1,1,0.9999678134918213
5026,9,9,0.9999245405197144
5027,4,4,0.9998804330825806
5028,3,3,1.0
5029,9,9,0.9995469450950623
5030,6,6,1.0
5031,0,0,0.9999488592147827
5032,4,4,0.9999961853027344
5033,0,0,0.999942421913147
5034,6,6,1.0
5035,0,0,0.9998650550842285
5036,1,1,0.9998571872711182
5037,2,2,0.9999995231628418
5038,3,3,0.9999525547027588
5039,4,4,0.9999994039535522
5040,7,7,0.9995488524436951
5041,8,8,0.9999992847442627
5042,9,9,0.9999254941940308
5043,0,0,0.9999997615814209
5044,1,1,0.9998553991317749
5045,2,2,0.9999420642852783
5046,3,3,0.9970646500587463
5047,4,4,0.999997615814209
5048,7,7,0.999881386756897
5049,8,8,0.9996882677078247
5050,9,9,0.9997376799583435
5051,0,0,0.9999991655349731
5052,1,1,0.9999262094497681
5053,2,2,0.9999974966049194
5054,3,3,0.9948363304138184
5055,4,4,0.9999897480010986
5056,5,5,0.999996542930603
5057,6,6,0.9999996423721313
5058,7,7,0.999963641166687
5059,8,8,0.9999889135360718
5060,9,9,0.999955415725708
5061,8,8,0.9993758797645569
5062,3,3,0.9998087286949158
5063,4,4,0.9997697472572327
5064,7,7,0.9999809265136719
5065,8,8,0.9834774136543274
5066,6,6,0.9999990463256836
5067,3,3,0.9923073649406433
5068,4,4,0.47436317801475525
5069,0,0,0.9999966621398926
5070,9,9,0.9998824596405029
5071,7,7,0.9999994039535522
5072,1,1,0.9999498128890991
5073,9,9,0.9999675750732422
5074,3,3,0.9999475479125977
5075,8,8,0.9999967813491821
5076,4,4,1.0
5077,7,7,0.9999974966049194
5078,3,3,0.9574373960494995
5079,0,0,0.99997878074646
5080,9,9,0.9999473094940186
5081,1,1,0.9988849759101868
5082,4,4,0.9999964237213135
5083,5,5,0.9984726309776306
5084,4,4,0.9998780488967896
5085,6,6,0.9999970197677612
5086,2,2,0.9999310970306396
5087,0,0,0.9999632835388184
5088,6,6,0.9949489831924438
5089,2,2,0.9999911785125732
5090,1,1,0.9957466721534729
5091,1,1,0.9986841082572937
5092,1,1,0.9979826211929321
5093,1,1,0.9998190999031067
5094,7,7,0.9999959468841553
5095,2,2,0.9999998807907104
5096,4,4,0.9999983310699463
5097,7,7,0.9998844861984253
5098,5,5,0.9999903440475464
5099,2,2,0.9996575117111206
5100,9,9,0.9995080232620239
5101,4,4,0.9999678134918213
5102,5,5,0.9999985694885254
5103,8,8,0.9999985694885254
5104,4,4,0.9999499320983887
5105,2,2,0.999997615814209
5106,9,9,0.9998377561569214
5107,7,7,0.999997615814209
5108,0,0,0.999967098236084
5109,0,0,0.9999762773513794
5110,7,7,0.9999743700027466
5111,5,5,0.9999899864196777
5112,1,1,0.9999778270721436
5113,1,1,0.9999129772186279
5114,7,7,0.999675989151001
5115,6,6,0.9999998807907104
5116,6,6,0.9999998807907104
5117,6,6,0.9999986886978149
5118,8,8,0.9999735355377197
5119,2,2,0.9996562004089355
5120,2,2,0.9999479055404663
5121,7,7,0.999994158744812
5122,7,7,0.9999451637268066
5123,4,4,0.9999939203262329
5124,0,0,0.999997615814209
5125,2,2,0.9999971389770508
5126,4,4,0.9999731779098511
5127,2,2,0.965803861618042
5128,1,1,0.9996277093887329
5129,8,8,0.9999994039535522
5130,9,9,0.9997959733009338
5131,6,6,0.9999991655349731
5132,1,1,0.9999765157699585
5133,0,0,0.9999436140060425
5134,5,5,0.9999985694885254
5135,9,9,0.9998743534088135
5136,6,6,0.999997615814209
5137,9,9,0.9992610812187195
5138,8,8,0.999665379524231
5139,0,0,0.9999827146530151
5140,3,3,0.9587169289588928
5141,0,0,0.9998564720153809
5142,8,8,0.9999643564224243
5143,3,3,0.9996696710586548
5144,9,9,0.9998518228530884
5145,6,6,0.9999949932098389
5146,3,3,0.9992066025733948
5147,0,0,0.9999988079071045
5148,1,1,0.9994970560073853
5149,2,2,0.9999990463256836
5150,3,3,0.9999998807907104
5151,4,4,0.9999972581863403
5152,5,5,0.9999995231628418
5153,6,6,1.0
5154,7,7,0.9998733997344971
5155,0,0,0.9998728036880493
5156,1,1,0.9999008178710938
5157,2,2,1.0
5158,3,3,0.9999983310699463
5159,4,4,0.9664788246154785
5160,5,5,0.9999992847442627
5161,6,6,0.9999992847442627
5162,7,7,0.9759309887886047
5163,8,8,0.9999966621398926
5164,9,9,0.9957691431045532
5165,0,0,0.9934565424919128
5166,1,1,0.9999613761901855
5167,2,2,0.9990532994270325
5168,3,3,0.9999995231628418
5169,4,4,0.9999998807907104
5170,5,5,1.0
5171,6,6,0.9999967813491821
5172,7,7,0.9989715814590454
5173,8,8,0.9995061159133911
5174,5,5,0.9999998807907104
5175,4,4,0.9999983310699463
5176,8,8,0.9997274279594421
5177,7,7,0.9997386336326599
5178,4,4,0.9999998807907104
5179,7,7,1.0
5180,7,7,0.999039351940155
5181,3,3,0.9999995231628418
5182,9,9,0.9996405839920044
5183,8,8,0.9996084570884705
5184,8,8,0.999994158744812
5185,3,3,0.9999992847442627
5186,1,1,0.9999008178710938
5187,5,5,0.9999961853027344
5188,8,8,0.9999946355819702
5189,2,2,0.9999963045120239
5190,7,7,0.9998424053192139
5191,4,4,1.0
5192,2,2,0.9999997615814209
5193,1,1,0.9993320107460022
5194,5,5,0.9981156587600708
5195,4,4,0.9999996423721313
5196,5,5,1.0
5197,5,5,0.9999992847442627
5198,8,8,0.999997615814209
5199,6,6,0.9930114150047302
5200,4,4,0.9999510049819946
5201,4,4,0.9963028430938721
5202,4,4,0.9999985694885254
5203,1,1,0.9867696762084961
5204,8,8,0.9996168613433838
5205,7,7,0.9999709129333496
5206,5,5,1.0
5207,5,5,0.999836802482605
5208,1,1,0.9993537068367004
5209,8,8,0.9988057613372803
5210,9,9,0.9965358972549438
5211,1,1,0.9995906949043274
5212,3,3,0.9999855756759644
5213,6,6,0.9999645948410034
5214,3,3,0.999998927116394
5215,3,3,0.9999996423721313
5216,2,2,0.9999994039535522
5217,2,2,0.999956488609314
5218,6,6,0.9999797344207764
5219,9,9,0.9959751963615417
5220,9,9,0.9990248680114746
5221,6,6,0.9985118508338928
5222,5,5,0.9999998807907104
5223,5,5,0.9999997615814209
5224,3,3,0.9999997615814209
5225,3,3,0.999997615814209
5226,8,8,0.9999964237213135
5227,1,1,0.9994340538978577
5228,6,6,0.9895651340484619
5229,5,5,0.999980092048645
5230,6,6,1.0
5231,8,8,0.9999996423721313
5232,1,1,0.9999042749404907
5233,9,9,0.9999037981033325
5234,7,7,0.9999613761901855
5235,6,6,0.9999979734420776
5236,8,8,0.9999988079071045
5237,3,3,0.9999926090240479
5238,7,7,0.9999963045120239
5239,4,4,0.9999579191207886
5240,7,7,0.9992944002151489
5241,0,0,0.9999977350234985
5242,9,9,0.9991312623023987
5243,0,0,0.9997429251670837
5244,0,0,0.999983549118042
5245,3,3,0.9999836683273315
5246,7,2,0.6730974316596985
5247,9,9,0.9985777139663696
5248,3,3,0.9999998807907104
5249,0,0,0.999994158744812
5250,2,2,0.9999408721923828
5251,0,0,0.9999338388442993
5252,1,1,0.999779999256134
5253,0,0,0.9993815422058105
5254,1,1,0.998991072177887
5255,0,0,0.9989660978317261
5256,4,4,1.0
5257,0,0,0.9997373223304749
5258,1,1,0.9999685287475586
5259,0,0,0.9999886751174927
5260,4,4,0.9988947510719299
5261,7,7,0.9800675511360168
5262,9,9,0.9986112117767334
5263,6,6,0.9999996423721313
5264,2,2,1.0
5265,6,6,0.9561280012130737
5266,2,2,0.999994158744812
5267,2,2,0.999450147151947
5268,9,9,0.9200983047485352
5269,9,9,0.9821397662162781
5270,0,0,0.9998949766159058
5271,1,1,0.9992517828941345
5272,2,2,0.9999945163726807
5273,3,3,0.9999887943267822
5274,4,4,0.9999998807907104
5275,5,5,0.9999997615814209
5276,6,6,1.0
5277,7,7,0.999992847442627
5278,8,8,0.9977987408638
5279,9,9,0.9999759197235107
5280,0,0,0.9999761581420898
5281,1,1,0.9997233748435974
5282,2,2,1.0
5283,3,3,0.9999948740005493
5284,4,4,0.9999903440475464
5285,5,5,0.9999997615814209
5286,6,6,0.9999998807907104
5287,7,7,1.0
5288,8,8,0.9901579022407532
5289,9,9,0.9999920129776001
5290,0,0,0.999964714050293
5291,1,1,0.9999359846115112
5292,2,2,0.9999998807907104
5293,3,3,0.9999982118606567
5294,4,4,1.0
5295,5,5,0.9999998807907104
5296,6,6,0.9999948740005493
5297,7,7,0.9999963045120239
5298,8,8,0.9999231100082397
5299,9,9,0.9995253086090088
5300,8,8,0.9998679161071777
5301,0,0,0.9997922778129578
5302,5,5,0.9999979734420776
5303,6,6,0.9999973773956299
5304,6,6,0.9999996423721313
5305,0,0,0.9999995231628418
5306,8,8,0.9999598264694214
5307,0,0,0.9999707937240601
5308,2,2,0.9999986886978149
5309,3,3,0.9999982118606567
5310,7,7,0.9999325275421143
5311,9,9,0.9994470477104187
5312,4,4,0.9999969005584717
5313,7,7,0.9999998807907104
5314,1,1,0.9999419450759888
5315,9,9,0.9999876022338867
5316,1,1,0.999921441078186
5317,7,7,0.999969482421875
5318,1,1,0.9998605251312256
5319,4,4,0.9999967813491821
5320,0,0,0.999925971031189
5321,0,0,0.9999963045120239
5322,4,4,0.9999136924743652
5323,1,1,0.9998749494552612
5324,7,7,0.9999580383300781
5325,5,5,0.9999991655349731
5326,7,7,0.999997615814209
5327,1,1,0.9998948574066162
5328,3,3,0.9999973773956299
5329,3,3,0.9999700784683228
5330,3,3,0.9996343851089478
5331,1,1,0.9632881283760071
5332,6,6,1.0
5333,9,9,0.9995052814483643
5334,7,7,0.9999953508377075
5335,4,4,0.9999932050704956
5336,3,3,0.999984860420227
5337,0,0,0.9999985694885254
5338,2,2,0.9999983310699463
5339,5,5,0.9999979734420776
5340,2,2,1.0
5341,6,6,0.9999973773956299
5342,0,0,0.9999948740005493
5343,8,8,0.9981796741485596
5344,9,9,0.9999979734420776
5345,4,4,0.9999719858169556
5346,3,3,0.999995231628418
5347,5,5,1.0
5348,4,4,0.9999755620956421
5349,8,8,0.9999370574951172
5350,1,1,0.998770534992218
5351,5,5,0.9999998807907104
5352,9,9,0.9999816417694092
5353,0,0,0.9999908208847046
5354,6,6,0.9999998807907104
5355,4,4,1.0
5356,3,3,0.999991774559021
5357,6,6,0.9999998807907104
5358,3,3,0.99991774559021
5359,3,3,0.999996542930603
5360,8,8,0.9997608065605164
5361,1,1,0.9995385408401489
5362,4,4,0.999997615814209
5363,7,7,0.9999631643295288
5364,5,5,1.0
5365,7,7,0.9999998807907104
5366,2,2,1.0
5367,2,2,1.0
5368,0,0,0.9999994039535522
5369,0,0,0.9999997615814209
5370,1,1,0.9999635219573975
5371,7,7,0.9999823570251465
5372,7,7,0.9999812841415405
5373,9,9,0.999971866607666
5374,5,5,0.9999997615814209
5375,9,9,0.9999351501464844
5376,8,8,0.9999982118606567
5377,9,9,0.9999946355819702
5378,6,6,1.0
5379,8,8,0.9997648596763611
5380,8,8,0.9986405968666077
5381,2,2,1.0
5382,3,3,0.9999978542327881
5383,6,6,0.9999998807907104
5384,1,1,0.9996688365936279
5385,2,2,1.0
5386,9,9,0.9999889135360718
5387,8,8,0.9999409914016724
5388,9,9,0.9999934434890747
5389,5,5,0.9999984502792358
5390,2,2,0.9999997615814209
5391,6,6,0.9999901056289673
5392,2,2,0.9999991655349731
5393,4,4,1.0
5394,8,8,0.9972885847091675
5395,4,4,0.9999967813491821
5396,6,6,0.9999967813491821
5397,5,5,0.9999760389328003
5398,0,0,0.9998657703399658
5399,1,1,0.9996143579483032
5400,5,5,0.9999992847442627
5401,6,6,0.9999067783355713
5402,7,7,0.9999985694885254
5403,8,8,0.9997422099113464
5404,9,9,0.9999809265136719
5405,0,0,0.9967036843299866
5406,1,1,0.9997397065162659
5407,2,2,0.9999294281005859
5408,3,3,0.9999679327011108
5409,4,4,0.9941980838775635
5410,5,5,0.9999923706054688
5411,6,6,1.0
5412,7,7,1.0
5413,8,8,0.9999392032623291
5414,9,9,0.9992056488990784
5415,0,0,0.9999992847442627
5416,1,1,0.996309220790863
5417,2,2,0.9999978542327881
5418,3,3,0.9999998807907104
5419,4,4,0.9999676942825317
5420,5,5,0.9999985694885254
5421,6,6,0.9999942779541016
5422,7,7,0.9999998807907104
5423,8,8,0.9999223947525024
5424,9,9,0.997759222984314
5425,7,7,0.9999998807907104
5426,4,4,0.9999996423721313
5427,2,2,0.9998779296875
5428,0,0,0.999998927116394
5429,9,9,0.9945713877677917
5430,0,0,0.9999954700469971
5431,1,1,0.9994495511054993
5432,5,5,0.9999984502792358
5433,8,8,0.9999716281890869
5434,8,8,0.9999061822891235
5435,0,0,0.9999805688858032
5436,2,2,1.0
5437,7,7,0.9999998807907104
5438,8,8,0.9999884366989136
5439,4,4,0.9999992847442627
5440,4,4,0.9999910593032837
5441,6,6,1.0
5442,1,1,0.9998786449432373
5443,0,0,0.9999858140945435
5444,4,4,0.9999924898147583
5445,5,5,0.9999992847442627
5446,3,3,0.9999949932098389
5447,9,9,0.9999711513519287
5448,4,4,0.9999892711639404
5449,2,2,0.9987009763717651
5450,0,5,0.5634760856628418
5451,5,5,1.0
5452,0,0,0.9999945163726807
5453,1,1,0.9997920393943787
5454,3,3,0.9998987913131714
5455,2,2,0.999998927116394
5456,9,9,0.9998958110809326
5457,1,1,0.9760129451751709
5458,6,6,0.9999998807907104
5459,0,0,0.9985421895980835
5460,1,1,0.9998109936714172
5461,1,1,0.9999610185623169
5462,8,8,0.9999992847442627
5463,0,0,0.9999282360076904
5464,4,4,0.9999973773956299
5465,7,7,1.0
5466,7,7,0.9999998807907104
5467,6,6,1.0
5468,3,3,0.999995231628418
5469,6,6,0.9999964237213135
5470,0,0,0.9999895095825195
5471,7,7,0.9999978542327881
5472,3,3,0.9999986886978149
5473,5,5,0.9999995231628418
5474,4,4,0.9999955892562866
5475,2,2,0.9999978542327881
5476,4,4,0.9999997615814209
5477,1,1,0.9999496936798096
5478,8,8,0.9999957084655762
5479,3,3,0.9999926090240479
5480,5,5,1.0
5481,6,6,1.0
5482,7,7,1.0
5483,0,0,0.999940037727356
5484,6,6,1.0
5485,7,7,0.9999991655349731
5486,1,1,0.9999788999557495
5487,2,2,0.9999997615814209
5488,5,5,1.0
5489,8,8,0.9999979734420776
5490,1,1,0.9999256134033203
5491,9,9,0.9999285936355591
5492,3,3,0.9999997615814209
5493,8,8,0.9999969005584717
5494,2,2,0.9999998807907104
5495,8,8,0.9999856948852539
5496,7,7,0.9999958276748657
5497,6,6,0.9999998807907104
5498,7,7,0.9999998807907104
5499,1,1,0.9998725652694702
5500,4,4,0.999994158744812
5501,6,6,1.0
5502,2,2,0.9999257326126099
5503,9,9,0.9995771050453186
5504,3,3,0.9999279975891113
5505,0,0,0.9998834133148193
5506,1,1,0.9997583031654358
5507,2,2,0.9998385906219482
5508,3,3,0.9999986886978149
5509,4,4,0.9999938011169434
5510,5,5,0.9999998807907104
5511,6,6,0.9999996423721313
5512,7,7,0.9998908042907715
5513,0,0,0.9999972581863403
5514,1,1,0.9997366070747375
5515,2,2,0.9999997615814209
5516,3,3,0.9999995231628418
5517,4,4,0.9999994039535522
5518,5,5,0.9999997615814209
5519,0,0,0.9732366800308228
5520,1,1,0.9998445510864258
5521,2,2,0.9999974966049194
5522,8,8,0.991354763507843
5523,9,9,0.9994775652885437
5524,1,1,0.9999303817749023
5525,4,4,0.9987621307373047
5526,0,0,0.9999290704727173
5527,9,9,0.9937096834182739
5528,5,5,0.9998568296432495
5529,0,0,0.9999778270721436
5530,8,8,0.999591052532196
5531,0,0,0.9999980926513672
5532,7,7,0.9986827969551086
5533,7,7,0.9999321699142456
5534,1,1,0.9999111890792847
5535,1,1,0.9996601343154907
5536,2,2,0.9994388222694397
5537,9,9,0.9999479055404663
5538,3,3,1.0
5539,6,6,0.9999849796295166
5540,7,7,0.9999830722808838
5541,2,2,0.9999703168869019
5542,3,3,0.9999951124191284
5543,8,8,0.9984740614891052
5544,1,1,0.9996339082717896
5545,2,2,0.9999802112579346
5546,9,9,0.9999220371246338
5547,8,8,0.9987439513206482
5548,8,8,0.9988849759101868
5549,7,7,0.9999755620956421
5550,1,1,0.9998555183410645
5551,7,7,0.9999451637268066
5552,1,1,0.9994995594024658
5553,1,1,0.9999116659164429
5554,0,0,0.9999978542327881
5555,3,3,1.0
5556,4,4,0.9989627599716187
5557,2,2,0.999942421913147
5558,6,6,0.9999991655349731
5559,4,4,0.9989810585975647
5560,7,7,0.9999396800994873
5561,4,4,0.9987621307373047
5562,2,2,0.9998912811279297
5563,7,7,0.9999574422836304
5564,4,4,0.9889445900917053
5565,9,9,0.9999481439590454
5566,1,1,0.9994786381721497
5567,0,0,0.9999948740005493
5568,6,6,0.9999990463256836
5569,8,8,0.9991136193275452
5570,5,5,1.0
5571,5,5,1.0
5572,5,5,0.9999998807907104
5573,3,3,0.9984596967697144
5574,5,5,0.9999997615814209
5575,9,9,0.9999409914016724
5576,7,7,0.9999905824661255
5577,4,4,0.9994805455207825
5578,8,8,0.9998852014541626
5579,5,5,0.9999992847442627
5580,9,9,0.999688982963562
5581,6,6,0.999996542930603
5582,9,9,0.9999357461929321
5583,3,3,0.9998877048492432
5584,0,0,0.9999995231628418
5585,3,3,1.0
5586,8,8,0.9988805651664734
5587,9,9,0.9999788999557495
5588,1,1,0.998904824256897
5589,8,8,0.9999659061431885
5590,1,1,0.9987462759017944
5591,6,6,0.9999998807907104
5592,0,0,0.9999892711639404
5593,0,0,0.9994780421257019
5594,1,1,0.9181971549987793
5595,2,2,0.9998881816864014
5596,3,3,0.9984128475189209
5597,4,4,0.997740626335144
5598,5,5,1.0
5599,6,6,0.9999971389770508
5600,7,7,0.6534126996994019
5601,8,8,0.9999107122421265
5602,9,9,0.9998183846473694
5603,0,0,0.9999802112579346
5604,1,1,0.9997628331184387
5605,2,2,1.0
5606,3,3,0.9999991655349731
5607,4,4,0.9962002635002136
5608,5,5,0.9992703795433044
5609,6,6,1.0
5610,7,7,0.999830961227417
5611,8,8,0.9992384910583496
5612,9,9,0.9998573064804077
5613,0,0,0.9998654127120972
5614,1,1,0.9983035326004028
5615,2,2,1.0
5616,3,3,0.9999765157699585
5617,4,4,0.9947606921195984
5618,5,5,0.9999994039535522
5619,6,6,0.9999991655349731
5620,7,7,0.9997887015342712
5621,8,8,0.9999977350234985
5622,9,9,0.9999575614929199
5623,3,3,0.9072229266166687
5624,5,5,1.0
5625,3,3,0.9999929666519165
5626,2,2,0.9985092282295227
5627,9,9,0.9999767541885376
5628,3,3,0.9999098777770996
5629,2,2,0.9999995231628418
5630,1,1,0.9958381652832031
5631,4,4,0.9959555864334106
5632,5,5,0.9999997615814209
5633,5,5,0.9999963045120239
5634,2,2,0.8929224610328674
5635,3,3,0.9999310970306396
5636,2,2,0.9991710186004639
5637,1,1,0.9989597797393799
5638,3,3,0.9999818801879883
5639,9,9,0.999889612197876
5640,7,7,0.9997029900550842
5641,2,2,0.9999591112136841
5642,1,1,0.9506165385246277
5643,2,2,0.9999915361404419
5644,8,8,0.9999983310699463
5645,9,9,0.9998977184295654
5646,1,1,0.9998921155929565
5647,8,8,0.9999556541442871
5648,8,8,0.9998822212219238
5649,7,7,0.9767745137214661
5650,8,8,0.9999991655349731
5651,1,1,0.9998470544815063
5652,0,0,0.9999955892562866
5653,0,0,0.9996732473373413
5654,7,7,0.8172528743743896
5655,7,7,0.9970544576644897
5656,8,8,0.9999719858169556
5657,7,7,0.9999974966049194
5658,5,5,1.0
5659,0,0,0.9999984502792358
5660,6,6,0.999990701675415
5661,1,1,0.9999687671661377
5662,5,5,0.999994158744812
5663,7,7,0.9987426400184631
5664,4,4,0.9993582367897034
5665,6,6,0.9999996423721313
5666,1,1,0.9993699193000793
5667,2,2,0.999922513961792
5668,5,5,1.0
5669,0,0,0.9999891519546509
5670,7,7,0.9999945163726807
5671,9,9,0.9999737739562988
5672,9,9,0.9999945163726807
5673,0,0,0.9999945163726807
5674,3,3,0.9995433688163757
5675,8,8,0.9999450445175171
5676,4,4,0.8315926790237427
5677,4,4,0.9908105134963989
5678,8,8,0.9829946756362915
5679,1,1,0.9997422099113464
5680,8,8,0.999629020690918
5681,6,6,0.9999973773956299
5682,5,5,0.9999991655349731
5683,9,9,0.9999576807022095
5684,0,0,0.9999983310699463
5685,0,0,0.9999997615814209
5686,0,0,0.9999983310699463
5687,3,3,0.9999889135360718
5688,7,7,0.9995080232620239
5689,1,1,0.9998016953468323
5690,6,6,0.9999992847442627
5691,4,4,0.9984242916107178
5692,2,2,1.0
5693,6,6,0.9999992847442627
5694,6,6,0.9999998807907104
5695,0,0,0.9998871088027954
5696,4,4,0.9984676241874695
5697,5,5,0.9999960660934448
5698,4,4,0.9902771711349487
5699,1,1,0.9986780285835266
5700,3,3,0.9997542500495911
5701,8,8,0.9999898672103882
5702,6,6,0.9999996423721313
5703,3,3,0.9999669790267944
5704,9,9,0.9998898506164551
5705,9,9,0.9999498128890991
5706,5,5,0.9999996423721313
5707,9,9,0.9998630285263062
5708,3,3,0.9999634027481079
5709,7,7,0.8882161378860474
5710,8,8,0.9994519352912903
5711,5,5,1.0
5712,6,6,0.9999988079071045
5713,4,4,0.9999979734420776
5714,7,7,0.9997072815895081
5715,6,6,0.9999855756759644
5716,2,2,1.0
5717,2,2,0.9996892213821411
5718,0,0,0.9999221563339233
5719,9,9,0.9781984090805054
5720,4,4,0.9956199526786804
5721,0,0,0.9999933242797852
5722,1,1,0.999723494052887
5723,2,2,1.0
5724,3,3,0.9999994039535522
5725,4,4,0.9999998807907104
5726,5,5,0.9998699426651001
5727,6,6,0.9999978542327881
5728,7,7,0.9999961853027344
5729,8,8,0.9999896287918091
5730,9,9,0.9996545314788818
5731,0,0,0.9998751878738403
5732,1,1,0.9990736246109009
5733,2,2,1.0
5734,3,7,0.6519683599472046
5735,5,5,0.9789743423461914
5736,6,6,0.858856201171875
5737,0,0,0.9999947547912598
5738,1,1,0.9987689852714539
5739,2,2,0.9999998807907104
5740,3,3,0.9999969005584717
5741,4,4,0.9999994039535522
5742,5,5,0.9999411106109619
5743,6,6,0.999842643737793
5744,8,8,0.9999992847442627
5745,7,7,0.9797866344451904
5746,1,1,0.9999114274978638
5747,3,3,0.9999997615814209
5748,2,2,0.9999871253967285
5749,8,8,0.7481749057769775
5750,0,0,0.9999163150787354
5751,7,7,0.9999998807907104
5752,5,5,0.9222111701965332
5753,9,9,0.9998356103897095
5754,9,9,0.999932050704956
5755,6,6,1.0
5756,0,0,0.9986069798469543
5757,9,9,0.9990817308425903
5758,4,4,0.9999992847442627
5759,1,1,0.9940811991691589
5760,3,3,0.9999995231628418
5761,2,2,0.9999988079071045
5762,1,1,0.9982395172119141
5763,2,2,0.9999914169311523
5764,3,3,0.9999998807907104
5765,8,8,0.9999997615814209
5766,3,3,0.9999997615814209
5767,2,2,1.0
5768,6,6,0.9999655485153198
5769,5,5,0.9860201478004456
5770,6,6,0.9999969005584717
5771,8,8,0.9997921586036682
5772,2,2,0.9999992847442627
5773,7,7,0.999995231628418
5774,4,4,0.9999970197677612
5775,8,8,0.9999991655349731
5776,1,1,0.999890923500061
5777,8,8,0.9999121427536011
5778,0,0,0.9995349645614624
5779,5,5,0.9999995231628418
5780,3,3,0.9999979734420776
5781,9,9,0.9997851252555847
5782,4,4,0.9999436140060425
5783,1,1,0.9998337030410767
5784,9,9,0.9997768998146057
5785,2,2,1.0
5786,1,1,0.999232292175293
5787,9,9,0.9997013211250305
5788,6,6,1.0
5789,7,7,0.9999994039535522
5790,9,9,0.9999203681945801
5791,0,0,0.9997944235801697
5792,4,4,1.0
5793,6,6,1.0
5794,1,1,0.9998445510864258
5795,7,7,0.9999997615814209
5796,3,3,0.9999998807907104
5797,8,8,0.9999991655349731
5798,7,7,0.9999991655349731
5799,2,2,0.9999990463256836
5800,9,9,0.999991774559021
5801,6,6,0.9996433258056641
5802,5,5,0.9979574680328369
5803,8,8,0.999976634979248
5804,3,3,0.9999996423721313
5805,9,9,0.999796450138092
5806,0,0,0.9998838901519775
5807,5,5,0.9995881915092468
5808,7,7,0.9999986886978149
5809,1,1,0.999948263168335
5810,6,6,1.0
5811,1,1,0.9999029636383057
5812,0,0,0.999933123588562
5813,9,9,0.999995231628418
5814,3,3,0.9999982118606567
5815,3,3,0.9999982118606567
5816,4,4,1.0
5817,4,4,1.0
5818,0,0,0.9994195699691772
5819,6,6,0.9999998807907104
5820,2,2,0.9999815225601196
5821,5,5,0.9995226860046387
5822,4,4,0.9999997615814209
5823,2,2,0.9999998807907104
5824,3,3,0.9999897480010986
5825,4,4,0.9999997615814209
5826,6,6,0.9999986886978149
5827,0,0,0.9998468160629272
5828,0,0,0.997260332107544
5829,2,2,1.0
5830,0,0,0.9999293088912964
5831,1,1,0.9983254075050354
5832,4,4,0.9999825954437256
5833,5,5,0.999942421913147
5834,6,6,0.9999998807907104
5835,7,7,0.996207594871521
5836,8,8,0.9999998807907104
5837,9,9,0.9997438788414001
5838,0,0,1.0
5839,1,1,0.9999113082885742
5840,2,2,0.9999878406524658
5841,3,3,0.987475574016571
5842,4,4,0.9771931171417236
5843,5,5,0.9999996423721313
5844,6,6,1.0
5845,7,7,0.9999955892562866
5846,8,8,1.0
5847,0,0,0.999988317489624
5848,1,1,0.9989515542984009
5849,2,2,0.9999277591705322
5850,3,3,1.0
5851,4,4,0.999470055103302
5852,5,5,0.9999998807907104
5853,6,6,0.9999995231628418
5854,7,7,0.9999030828475952
5855,8,8,0.9999963045120239
5856,9,9,0.9998793601989746
5857,8,8,0.9998615980148315
5858,7,7,0.9997281432151794
5859,1,1,0.9999334812164307
5860,3,3,0.9999992847442627
5861,7,7,0.9999972581863403
5862,5,5,0.9999996423721313
5863,2,2,0.9999969005584717
5864,8,8,0.9999982118606567
5865,0,0,0.9999988079071045
5866,7,7,0.9999951124191284
5867,5,5,0.9999998807907104
5868,9,9,0.9999555349349976
5869,9,9,0.9999858140945435
5870,0,0,0.9999140501022339
5871,9,9,0.9999599456787109
5872,1,1,0.9996689558029175
5873,1,1,0.9998546838760376
5874,5,5,0.9999933242797852
5875,8,8,0.9999942779541016
5876,8,8,0.9999626874923706
5877,6,6,0.9873450398445129
5878,3,3,0.9819248914718628
5879,2,2,0.9999974966049194
5880,1,1,0.9999525547027588
5881,8,8,0.999990701675415
5882,3,3,0.9997979998588562
5883,2,2,1.0
5884,6,6,1.0
5885,5,5,0.9998514652252197
5886,6,6,0.9999997615814209
5887,7,7,0.7918124198913574
5888,4,2,0.5091886520385742
5889,1,1,0.9998894929885864
5890,0,0,0.9988974332809448
5891,5,5,0.9998992681503296
5892,3,3,0.9999977350234985
5893,1,1,0.9999034404754639
5894,9,9,0.9999268054962158
5895,2,2,0.999931812286377
5896,1,1,0.9998059868812561
5897,9,9,0.9998588562011719
5898,6,6,1.0
5899,0,0,0.9999138116836548
5900,4,4,1.0
5901,6,6,0.9999997615814209
5902,1,1,0.9999775886535645
5903,7,7,0.9956972599029541
5904,3,3,0.9999969005584717
5905,8,8,0.9999908208847046
5906,7,7,0.9991495609283447
5907,2,2,0.9933731555938721
5908,9,9,0.9998667240142822
5909,6,6,0.9999996423721313
5910,5,5,1.0
5911,8,8,0.9999984502792358
5912,3,3,0.9199561476707458
5913,5,5,0.9999994039535522
5914,7,7,0.9998192191123962
5915,1,1,0.9999809265136719
5916,6,6,0.9999256134033203
5917,1,1,0.9999276399612427
5918,0,0,0.9997908473014832
5919,9,9,0.999582827091217
5920,6,6,0.9999997615814209
5921,2,2,0.9967504739761353
5922,5,5,0.9998363256454468
5923,4,4,0.9999120235443115
5924,2,2,0.9998711347579956
5925,3,3,0.9999992847442627
5926,4,4,0.9555051326751709
5927,4,4,1.0
5928,6,6,0.9999997615814209
5929,0,0,0.9999874830245972
5930,0,0,0.9999996423721313
5931,2,2,0.9999964237213135
5932,0,0,0.9999932050704956
5933,1,1,0.9997105002403259
5934,2,2,0.9999904632568359
5935,3,3,0.9994955062866211
5936,4,4,0.982001006603241
5937,5,3,0.7262662053108215
5938,6,6,0.9999948740005493
5939,7,7,0.9995102882385254
5940,8,8,0.9984419941902161
5941,9,9,0.9999951124191284
5942,0,0,0.9999569654464722
5943,1,1,0.9983395338058472
5944,2,2,0.9999566078186035
5945,3,3,0.9999808073043823
5946,4,4,0.9999947547912598
5947,5,5,0.9990465044975281
5948,6,6,0.999998927116394
5949,7,7,0.9999717473983765
5950,8,8,0.9921869039535522
5951,9,9,0.9998723268508911
5952,0,0,0.9999406337738037
5953,1,1,0.9985802173614502
5954,2,2,1.0
5955,3,8,0.5047942399978638
5956,4,4,0.9999589920043945
5957,5,5,0.9999427795410156
5958,6,6,1.0
5959,7,7,0.999764621257782
5960,8,8,0.9990119934082031
5961,9,9,0.9994493126869202
5962,8,8,0.9999692440032959
5963,6,6,0.9998295307159424
5964,5,5,0.9990712404251099
5965,0,0,0.9996482133865356
5966,6,6,0.9999974966049194
5967,8,8,0.9999427795410156
5968,9,9,0.9999980926513672
5969,4,4,0.9999885559082031
5970,1,1,0.9989590644836426
5971,9,9,0.9998975992202759
5972,5,5,0.9865120649337769
5973,3,3,0.48915931582450867
5974,0,0,0.999924898147583
5975,4,4,0.998244047164917
5976,8,8,0.9998772144317627
5977,9,9,0.9998435974121094
5978,1,1,0.9959761500358582
5979,4,4,0.9999856948852539
5980,0,0,0.9994553923606873
5981,5,9,0.5978832244873047
5982,5,5,0.9350844621658325
5983,2,2,0.9999809265136719
5984,1,1,0.998751163482666
5985,5,5,0.9159784913063049
5986,4,4,0.9995007514953613
5987,0,0,0.9948128461837769
5988,7,7,0.9998883008956909
5989,6,6,0.9997971653938293
5990,0,0,0.9999668598175049
5991,1,1,0.9995563626289368
5992,7,7,0.9997926354408264
5993,0,0,0.9999816417694092
5994,6,6,0.9999998807907104
5995,8,8,0.9999904632568359
5996,9,9,0.999987006187439
5997,5,9,0.852824330329895
5998,1,1,0.9960816502571106
5999,7,7,0.9999945163726807
6000,9,9,0.9991686344146729
6001,8,8,0.9997914433479309
6002,6,6,0.9997435212135315
6003,0,0,0.999825656414032
6004,8,8,0.9976451992988586
6005,1,1,0.9971309900283813
6006,7,7,0.9970093965530396
6007,7,7,0.9999713897705078
6008,1,1,0.9992244243621826
6009,3,3,0.9989855885505676
6010,2,2,0.9999994039535522
6011,3,3,0.8129068613052368
6012,1,1,0.9996316432952881
6013,4,4,0.9999897480010986
6014,2,2,1.0
6015,0,0,0.9872469902038574
6016,0,0,0.9999691247940063
6017,7,7,0.9999959468841553
6018,8,8,0.9999626874923706
6019,4,4,0.9992815852165222
6020,6,6,0.9999322891235352
6021,4,4,0.9999417066574097
6022,9,9,0.9999620914459229
6023,3,3,0.8684685230255127
6024,8,8,0.9990928173065186
6025,4,4,0.9999958276748657
6026,7,7,0.9874271154403687
6027,2,2,0.9999045133590698
6028,5,5,0.9579774141311646
6029,6,6,0.9999611377716064
6030,3,3,0.9998776912689209
6031,6,6,0.9972314238548279
6032,9,9,0.9999929666519165
6033,6,6,0.9999914169311523
6034,3,3,0.9999109506607056
6035,2,2,0.999761164188385
6036,2,2,1.0
6037,4,4,0.9973887801170349
6038,6,6,0.999998927116394
6039,9,9,0.9999139308929443
6040,0,0,0.9998705387115479
6041,2,2,0.9999897480010986
6042,5,5,0.9517227411270142
6043,5,5,0.9978592991828918
6044,1,1,0.9993717074394226
6045,3,3,0.9990729093551636
6046,3,3,0.9999855756759644
6047,9,9,0.9999606609344482
6048,7,7,0.9996806383132935
6049,8,8,0.9988687634468079
6050,7,7,0.9999768733978271
6051,2,2,0.9999986886978149
6052,2,2,0.9999960660934448
6053,5,5,0.9903574585914612
6054,7,7,0.9997827410697937
6055,9,9,0.9999232292175293
6056,8,8,0.9985339641571045
6057,2,2,0.9999994039535522
6058,1,1,0.9997828602790833
6059,3,3,0.9943438768386841
6060,1,1,0.9998792409896851
6061,3,3,0.9999970197677612
6062,0,0,0.9998733997344971
6063,1,1,0.9589660167694092
6064,2,2,0.9983298182487488
6065,3,3,0.9919657707214355
6066,4,4,0.9999995231628418
6067,5,5,0.9999998807907104
6068,6,6,1.0
6069,7,7,0.9999998807907104
6070,8,8,0.9991718530654907
6071,9,9,0.9572559595108032
6072,0,0,0.9972617626190186
6073,1,1,0.9824097156524658
6074,2,2,0.9998310804367065
6075,3,3,0.9990697503089905
6076,4,4,0.9999849796295166
6077,5,5,0.9999996423721313
6078,6,6,0.9999998807907104
6079,7,7,0.9999994039535522
6080,8,8,0.8908108472824097
6081,9,9,0.9627086520195007
6082,0,0,0.9999935626983643
6083,1,1,0.9670774936676025
6084,2,2,0.9998387098312378
6085,3,3,0.9999872446060181
6086,4,4,0.9999814033508301
6087,5,5,0.9999992847442627
6088,6,6,0.9999998807907104
6089,7,7,0.9999997615814209
6090,8,8,0.9986380934715271
6091,9,5,0.9888167381286621
6092,1,1,0.9985452890396118
6093,2,2,0.9229745268821716
6094,6,6,0.9999997615814209
6095,5,5,0.9999997615814209
6096,3,3,0.9999774694442749
6097,0,0,0.9999896287918091
6098,7,7,0.9999985694885254
6099,0,0,0.999996542930603
6100,4,4,0.9999988079071045
6101,1,1,0.9760208129882812
6102,4,4,0.9999998807907104
6103,3,3,0.9999995231628418
6104,6,6,1.0
6105,7,7,0.9999698400497437
6106,2,2,0.9999721050262451
6107,3,3,0.9999985694885254
6108,1,1,0.9971289038658142
6109,2,2,0.9998981952667236
6110,1,1,0.9893327951431274
6111,2,2,0.9999908208847046
6112,9,9,0.7024725079536438
6113,6,6,0.9999077320098877
6114,0,0,0.9999992847442627
6115,1,1,0.9802526235580444
6116,3,3,0.9999454021453857
6117,0,0,0.9999963045120239
6118,2,2,0.9998856782913208
6119,7,7,0.9999997615814209
6120,5,5,0.9999984502792358
6121,7,7,0.9999985694885254
6122,6,6,1.0
6123,2,2,0.9998229146003723
6124,9,9,0.9371404051780701
6125,1,1,0.9999597072601318
6126,9,9,0.9678598642349243
6127,0,0,1.0
6128,6,6,1.0
6129,0,0,0.9999991655349731
6130,6,6,1.0
6131,0,0,0.9999984502792358
6132,2,2,0.9999598264694214
6133,0,0,0.9999837875366211
6134,6,6,0.9999964237213135
6135,1,1,0.9984903335571289
6136,5,5,1.0
6137,8,8,0.9977810978889465
6138,4,4,1.0
6139,3,3,0.9999934434890747
6140,0,0,0.9997029900550842
6141,1,1,0.9993541836738586
6142,5,5,0.9999998807907104
6143,4,4,0.999998927116394
6144,4,4,0.9999996423721313
6145,8,8,0.999984622001648
6146,5,5,0.9999762773513794
6147,7,7,0.9999983310699463
6148,5,5,0.9999998807907104
6149,7,7,0.9999939203262329
6150,8,8,0.9998519420623779
6151,3,3,0.9999991655349731
6152,4,4,0.9999986886978149
6153,8,8,0.9982024431228638
6154,8,8,0.9997897744178772
6155,5,5,0.999997615814209
6156,2,2,0.9999998807907104
6157,9,9,0.8025861382484436
6158,7,7,0.9999905824661255
6159,1,1,0.9985957741737366
6160,3,3,0.9999957084655762
6161,8,8,0.9590352177619934
6162,1,1,0.9994111061096191
6163,0,0,0.9998252987861633
6164,7,7,0.9999998807907104
6165,5,5,0.9999948740005493
6166,9,9,0.7601955533027649
6167,6,6,1.0
6168,9,9,0.9417697787284851
6169,4,4,1.0
6170,7,7,0.9999905824661255
6171,7,7,0.9999991655349731
6172,9,9,0.95876544713974
6173,9,9,0.6593829393386841
6174,3,3,0.999618649482727
6175,4,4,0.9999988079071045
6176,4,4,0.9999998807907104
6177,3,3,0.9998883008956909
6178,8,8,0.9821255207061768
6179,6,6,0.9994992017745972
6180,2,2,0.9999860525131226
6181,0,0,0.999991774559021
6182,1,1,0.9998562335968018
6183,2,2,0.9999990463256836
6184,3,3,0.9999935626983643
6185,4,4,0.9999995231628418
6186,5,5,0.9999996423721313
6187,6,6,0.9999998807907104
6188,7,7,0.9994263648986816
6189,8,8,0.9999014139175415
6190,9,9,0.9999479055404663
6191,0,0,0.9999997615814209
6192,1,1,0.9997382760047913
6193,2,2,0.9999943971633911
6194,3,3,0.9999948740005493
6195,4,4,1.0
6196,5,5,0.9999994039535522
6197,6,6,1.0
6198,7,7,0.999996542930603
6199,8,8,0.9999977350234985
6200,9,9,0.9999524354934692
6201,0,0,0.9999992847442627
6202,1,1,0.9996695518493652
6203,2,2,0.9999942779541016
6204,3,3,0.9999873638153076
6205,4,4,0.9999998807907104
6206,5,5,1.0
6207,6,6,1.0
6208,7,7,0.9998719692230225
6209,8,8,0.9999866485595703
6210,9,9,0.9999109506607056
6211,0,0,0.999982476234436
6212,8,8,0.9999945163726807
6213,3,3,0.9999656677246094
6214,9,9,0.9995695948600769
6215,5,5,0.9999996423721313
6216,5,5,0.9999997615814209
6217,2,2,0.9999997615814209
6218,6,6,0.9999992847442627
6219,8,8,0.999988317489624
6220,4,4,0.9999998807907104
6221,9,9,0.9999691247940063
6222,1,1,0.999715268611908
6223,7,7,0.9999680519104004
6224,1,1,0.9996026158332825
6225,2,2,0.9999991655349731
6226,3,3,0.9999998807907104
6227,5,5,0.9982013702392578
6228,9,9,0.999955415725708
6229,6,6,1.0
6230,9,9,0.9999275207519531
6231,1,1,0.9995679259300232
6232,1,1,0.9982596039772034
6233,1,1,0.999081015586853
6234,2,2,0.9999347925186157
6235,9,9,0.9998948574066162
6236,5,5,1.0
6237,6,6,0.9999998807907104
6238,8,8,0.9998849630355835
6239,1,1,0.9998278617858887
6240,2,2,0.9999961853027344
6241,0,0,0.9999632835388184
6242,7,7,0.9999850988388062
6243,7,7,0.9998094439506531
6244,5,5,0.9999995231628418
6245,8,8,0.9999988079071045
6246,2,2,1.0
6247,9,9,0.9994910955429077
6248,8,8,0.999998927116394
6249,9,9,0.9992490410804749
6250,0,0,0.9999245405197144
6251,4,4,0.999998927116394
6252,6,6,0.9999998807907104
6253,7,7,0.9999938011169434
6254,1,1,0.9998729228973389
6255,3,3,0.9999737739562988
6256,4,4,0.9999996423721313
6257,5,5,1.0
6258,6,6,1.0
6259,0,0,0.9999924898147583
6260,3,3,0.9999681711196899
6261,6,6,1.0
6262,8,8,0.9999972581863403
6263,7,7,0.9999840259552002
6264,0,0,0.9999897480010986
6265,4,4,0.9999898672103882
6266,2,2,0.9999942779541016
6267,7,7,0.999974250793457
6268,4,4,1.0
6269,7,7,0.9999992847442627
6270,5,5,1.0
6271,4,4,0.999995231628418
6272,3,3,0.9999996423721313
6273,4,4,0.9999994039535522
6274,2,2,1.0
6275,8,8,0.9999945163726807
6276,1,1,0.9999538660049438
6277,5,5,0.9999998807907104
6278,1,1,0.9995049238204956
6279,2,2,0.9999996423721313
6280,0,0,0.999998927116394
6281,2,2,1.0
6282,5,5,1.0
6283,6,6,0.9999998807907104
6284,4,4,0.9999988079071045
6285,3,3,0.9999992847442627
6286,0,0,0.9999885559082031
6287,0,0,0.9999988079071045
6288,0,0,0.9999990463256836
6289,3,3,0.9999998807907104
6290,3,3,0.999996542930603
6291,5,5,1.0
6292,7,7,0.9999996423721313
6293,0,0,0.9999953508377075
6294,6,6,0.9999982118606567
6295,4,4,1.0
6296,8,8,0.9999957084655762
6297,8,8,0.9999995231628418
6298,6,6,0.9999998807907104
6299,3,3,0.9999990463256836
6300,4,4,1.0
6301,6,6,1.0
6302,9,9,0.9987847208976746
6303,9,9,0.9998387098312378
6304,8,8,0.9999359846115112
6305,2,2,0.9999858140945435
6306,7,7,0.9999508857727051
6307,7,7,0.999998927116394
6308,1,1,0.9997854828834534
6309,0,0,0.9999972581863403
6310,1,1,0.9993991851806641
6311,2,2,1.0
6312,3,3,0.9999992847442627
6313,4,4,1.0
6314,5,5,0.9999997615814209
6315,6,6,1.0
6316,7,7,0.9999691247940063
6317,8,8,0.9999797344207764
6318,9,9,0.9999828338623047
6319,0,0,0.9999971389770508
6320,1,1,0.9997313618659973
6321,2,2,1.0
6322,3,3,0.9999995231628418
6323,4,4,0.9999958276748657
6324,5,5,1.0
6325,6,6,1.0
6326,7,7,0.9999998807907104
6327,8,8,0.9999748468399048
6328,0,0,0.9999455213546753
6329,1,1,0.9999102354049683
6330,2,2,1.0
6331,3,3,0.9999996423721313
6332,4,4,1.0
6333,5,5,1.0
6334,6,6,1.0
6335,7,7,1.0
6336,8,8,0.9997029900550842
6337,2,2,1.0
6338,1,1,0.9989410042762756
6339,7,7,1.0
6340,2,2,1.0
6341,5,5,1.0
6342,0,0,0.9999914169311523
6343,8,8,0.9997811913490295
6344,0,0,0.9918354749679565
6345,2,2,1.0
6346,7,7,1.0
6347,8,8,0.9957173466682434
6348,8,8,0.9995207786560059
6349,3,3,0.9999995231628418
6350,6,6,1.0
6351,0,0,0.9997294545173645
6352,2,2,1.0
6353,7,7,1.0
6354,6,6,1.0
6355,6,6,0.9999998807907104
6356,1,1,0.9986807703971863
6357,2,2,1.0
6358,8,8,0.9999843835830688
6359,8,8,0.9379152655601501
6360,7,7,1.0
6361,7,7,0.9999998807907104
6362,4,4,0.9999983310699463
6363,7,7,0.9999997615814209
6364,7,7,0.9999998807907104
6365,3,3,0.9999994039535522
6366,7,7,1.0
6367,4,4,0.9999998807907104
6368,5,5,1.0
6369,4,4,0.9999860525131226
6370,3,3,0.9999746084213257
6371,3,3,0.9999862909317017
6372,8,8,0.988382875919342
6373,4,4,0.9999998807907104
6374,1,1,0.9998195767402649
6375,1,1,0.9998719692230225
6376,9,9,0.9997827410697937
6377,7,7,0.9998620748519897
6378,4,4,0.9999897480010986
6379,3,3,0.9999971389770508
6380,7,7,0.9998431205749512
6381,3,3,0.9999922513961792
6382,3,3,1.0
6383,0,0,0.9996564388275146
6384,2,2,1.0
6385,5,5,1.0
6386,5,5,1.0
6387,6,6,1.0
6388,6,6,0.9999995231628418
6389,3,3,0.9999831914901733
6390,5,5,0.9999985694885254
6391,2,2,0.9999194145202637
6392,5,5,0.9999990463256836
6393,9,9,0.9971017241477966
6394,9,9,0.9999926090240479
6395,8,8,0.9999840259552002
6396,4,4,0.9999756813049316
6397,1,1,0.9999433755874634
6398,0,0,0.99954754114151
6399,6,6,0.9999998807907104
6400,0,0,0.9989092350006104
6401,9,9,0.999575674533844
6402,6,6,0.9999724626541138
6403,8,8,0.9979277849197388
6404,8,8,0.9989101886749268
6405,5,5,0.9999997615814209
6406,6,6,0.9999998807907104
6407,1,1,0.9996163845062256
6408,1,1,0.9990608096122742
6409,9,9,0.9999486207962036
6410,8,8,0.9985993504524231
6411,9,9,0.9983697533607483
6412,2,2,1.0
6413,3,3,1.0
6414,5,5,0.9999997615814209
6415,5,5,1.0
6416,9,9,0.9999595880508423
6417,4,4,0.9992096424102783
6418,2,2,0.9990230798721313
6419,1,1,0.9999103546142578
6420,9,9,0.997116208076477
6421,3,3,0.9990083575248718
6422,9,9,0.9992080330848694
6423,2,2,1.0
6424,0,0,0.9999557733535767
6425,6,6,0.9977599382400513
6426,0,0,0.9950297474861145
6427,4,4,0.9999988079071045
6428,0,0,0.9986222982406616
6429,0,0,1.0
6430,1,1,0.9989243149757385
6431,2,2,1.0
6432,3,3,0.9999915361404419
6433,4,4,0.9999794960021973
6434,7,7,0.999550998210907
6435,8,8,0.999997615814209
6436,9,9,0.9999806880950928
6437,0,0,0.9999996423721313
6438,1,1,0.9999196529388428
6439,2,2,1.0
6440,3,3,0.9999996423721313
6441,7,7,0.9999372959136963
6442,8,8,0.9999970197677612
6443,9,9,0.9998632669448853
6444,0,0,0.9999462366104126
6445,1,1,0.9999209642410278
6446,2,2,0.9999960660934448
6447,3,3,0.9999992847442627
6448,4,4,0.9999936819076538
6449,7,7,0.9999643564224243
6450,8,8,0.9999775886535645
6451,9,9,0.9999734163284302
6452,7,7,0.9999761581420898
6453,3,3,0.9999973773956299
6454,0,0,0.9999563694000244
6455,3,3,0.9999790191650391
6456,1,1,0.9994096755981445
6457,8,8,0.9999986886978149
6458,7,7,0.9988352656364441
6459,6,6,0.9999997615814209
6460,4,4,0.999866247177124
6461,0,0,0.9999963045120239
6462,2,2,1.0
6463,6,6,0.9999996423721313
6464,8,8,0.9999990463256836
6465,3,3,0.9998601675033569
6466,2,2,1.0
6467,8,8,0.9999920129776001
6468,1,1,0.9998223185539246
6469,2,2,0.9999988079071045
6470,0,0,0.9994031190872192
6471,7,7,0.9995860457420349
6472,1,1,0.9999548196792603
6473,0,0,0.999969482421875
6474,4,4,0.9995774626731873
6475,4,4,1.0
6476,5,5,0.9999998807907104
6477,8,8,0.9999700784683228
6478,0,0,0.9999943971633911
6479,6,6,0.9999984502792358
6480,2,2,0.9999432563781738
6481,3,3,0.9999958276748657
6482,1,1,0.9999581575393677
6483,5,5,1.0
6484,1,1,0.9991003274917603
6485,8,8,0.999984860420227
6486,5,5,0.9999998807907104
6487,9,9,0.9999544620513916
6488,4,4,0.9999902248382568
6489,0,0,0.9999767541885376
6490,7,7,0.9999839067459106
6491,5,5,0.9999995231628418
6492,8,8,0.9999973773956299
6493,8,8,0.9999902248382568
6494,3,3,0.9999569654464722
6495,8,8,0.9993157386779785
6496,9,9,0.9997485280036926
6497,2,2,0.9999986886978149
6498,6,6,0.9999997615814209
6499,2,2,0.9999992847442627
6500,5,5,0.9999998807907104
6501,3,3,0.9999974966049194
6502,1,1,0.9999520778656006
6503,7,7,0.9999309778213501
6504,3,3,0.9999997615814209
6505,9,0,0.9038284420967102
6506,1,1,0.9999786615371704
6507,9,9,0.9999767541885376
6508,9,9,0.9999762773513794
6509,6,6,1.0
6510,0,0,0.9999985694885254
6511,3,3,0.9992278814315796
6512,9,9,0.9998940229415894
6513,2,2,0.9999991655349731
6514,8,8,0.9998043179512024
6515,1,1,0.9999558925628662
6516,4,4,0.9999992847442627
6517,3,3,0.9985780715942383
6518,5,5,0.9999903440475464
6519,2,2,1.0
6520,9,9,0.9999169111251831
6521,2,2,0.9999998807907104
6522,5,5,0.9999998807907104
6523,8,8,0.9999381303787231
6524,9,9,0.9999693632125854
6525,5,5,0.9999994039535522
6526,0,0,0.9999421834945679
6527,1,1,0.9992332458496094
6528,2,2,0.998571515083313
6529,4,4,0.999974250793457
6530,5,5,0.9999849796295166
6531,6,6,0.9999998807907104
6532,0,0,0.5143858790397644
6533,1,1,0.999386191368103
6534,2,2,0.9999872446060181
6535,3,3,0.9999630451202393
6536,4,4,0.9999589920043945
6537,5,5,0.9999995231628418
6538,6,6,0.9992855191230774
6539,7,7,0.9999978542327881
6540,1,1,0.998175859451294
6541,2,2,0.9999996423721313
6542,3,3,0.9989470839500427
6543,4,4,0.9999980926513672
6544,5,5,0.9980839490890503
6545,1,1,0.9967767596244812
6546,0,0,0.999840259552002
6547,4,4,1.0
6548,5,5,0.9999997615814209
6549,6,6,0.9999958276748657
6550,6,6,1.0
6551,3,3,0.9999972581863403
6552,4,4,0.9999765157699585
6553,4,4,0.9982478618621826
6554,2,2,0.9977606534957886
6555,8,8,0.9485733509063721
6556,1,1,0.9994103908538818
6557,0,0,0.8994691967964172
6558,6,6,0.9677013158798218
6559,4,4,0.9997175335884094
6560,9,5,0.5573707818984985
6561,7,7,0.7925917506217957
6562,2,2,0.9999641180038452
6563,3,3,0.9999918937683105
6564,3,3,0.9904148578643799
6565,9,9,0.9897880554199219
6566,2,2,0.9999972581863403
6567,0,0,0.9999819993972778
6568,9,9,0.9925766587257385
6569,3,3,0.9055152535438538
6570,3,3,0.9995734095573425
6571,9,7,0.5405558943748474
6572,1,2,0.5585876703262329
6573,5,5,0.9999698400497437
6574,2,2,0.9955606460571289
6575,3,3,0.999146580696106
6576,7,1,0.9270325303077698
6577,7,7,0.888472318649292
6578,8,8,0.6530851721763611
6579,4,4,0.9999411106109619
6580,0,0,0.999983549118042
6581,2,2,0.999967098236084
6582,4,4,0.9999998807907104
6583,0,0,0.9999948740005493
6584,2,2,0.9997081160545349
6585,4,4,0.9999998807907104
6586,7,7,0.9999912977218628
6587,8,8,0.9996219873428345
6588,0,0,0.9999926090240479
6589,7,7,0.9993382096290588
6590,0,0,0.998548686504364
6591,6,6,0.9999998807907104
6592,9,9,0.9820663928985596
6593,3,3,0.999984860420227
6594,2,2,0.9999667406082153
6595,8,8,0.9999969005584717
6596,6,6,0.9999774694442749
6597,0,3,0.8159019947052002
6598,5,5,0.9985274076461792
6599,7,7,0.9521724581718445
6600,5,5,0.9999995231628418
6601,1,1,0.9983165264129639
6602,0,0,0.9999934434890747
6603,8,8,0.996216356754303
6604,1,1,0.9994764924049377
6605,6,6,0.9976110458374023
6606,7,7,0.9999998807907104
6607,2,2,0.9998970031738281
6608,9,9,0.7362841963768005
6609,7,7,0.9983994364738464
6610,9,9,0.9921833872795105
6611,5,5,0.9999983310699463
6612,8,8,0.9997815489768982
6613,6,6,0.9998501539230347
6614,2,2,0.995784342288971
6615,6,6,0.9999492168426514
6616,2,2,0.9999998807907104
6617,8,8,0.9989064931869507
6618,1,1,0.9980023503303528
6619,7,7,0.9999580383300781
6620,5,5,1.0
6621,0,0,0.9999579191207886
6622,1,1,0.9984700083732605
6623,1,1,0.9851743578910828
6624,3,3,0.998426079750061
6625,8,2,0.8702829480171204
6626,4,4,0.9999388456344604
6627,9,9,0.9935217499732971
6628,1,1,0.9881933331489563
6629,8,8,0.9999747276306152
6630,6,6,1.0
6631,8,8,0.9853126406669617
6632,9,9,0.9831750988960266
6633,0,0,0.9998742341995239
6634,1,1,0.999937891960144
6635,2,2,0.9994334578514099
6636,3,3,0.9997510313987732
6637,4,4,0.9984802603721619
6638,5,5,0.9999992847442627
6639,6,6,0.9999991655349731
6640,7,7,0.9999996423721313
6641,8,8,0.9957939386367798
6642,9,9,0.9994526505470276
6643,0,0,0.9998248219490051
6644,1,1,0.9998248219490051
6645,2,2,0.9999979734420776
6646,3,3,1.0
6647,4,4,0.9999966621398926
6648,7,7,0.9999674558639526
6649,8,8,0.999997615814209
6650,9,9,0.9984752535820007
6651,0,8,0.9828753471374512
6652,1,1,0.9999758005142212
6653,7,7,0.9999996423721313
6654,8,8,0.9999964237213135
6655,9,9,0.9904490113258362
6656,9,9,0.9944007992744446
6657,8,8,0.9999988079071045
6658,9,9,0.999203622341156
6659,8,8,0.9999903440475464
6660,4,4,0.9999982118606567
6661,1,1,0.9997649788856506
6662,7,7,0.9889311194419861
6663,7,7,0.9999969005584717
6664,3,3,0.9999986886978149
6665,3,3,0.9999998807907104
6666,7,7,0.9999982118606567
6667,6,6,0.9999759197235107
6668,6,6,0.9995552897453308
6669,6,6,0.9989230036735535
6670,1,1,0.9999352693557739
6671,9,9,0.9994163513183594
6672,0,0,0.9999123811721802
6673,1,1,0.9997735619544983
6674,7,7,0.9999992847442627
6675,6,6,0.9999920129776001
6676,3,3,0.9999992847442627
6677,2,2,0.9891936182975769
6678,1,1,0.9998307228088379
6679,7,7,0.9999915361404419
6680,1,1,0.999890923500061
6681,3,3,0.9999927282333374
6682,9,9,0.9999575614929199
6683,1,1,0.9999204874038696
6684,7,7,0.9999409914016724
6685,6,6,0.9999998807907104
6686,8,8,0.9999649524688721
6687,4,4,0.9999990463256836
6688,1,1,0.9973006844520569
6689,4,4,0.9999604225158691
6690,3,3,1.0
6691,6,6,0.9988749623298645
6692,9,9,0.9986133575439453
6693,6,6,0.9999961853027344
6694,1,1,0.9990507960319519
6695,4,4,0.9997162222862244
6696,4,4,0.9999969005584717
6697,7,7,0.9999825954437256
6698,2,2,0.9999998807907104
6699,4,4,0.9999998807907104
6700,4,4,0.9998182654380798
6701,0,0,0.9999943971633911
6702,1,1,0.9995042085647583
6703,2,2,0.9999651908874512
6704,3,3,0.9999990463256836
6705,4,4,0.9999890327453613
6706,5,5,0.9930647015571594
6707,6,6,0.9999997615814209
6708,7,7,0.9997754693031311
6709,8,8,0.9999001026153564
6710,9,9,0.9964258074760437
6711,0,0,0.9999884366989136
6712,1,1,0.9973791837692261
6713,2,2,0.9999951124191284
6714,3,3,0.9999954700469971
6715,4,4,0.9999977350234985
6716,5,5,0.9999866485595703
6717,6,6,0.9999996423721313
6718,9,9,0.9836224913597107
6719,0,0,0.9999803304672241
6720,1,1,0.9982776641845703
6721,2,2,0.9774328470230103
6722,3,3,0.9996474981307983
6723,4,4,0.9998257756233215
6724,7,7,0.999555766582489
6725,8,8,0.9954283237457275
6726,1,1,0.9998902082443237
6727,3,3,1.0
6728,5,5,0.9999957084655762
6729,1,1,0.9999778270721436
6730,7,7,0.9998093247413635
6731,7,7,0.9997102618217468
6732,2,2,0.9997062087059021
6733,1,1,0.9997145533561707
6734,4,4,0.9999662637710571
6735,8,8,0.9987925291061401
6736,3,3,0.9999641180038452
6737,4,4,0.9998915195465088
6738,4,4,0.9999980926513672
6739,3,3,0.9998583793640137
6740,9,9,0.6477567553520203
6741,7,7,0.9984750151634216
6742,4,4,0.9999858140945435
6743,1,1,0.9998302459716797
6744,2,2,0.9733468890190125
6745,3,3,0.9992020726203918
6746,5,5,0.9999825954437256
6747,9,9,0.9575315117835999
6748,1,1,0.9988975524902344
6749,6,6,0.9984530210494995
6750,0,0,0.9999675750732422
6751,1,1,0.9999592304229736
6752,0,0,0.9999947547912598
6753,0,0,0.9999128580093384
6754,2,2,0.9999918937683105
6755,8,8,0.9638040065765381
6756,7,7,0.9974290728569031
6757,1,1,0.9999419450759888
6758,1,1,0.9998536109924316
6759,4,4,0.9925717711448669
6760,0,0,0.9999856948852539
6761,4,4,0.9998317956924438
6762,7,7,0.9996552467346191
6763,3,3,0.9999016523361206
6764,6,6,0.9999020099639893
6765,8,8,0.9864991903305054
6766,0,0,0.999991774559021
6767,3,3,0.9999982118606567
6768,7,7,0.9995787739753723
6769,4,4,0.9699349999427795
6770,0,0,0.999998927116394
6771,6,6,0.9999517202377319
6772,9,9,0.9998457431793213
6773,2,2,0.9999856948852539
6774,6,6,0.9999958276748657
6775,5,5,0.9999966621398926
6776,8,8,0.9999810457229614
6777,6,6,0.9999958276748657
6778,9,9,0.9945408701896667
6779,0,0,0.9998414516448975
6780,4,4,0.9988301396369934
6781,0,0,0.9999854564666748
6782,6,6,0.9999428987503052
6783,1,6,0.9007154703140259
6784,9,9,0.9866849780082703
6785,2,2,0.995564877986908
6786,0,0,0.999996542930603
6787,9,9,0.9981390237808228
6788,5,5,0.999981164932251
6789,1,1,0.999981164932251
6790,3,3,0.9999973773956299
6791,7,7,0.9985920786857605
6792,6,6,0.9999994039535522
6793,9,9,0.9971882700920105
6794,3,3,0.9999996423721313
6795,0,0,0.9999986886978149
6796,2,2,0.9925718903541565
6797,2,2,0.9999221563339233
6798,0,0,0.999987006187439
6799,1,1,0.9999868869781494
6800,2,2,0.999998927116394
6801,3,3,0.999996542930603
6802,4,4,0.9999958276748657
6803,5,5,1.0
6804,6,6,0.9999998807907104
6805,7,7,0.9999845027923584
6806,8,8,0.9936158657073975
6807,9,9,0.9992417097091675
6808,0,0,0.9998887777328491
6809,1,1,0.9993813037872314
6810,2,2,0.9999996423721313
6811,3,3,0.9999916553497314
6812,4,4,0.999985933303833
6813,5,5,0.9999995231628418
6814,6,6,0.9999998807907104
6815,7,7,1.0
6816,8,8,0.9999768733978271
6817,9,9,0.9977496266365051
6818,0,0,0.999506950378418
6819,1,1,0.9999840259552002
6820,2,2,0.9999607801437378
6821,3,3,0.999996542930603
6822,4,4,0.9999997615814209
6823,5,5,0.9999998807907104
6824,6,6,1.0
6825,7,7,0.999998927116394
6826,8,8,0.9999969005584717
6827,9,9,0.9996111989021301
6828,2,2,0.9999996423721313
6829,1,1,0.9998984336853027
6830,7,7,0.9999949932098389
6831,2,2,0.9999998807907104
6832,5,5,0.9999991655349731
6833,0,0,0.9999804496765137
6834,8,8,0.9999960660934448
6835,0,0,0.9971075654029846
6836,2,2,0.9999914169311523
6837,7,7,0.9999953508377075
6838,8,8,0.9999819993972778
6839,8,8,0.9999438524246216
6840,3,3,0.9969942569732666
6841,0,0,0.9998276233673096
6842,6,6,0.9999998807907104
6843,0,0,0.9999481439590454
6844,2,2,0.9999998807907104
6845,7,7,0.9999947547912598
6846,6,6,0.9999998807907104
6847,6,6,0.9682729840278625
6848,1,1,0.999934196472168
6849,2,2,0.9999963045120239
6850,8,8,0.9999997615814209
6851,8,8,0.9933357238769531
6852,7,7,0.9997666478157043
6853,7,7,0.9998800754547119
6854,4,4,0.9999459981918335
6855,7,7,0.9999996423721313
6856,7,7,0.9999605417251587
6857,3,3,0.9999990463256836
6858,7,7,0.9999969005584717
6859,4,4,0.9999990463256836
6860,5,5,1.0
6861,4,4,1.0
6862,3,3,0.9999932050704956
6863,3,3,0.9999955892562866
6864,8,8,0.9993070363998413
6865,4,4,0.9999951124191284
6866,5,5,0.9999997615814209
6867,4,4,0.993621289730072
6868,1,1,0.9999010562896729
6869,1,1,0.9999594688415527
6870,9,9,0.9978125095367432
6871,7,7,0.9999994039535522
6872,4,4,0.9774302244186401
6873,3,3,0.9998855590820312
6874,7,7,0.9999995231628418
6875,3,3,0.9999990463256836
6876,3,3,0.999993085861206
6877,0,0,0.9999909400939941
6878,2,2,0.9988328814506531
6879,5,5,0.9999998807907104
6880,5,5,0.9999945163726807
6881,6,6,1.0
6882,3,3,0.9999916553497314
6883,1,1,0.9987951517105103
6884,5,5,0.9999984502792358
6885,2,2,0.9998792409896851
6886,5,5,0.9999303817749023
6887,9,9,0.9996215105056763
6888,9,9,0.9998608827590942
6889,8,8,0.9999885559082031
6890,4,4,0.9999995231628418
6891,1,1,0.9999024868011475
6892,0,0,0.9999880790710449
6893,6,6,0.999997615814209
6894,0,0,0.9967617988586426
6895,9,9,0.9917973279953003
6896,6,6,0.9999998807907104
6897,8,8,0.9997716546058655
6898,8,8,0.9999476671218872
6899,5,5,0.9996645450592041
6900,6,6,0.9999891519546509
6901,1,1,0.9999655485153198
6902,1,1,0.9996029734611511
6903,9,9,0.9999464750289917
6904,8,8,0.9999654293060303
6905,9,9,0.9998358488082886
6906,2,2,0.999887228012085
6907,3,3,0.9999953508377075
6908,5,5,0.9999997615814209
6909,5,5,0.9999971389770508
6910,9,9,0.9994950294494629
6911,4,4,0.9999998807907104
6912,2,2,0.9999659061431885
6913,1,1,0.9998418092727661
6914,9,9,0.9996452331542969
6915,4,4,0.9999971389770508
6916,9,9,0.9999728202819824
6917,1,1,0.9999122619628906
6918,3,3,0.9999696016311646
6919,9,9,0.9983092546463013
6920,2,2,0.9999871253967285
6921,0,0,0.999998927116394
6922,6,6,0.9999897480010986
6923,0,0,0.999984860420227
6924,4,4,0.9998267292976379
6925,0,0,0.9998729228973389
6926,6,6,0.9995156526565552
6927,0,0,0.9999830722808838
6928,1,1,0.9997569918632507
6929,2,2,0.9999949932098389
6930,3,3,0.9999977350234985
6931,4,4,0.9999836683273315
6932,5,5,1.0
6933,6,6,1.0
6934,7,7,0.999988317489624
6935,8,8,0.9999960660934448
6936,9,9,0.999873161315918
6937,0,0,0.9999246597290039
6938,1,1,0.999932050704956
6939,2,2,0.9999997615814209
6940,3,3,0.9999905824661255
6941,4,4,0.9999949932098389
6942,5,5,0.9999991655349731
6943,6,6,0.9999951124191284
6944,7,7,0.9988831877708435
6945,8,8,0.9941798448562622
6946,9,9,0.9999783039093018
6947,0,0,0.9999980926513672
6948,1,1,0.9997888207435608
6949,2,2,1.0
6950,3,3,0.9999947547912598
6951,4,4,0.9999986886978149
6952,5,5,0.9999997615814209
6953,6,6,0.9999951124191284
6954,7,7,0.9593765139579773
6955,8,8,0.999998927116394
6956,9,9,0.9991002082824707
6957,3,3,0.9999632835388184
6958,8,8,0.9999972581863403
6959,0,0,0.9999077320098877
6960,7,7,0.9999972581863403
6961,1,1,0.9992838501930237
6962,0,0,0.9960149526596069
6963,7,7,0.999996542930603
6964,5,5,0.9998986721038818
6965,5,5,0.999991774559021
6966,6,6,0.9999998807907104
6967,9,9,0.9915762543678284
6968,0,0,0.9998828172683716
6969,1,1,0.999784529209137
6970,0,0,0.999739944934845
6971,0,0,0.9953235983848572
6972,8,8,0.9999997615814209
6973,3,3,0.9999996423721313
6974,4,4,0.9999970197677612
6975,3,3,0.9999316930770874
6976,1,1,0.9997082352638245
6977,5,5,0.9999992847442627
6978,0,0,0.9997560381889343
6979,0,0,0.9999790191650391
6980,9,9,0.9990043044090271
6981,5,5,0.9949265718460083
6982,3,3,0.9999891519546509
6983,4,4,0.9992233514785767
6984,9,9,0.9999415874481201
6985,3,3,0.9999979734420776
6986,7,7,0.9997194409370422
6987,6,6,0.9999998807907104
6988,9,9,0.9999630451202393
6989,2,2,0.9999998807907104
6990,4,4,0.9998728036880493
6991,5,5,0.9999843835830688
6992,7,7,0.9999992847442627
6993,2,2,1.0
6994,6,6,0.9999980926513672
6995,4,4,0.9999958276748657
6996,9,9,0.9985601305961609
6997,4,4,0.993976354598999
6998,9,9,0.993100643157959
6999,4,4,0.9993579983711243
7000,1,1,0.999679446220398
7001,2,2,0.9994120597839355
7002,2,2,0.9999879598617554
7003,5,5,0.9999758005142212
7004,8,8,0.9999977350234985
7005,1,1,0.9996531009674072
7006,3,3,0.9999971389770508
7007,2,2,1.0
7008,9,9,0.9999207258224487
7009,4,4,0.9999904632568359
7010,3,3,0.9999974966049194
7011,8,8,0.9999998807907104
7012,2,2,1.0
7013,2,2,1.0
7014,1,1,0.9991183876991272
7015,2,2,0.9999994039535522
7016,8,8,0.9999661445617676
7017,6,6,0.9999997615814209
7018,5,5,0.9999980926513672
7019,1,1,0.9996963739395142
7020,6,6,0.9999978542327881
7021,7,7,0.9992142915725708
7022,2,2,1.0
7023,1,1,0.9996572732925415
7024,3,3,0.9999973773956299
7025,9,9,0.9981445074081421
7026,3,3,0.9999996423721313
7027,8,8,0.999997615814209
7028,7,7,0.9999336004257202
7029,5,5,0.9999996423721313
7030,7,7,0.9868897199630737
7031,0,0,0.996727466583252
7032,7,7,0.9998181462287903
7033,4,4,0.9938695430755615
7034,8,8,0.9999992847442627
7035,8,8,0.9979998469352722
7036,5,5,1.0
7037,0,0,0.9994975328445435
7038,6,6,1.0
7039,6,6,0.9999998807907104
7040,3,3,0.9999978542327881
7041,7,7,0.999998927116394
7042,6,6,1.0
7043,9,9,0.9994126558303833
7044,9,9,0.9991899132728577
7045,4,4,0.9999459981918335
7046,8,8,0.9999134540557861
7047,4,4,0.999995231628418
7048,1,1,0.9998971223831177
7049,0,0,0.9847303032875061
7050,6,6,0.9999837875366211
7051,6,6,0.9999871253967285
7052,0,0,0.9999879598617554
7053,1,1,0.9986476302146912
7054,2,2,0.9977983236312866
7055,3,3,1.0
7056,4,4,0.9999984502792358
7057,5,5,0.9999990463256836
7058,6,6,0.9999995231628418
7059,7,7,0.999993085861206
7060,8,8,0.9999932050704956
7061,9,9,0.9989008903503418
7062,0,0,0.9999240636825562
7063,1,1,0.9995800852775574
7064,2,2,0.9999768733978271
7065,3,3,0.999998927116394
7066,4,4,0.9999998807907104
7067,5,5,0.9999916553497314
7068,6,6,0.9999932050704956
7069,7,7,0.9999945163726807
7070,8,8,0.9999891519546509
7071,9,9,0.9987623691558838
7072,0,0,0.9999836683273315
7073,1,1,0.999923825263977
7074,2,2,0.999976396560669
7075,3,3,0.9999815225601196
7076,4,4,0.9999688863754272
7077,5,5,0.9999977350234985
7078,6,6,1.0
7079,7,7,0.999987006187439
7080,8,8,0.9999974966049194
7081,9,9,0.9885072708129883
7082,7,7,0.9999994039535522
7083,4,4,0.9999948740005493
7084,0,0,0.9990062117576599
7085,4,4,0.9999997615814209
7086,0,0,0.9998416900634766
7087,1,1,0.9998753070831299
7088,7,7,0.9999996423721313
7089,9,9,0.9996734857559204
7090,5,5,0.9999904632568359
7091,1,1,0.9999686479568481
7092,4,4,1.0
7093,2,2,0.9961821436882019
7094,8,8,0.9856560230255127
7095,9,9,0.9985899329185486
7096,4,4,1.0
7097,3,3,0.999996542930603
7098,7,7,0.9997623562812805
7099,8,8,0.9997468590736389
7100,2,2,0.9997681975364685
7101,4,4,0.9999839067459106
7102,4,4,0.999840497970581
7103,3,3,0.9999995231628418
7104,3,3,0.9999053478240967
7105,6,6,1.0
7106,9,9,0.9988003969192505
7107,9,9,0.9957921504974365
7108,5,5,0.9996935129165649
7109,8,8,0.9999833106994629
7110,6,6,1.0
7111,7,7,0.9999984502792358
7112,0,0,0.9999767541885376
7113,6,6,1.0
7114,8,8,0.9999948740005493
7115,2,2,0.9998605251312256
7116,6,6,1.0
7117,3,3,1.0
7118,9,9,0.9967030882835388
7119,3,3,0.9999984502792358
7120,2,2,0.9999070167541504
7121,8,8,0.9907553791999817
7122,6,6,1.0
7123,1,1,0.999010443687439
7124,7,7,0.9999957084655762
7125,4,4,0.9999997615814209
7126,8,8,0.9999861717224121
7127,8,8,0.9999642372131348
7128,9,9,0.9996627569198608
7129,0,0,0.9999445676803589
7130,3,3,1.0
7131,3,3,1.0
7132,9,9,0.9997677206993103
7133,0,0,0.999889612197876
7134,5,5,0.9999984502792358
7135,2,2,0.9998169541358948
7136,9,9,0.9993120431900024
7137,4,4,0.9999926090240479
7138,1,1,0.999930739402771
7139,0,0,0.9999428987503052
7140,3,3,0.9999995231628418
7141,7,7,0.9999904632568359
7142,5,5,0.9999986886978149
7143,8,8,0.9999918937683105
7144,7,7,0.9999963045120239
7145,7,7,0.9999988079071045
7146,8,8,0.9999585151672363
7147,2,2,0.9999977350234985
7148,9,9,0.9969131946563721
7149,7,7,0.9999867677688599
7150,1,1,0.9999679327011108
7151,2,2,0.9999804496765137
7152,6,6,1.0
7153,4,4,0.9999731779098511
7154,2,2,0.9977819323539734
7155,5,5,0.9999991655349731
7156,2,2,0.9999964237213135
7157,3,3,1.0
7158,6,6,0.9999997615814209
7159,6,6,1.0
7160,5,5,0.9999818801879883
7161,0,0,0.9998795986175537
7162,0,0,0.9996992349624634
7163,2,2,0.9999752044677734
7164,8,8,0.9999985694885254
7165,1,1,0.999974250793457
7166,6,6,0.9999998807907104
7167,1,1,0.9997833371162415
7168,0,0,0.9997699856758118
7169,4,4,0.9999986886978149
7170,3,3,0.9999988079071045
7171,1,1,0.9989281296730042
7172,6,6,0.9999994039535522
7173,1,1,0.9999504089355469
7174,9,9,0.9991784691810608
7175,0,0,0.9999994039535522
7176,1,1,0.9999210834503174
7177,4,4,0.9999144077301025
7178,5,5,0.999977707862854
7179,6,6,0.9731031060218811
7180,7,7,0.9999994039535522
7181,8,8,0.9994763731956482
7182,9,9,0.9874805808067322
7183,1,1,0.9998286962509155
7184,2,2,1.0
7185,3,3,0.9999998807907104
7186,4,4,0.9999152421951294
7187,5,5,0.9999995231628418
7188,6,6,0.9999998807907104
7189,7,7,0.9999817609786987
7190,0,0,0.999985933303833
7191,1,1,0.9999074935913086
7192,2,2,0.9999997615814209
7193,3,3,0.9999758005142212
7194,4,4,0.9999998807907104
7195,5,5,0.9992156028747559
7196,6,6,0.999987006187439
7197,7,7,0.9999637603759766
7198,8,8,0.9982742071151733
7199,9,9,0.9998430013656616
7200,8,8,0.9997217059135437
7201,4,4,0.9999997615814209
7202,0,0,0.9999996423721313
7203,0,0,0.999995231628418
7204,7,7,0.9998672008514404
7205,2,2,0.9999996423721313
7206,4,4,1.0
7207,3,3,1.0
7208,8,8,0.9996899366378784
7209,6,6,0.9970115423202515
7210,6,6,0.9993959665298462
7211,3,3,0.9999600648880005
7212,2,2,0.7935056686401367
7213,6,6,0.9999901056289673
7214,3,3,1.0
7215,3,3,0.9999982118606567
7216,0,6,0.5999009609222412
7217,1,1,0.9998717308044434
7218,4,4,0.9999973773956299
7219,7,7,0.9999532699584961
7220,8,8,0.992053747177124
7221,0,0,0.9999932050704956
7222,3,3,0.9999998807907104
7223,1,1,0.9997640252113342
7224,9,9,0.9985997080802917
7225,0,0,0.9999704360961914
7226,1,1,0.999754011631012
7227,9,9,0.9997056126594543
7228,1,1,0.9997695088386536
7229,2,2,0.9999973773956299
7230,7,7,0.9999669790267944
7231,0,0,0.9999611377716064
7232,1,1,0.9898393154144287
7233,3,3,0.998408854007721
7234,8,8,0.9999978542327881
7235,2,2,0.9990885257720947
7236,9,9,0.9990906715393066
7237,2,2,0.9999988079071045
7238,7,7,0.9997598528862
7239,6,6,0.9999996423721313
7240,5,5,0.9895221590995789
7241,5,5,0.9997751116752625
7242,9,9,0.9974799752235413
7243,9,9,0.9799608588218689
7244,8,8,0.9999995231628418
7245,2,2,0.9999873638153076
7246,9,9,0.9985970854759216
7247,1,1,0.9995781779289246
7248,3,3,0.9984613656997681
7249,2,2,0.9889328479766846
7250,3,3,0.999998927116394
7251,4,4,1.0
7252,3,3,1.0
7253,1,1,0.999923586845398
7254,9,9,0.9998093247413635
7255,0,0,0.9998860359191895
7256,9,9,0.9975807666778564
7257,3,3,0.9999964237213135
7258,6,6,0.9995450377464294
7259,8,8,0.9938335418701172
7260,7,7,0.9999102354049683
7261,0,0,0.9998076558113098
7262,1,1,0.9988991022109985
7263,0,0,0.9994020462036133
7264,5,5,0.9999982118606567
7265,8,8,0.997990608215332
7266,2,2,0.9999997615814209
7267,7,7,0.999841570854187
7268,7,7,0.9992493987083435
7269,0,0,0.9999511241912842
7270,1,1,0.999929666519165
7271,2,2,0.9999995231628418
7272,3,3,0.9986299276351929
7273,4,4,0.9999768733978271
7274,5,5,0.9999992847442627
7275,6,6,0.9999998807907104
7276,7,7,0.9999617338180542
7277,8,8,0.997612714767456
7278,9,9,0.9998854398727417
7279,0,0,0.9997957348823547
7280,1,1,0.9999669790267944
7281,2,2,1.0
7282,3,3,0.9998577833175659
7283,4,4,0.9997499585151672
7284,5,5,0.9999960660934448
7285,6,6,0.9999998807907104
7286,7,7,0.9999924898147583
7287,8,8,0.9963709115982056
7288,9,9,0.9999452829360962
7289,0,0,0.999992847442627
7290,1,1,0.9999743700027466
7291,2,2,0.9999948740005493
7292,3,3,0.9999724626541138
7293,4,4,0.9993200302124023
7294,5,5,0.9999046325683594
7295,6,6,1.0
7296,7,7,0.9999942779541016
7297,8,8,0.9991638660430908
7298,9,9,0.9999692440032959
7299,1,1,0.9998613595962524
7300,7,7,0.9999687671661377
7301,4,4,0.9999967813491821
7302,8,8,0.999616265296936
7303,1,1,0.9999827146530151
7304,5,5,0.9999018907546997
7305,6,6,1.0
7306,5,5,0.9999994039535522
7307,7,7,0.9996870756149292
7308,2,2,0.9999998807907104
7309,8,8,0.9990474581718445
7310,6,6,0.9999974966049194
7311,3,3,0.9999991655349731
7312,3,3,0.9999724626541138
7313,8,8,0.9999991655349731
7314,6,6,1.0
7315,5,5,0.9999415874481201
7316,4,4,0.9999723434448242
7317,0,0,0.9997568726539612
7318,9,9,0.9999828338623047
7319,1,1,0.9982547163963318
7320,7,7,0.9990578293800354
7321,2,2,0.9999977350234985
7322,9,9,0.9999133348464966
7323,1,1,0.9999396800994873
7324,5,5,0.9999725818634033
7325,1,1,0.9982669353485107
7326,3,3,0.9999990463256836
7327,2,2,0.9999749660491943
7328,2,2,0.9999991655349731
7329,3,3,0.9999960660934448
7330,0,0,0.9999775886535645
7331,6,6,0.9999985694885254
7332,4,4,0.9969168901443481
7333,3,3,0.999064028263092
7334,7,7,0.9998669624328613
7335,6,6,0.9999934434890747
7336,9,9,0.9999364614486694
7337,0,0,0.9987547397613525
7338,4,4,0.9969606995582581
7339,8,8,0.9996210336685181
7340,1,1,0.9998941421508789
7341,4,4,0.9999914169311523
7342,0,0,0.9999653100967407
7343,6,6,0.9999996423721313
7344,1,1,0.9996768236160278
7345,2,2,0.9969527721405029
7346,6,6,1.0
7347,9,9,0.9999876022338867
7348,2,2,0.999936580657959
7349,2,2,0.9999804496765137
7350,3,3,0.9999516010284424
7351,5,5,0.999995231628418
7352,5,5,0.9999812841415405
7353,1,1,0.9998328685760498
7354,0,0,0.6317514777183533
7355,7,7,0.9999996423721313
7356,7,7,0.9997281432151794
7357,9,9,0.999631404876709
7358,6,6,1.0
7359,2,2,0.9999325275421143
7360,9,9,0.9999737739562988
7361,4,4,0.9994751811027527
7362,7,7,0.999996542930603
7363,0,0,0.9982422590255737
7364,2,2,0.9999170303344727
7365,3,3,0.9999760389328003
7366,4,4,0.9999979734420776
7367,0,0,0.9998196959495544
7368,0,0,0.9999275207519531
7369,8,8,0.9999737739562988
7370,8,8,0.9983348250389099
7371,8,8,0.9999915361404419
7372,5,5,0.9999796152114868
7373,1,1,0.9958064556121826
7374,3,3,0.9999969005584717
7375,7,7,0.9999034404754639
7376,4,4,0.9999911785125732
7377,9,9,0.999321460723877
7378,8,8,0.9998805522918701
7379,8,8,0.9998505115509033
7380,9,9,0.9995548129081726
7381,0,0,0.997886598110199
7382,9,9,0.9999178647994995
7383,8,8,0.9999340772628784
7384,9,9,0.999588668346405
7385,0,0,0.9999737739562988
7386,2,2,0.9999657869338989
7387,6,6,0.9999990463256836
7388,5,5,0.9999923706054688
7389,6,6,0.9999946355819702
7390,7,7,0.9995341300964355
7391,4,4,0.9996780157089233
7392,7,7,0.9985520243644714
7393,5,5,0.9999991655349731
7394,4,4,0.9977478384971619
7395,1,1,0.9974149465560913
7396,3,3,0.9997542500495911
7397,5,5,0.9999980926513672
7398,3,3,0.9999902248382568
7399,1,1,0.9999186992645264
7400,2,2,0.9999879598617554
7401,3,3,0.9884931445121765
7402,4,4,0.9998316764831543
7403,5,5,0.9992617964744568
7404,6,6,0.999985933303833
7405,1,1,0.9985606074333191
7406,2,2,0.9997237324714661
7407,3,3,0.9999932050704956
7408,4,4,0.998514711856842
7409,6,6,1.0
7410,0,0,0.9999963045120239
7411,1,1,0.9999550580978394
7412,2,2,0.9999998807907104
7413,4,4,0.9994930028915405
7414,5,5,0.9999998807907104
7415,6,6,0.9999985694885254
7416,7,7,0.999255359172821
7417,8,8,0.9999828338623047
7418,1,1,0.9999544620513916
7419,7,7,0.9985597729682922
7420,2,2,0.9055184721946716
7421,4,4,0.9999982118606567
7422,1,1,0.9999361038208008
7423,4,4,0.9998353719711304
7424,1,1,0.9999856948852539
7425,4,4,0.9999706745147705
7426,9,9,0.9898101091384888
7427,6,6,0.9997972846031189
7428,8,8,0.9999910593032837
7429,4,4,0.999998927116394
7430,5,5,0.9979493021965027
7431,3,3,0.9999955892562866
7432,7,7,0.8614626526832581
7433,8,8,0.9978814721107483
7434,4,8,0.6562010049819946
7435,3,3,1.0
7436,3,3,0.9999992847442627
7437,5,5,0.9998666048049927
7438,6,6,0.9999918937683105
7439,7,7,0.9984526634216309
7440,0,0,0.9999332427978516
7441,6,6,0.9998636245727539
7442,1,1,0.9999369382858276
7443,6,6,0.9999947547912598
7444,8,8,0.999818742275238
7445,7,7,0.9813539981842041
7446,0,0,0.9995905756950378
7447,1,1,0.9995393753051758
7448,5,5,0.9999955892562866
7449,0,0,0.999885082244873
7450,8,8,0.995218813419342
7451,5,5,0.9987286925315857
7452,0,0,0.9999942779541016
7453,1,1,0.9999707937240601
7454,5,5,0.999972939491272
7455,8,8,0.9999963045120239
7456,4,4,0.9999910593032837
7457,2,2,0.9992107152938843
7458,3,3,0.9999991655349731
7459,9,9,0.9939739108085632
7460,7,7,0.9999029636383057
7461,6,6,0.9999603033065796
7462,9,9,0.9997829794883728
7463,1,1,0.999767005443573
7464,9,9,0.9997884631156921
7465,0,0,0.9997739195823669
7466,6,6,0.9999990463256836
7467,7,7,0.9999997615814209
7468,1,1,0.9997757077217102
7469,2,2,0.9999457597732544
7470,3,3,0.9999996423721313
7471,9,9,0.9998613595962524
7472,2,2,0.9998918771743774
7473,4,4,0.9490573406219482
7474,5,5,0.9999970197677612
7475,5,5,0.999993085861206
7476,3,3,0.9971269965171814
7477,7,7,0.9995672106742859
7478,5,5,0.9999721050262451
7479,3,3,0.9997395873069763
7480,1,1,0.9999485015869141
7481,8,8,0.9999557733535767
7482,2,2,0.9945343732833862
7483,2,2,0.9998958110809326
7484,3,3,0.9999994039535522
7485,0,0,0.9999185800552368
7486,2,2,0.9950082302093506
7487,9,9,0.9988009929656982
7488,4,4,0.9999768733978271
7489,9,9,0.9997981190681458
7490,7,7,0.9877474308013916
7491,0,0,0.9995025396347046
7492,2,2,0.9966699481010437
7493,7,7,0.9990634322166443
7494,4,4,0.9999364614486694
7495,9,9,0.9982240796089172
7496,9,9,0.9998600482940674
7497,2,2,0.99998939037323
7498,5,5,0.9996874332427979
7499,9,9,0.999962329864502
7500,8,8,0.9999891519546509
7501,3,3,0.9999997615814209
7502,8,8,0.9999995231628418
7503,6,6,0.9998238682746887
7504,7,7,0.9938741326332092
7505,0,0,0.9985859394073486
7506,0,0,0.9997419714927673
7507,1,1,0.9998186230659485
7508,2,2,0.9999754428863525
7509,3,3,0.9999346733093262
7510,4,4,0.9999890327453613
7511,5,5,0.9999836683273315
7512,6,6,0.9999996423721313
7513,7,7,0.9999997615814209
7514,8,8,0.9972792267799377
7515,9,9,0.9997722506523132
7516,0,0,0.9999632835388184
7517,1,1,0.9999057054519653
7518,2,2,0.9989746809005737
7519,3,3,0.9997848868370056
7520,4,4,0.9999980926513672
7521,5,5,0.999995231628418
7522,6,6,0.9999887943267822
7523,7,7,0.9999707937240601
7524,8,8,0.9998477697372437
7525,9,9,0.9996887445449829
7526,0,0,0.9999581575393677
7527,1,1,0.9990065693855286
7528,2,2,0.9979830980300903
7529,3,3,0.9984295964241028
7530,4,4,0.999560534954071
7531,5,5,0.9999974966049194
7532,6,6,0.9999992847442627
7533,7,7,0.9999440908432007
7534,8,8,0.9975703358650208
7535,9,9,0.999247670173645
7536,0,0,0.9999903440475464
7537,0,0,0.9999673366546631
7538,7,7,0.9997361302375793
7539,2,2,0.9994237422943115
7540,6,6,0.9999997615814209
7541,5,5,0.9999678134918213
7542,5,5,0.99998939037323
7543,3,3,0.9999990463256836
7544,7,7,0.9999222755432129
7545,8,8,0.9989312291145325
7546,6,6,0.9999995231628418
7547,6,6,1.0
7548,6,6,0.9999996423721313
7549,6,6,0.9999980926513672
7550,4,4,0.9999922513961792
7551,3,3,0.9998206496238708
7552,8,8,0.9979104399681091
7553,8,8,0.9908148646354675
7554,3,3,0.9999860525131226
7555,0,0,0.9998188614845276
7556,1,1,0.985683262348175
7557,9,9,0.9999618530273438
7558,0,0,0.9985311031341553
7559,5,5,0.9999996423721313
7560,4,4,0.9974984526634216
7561,1,1,0.9990229606628418
7562,9,9,0.9997015595436096
7563,1,1,0.999954104423523
7564,2,2,0.9999653100967407
7565,7,7,0.9981070756912231
7566,0,0,0.9999241828918457
7567,1,1,0.9999517202377319
7568,3,3,0.9999572038650513
7569,8,8,0.9899967908859253
7570,2,2,0.9999809265136719
7571,9,9,0.9996300935745239
7572,2,2,0.9998076558113098
7573,7,7,0.9988135099411011
7574,4,4,0.9933791160583496
7575,2,2,0.9998481273651123
7576,6,6,1.0
7577,5,5,0.9999992847442627
7578,5,5,0.9999974966049194
7579,9,9,0.9996830224990845
7580,9,9,0.9718027114868164
7581,1,1,0.9999802112579346
7582,1,1,0.9999123811721802
7583,5,5,0.9999972581863403
7584,7,7,0.9990347623825073
7585,6,6,0.9999998807907104
7586,8,8,0.9999696016311646
7587,2,2,0.9997511506080627
7588,9,9,0.9999159574508667
7589,4,4,0.9999992847442627
7590,3,3,0.9999998807907104
7591,1,1,0.9998205304145813
7592,9,9,0.9998795986175537
7593,0,0,0.9999756813049316
7594,9,9,0.9998683929443359
7595,3,3,0.999722421169281
7596,6,6,1.0
7597,8,8,0.9994246959686279
7598,7,7,1.0
7599,0,0,0.9999629259109497
7600,1,1,0.999983549118042
7601,0,0,0.9999889135360718
7602,5,5,0.9999995231628418
7603,8,8,0.9997723698616028
7604,2,2,0.9993870258331299
7605,7,7,0.9998252987861633
7606,7,7,0.9991760849952698
7607,0,0,0.9999978542327881
7608,1,1,0.9996452331542969
7609,2,2,1.0
7610,3,3,0.9999966621398926
7611,4,4,0.9999998807907104
7612,5,5,0.9999995231628418
7613,6,6,1.0
7614,7,7,1.0
7615,8,8,0.9999995231628418
7616,9,9,0.9997748732566833
7617,0,0,0.9999973773956299
7618,1,1,0.9999504089355469
7619,2,2,0.9969893097877502
7620,3,3,0.999998927116394
7621,4,4,0.9999980926513672
7622,5,5,0.9999991655349731
7623,8,8,0.9999454021453857
7624,9,9,0.9999862909317017
7625,0,0,0.9999794960021973
7626,1,1,0.9999620914459229
7627,2,2,0.9999674558639526
7628,3,3,1.0
7629,4,4,0.9999990463256836
7630,5,5,0.9999942779541016
7631,6,6,0.9999988079071045
7632,7,7,1.0
7633,8,8,0.9999970197677612
7634,9,9,0.9997637867927551
7635,2,2,0.9999940395355225
7636,1,1,0.9998102784156799
7637,2,2,0.9999953508377075
7638,1,1,0.9998531341552734
7639,3,3,0.9999785423278809
7640,9,9,0.9998984336853027
7641,9,9,0.9916634559631348
7642,8,8,0.9999892711639404
7643,5,5,0.9999958276748657
7644,3,3,0.9999079704284668
7645,7,7,1.0
7646,0,0,0.9999598264694214
7647,7,7,0.9999997615814209
7648,7,7,0.9999945163726807
7649,5,5,0.9995695948600769
7650,7,7,0.9999971389770508
7651,9,9,0.9933716058731079
7652,9,9,0.992361307144165
7653,4,4,0.9999998807907104
7654,7,7,0.9999992847442627
7655,0,0,0.9999984502792358
7656,3,3,0.9999959468841553
7657,4,4,0.9999775886535645
7658,1,1,0.9998038411140442
7659,5,5,0.9999995231628418
7660,8,8,0.9999988079071045
7661,1,1,0.9998763799667358
7662,4,4,0.9999957084655762
7663,8,8,0.9999997615814209
7664,4,4,0.9999973773956299
7665,1,1,0.9998774528503418
7666,8,8,0.9999998807907104
7667,6,6,1.0
7668,6,6,0.9999266862869263
7669,4,4,0.9999996423721313
7670,6,6,0.9999978542327881
7671,0,0,0.9968332648277283
7672,5,5,0.9964144229888916
7673,5,5,0.9993441700935364
7674,3,3,0.9999998807907104
7675,3,3,0.9999796152114868
7676,5,5,0.9999550580978394
7677,7,7,0.9999996423721313
7678,2,2,0.9999990463256836
7679,5,5,0.9963723421096802
7680,9,9,0.9914175271987915
7681,6,6,1.0
7682,9,9,0.9997184872627258
7683,2,2,0.975366473197937
7684,6,6,0.9999998807907104
7685,2,2,1.0
7686,1,1,0.9999308586120605
7687,2,2,0.9999682903289795
7688,0,0,0.9999995231628418
7689,8,8,0.9920376539230347
7690,3,3,0.9999805688858032
7691,8,8,0.9996975660324097
7692,3,3,0.9999258518218994
7693,0,0,0.9999995231628418
7694,8,8,0.9998979568481445
7695,7,7,0.9999998807907104
7696,4,4,0.9999996423721313
7697,9,9,0.9989421963691711
7698,5,5,0.9944235682487488
7699,0,0,0.9999994039535522
7700,9,9,0.9998794794082642
7701,7,7,0.9999972581863403
7702,0,0,0.9999198913574219
7703,0,0,0.9999961853027344
7704,4,4,0.9999960660934448
7705,6,6,1.0
7706,0,0,0.9999804496765137
7707,9,9,0.99991774559021
7708,1,1,0.9998475313186646
7709,6,6,0.9999998807907104
7710,2,2,0.9999880790710449
7711,7,7,0.999997615814209
7712,6,6,0.9999996423721313
7713,8,8,0.9999121427536011
7714,3,3,0.9999984502792358
7715,5,5,0.9999884366989136
7716,2,2,1.0
7717,1,1,0.9999836683273315
7718,8,8,0.9999970197677612
7719,3,3,0.9999997615814209
7720,8,8,0.9988328814506531
7721,6,6,1.0
7722,1,1,0.9997655749320984
7723,0,0,0.9999945163726807
7724,2,2,0.999995231628418
7725,1,1,0.999902606010437
7726,4,4,0.9999984502792358
7727,0,0,0.9999176263809204
7728,1,1,0.9934456944465637
7729,2,2,0.9997259974479675
7730,3,3,0.99974125623703
7731,4,4,0.999995231628418
7732,5,5,0.9293493032455444
7733,6,6,0.9999862909317017
7734,7,7,0.9999550580978394
7735,8,8,0.9956165552139282
7736,9,9,0.8927512168884277
7737,0,0,0.9999990463256836
7738,1,1,0.9972776770591736
7739,2,2,0.9999197721481323
7740,3,3,1.0
7741,4,4,0.9999901056289673
7742,5,5,0.9999996423721313
7743,6,6,0.9999141693115234
7744,7,7,0.9999303817749023
7745,8,8,0.9999252557754517
7746,9,9,0.9965546131134033
7747,0,0,0.9999576807022095
7748,1,1,0.9995490908622742
7749,2,2,0.999991774559021
7750,3,3,0.9999984502792358
7751,4,4,0.999998927116394
7752,5,5,0.9999998807907104
7753,6,6,0.9999998807907104
7754,7,7,0.9999806880950928
7755,8,8,0.999194324016571
7756,9,9,0.9969430565834045
7757,7,7,0.9996839761734009
7758,6,6,1.0
7759,4,4,0.9999951124191284
7760,7,7,0.9999394416809082
7761,6,6,1.0
7762,2,2,0.999998927116394
7763,3,3,0.999757707118988
7764,4,4,0.9995530247688293
7765,8,8,0.9999791383743286
7766,7,7,0.9999942779541016
7767,8,8,0.9999573230743408
7768,6,6,0.9999983310699463
7769,9,9,0.9979683756828308
7770,8,8,0.9997866749763489
7771,3,3,0.9999998807907104
7772,2,2,0.9999288320541382
7773,2,2,0.9998753070831299
7774,8,8,0.9999910593032837
7775,4,4,0.9999808073043823
7776,8,8,0.9999703168869019
7777,5,5,0.999990701675415
7778,6,6,0.9999998807907104
7779,5,5,0.9999996423721313
7780,0,0,0.9999984502792358
7781,2,2,0.9999765157699585
7782,0,0,0.9999918937683105
7783,1,1,0.9857426881790161
7784,1,1,0.9998132586479187
7785,2,2,0.9999998807907104
7786,9,9,0.9997802376747131
7787,6,6,0.9999994039535522
7788,8,8,0.9967318773269653
7789,2,2,0.9999998807907104
7790,1,1,0.995868444442749
7791,0,0,0.9999831914901733
7792,6,6,1.0
7793,5,5,0.9999951124191284
7794,2,2,0.9999802112579346
7795,9,9,0.9993671774864197
7796,7,7,0.9999841451644897
7797,5,5,0.9999297857284546
7798,3,3,0.9999924898147583
7799,9,9,0.9912759065628052
7800,3,3,0.662398099899292
7801,7,7,0.9999812841415405
7802,1,1,0.9717105627059937
7803,8,8,0.9975330829620361
7804,3,3,0.9999792575836182
7805,8,8,0.9999995231628418
7806,1,1,0.9929298758506775
7807,9,9,0.996812641620636
7808,5,5,0.9999988079071045
7809,5,5,0.9999995231628418
7810,0,0,0.9999188184738159
7811,1,1,0.9982182383537292
7812,1,1,0.8383064866065979
7813,9,9,0.962833821773529
7814,8,8,0.9999959468841553
7815,2,2,0.9999904632568359
7816,6,6,0.9999997615814209
7817,0,0,0.999956488609314
7818,4,4,0.9999972581863403
7819,5,5,1.0
7820,0,0,0.9998680353164673
7821,3,3,0.9814214110374451
7822,1,1,0.9860468506813049
7823,8,8,0.9883114695549011
7824,6,6,0.9999600648880005
7825,7,7,0.9996333122253418
7826,5,5,0.9999772310256958
7827,9,9,0.9999823570251465
7828,9,9,0.9998007416725159
7829,3,3,0.9999969005584717
7830,0,0,0.9999661445617676
7831,3,3,0.9999871253967285
7832,1,1,0.9999161958694458
7833,4,4,0.9999998807907104
7834,4,4,0.999969482421875
7835,0,0,0.9999980926513672
7836,4,4,1.0
7837,9,9,0.993735134601593
7838,0,0,0.9997329115867615
7839,1,1,0.860335648059845
7840,2,2,0.9999785423278809
7841,3,3,0.9990841150283813
7842,5,5,0.9571321606636047
7843,6,6,0.9999910593032837
7844,7,7,0.999413013458252
7845,8,8,0.9912273287773132
7846,0,0,0.9998986721038818
7847,1,1,0.8379581570625305
7848,2,2,0.9999991655349731
7849,3,3,0.7909343838691711
7850,5,5,0.9993392825126648
7851,6,6,0.9960383176803589
7852,7,7,0.9999796152114868
7853,8,8,0.9979236125946045
7854,9,9,0.9996597766876221
7855,0,0,0.9999810457229614
7856,1,1,0.8418334722518921
7857,2,2,0.9997749924659729
7858,3,3,0.9981406927108765
7859,5,5,0.9995367527008057
7860,6,6,0.9960331320762634
7861,7,7,0.9999285936355591
7862,8,8,0.9998676776885986
7863,9,9,0.9964176416397095
7864,9,9,0.9999734163284302
7865,7,7,0.999107301235199
7866,0,0,0.9999864101409912
7867,9,9,0.9998241066932678
7868,0,0,0.9994348883628845
7869,1,1,0.9987047910690308
7870,5,5,0.9999758005142212
7871,8,8,0.9999387264251709
7872,8,8,0.9999581575393677
7873,0,0,0.9999792575836182
7874,9,9,0.998860239982605
7875,3,3,0.9988446235656738
7876,2,2,0.9999794960021973
7877,7,7,0.999607264995575
7878,8,8,0.9999924898147583
7879,4,4,0.9999991655349731
7880,6,6,0.9999969005584717
7881,1,1,0.9999566078186035
7882,0,0,0.9999822378158569
7883,4,4,0.9999980926513672
7884,9,9,0.9999730587005615
7885,4,4,0.9999998807907104
7886,2,2,0.998199462890625
7887,0,0,0.9996001124382019
7888,5,5,0.9999899864196777
7889,0,0,0.9998438358306885
7890,1,1,0.9999047517776489
7891,6,6,0.9999855756759644
7892,9,9,0.999518632888794
7893,3,3,0.9984267950057983
7894,2,2,0.9999877214431763
7895,9,9,0.9997405409812927
7896,1,1,0.9936333894729614
7897,6,6,0.9998315572738647
7898,0,0,0.9994460940361023
7899,1,1,0.5593770146369934
7900,1,1,0.9474934935569763
7901,8,8,0.9999793767929077
7902,7,8,0.4065742790699005
7903,7,7,0.9957685470581055
7904,6,6,0.9999563694000244
7905,3,3,0.9293617606163025
7906,6,6,0.9999865293502808
7907,0,0,0.9997853636741638
7908,7,7,0.9997124075889587
7909,2,2,0.9999958276748657
7910,4,4,0.9999370574951172
7911,1,1,0.9839494824409485
7912,7,7,0.9980286955833435
7913,0,0,0.9999661445617676
7914,6,6,0.9997251629829407
7915,7,8,0.7688583731651306
7916,1,1,0.9786697626113892
7917,2,2,0.9999988079071045
7918,5,5,0.9964364767074585
7919,8,8,0.9996291399002075
7920,1,1,0.9724134206771851
7921,8,8,0.9725483655929565
7922,2,2,0.9999889135360718
7923,8,8,0.9998005032539368
7924,7,7,0.998235821723938
7925,6,6,0.9989594221115112
7926,8,8,0.9999480247497559
7927,7,7,0.8865477442741394
7928,1,1,0.6349003911018372
7929,6,6,0.9996769428253174
7930,2,2,0.9999984502792358
7931,9,9,0.9997196793556213
7932,3,3,0.9996756315231323
7933,0,0,0.9999072551727295
7934,1,1,0.9921613335609436
7935,2,2,0.9999978542327881
7936,3,3,0.9999983310699463
7937,4,4,0.9999904632568359
7938,5,5,0.9999953508377075
7939,6,6,0.9999994039535522
7940,7,7,0.9999943971633911
7941,8,8,0.9999212026596069
7942,9,9,0.9995236396789551
7943,0,0,0.999994158744812
7944,1,1,0.9976529479026794
7945,2,2,0.9999904632568359
7946,3,3,0.9994925260543823
7947,4,4,0.9999856948852539
7948,5,5,0.9999984502792358
7949,6,6,0.9999986886978149
7950,7,7,0.9999819993972778
7951,8,8,0.9998750686645508
7952,9,9,0.9999650716781616
7953,0,0,0.9999995231628418
7954,1,1,0.9988056421279907
7955,2,2,0.9999967813491821
7956,3,3,0.9999996423721313
7957,4,4,0.9990472197532654
7958,5,5,0.9999998807907104
7959,6,6,1.0
7960,7,7,0.9999947547912598
7961,8,8,0.9999984502792358
7962,9,9,0.9998051524162292
7963,8,8,0.9999986886978149
7964,9,9,0.9888908863067627
7965,5,5,1.0
7966,7,7,0.9998137354850769
7967,0,0,0.999983549118042
7968,3,3,0.9999997615814209
7969,1,1,0.9999076128005981
7970,6,6,0.9999995231628418
7971,8,8,0.9925959706306458
7972,4,4,0.999994158744812
7973,1,1,0.9995284080505371
7974,5,5,1.0
7975,6,6,0.999998927116394
7976,4,4,0.9999992847442627
7977,2,2,0.9999951124191284
7978,7,7,0.9995282888412476
7979,8,8,0.999976396560669
7980,1,1,0.9988635778427124
7981,3,3,0.9999998807907104
7982,4,4,0.9949038028717041
7983,3,3,0.999945878982544
7984,4,4,0.9999614953994751
7985,7,7,0.9741563200950623
7986,2,2,0.9999517202377319
7987,0,0,0.9998351335525513
7988,5,5,0.9999991655349731
7989,0,0,0.9999854564666748
7990,1,1,0.8460703492164612
7991,9,9,0.6119520664215088
7992,2,2,0.9999998807907104
7993,3,3,0.9999994039535522
7994,2,2,0.9999988079071045
7995,3,3,1.0
7996,5,5,0.9999926090240479
7997,5,5,0.9999955892562866
7998,7,7,1.0
7999,8,8,0.9998806715011597
8000,4,4,0.9999831914901733
8001,9,9,0.9999886751174927
8002,9,9,0.9998260140419006
8003,7,7,0.9998376369476318
8004,1,1,0.9978411197662354
8005,1,1,0.9998929500579834
8006,9,9,0.9999555349349976
8007,0,0,0.9999393224716187
8008,7,7,0.9984508752822876
8009,8,8,0.9999864101409912
8010,3,3,0.9999960660934448
8011,4,4,0.9988184571266174
8012,8,8,0.9999005794525146
8013,6,6,1.0
8014,3,3,0.9999996423721313
8015,8,8,0.9999996423721313
8016,0,0,0.999316930770874
8017,9,9,0.9999949932098389
8018,6,6,1.0
8019,2,2,0.9999772310256958
8020,1,1,0.9996836185455322
8021,0,0,0.9999947547912598
8022,1,1,0.9725661873817444
8023,0,0,0.9999799728393555
8024,6,6,0.9999998807907104
8025,2,2,1.0
8026,3,3,1.0
8027,8,8,0.9999961853027344
8028,9,9,0.9993671774864197
8029,0,0,0.9996654987335205
8030,7,7,0.9995075464248657
8031,2,2,0.999996542930603
8032,3,3,0.9999998807907104
8033,4,4,0.9999961853027344
8034,5,5,0.9999973773956299
8035,5,5,0.999956488609314
8036,2,2,1.0
8037,8,8,0.999998927116394
8038,5,5,0.9999994039535522
8039,4,4,0.9999796152114868
8040,6,6,1.0
8041,6,6,0.9999998807907104
8042,6,6,1.0
8043,7,7,0.9954739212989807
8044,9,9,0.9991788268089294
8045,1,1,0.9976910352706909
8046,8,8,0.9999985694885254
8047,2,2,0.9999303817749023
8048,1,1,0.9996020197868347
8049,5,5,0.9999997615814209
8050,3,3,0.9997827410697937
8051,4,4,0.9999920129776001
8052,7,7,0.9999951124191284
8053,9,9,0.9995406866073608
8054,4,4,0.9999998807907104
8055,0,0,0.9996678829193115
8056,0,0,0.9999983310699463
8057,0,0,0.9999735355377197
8058,1,1,0.9733970165252686
8059,2,1,0.6258923411369324
8060,3,3,0.9999315738677979
8061,4,4,0.8934148550033569
8062,5,5,0.9819211363792419
8063,6,6,0.999836802482605
8064,7,7,0.9968594312667847
8065,8,8,0.9858633875846863
8066,9,9,0.997742772102356
8067,0,0,0.9999840259552002
8068,1,1,0.963341236114502
8069,2,2,0.9314490556716919
8070,3,3,0.9999988079071045
8071,4,4,0.9614354372024536
8072,5,5,0.9997703433036804
8073,6,6,0.9999995231628418
8074,7,7,0.999871015548706
8075,8,8,0.9963843822479248
8076,9,9,0.9998262524604797
8077,0,0,0.999517560005188
8078,1,1,0.9424229264259338
8079,2,2,0.6295381784439087
8080,3,3,0.9999994039535522
8081,4,4,0.9451780319213867
8082,5,5,0.9999692440032959
8083,6,6,0.999998927116394
8084,9,9,0.9997430443763733
8085,0,0,0.9999339580535889
8086,1,1,0.9991402626037598
8087,3,3,0.9999935626983643
8088,1,1,0.9903841018676758
8089,5,5,1.0
8090,1,1,0.9961283206939697
8091,2,2,0.9979053735733032
8092,4,4,0.9978299736976624
8093,9,9,0.9971110820770264
8094,2,8,0.5589718222618103
8095,4,6,0.584162175655365
8096,6,6,0.9999982118606567
8097,8,8,0.9979324340820312
8098,0,0,0.9998928308486938
8099,1,1,0.99960857629776
8100,1,1,0.9981429576873779
8101,9,9,0.9988546371459961
8102,2,2,0.9466710090637207
8103,6,6,0.9999866485595703
8104,6,6,0.9993975162506104
8105,8,8,0.9911128878593445
8106,7,7,0.991127073764801
8107,4,4,0.9793846607208252
8108,2,2,0.9999529123306274
8109,9,9,0.9972234964370728
8110,7,7,0.9968529343605042
8111,0,0,0.9999946355819702
8112,2,2,0.9984355568885803
8113,1,1,0.9996237754821777
8114,0,0,0.9999874830245972
8115,3,3,0.9812577962875366
8116,6,6,0.9999585151672363
8117,0,0,0.9999992847442627
8118,1,1,0.9999755620956421
8119,2,2,0.9999788999557495
8120,3,3,0.9999998807907104
8121,4,4,0.9999997615814209
8122,5,5,1.0
8123,6,6,0.999985933303833
8124,7,7,0.9999908208847046
8125,8,8,0.9999909400939941
8126,9,9,0.9999765157699585
8127,0,0,0.9999988079071045
8128,1,1,0.820991039276123
8129,2,2,0.9999990463256836
8130,3,3,0.9999995231628418
8131,4,4,0.999998927116394
8132,5,5,0.9999992847442627
8133,6,6,0.9999995231628418
8134,7,7,0.9999958276748657
8135,8,8,0.9999994039535522
8136,9,9,0.9925954937934875
8137,0,0,0.9999985694885254
8138,1,1,0.999722421169281
8139,2,2,0.9999682903289795
8140,3,3,0.9999998807907104
8141,4,4,0.9999933242797852
8142,5,5,0.9998190999031067
8143,6,6,0.9964680671691895
8144,7,7,0.9943282008171082
8145,8,8,0.9999998807907104
8146,9,9,0.9978958368301392
8147,8,8,0.9999312162399292
8148,6,6,0.9999983310699463
8149,5,5,0.9999988079071045
8150,9,9,0.999380350112915
8151,7,7,0.998096764087677
8152,0,0,0.9999996423721313
8153,2,2,0.9999591112136841
8154,3,3,0.999995231628418
8155,4,4,0.9999979734420776
8156,3,3,0.9998880624771118
8157,8,8,1.0
8158,5,5,0.9999746084213257
8159,1,1,0.9998821020126343
8160,5,5,0.9862709045410156
8161,2,2,1.0
8162,3,3,0.9999998807907104
8163,0,0,0.9999990463256836
8164,1,1,0.9999493360519409
8165,2,2,0.9969362020492554
8166,1,1,0.9999494552612305
8167,3,3,1.0
8168,2,2,0.999997615814209
8169,6,6,0.9999998807907104
8170,5,5,0.9999932050704956
8171,3,3,0.9995501637458801
8172,0,0,0.9999765157699585
8173,7,7,0.9999984502792358
8174,2,2,0.9999897480010986
8175,7,7,0.9998859167098999
8176,4,4,0.9999985694885254
8177,6,6,0.9999998807907104
8178,4,4,0.999996542930603
8179,0,0,0.9999226331710815
8180,5,5,0.9995168447494507
8181,9,9,0.9249963760375977
8182,9,9,0.9845368266105652
8183,8,8,0.9689165353775024
8184,9,9,0.9940639138221741
8185,5,5,0.999947190284729
8186,3,3,0.9999997615814209
8187,1,1,0.9999393224716187
8188,7,7,0.9999810457229614
8189,4,4,1.0
8190,7,7,0.9999979734420776
8191,6,6,0.9999967813491821
8192,5,5,0.9999926090240479
8193,4,4,0.9999841451644897
8194,0,0,0.9966354966163635
8195,0,0,0.9999960660934448
8196,6,6,0.9996090531349182
8197,6,6,0.9996639490127563
8198,2,2,0.9994340538978577
8199,0,0,0.9999905824661255
8200,6,6,0.9999817609786987
8201,3,3,0.9999796152114868
8202,7,7,0.999975323677063
8203,7,7,0.9999196529388428
8204,4,4,0.9999998807907104
8205,4,4,0.9999964237213135
8206,3,3,1.0
8207,9,9,0.9999483823776245
8208,2,2,0.9999842643737793
8209,8,8,0.9999089241027832
8210,9,9,0.9999632835388184
8211,6,6,0.9999998807907104
8212,0,0,0.9999960660934448
8213,9,9,0.9984155893325806
8214,5,5,0.9999707937240601
8215,3,3,0.9999988079071045
8216,8,8,0.9999548196792603
8217,8,8,0.9999656677246094
8218,7,7,0.9998177886009216
8219,1,1,0.9999594688415527
8220,4,4,0.9999810457229614
8221,0,0,0.9999979734420776
8222,4,4,1.0
8223,8,8,0.9999785423278809
8224,5,5,0.9999998807907104
8225,2,2,0.999990701675415
8226,3,3,0.9999971389770508
8227,9,9,0.9992008805274963
8228,0,0,0.9995946288108826
8229,1,1,0.9976420402526855
8230,9,9,0.9873101711273193
8231,1,1,0.9992639422416687
8232,5,5,0.9999862909317017
8233,1,1,0.9999077320098877
8234,7,7,0.9992665648460388
8235,4,4,0.9999997615814209
8236,8,8,0.9997944235801697
8237,6,6,0.9999980926513672
8238,2,2,0.9999994039535522
8239,1,1,0.999679446220398
8240,6,6,0.9999797344207764
8241,8,8,0.999976634979248
8242,8,8,0.999943733215332
8243,0,0,0.9854241013526917
8244,1,1,0.9979478716850281
8245,2,2,0.9996644258499146
8246,3,3,0.6282945871353149
8247,4,4,0.9998056292533875
8248,7,7,0.9999986886978149
8249,8,8,1.0
8250,9,9,0.9997798800468445
8251,0,0,0.9999923706054688
8252,1,1,0.9999005794525146
8253,2,2,0.9997935891151428
8254,3,3,0.9998461008071899
8255,4,4,0.9991746544837952
8256,6,6,0.9997591376304626
8257,7,7,0.9997228980064392
8258,8,8,0.9996469020843506
8259,9,9,0.8270281553268433
8260,0,0,0.9999911785125732
8261,1,1,0.9999072551727295
8262,2,2,0.9998360872268677
8263,3,3,0.9996500015258789
8264,4,4,0.9999761581420898
8265,7,7,0.9998605251312256
8266,8,8,0.9999998807907104
8267,9,9,0.9287480115890503
8268,1,1,0.9999736547470093
8269,4,4,0.9999778270721436
8270,5,5,0.9999943971633911
8271,3,3,0.9999991655349731
8272,3,3,0.9999294281005859
8273,0,0,0.9928997755050659
8274,9,9,0.9995474219322205
8275,5,5,0.9994713664054871
8276,4,4,0.999987006187439
8277,3,3,0.9948208332061768
8278,0,0,0.9833225011825562
8279,8,8,0.9996600151062012
8280,4,4,0.9999794960021973
8281,6,6,0.9999825954437256
8282,7,7,0.9989005327224731
8283,0,0,0.9999701976776123
8284,7,7,0.9999057054519653
8285,7,7,0.999990701675415
8286,1,1,0.9998238682746887
8287,6,6,0.9999130964279175
8288,9,9,0.9996501207351685
8289,1,1,0.9999586343765259
8290,3,3,0.9992475509643555
8291,6,6,0.9999990463256836
8292,2,2,0.9999786615371704
8293,3,3,0.9998677968978882
8294,8,8,0.9999992847442627
8295,2,2,0.9999711513519287
8296,3,3,0.9985142350196838
8297,8,8,0.9999760389328003
8298,9,9,0.9975995421409607
8299,5,5,0.9999524354934692
8300,8,8,0.9999997615814209
8301,8,8,0.9999995231628418
8302,7,7,1.0
8303,1,1,0.9999301433563232
8304,7,7,0.9997909665107727
8305,1,1,0.999915599822998
8306,1,1,0.9999110698699951
8307,0,0,0.9999908208847046
8308,3,3,0.9999717473983765
8309,4,4,0.999997615814209
8310,2,2,0.9998918771743774
8311,6,6,0.9843429327011108
8312,4,4,0.9999977350234985
8313,7,7,0.9999256134033203
8314,4,4,0.999996542930603
8315,2,2,0.9998576641082764
8316,7,7,0.8881669640541077
8317,4,4,0.9998700618743896
8318,2,2,0.9992861151695251
8319,9,9,0.9992820620536804
8320,2,2,0.999853253364563
8321,7,7,0.9989172220230103
8322,9,9,0.9903106093406677
8323,2,2,0.9980995059013367
8324,1,1,0.9999685287475586
8325,0,0,0.6045458316802979
8326,6,6,0.9844709634780884
8327,5,5,0.9999949932098389
8328,3,3,0.9999998807907104
8329,4,4,0.9999921321868896
8330,8,8,0.9999110698699951
8331,5,5,0.9999973773956299
8332,9,7,0.5503066182136536
8333,6,6,0.9999971389770508
8334,9,9,0.998151957988739
8335,0,0,0.9999133348464966
8336,6,6,0.9999935626983643
8337,3,3,0.9999967813491821
8338,0,0,0.9999945163726807
8339,8,8,0.9979521632194519
8340,1,1,0.9999371767044067
8341,6,6,1.0
8342,0,0,0.9999352693557739
8343,0,0,0.9999696016311646
8344,1,1,0.9985746145248413
8345,2,2,1.0
8346,3,3,0.9999960660934448
8347,4,4,0.9998369216918945
8348,5,5,1.0
8349,6,6,0.9999477863311768
8350,7,7,0.9999983310699463
8351,0,0,0.9999207258224487
8352,1,1,0.9992088675498962
8353,2,2,0.9999904632568359
8354,3,3,0.9995255470275879
8355,4,4,0.9999986886978149
8356,7,7,0.9999997615814209
8357,8,8,0.9999988079071045
8358,9,9,0.9168199300765991
8359,0,0,0.9999887943267822
8360,1,1,0.9997987151145935
8361,2,2,0.9999984502792358
8362,3,3,0.9985697269439697
8363,4,4,0.9999970197677612
8364,7,7,0.9999933242797852
8365,2,2,1.0
8366,5,5,0.9999997615814209
8367,1,1,0.9993700385093689
8368,6,6,0.9999998807907104
8369,4,4,0.9999985694885254
8370,3,3,0.9999985694885254
8371,9,9,0.9999009370803833
8372,9,9,0.9996930360794067
8373,0,0,0.9999914169311523
8374,9,9,0.9942122101783752
8375,7,7,0.9974005222320557
8376,1,1,0.9653924703598022
8377,6,6,0.9999980926513672
8378,4,4,0.9998581409454346
8379,3,3,0.9998687505722046
8380,6,6,0.9999998807907104
8381,2,2,0.9997783303260803
8382,0,0,0.8616976141929626
8383,9,9,0.9968456625938416
8384,8,8,0.9999988079071045
8385,6,6,0.9999997615814209
8386,5,5,0.9999998807907104
8387,7,7,0.9999986886978149
8388,0,0,0.9998716115951538
8389,0,0,0.9997444748878479
8390,1,1,0.9998722076416016
8391,7,7,0.9999905824661255
8392,4,4,0.9999819993972778
8393,3,3,0.9999978542327881
8394,2,2,0.9999998807907104
8395,4,4,0.9999995231628418
8396,1,1,0.9975907802581787
8397,3,3,0.8539859056472778
8398,7,7,0.9999948740005493
8399,6,6,1.0
8400,4,4,0.9999996423721313
8401,7,7,1.0
8402,7,7,0.9999996423721313
8403,7,7,0.9999998807907104
8404,9,9,0.9999481439590454
8405,8,8,0.9999856948852539
8406,4,4,0.9746077656745911
8407,3,3,0.9999897480010986
8408,8,5,0.9769616723060608
8409,2,2,0.9999908208847046
8410,8,8,0.9939866065979004
8411,3,3,0.9999979734420776
8412,5,5,0.9999908208847046
8413,8,8,0.9998002648353577
8414,0,0,0.9999251365661621
8415,5,5,0.9999970197677612
8416,4,4,0.999982476234436
8417,7,7,0.9999998807907104
8418,1,1,0.9995197057723999
8419,3,3,0.9999886751174927
8420,1,1,0.9996582269668579
8421,7,7,0.9999991655349731
8422,9,9,0.9991255402565002
8423,6,6,0.9999990463256836
8424,2,2,1.0
8425,0,0,0.9990381002426147
8426,9,9,0.9998996257781982
8427,1,1,0.9996520280838013
8428,7,7,0.9999998807907104
8429,3,3,0.9998327493667603
8430,3,3,0.9999812841415405
8431,9,9,0.999011754989624
8432,1,1,0.9999469518661499
8433,6,6,0.9999998807907104
8434,4,4,1.0
8435,3,3,0.9999699592590332
8436,9,9,0.9999617338180542
8437,8,8,0.9999997615814209
8438,2,2,1.0
8439,1,1,0.9998890161514282
8440,8,8,0.9999949932098389
8441,6,6,0.9999963045120239
8442,4,4,0.9988860487937927
8443,1,1,0.9986323714256287
8444,5,5,0.9999982118606567
8445,5,5,1.0
8446,6,6,0.9999998807907104
8447,5,5,0.9999997615814209
8448,0,0,0.999992847442627
8449,1,1,0.9996461868286133
8450,2,2,1.0
8451,3,3,0.9999936819076538
8452,4,4,0.999945878982544
8453,5,5,0.999292254447937
8454,6,6,1.0
8455,7,7,0.9999998807907104
8456,8,8,0.9999549388885498
8457,9,9,0.9999624490737915
8458,0,0,0.9999991655349731
8459,1,1,0.8636749386787415
8460,2,2,1.0
8461,3,3,0.9999878406524658
8462,4,4,0.9999648332595825
8463,5,5,0.9999943971633911
8464,6,6,0.9999998807907104
8465,7,7,0.999919056892395
8466,8,8,0.9999932050704956
8467,9,9,0.9999781847000122
8468,0,0,0.9999947547912598
8469,1,1,0.9429457187652588
8470,2,2,0.9999998807907104
8471,3,3,0.9999971389770508
8472,4,4,0.9997841715812683
8473,5,5,0.9999897480010986
8474,6,6,0.9999997615814209
8475,7,7,0.9999961853027344
8476,8,8,0.9999821186065674
8477,9,9,0.9998610019683838
8478,6,6,0.9999998807907104
8479,9,9,0.9997796416282654
8480,7,7,1.0
8481,0,0,0.9999862909317017
8482,2,2,1.0
8483,3,3,0.9999955892562866
8484,4,4,0.9999996423721313
8485,3,3,0.9999966621398926
8486,8,8,0.9976451992988586
8487,5,5,0.9999998807907104
8488,1,1,0.9956710338592529
8489,3,3,0.999987006187439
8490,0,0,0.9999940395355225
8491,1,1,0.6638413071632385
8492,2,2,0.9999750852584839
8493,1,1,0.825492262840271
8494,3,3,0.9997437596321106
8495,2,2,0.9993870258331299
8496,0,0,0.9999927282333374
8497,7,7,0.9949350953102112
8498,2,2,0.9996505975723267
8499,6,6,0.9999980926513672
8500,4,4,1.0
8501,0,0,0.9999969005584717
8502,5,5,0.9952423572540283
8503,9,9,0.9998455047607422
8504,9,9,0.9852247834205627
8505,8,8,0.9999845027923584
8506,9,9,0.999832034111023
8507,5,5,0.9999974966049194
8508,3,3,0.9471178650856018
8509,1,1,0.7730684280395508
8510,7,7,0.9972134232521057
8511,4,4,0.9999407529830933
8512,7,7,0.9998353719711304
8513,0,0,0.9999717473983765
8514,0,0,0.999931812286377
8515,6,6,0.9999408721923828
8516,6,6,0.9999994039535522
8517,6,6,0.9999971389770508
8518,3,3,1.0
8519,7,7,0.9916227459907532
8520,4,4,0.6956506371498108
8521,2,2,0.9999954700469971
8522,8,2,0.5946133136749268
8523,9,9,0.9994506239891052
8524,8,8,0.9953582882881165
8525,7,7,0.999420166015625
8526,1,1,0.9821380376815796
8527,4,9,0.5615801215171814
8528,0,0,0.9999991655349731
8529,4,4,0.9999943971633911
8530,8,8,0.9998325109481812
8531,5,5,0.9999822378158569
8532,2,2,0.999997615814209
8533,3,3,0.999995231628418
8534,9,9,0.9995787739753723
8535,0,0,0.9999992847442627
8536,1,1,0.9997442364692688
8537,9,9,0.9999810457229614
8538,1,1,0.9970183372497559
8539,5,5,0.9999314546585083
8540,1,1,0.9993250370025635
8541,7,7,0.9994625449180603
8542,6,6,0.9999709129333496
8543,1,1,0.999761164188385
8544,2,2,1.0
8545,1,1,0.9995571970939636
8546,6,6,0.9999812841415405
8547,8,8,0.9999992847442627
8548,0,0,0.9999860525131226
8549,1,1,0.9988901019096375
8550,2,2,0.9999985694885254
8551,3,3,1.0
8552,4,4,1.0
8553,5,5,0.9999967813491821
8554,6,6,0.9999998807907104
8555,7,7,1.0
8556,8,8,0.9999972581863403
8557,9,9,0.999854326248169
8558,0,0,0.9968696236610413
8559,1,1,0.9998114705085754
8560,2,2,0.9999998807907104
8561,3,3,0.9999997615814209
8562,4,4,1.0
8563,5,5,0.9999990463256836
8564,6,6,0.9999823570251465
8565,7,7,0.9993898868560791
8566,8,8,1.0
8567,0,0,0.9999994039535522
8568,1,1,0.9999616146087646
8569,2,2,1.0
8570,3,3,1.0
8571,5,5,0.9999998807907104
8572,6,6,1.0
8573,7,7,1.0
8574,8,8,0.9999990463256836
8575,1,1,0.9998223185539246
8576,0,0,0.9999940395355225
8577,4,4,0.9999979734420776
8578,5,5,0.9999997615814209
8579,6,6,0.9999983310699463
8580,6,6,0.9999995231628418
8581,3,3,0.9999827146530151
8582,4,4,0.9999991655349731
8583,4,4,0.9999997615814209
8584,2,2,0.9999822378158569
8585,8,8,0.9999992847442627
8586,1,1,0.9999737739562988
8587,0,0,0.9999947547912598
8588,6,6,0.9999790191650391
8589,4,4,0.9999997615814209
8590,9,9,0.9998681545257568
8591,7,7,0.9999868869781494
8592,2,2,1.0
8593,9,9,0.9979050159454346
8594,2,2,0.9999990463256836
8595,0,0,0.9999947547912598
8596,9,9,0.9999842643737793
8597,3,3,0.999915361404419
8598,3,3,0.9999942779541016
8599,9,9,0.9999642372131348
8600,1,1,0.9995678067207336
8601,5,5,0.9999985694885254
8602,2,2,0.9999991655349731
8603,3,3,0.999995231628418
8604,1,1,0.9999463558197021
8605,6,6,0.9999997615814209
8606,7,7,0.999968409538269
8607,3,3,0.8478399515151978
8608,7,7,0.9999922513961792
8609,8,8,0.999998927116394
8610,4,4,0.9999992847442627
8611,0,0,0.9999953508377075
8612,2,2,1.0
8613,4,4,0.999964714050293
8614,0,0,0.9999527931213379
8615,2,2,0.9999966621398926
8616,4,4,0.9999949932098389
8617,7,7,0.999997615814209
8618,8,8,0.9999990463256836
8619,0,0,0.999998927116394
8620,7,7,0.9999991655349731
8621,0,0,0.9999772310256958
8622,6,6,1.0
8623,9,9,0.9998325109481812
8624,3,3,0.9972946047782898
8625,2,2,1.0
8626,4,4,0.9999980926513672
8627,8,8,0.9999988079071045
8628,6,6,0.9999966621398926
8629,0,0,0.9999452829360962
8630,5,5,0.9999988079071045
8631,7,7,0.9999659061431885
8632,5,5,0.9999995231628418
8633,1,1,0.9993736147880554
8634,0,0,0.9999793767929077
8635,8,8,0.9999861717224121
8636,1,1,0.9991725087165833
8637,6,6,0.9999817609786987
8638,7,7,0.9999996423721313
8639,2,2,0.9999991655349731
8640,9,9,0.9999293088912964
8641,7,7,0.9999996423721313
8642,9,9,0.9999773502349854
8643,5,5,0.9999994039535522
8644,6,6,0.9999998807907104
8645,5,5,0.9999991655349731
8646,2,2,1.0
8647,6,6,0.9999978542327881
8648,2,2,0.9999997615814209
8649,8,8,0.9999966621398926
8650,1,1,0.9994712471961975
8651,7,7,0.9999998807907104
8652,5,5,0.9999982118606567
8653,5,5,0.999403715133667
8654,7,7,0.9999188184738159
8655,3,3,0.9999738931655884
8656,5,5,0.9999773502349854
8657,0,0,0.9999996423721313
8658,1,1,0.999908447265625
8659,1,1,0.9999531507492065
8660,3,3,0.9999997615814209
8661,8,8,0.9999970197677612
8662,4,4,1.0
8663,9,9,0.9999934434890747
8664,4,4,0.9999997615814209
8665,5,5,0.9999998807907104
8666,1,1,0.9998432397842407
8667,8,8,0.9999978542327881
8668,6,6,1.0
8669,8,8,1.0
8670,9,9,0.9999959468841553
8671,0,0,0.9999986886978149
8672,1,1,0.9994840621948242
8673,2,2,0.9999996423721313
8674,3,3,0.9999470710754395
8675,4,4,1.0
8676,5,5,0.9999997615814209
8677,6,6,1.0
8678,7,7,0.9999774694442749
8679,8,8,0.9999905824661255
8680,9,9,0.9999760389328003
8681,0,0,0.9999147653579712
8682,1,1,0.999880313873291
8683,2,2,0.9999996423721313
8684,3,3,0.9999926090240479
8685,4,4,1.0
8686,5,5,0.9999836683273315
8687,6,6,1.0
8688,7,7,0.9999500513076782
8689,8,8,0.9999992847442627
8690,9,9,0.9999654293060303
8691,0,0,0.9999582767486572
8692,1,1,0.9998891353607178
8693,2,2,0.9999995231628418
8694,3,3,0.9999998807907104
8695,4,4,0.9999995231628418
8696,5,5,1.0
8697,6,6,1.0
8698,7,7,0.9999985694885254
8699,8,8,0.9999972581863403
8700,9,9,0.9993239641189575
8701,3,3,1.0
8702,5,5,0.9999961853027344
8703,3,3,0.9999873638153076
8704,2,2,1.0
8705,9,9,0.9998830556869507
8706,3,3,0.9999995231628418
8707,2,2,1.0
8708,1,1,0.9998204112052917
8709,4,4,0.999998927116394
8710,5,5,0.9999995231628418
8711,5,5,0.9999980926513672
8712,2,2,1.0
8713,3,3,0.9999912977218628
8714,2,2,0.9999854564666748
8715,1,1,0.9984517097473145
8716,3,3,0.9999994039535522
8717,9,9,0.9999510049819946
8718,7,7,0.9998456239700317
8719,2,2,0.9999971389770508
8720,1,1,0.9999340772628784
8721,2,2,0.9999992847442627
8722,8,8,0.999997615814209
8723,9,9,0.9997029900550842
8724,1,1,0.9997838139533997
8725,8,8,0.9999828338623047
8726,8,8,0.9999923706054688
8727,7,7,0.9999932050704956
8728,8,8,0.9999959468841553
8729,1,1,0.9998488426208496
8730,0,0,0.9999967813491821
8731,0,0,0.9999986886978149
8732,6,6,0.9999998807907104
8733,7,7,0.9999983310699463
8734,7,7,0.9999998807907104
8735,8,8,0.9998910427093506
8736,7,7,0.9989499449729919
8737,5,5,0.9999991655349731
8738,0,0,0.9994268417358398
8739,6,6,0.9999998807907104
8740,1,1,0.9998648166656494
8741,5,5,0.9999948740005493
8742,7,7,0.99189692735672
8743,4,4,0.9999998807907104
8744,6,6,0.9999996423721313
8745,1,1,0.9997798800468445
8746,2,2,1.0
8747,5,5,0.9999998807907104
8748,0,0,0.9999771118164062
8749,7,7,0.9999985694885254
8750,9,9,0.999969482421875
8751,9,9,0.9999513626098633
8752,0,0,0.9998354911804199
8753,3,3,0.999995231628418
8754,4,4,1.0
8755,4,4,0.9999998807907104
8756,8,8,0.9996267557144165
8757,4,4,0.9999998807907104
8758,1,1,0.9997605681419373
8759,8,8,0.9992515444755554
8760,6,6,1.0
8761,5,5,0.9999991655349731
8762,9,9,0.9998661279678345
8763,0,0,0.99994957447052
8764,0,0,0.9999792575836182
8765,0,0,0.9999639987945557
8766,3,3,1.0
8767,7,7,0.999998927116394
8768,1,1,0.9998737573623657
8769,6,6,0.9999977350234985
8770,4,4,1.0
8771,6,6,1.0
8772,0,0,0.9999978542327881
8773,4,4,0.9999992847442627
8774,5,5,1.0
8775,4,4,0.9999954700469971
8776,1,1,0.9997816681861877
8777,3,3,0.9999998807907104
8778,8,8,0.9999771118164062
8779,6,6,1.0
8780,3,3,1.0
8781,9,9,0.996181845664978
8782,9,9,0.9992470741271973
8783,5,5,1.0
8784,9,9,0.9999899864196777
8785,3,3,0.9999819993972778
8786,7,7,1.0
8787,8,8,0.9999219179153442
8788,5,5,0.9999066591262817
8789,6,6,1.0
8790,4,4,1.0
8791,7,7,0.9999901056289673
8792,6,6,0.9999998807907104
8793,2,2,1.0
8794,2,2,1.0
8795,0,0,0.999961256980896
8796,9,9,0.9999829530715942
8797,4,4,0.9999996423721313
8798,0,0,0.9999991655349731
8799,1,1,0.9999392032623291
8800,2,2,1.0
8801,3,3,0.9999978542327881
8802,4,4,1.0
8803,5,5,1.0
8804,6,6,0.9999992847442627
8805,7,7,0.9999933242797852
8806,8,8,0.9999498128890991
8807,9,9,0.9998016953468323
8808,0,0,0.999998927116394
8809,1,1,0.9999655485153198
8810,2,2,0.9998992681503296
8811,3,3,1.0
8812,4,4,0.9999995231628418
8813,5,5,1.0
8814,6,6,1.0
8815,7,7,0.9999943971633911
8816,8,8,0.9995900988578796
8817,9,9,0.9999619722366333
8818,0,0,0.9999967813491821
8819,1,1,0.9999099969863892
8820,2,2,1.0
8821,3,3,0.9999433755874634
8822,4,4,0.9999998807907104
8823,5,5,0.9999998807907104
8824,6,6,1.0
8825,7,7,0.9999748468399048
8826,8,8,0.9999779462814331
8827,9,9,0.9995836615562439
8828,6,6,1.0
8829,4,4,0.9999969005584717
8830,2,2,0.9999998807907104
8831,6,6,1.0
8832,4,4,1.0
8833,7,7,0.9999988079071045
8834,5,5,1.0
8835,5,5,1.0
8836,4,4,1.0
8837,7,7,0.9999969005584717
8838,2,2,1.0
8839,9,9,0.9999667406082153
8840,3,3,1.0
8841,9,9,0.9999715089797974
8842,3,3,0.9999902248382568
8843,8,8,0.9999909400939941
8844,2,2,1.0
8845,0,0,0.9999942779541016
8846,9,9,0.9997672438621521
8847,5,5,0.9994291663169861
8848,6,6,0.9999991655349731
8849,0,0,0.9999862909317017
8850,1,1,0.9998515844345093
8851,0,0,0.9999867677688599
8852,6,6,1.0
8853,5,5,0.9999997615814209
8854,3,3,0.9999996423721313
8855,5,5,1.0
8856,3,3,0.9999995231628418
8857,8,8,0.9999971389770508
8858,0,0,0.999997615814209
8859,0,0,0.9999946355819702
8860,3,3,0.9999994039535522
8861,4,4,0.9999998807907104
8862,1,1,0.9998025298118591
8863,5,5,0.9999991655349731
8864,3,3,0.9999996423721313
8865,0,0,0.9999979734420776
8866,8,8,0.9999572038650513
8867,3,3,0.9999853372573853
8868,0,0,0.9999979734420776
8869,6,6,0.9999990463256836
8870,2,2,1.0
8871,7,7,0.999998927116394
8872,8,8,0.999998927116394
8873,1,1,0.9996076226234436
8874,7,7,0.9999916553497314
8875,1,1,0.9996944665908813
8876,3,3,0.9999995231628418
8877,8,8,0.9999986886978149
8878,5,5,0.9999995231628418
8879,4,4,1.0
8880,2,2,1.0
8881,0,0,0.9999784231185913
8882,9,9,0.9991698265075684
8883,7,7,1.0
8884,6,6,1.0
8885,7,7,0.9997685551643372
8886,4,4,0.9999995231628418
8887,1,1,0.9999310970306396
8888,6,6,0.9999998807907104
8889,2,2,0.9999423027038574
8890,6,6,0.999997615814209
8891,7,7,0.9999990463256836
8892,1,1,0.9994670748710632
8893,9,9,0.9999368190765381
8894,8,8,0.9999947547912598
8895,0,0,0.999992847442627
8896,6,6,0.9999988079071045
8897,9,9,0.9719352722167969
8898,4,4,0.9999998807907104
8899,9,9,0.9999641180038452
8900,9,9,0.9997584223747253
8901,6,6,0.9999949932098389
8902,2,2,1.0
8903,3,3,0.9999996423721313
8904,7,7,0.9999862909317017
8905,1,1,0.9998965263366699
8906,9,9,0.9668601155281067
8907,2,2,0.9999998807907104
8908,2,2,0.9999594688415527
8909,5,5,0.9999998807907104
8910,3,3,0.9999994039535522
8911,7,7,0.9999613761901855
8912,8,8,0.9989724159240723
8913,0,0,0.9988135099411011
8914,1,1,0.9999648332595825
8915,2,2,0.9999996423721313
8916,3,3,0.9999988079071045
8917,4,4,0.9999967813491821
8918,7,7,0.9999313354492188
8919,8,8,1.0
8920,9,9,0.9998459815979004
8921,0,0,0.9999479055404663
8922,1,1,0.9998950958251953
8923,2,2,0.9999957084655762
8924,3,3,0.9999998807907104
8925,4,4,1.0
8926,7,7,0.9999998807907104
8927,8,8,0.9999992847442627
8928,9,9,0.999659538269043
8929,0,0,0.9999902248382568
8930,1,1,0.9999582767486572
8931,7,7,0.9999902248382568
8932,8,8,0.9999997615814209
8933,9,9,0.9998291730880737
8934,8,8,0.9999988079071045
8935,9,9,0.9999949932098389
8936,2,2,1.0
8937,6,6,1.0
8938,1,1,0.9999568462371826
8939,3,3,0.9999996423721313
8940,5,5,0.9999985694885254
8941,4,4,0.9999967813491821
8942,8,8,0.9998693466186523
8943,2,2,0.9999972581863403
8944,6,6,0.9999746084213257
8945,4,4,0.9999998807907104
8946,3,3,0.9999994039535522
8947,4,4,0.9999831914901733
8948,5,5,0.9999874830245972
8949,9,9,0.9999593496322632
8950,2,2,0.9999943971633911
8951,0,0,0.9999687671661377
8952,3,3,0.9987677335739136
8953,9,9,0.9996494054794312
8954,4,4,0.9995660185813904
8955,9,9,0.9999083280563354
8956,7,7,0.9993731379508972
8957,3,3,0.9999997615814209
8958,8,8,0.9999889135360718
8959,7,7,0.9999982118606567
8960,4,4,1.0
8961,4,4,0.9999971389770508
8962,9,9,0.9996204376220703
8963,8,8,0.9999426603317261
8964,5,5,0.9999134540557861
8965,8,8,0.9999998807907104
8966,2,2,0.999998927116394
8967,6,6,0.9999939203262329
8968,6,6,1.0
8969,2,2,1.0
8970,3,3,0.9999998807907104
8971,1,1,0.9999538660049438
8972,3,3,1.0
8973,2,2,0.9999998807907104
8974,7,7,0.9999948740005493
8975,3,3,0.9997350573539734
8976,1,1,0.9999513626098633
8977,9,9,0.9999443292617798
8978,0,0,0.9999990463256836
8979,1,1,0.9998428821563721
8980,1,1,0.9999585151672363
8981,3,3,0.9999884366989136
8982,5,5,0.9999943971633911
8983,0,0,0.9999701976776123
8984,7,7,0.9999871253967285
8985,8,8,1.0
8986,1,1,0.9999196529388428
8987,5,5,0.9999998807907104
8988,1,1,0.9999669790267944
8989,4,4,0.9999997615814209
8990,6,6,0.9999998807907104
8991,0,0,0.9999995231628418
8992,0,0,0.9999978542327881
8993,4,4,0.9999850988388062
8994,9,9,0.9999648332595825
8995,1,1,0.9999083280563354
8996,6,6,0.9999996423721313
8997,6,6,0.9999998807907104
8998,9,9,0.9995817542076111
8999,0,0,0.9998950958251953
9000,7,7,0.9999983310699463
9001,6,6,0.9999983310699463
9002,1,1,0.9999624490737915
9003,1,1,0.9999083280563354
9004,0,0,0.9994072914123535
9005,1,1,0.9996969699859619
9006,2,2,0.9992357492446899
9007,3,3,1.0
9008,4,4,0.9999958276748657
9009,7,2,0.6247254014015198
9010,2,2,0.9909921884536743
9011,3,3,0.9999995231628418
9012,4,4,0.9934642910957336
9013,5,5,0.9999305009841919
9014,6,6,0.9999721050262451
9015,7,7,0.5882670879364014
9016,0,0,0.9000884890556335
9017,1,1,0.9996090531349182
9018,2,2,0.9993771910667419
9019,7,7,0.8116247057914734
9020,8,8,0.9999963045120239
9021,6,6,1.0
9022,3,3,0.9999850988388062
9023,9,9,0.9999154806137085
9024,7,7,0.9350880980491638
9025,1,1,0.9364040493965149
9026,9,9,0.9999504089355469
9027,3,3,0.9999895095825195
9028,9,9,0.9973461627960205
9029,6,6,0.9999992847442627
9030,1,1,0.9998975992202759
9031,7,7,0.9999723434448242
9032,2,2,0.9947652816772461
9033,4,4,0.9999949932098389
9034,4,4,0.9999786615371704
9035,5,5,0.9999706745147705
9036,7,7,0.986016571521759
9037,0,0,0.9999771118164062
9038,0,0,0.9572939276695251
9039,1,1,0.9997841715812683
9040,6,6,0.999990701675415
9041,6,6,1.0
9042,8,8,1.0
9043,2,2,0.9997904896736145
9044,7,7,0.9985252022743225
9045,7,7,0.9960592985153198
9046,2,2,0.9937587976455688
9047,4,4,0.9999939203262329
9048,2,2,0.9999920129776001
9049,1,1,0.9999309778213501
9050,6,6,0.9999454021453857
9051,1,1,0.7554494142532349
9052,0,0,0.9999920129776001
9053,6,6,0.9999994039535522
9054,9,9,0.9768182039260864
9055,8,8,0.9999998807907104
9056,3,3,0.9999985694885254
9057,9,9,0.9851340055465698
9058,6,6,0.9999994039535522
9059,3,3,0.9999991655349731
9060,0,0,0.9999996423721313
9061,1,1,0.9099974036216736
9062,2,2,0.9999591112136841
9063,3,3,0.9998410940170288
9064,4,4,1.0
9065,5,5,1.0
9066,6,6,1.0
9067,7,7,0.9999992847442627
9068,8,8,0.9998966455459595
9069,9,9,0.9990463852882385
9070,0,0,0.999998927116394
9071,1,1,0.47318220138549805
9072,2,2,0.9999945163726807
9073,3,3,0.9999905824661255
9074,4,4,0.9999992847442627
9075,5,5,1.0
9076,6,6,0.9999996423721313
9077,7,7,1.0
9078,8,8,0.9999969005584717
9079,9,9,0.9999873638153076
9080,0,0,0.9999903440475464
9081,1,1,0.9902058243751526
9082,2,2,0.9999829530715942
9083,3,3,1.0
9084,4,4,0.9999024868011475
9085,5,5,0.9998965263366699
9086,6,6,0.9999998807907104
9087,7,7,1.0
9088,8,8,0.9999593496322632
9089,9,9,0.9998955726623535
9090,1,1,0.9996304512023926
9091,6,6,0.9999998807907104
9092,8,8,0.9999741315841675
9093,9,9,0.998936116695404
9094,9,9,0.9999005794525146
9095,0,0,0.9999997615814209
9096,1,1,0.9983422756195068
9097,2,2,0.9999988079071045
9098,4,4,0.9999977350234985
9099,4,4,0.9999983310699463
9100,3,3,1.0
9101,7,7,0.9999996423721313
9102,4,4,0.999994158744812
9103,4,4,0.9997459053993225
9104,4,4,0.9999874830245972
9105,0,0,0.9999854564666748
9106,3,3,1.0
9107,8,8,0.9999992847442627
9108,7,7,1.0
9109,5,5,1.0
9110,8,8,0.9996871948242188
9111,2,2,0.999996542930603
9112,1,1,0.9795896410942078
9113,7,7,0.9999914169311523
9114,5,5,0.9999998807907104
9115,3,3,0.9999998807907104
9116,8,8,0.9999991655349731
9117,5,5,0.9999957084655762
9118,2,2,0.9999984502792358
9119,5,5,1.0
9120,1,1,0.999338686466217
9121,1,1,0.9993256330490112
9122,6,6,0.9999997615814209
9123,2,2,0.99998939037323
9124,1,1,0.9999269247055054
9125,3,3,1.0
9126,8,8,0.9999628067016602
9127,6,6,0.9999986886978149
9128,4,4,0.9986591339111328
9129,2,2,0.9999990463256836
9130,6,6,0.9999997615814209
9131,2,2,0.9999922513961792
9132,5,5,0.9999996423721313
9133,5,5,0.9999990463256836
9134,0,0,0.9997463822364807
9135,2,2,0.9999985694885254
9136,8,8,0.9999699592590332
9137,0,0,0.9999967813491821
9138,6,6,1.0
9139,8,8,0.9998311996459961
9140,1,1,0.9998866319656372
9141,7,7,0.9998321533203125
9142,9,9,0.9999619722366333
9143,1,1,0.9997140765190125
9144,9,9,0.9999253749847412
9145,2,2,0.9999967813491821
9146,6,6,0.9999990463256836
9147,7,7,0.9999986886978149
9148,6,6,0.9999994039535522
9149,6,6,0.9999995231628418
9150,8,8,0.9998490810394287
9151,7,7,0.999972939491272
9152,4,4,0.999998927116394
9153,9,9,0.9998028874397278
9154,2,2,1.0
9155,1,1,0.9935747981071472
9156,3,3,0.9999955892562866
9157,3,3,1.0
9158,0,0,0.998389482498169
9159,5,5,0.9999998807907104
9160,5,5,1.0
9161,8,8,0.9997976422309875
9162,0,0,0.9999574422836304
9163,3,3,0.9997336268424988
9164,7,7,1.0
9165,9,9,0.9998900890350342
9166,7,7,1.0
9167,0,0,1.0
9168,2,2,0.999717652797699
9169,7,7,0.9999803304672241
9170,9,9,0.9989424347877502
9171,1,1,0.9988059997558594
9172,7,7,0.9999842643737793
9173,8,8,0.9999819993972778
9174,0,0,0.9999977350234985
9175,3,3,0.9999990463256836
9176,5,5,0.9999996423721313
9177,3,3,0.9999998807907104
9178,6,6,1.0
9179,0,0,0.999995231628418
9180,1,1,0.9999771118164062
9181,2,2,0.9999855756759644
9182,3,3,0.9999897480010986
9183,4,4,0.999846339225769
9184,5,5,1.0
9185,6,6,0.9999991655349731
9186,7,7,0.9999996423721313
9187,8,8,0.9999276399612427
9188,9,9,0.9986371397972107
9189,0,0,0.9999979734420776
9190,1,1,0.9999285936355591
9191,2,2,0.998599112033844
9192,3,3,0.9999792575836182
9193,4,4,0.9999992847442627
9194,5,5,0.9999990463256836
9195,6,6,0.9999991655349731
9196,7,7,0.9999985694885254
9197,8,8,0.999983549118042
9198,9,9,0.9995338916778564
9199,0,0,0.9999822378158569
9200,1,1,0.999691367149353
9201,2,2,0.9999891519546509
9202,3,3,0.9791437983512878
9203,4,4,0.999970555305481
9204,7,7,0.9999864101409912
9205,8,8,0.9998880624771118
9206,9,9,0.9995833039283752
9207,6,6,0.9999995231628418
9208,4,4,0.9962802529335022
9209,2,2,0.9999518394470215
9210,6,6,0.9995482563972473
9211,4,4,0.9993195533752441
9212,7,7,0.9999927282333374
9213,8,8,0.9999974966049194
9214,9,9,0.9970819354057312
9215,2,2,0.9999947547912598
9216,9,9,0.9840705394744873
9217,3,3,0.999985933303833
9218,9,9,0.9997597336769104
9219,3,3,0.9999959468841553
9220,0,0,0.9999990463256836
9221,0,0,0.9998900890350342
9222,1,1,0.9998505115509033
9223,0,0,0.9999781847000122
9224,4,4,0.9999947547912598
9225,2,2,0.9996901750564575
9226,6,6,0.9999998807907104
9227,3,3,0.9994895458221436
9228,5,5,0.9999995231628418
9229,3,3,0.9999992847442627
9230,0,0,0.9999991655349731
9231,3,3,0.9999984502792358
9232,4,4,0.999993085861206
9233,1,1,0.9999785423278809
9234,5,5,1.0
9235,3,3,1.0
9236,0,0,0.9999915361404419
9237,8,8,0.9999951124191284
9238,3,3,0.9999511241912842
9239,0,0,0.9999998807907104
9240,6,6,0.9999979734420776
9241,1,1,0.9999599456787109
9242,7,7,0.9999983310699463
9243,8,8,0.9998114705085754
9244,0,0,0.9999985694885254
9245,9,9,0.9984519481658936
9246,2,2,0.9999840259552002
9247,6,6,0.9999998807907104
9248,7,7,0.9999580383300781
9249,1,1,0.9998798370361328
9250,9,9,0.9998501539230347
9251,6,6,0.9999998807907104
9252,9,9,0.992760419845581
9253,4,4,0.9625402092933655
9254,9,9,0.9996501207351685
9255,9,9,0.9994603991508484
9256,6,6,0.9999971389770508
9257,7,7,0.9999773502349854
9258,1,1,0.999946117401123
9259,2,2,0.999427855014801
9260,5,5,0.9999991655349731
9261,3,3,0.9999998807907104
9262,7,7,0.9999918937683105
9263,8,8,0.9999979734420776
9264,0,0,0.999996542930603
9265,1,1,0.9995536208152771
9266,2,2,0.9999998807907104
9267,4,4,0.999967098236084
9268,5,5,0.9999961853027344
9269,6,6,0.9999998807907104
9270,7,7,1.0
9271,8,8,0.9999990463256836
9272,9,9,0.9999904632568359
9273,0,0,0.9999784231185913
9274,1,1,0.9999274015426636
9275,3,3,0.9999746084213257
9276,4,4,1.0
9277,5,5,0.9999986886978149
9278,6,6,0.9999998807907104
9279,7,7,1.0
9280,8,8,0.9556261897087097
9281,0,0,0.9999957084655762
9282,1,1,0.9999463558197021
9283,3,3,0.9999991655349731
9284,4,4,1.0
9285,7,7,1.0
9286,8,8,0.9999991655349731
9287,9,9,0.9996134638786316
9288,7,7,0.9999994039535522
9289,5,5,0.9999936819076538
9290,5,5,0.9995908141136169
9291,1,1,0.9999397993087769
9292,9,9,0.9999819993972778
9293,9,9,0.9989798665046692
9294,7,7,1.0
9295,1,1,0.9998799562454224
9296,0,0,0.9999489784240723
9297,0,0,0.99997878074646
9298,5,5,0.9999998807907104
9299,9,9,0.9999260902404785
9300,7,7,1.0
9301,1,1,0.9997109770774841
9302,7,7,1.0
9303,2,2,0.9999878406524658
9304,2,2,0.9999984502792358
9305,3,3,0.9999761581420898
9306,6,6,1.0
9307,8,8,0.9999914169311523
9308,3,3,0.9990474581718445
9309,2,2,0.9998353719711304
9310,0,0,0.9999955892562866
9311,0,0,0.9999903440475464
9312,6,6,1.0
9313,1,1,0.9997656941413879
9314,7,7,0.9999998807907104
9315,5,5,0.9999605417251587
9316,8,8,0.9459789991378784
9317,6,6,1.0
9318,2,2,0.9990695118904114
9319,9,9,0.9999620914459229
9320,4,4,0.9999821186065674
9321,8,8,0.9995055198669434
9322,8,8,0.9999929666519165
9323,7,7,1.0
9324,1,1,0.9999041557312012
9325,0,0,0.9999620914459229
9326,8,8,0.9999752044677734
9327,7,7,1.0
9328,7,7,1.0
9329,5,5,1.0
9330,8,8,0.999972939491272
9331,5,5,0.9987454414367676
9332,3,3,0.9999921321868896
9333,4,4,0.9999994039535522
9334,6,6,1.0
9335,1,1,0.9997250437736511
9336,1,1,0.9999179840087891
9337,5,5,0.9999790191650391
9338,5,5,0.9999970197677612
9339,0,0,0.999953031539917
9340,7,7,0.9999994039535522
9341,2,2,0.9999063014984131
9342,3,3,0.9723543524742126
9343,6,6,1.0
9344,4,4,0.9999998807907104
9345,1,1,0.9999741315841675
9346,2,2,0.9999983310699463
9347,4,4,0.9999988079071045
9348,1,1,0.9998688697814941
9349,5,5,0.9999963045120239
9350,4,4,0.9999879598617554
9351,2,2,0.9999973773956299
9352,0,0,0.999997615814209
9353,4,4,0.9999961853027344
9354,8,8,0.9999947547912598
9355,6,6,0.9999997615814209
9356,1,1,0.9995390176773071
9357,9,9,0.9999744892120361
9358,0,0,0.999984622001648
9359,2,2,0.9999991655349731
9360,5,5,0.999995231628418
9361,6,6,1.0
9362,9,9,0.9994202852249146
9363,3,3,0.9999986886978149
9364,6,6,0.9999998807907104
9365,3,3,0.9999997615814209
9366,6,6,0.9999988079071045
9367,0,0,0.9999998807907104
9368,1,1,0.9996587038040161
9369,2,2,1.0
9370,3,3,0.9999998807907104
9371,4,4,1.0
9372,5,5,0.9999998807907104
9373,6,6,1.0
9374,7,7,0.9999997615814209
9375,8,8,0.9993199110031128
9376,9,9,0.9999939203262329
9377,0,0,0.9999939203262329
9378,1,1,0.9996057152748108
9379,2,2,0.9999982118606567
9380,3,3,0.9999992847442627
9381,4,4,0.999996542930603
9382,5,5,0.9996664524078369
9383,6,6,0.9999996423721313
9384,7,7,0.9999998807907104
9385,8,8,0.9974445104598999
9386,9,9,0.999873161315918
9387,0,0,0.9996144771575928
9388,1,1,0.9943801760673523
9389,2,2,1.0
9390,3,3,0.9999428987503052
9391,5,5,0.9999961853027344
9392,6,6,0.9999970197677612
9393,7,7,0.9999997615814209
9394,8,8,0.9999293088912964
9395,1,1,0.9995537400245667
9396,0,0,0.9999997615814209
9397,9,9,0.999900221824646
9398,5,5,0.9999996423721313
9399,7,7,0.9999926090240479
9400,5,5,0.999930739402771
9401,1,1,0.9997205138206482
9402,8,8,0.999997615814209
9403,6,6,1.0
9404,9,9,0.9997941851615906
9405,0,0,0.9999963045120239
9406,4,4,0.9999923706054688
9407,1,1,0.9994449019432068
9408,9,9,0.9999837875366211
9409,3,3,0.9999896287918091
9410,8,8,0.9999403953552246
9411,4,4,0.9999622106552124
9412,4,4,0.9999958276748657
9413,7,7,0.9999551773071289
9414,0,0,0.9999974966049194
9415,1,1,0.9997368454933167
9416,9,9,0.9999711513519287
9417,2,2,0.9999998807907104
9418,8,8,0.9997722506523132
9419,7,7,0.9999998807907104
9420,8,8,0.9999996423721313
9421,2,2,0.9999520778656006
9422,5,5,0.999052107334137
9423,9,9,0.998908281326294
9424,6,6,1.0
9425,0,0,0.9979429841041565
9426,6,6,0.9999668598175049
9427,5,5,0.9999963045120239
9428,5,5,0.9999998807907104
9429,3,3,0.9999988079071045
9430,3,3,1.0
9431,3,3,1.0
9432,9,9,0.9999667406082153
9433,8,8,0.9999397993087769
9434,1,1,0.9999157190322876
9435,1,1,0.9998231530189514
9436,0,0,0.9999935626983643
9437,6,6,0.9999998807907104
9438,1,1,0.9998264908790588
9439,0,0,0.9999983310699463
9440,0,0,0.9999942779541016
9441,6,6,1.0
9442,2,2,1.0
9443,1,1,0.9999034404754639
9444,1,1,0.9998025298118591
9445,3,3,1.0
9446,2,2,0.996317982673645
9447,7,7,0.9997093081474304
9448,7,7,0.99992835521698
9449,8,8,0.9999996423721313
9450,8,8,0.9870364665985107
9451,7,7,0.9999991655349731
9452,8,8,0.9999990463256836
9453,4,4,0.9999995231628418
9454,6,6,0.9999986886978149
9455,0,0,0.9999672174453735
9456,2,2,0.9851499795913696
9457,0,0,0.9998193383216858
9458,7,7,0.9999971389770508
9459,0,0,0.9999978542327881
9460,3,3,1.0
9461,6,6,1.0
9462,8,8,0.9999970197677612
9463,7,7,0.9957433342933655
9464,1,1,0.9994705319404602
9465,5,5,0.9999988079071045
9466,9,9,0.9998520612716675
9467,9,9,0.9999717473983765
9468,3,3,0.9999843835830688
9469,7,7,0.9999600648880005
9470,2,2,0.9999920129776001
9471,4,4,0.999976634979248
9472,9,9,0.9999879598617554
9473,4,4,0.9999996423721313
9474,3,3,0.9999196529388428
9475,6,6,1.0
9476,2,2,0.9999998807907104
9477,2,2,0.999994158744812
9478,5,5,0.9992867112159729
9479,3,3,0.9999970197677612
9480,2,2,1.0
9481,5,5,0.9999979734420776
9482,5,5,0.9999843835830688
9483,9,9,0.9999120235443115
9484,4,4,0.9999988079071045
9485,1,1,0.9999067783355713
9486,7,7,0.9999984502792358
9487,2,2,0.9999990463256836
9488,0,0,0.9999701976776123
9489,1,1,0.998994767665863
9490,2,2,0.9994953870773315
9491,3,3,0.9999010562896729
9492,4,4,0.9995612502098083
9493,5,5,0.999985933303833
9494,6,6,0.9998959302902222
9495,7,7,0.9999986886978149
9496,8,8,0.9999991655349731
9497,9,9,0.9892582297325134
9498,0,0,0.9999996423721313
9499,1,1,0.9996492862701416
9500,2,2,0.993866503238678
9501,3,3,0.9999873638153076
9502,4,4,0.9999955892562866
9503,5,5,0.999997615814209
9504,6,6,0.9999998807907104
9505,7,7,0.9672891497612
9506,8,8,0.9999992847442627
9507,9,9,0.9980742931365967
9508,0,0,0.9999780654907227
9509,1,1,0.9992220401763916
9510,2,2,0.9999970197677612
9511,3,3,0.9999297857284546
9512,4,4,0.9997637867927551
9513,5,5,0.999991774559021
9514,6,6,0.9999966621398926
9515,7,7,0.9999988079071045
9516,8,8,0.9999998807907104
9517,9,9,0.98700350522995
9518,1,1,0.9990406632423401
9519,0,0,0.9999988079071045
9520,1,1,0.9998842477798462
9521,2,2,0.9999915361404419
9522,7,7,0.9998152852058411
9523,5,5,0.999998927116394
9524,3,3,0.9999668598175049
9525,4,4,0.9998962879180908
9526,4,4,0.9999825954437256
9527,0,0,0.9859977960586548
9528,0,0,0.9999996423721313
9529,6,6,1.0
9530,9,8,0.5313947200775146
9531,6,6,0.999997615814209
9532,6,6,0.9999966621398926
9533,5,5,0.9999901056289673
9534,7,7,0.9985061287879944
9535,2,2,0.9998595714569092
9536,3,3,0.9985117316246033
9537,4,4,0.9999942779541016
9538,4,4,0.9555822014808655
9539,9,9,0.9326989650726318
9540,1,8,0.5282516479492188
9541,4,4,0.9992443323135376
9542,0,0,0.9987127780914307
9543,7,7,0.9999990463256836
9544,9,9,0.978976845741272
9545,5,5,0.9999974966049194
9546,7,7,0.9999340772628784
9547,2,2,1.0
9548,3,3,0.9999898672103882
9549,1,1,0.9974848031997681
9550,4,4,0.9999295473098755
9551,4,4,0.9999943971633911
9552,0,0,0.9995133876800537
9553,9,9,0.9963828325271606
9554,9,9,0.9527146816253662
9555,6,6,1.0
9556,1,1,0.9985125660896301
9557,8,8,0.9999752044677734
9558,3,3,0.9999172687530518
9559,3,3,0.9999897480010986
9560,7,7,0.9983687996864319
9561,3,3,0.9999958276748657
9562,9,9,0.9933109283447266
9563,8,8,0.999998927116394
9564,8,8,0.9999861717224121
9565,4,4,0.9999996423721313
9566,7,7,0.9999979734420776
9567,7,7,0.9999929666519165
9568,6,6,0.9999998807907104
9569,2,2,0.9999562501907349
9570,1,1,0.9998492002487183
9571,9,9,0.901619553565979
9572,8,8,0.9999958276748657
9573,7,7,0.9999996423721313
9574,8,8,0.9999998807907104
9575,8,8,0.9999945163726807
9576,7,7,0.999140739440918
9577,2,2,0.9969058632850647
9578,2,2,1.0
9579,3,3,0.9999635219573975
9580,9,9,0.9927319884300232
9581,3,3,0.9999997615814209
9582,3,3,0.9999880790710449
9583,5,5,0.9999856948852539
9584,5,5,1.0
9585,0,0,0.9999017715454102
9586,7,7,0.9999352693557739
9587,9,9,0.9018192291259766
9588,5,5,0.9999700784683228
9589,6,6,1.0
9590,5,5,1.0
9591,1,1,0.9996490478515625
9592,4,4,0.9995688796043396
9593,1,1,0.9998791217803955
9594,1,1,0.9548088908195496
9595,2,2,0.9991708993911743
9596,8,8,0.9999265670776367
9597,2,2,0.9999997615814209
9598,6,6,0.9999996423721313
9599,1,1,0.9659798741340637
9600,5,5,0.9999997615814209
9601,0,0,0.9999462366104126
9602,1,1,0.9954490065574646
9603,2,2,0.9997515082359314
9604,3,3,1.0
9605,4,4,0.9994396567344666
9606,5,5,0.9999040365219116
9607,6,6,0.9999172687530518
9608,7,7,0.9999908208847046
9609,8,8,0.999997615814209
9610,9,9,0.9976898431777954
9611,0,0,0.9999960660934448
9612,1,1,0.9927265644073486
9613,2,3,0.7168039083480835
9614,3,3,0.9986856579780579
9615,4,4,0.9999923706054688
9616,5,5,1.0
9617,6,6,0.9999297857284546
9618,7,7,0.9977225661277771
9619,8,8,0.9999992847442627
9620,9,9,0.9762826561927795
9621,0,0,0.9999148845672607
9622,1,1,0.9955963492393494
9623,2,2,0.9999581575393677
9624,3,3,0.9999936819076538
9625,4,4,0.9440851211547852
9626,5,5,0.999996542930603
9627,6,6,0.9986625909805298
9628,7,7,0.999909520149231
9629,8,8,0.9999513626098633
9630,8,8,0.9999700784683228
9631,0,0,0.9999679327011108
9632,6,6,0.999466598033905
9633,0,0,0.9999842643737793
9634,0,2,0.3851633667945862
9635,2,2,0.9999967813491821
9636,3,3,0.9520044326782227
9637,7,7,0.997841477394104
9638,9,9,0.5915538668632507
9639,4,4,0.9999979734420776
9640,7,7,0.9939578771591187
9641,1,1,0.9974848031997681
9642,9,7,0.7017359137535095
9643,1,1,0.9773136973381042
9644,7,7,0.9983094930648804
9645,1,1,0.9986093044281006
9646,4,4,0.9998449087142944
9647,0,0,0.9999703168869019
9648,0,0,0.9999829530715942
9649,1,1,0.9998908042907715
9650,7,7,0.9999997615814209
9651,5,5,0.9988387227058411
9652,7,7,0.9942345023155212
9653,1,1,0.9978466033935547
9654,3,3,0.9999996423721313
9655,3,3,0.9860527515411377
9656,3,3,0.9995601773262024
9657,1,1,0.9980883002281189
9658,6,6,0.9999822378158569
9659,9,9,0.9993137121200562
9660,7,7,0.9999982118606567
9661,1,1,0.9995504021644592
9662,3,3,0.9999752044677734
9663,0,0,0.9986681938171387
9664,2,7,0.9781205058097839
9665,6,6,0.9999853372573853
9666,0,0,0.9992635846138
9667,8,8,0.9999622106552124
9668,9,9,0.9992569088935852
9669,4,7,0.5861276388168335
9670,3,3,0.9999986886978149
9671,5,5,0.9999978542327881
9672,4,4,0.9658817648887634
9673,8,8,0.9999995231628418
9674,1,1,0.999863862991333
9675,5,5,0.9999988079071045
9676,9,9,0.9498563408851624
9677,0,0,0.9839795827865601
9678,6,6,0.999887228012085
9679,6,3,0.6901795864105225
9680,3,3,0.9999998807907104
9681,8,8,0.9999978542327881
9682,1,1,0.9973374009132385
9683,4,4,0.9993889331817627
9684,7,7,0.9999983310699463
9685,5,5,0.9999994039535522
9686,2,2,0.9988818764686584
9687,0,0,0.996740996837616
9688,0,0,0.9998239874839783
9689,1,1,0.9999316930770874
9690,7,7,0.9999947547912598
9691,8,8,0.9999487400054932
9692,9,7,0.7569934129714966
9693,6,6,0.9966562986373901
9694,8,8,0.9997715353965759
9695,8,8,0.998964786529541
9696,2,2,0.9887660145759583
9697,3,3,0.9999574422836304
9698,6,6,0.8185893893241882
9699,1,1,0.9942373037338257
9700,2,2,0.9308974146842957
9701,9,9,0.8848186135292053
9702,5,5,0.9999998807907104
9703,2,2,0.999599277973175
9704,0,0,0.9999845027923584
9705,1,1,0.9999719858169556
9706,2,2,0.9999994039535522
9707,3,3,0.9999990463256836
9708,4,4,0.9999463558197021
9709,5,5,0.9947286248207092
9710,6,6,0.9997972846031189
9711,7,7,0.999984860420227
9712,8,8,0.9993209838867188
9713,9,9,0.991569995880127
9714,0,0,0.9893394112586975
9715,1,1,0.9999144077301025
9716,2,2,0.999624490737915
9717,3,3,0.999935507774353
9718,4,4,1.0
9719,5,5,0.9993392825126648
9720,6,6,0.9999719858169556
9721,7,7,0.9998855590820312
9722,8,8,0.9999774694442749
9723,9,9,0.9953389167785645
9724,0,0,0.9999923706054688
9725,1,1,0.9999281167984009
9726,2,2,0.998471200466156
9727,3,3,0.999997615814209
9728,4,4,0.9999713897705078
9729,5,6,0.9974431991577148
9730,6,6,0.9996347427368164
9731,7,7,0.9999450445175171
9732,8,8,0.9999940395355225
9733,9,9,0.8463850617408752
9734,7,7,0.9999046325683594
9735,4,4,0.9281894564628601
9736,6,6,0.9967566132545471
9737,1,1,0.9999228715896606
9738,4,4,0.9993245601654053
9739,0,0,0.9992103576660156
9740,9,9,0.9924734830856323
9741,9,9,0.9269457459449768
9742,3,3,0.9999892711639404
9743,7,7,0.9999914169311523
9744,8,8,0.9971480965614319
9745,4,4,0.9803769588470459
9746,7,7,0.9999173879623413
9747,5,5,0.9989746809005737
9748,8,8,0.9999973773956299
9749,5,5,0.9482321739196777
9750,3,3,0.9989660978317261
9751,2,2,0.9999285936355591
9752,2,2,0.9998408555984497
9753,0,0,0.9994444251060486
9754,5,5,0.9944198727607727
9755,8,8,0.9984885454177856
9756,6,6,0.9978557229042053
9757,0,0,0.9999637603759766
9758,3,3,0.9999711513519287
9759,8,8,0.9999752044677734
9760,1,1,0.9996832609176636
9761,0,0,0.9993746876716614
9762,3,3,0.9817346930503845
9763,0,0,0.9988048076629639
9764,4,4,0.9964991807937622
9765,7,7,0.9999754428863525
9766,4,4,0.9999945163726807
9767,9,9,0.9957448840141296
9768,2,2,0.6093082427978516
9769,9,9,0.9974367022514343
9770,5,0,0.8646604418754578
9771,7,7,0.9999812841415405
9772,1,1,0.9999903440475464
9773,7,7,0.9998195767402649
9774,1,1,0.9999182224273682
9775,6,6,0.9999992847442627
9776,6,6,0.9999946355819702
9777,5,5,0.9878281354904175
9778,6,6,0.9991998076438904
9779,2,2,0.9147542119026184
9780,8,8,0.9931188821792603
9781,7,7,0.9994843006134033
9782,6,6,0.9995428323745728
9783,4,4,0.999866247177124
9784,9,9,0.9998743534088135
9785,9,9,0.9988278746604919
9786,5,5,0.9999250173568726
9787,3,3,0.9999164342880249
9788,7,7,0.9999016523361206
9789,4,4,0.9968133568763733
9790,3,3,0.9995437264442444
9791,0,0,0.9999784231185913
9792,4,9,0.5780195593833923
9793,6,6,0.9974606037139893
9794,6,6,0.999998927116394
9795,1,1,0.9991768002510071
9796,1,1,0.9999732971191406
9797,3,3,0.9998903274536133
9798,2,2,0.9999992847442627
9799,1,1,0.9999827146530151
9800,0,0,0.9978291392326355
9801,0,0,0.9999710321426392
9802,1,1,0.9999377727508545
9803,2,2,0.9993434548377991
9804,3,3,0.9999847412109375
9805,4,4,1.0
9806,7,7,0.9999916553497314
9807,8,8,0.9999996423721313
9808,9,9,0.9968265295028687
9809,0,0,0.999947190284729
9810,1,1,0.9999415874481201
9811,2,2,0.5536599159240723
9812,3,3,0.9999990463256836
9813,4,4,0.9999978542327881
9814,5,5,0.9999799728393555
9815,6,6,0.999985933303833
9816,7,7,0.9996582269668579
9817,8,8,0.9995288848876953
9818,0,0,0.9998575448989868
9819,1,1,0.9999353885650635
9820,2,2,0.9976588487625122
9821,3,3,0.9999994039535522
9822,4,4,0.9999997615814209
9823,7,7,0.9999933242797852
9824,8,8,0.9999982118606567
9825,9,9,0.9998908042907715
9826,0,0,0.998736560344696
9827,8,8,0.9999226331710815
9828,3,3,0.986672043800354
9829,9,9,0.9992996454238892
9830,5,5,0.9998778104782104
9831,5,5,0.9976951479911804
9832,2,2,0.9944983124732971
9833,6,6,0.9999768733978271
9834,8,8,0.9942067861557007
9835,4,4,0.9999797344207764
9836,1,1,0.9999289512634277
9837,7,7,0.9999045133590698
9838,1,1,0.9999125003814697
9839,2,2,0.7458729147911072
9840,3,3,0.9726579785346985
9841,5,5,0.9998377561569214
9842,6,6,0.9999841451644897
9843,9,9,0.9942440390586853
9844,1,1,0.9996103644371033
9845,1,1,0.99974125623703
9846,1,1,0.9998206496238708
9847,2,2,0.9994598031044006
9848,1,1,0.9999518394470215
9849,2,2,0.9992440938949585
9850,0,0,0.5661005973815918
9851,7,7,0.9999991655349731
9852,7,7,0.9999321699142456
9853,5,5,0.9998272061347961
9854,8,8,0.9998561143875122
9855,2,2,0.9997132420539856
9856,9,9,0.9952374696731567
9857,8,8,0.9969971179962158
9858,6,6,0.99770587682724
9859,7,7,0.9999990463256836
9860,3,3,0.9993941783905029
9861,4,4,0.9999997615814209
9862,6,6,0.9998186230659485
9863,8,8,0.9962869882583618
9864,7,7,0.9999016523361206
9865,0,0,0.9998302459716797
9866,4,4,1.0
9867,2,2,0.9970147609710693
9868,7,7,0.9999951124191284
9869,7,7,0.9999998807907104
9870,5,5,0.9999350309371948
9871,4,4,1.0
9872,3,3,0.999997615814209
9873,4,4,0.9999985694885254
9874,2,2,0.9958693385124207
9875,8,8,0.9999072551727295
9876,1,1,0.9999396800994873
9877,5,5,0.9999927282333374
9878,1,1,0.9999281167984009
9879,0,0,0.8626170754432678
9880,2,2,0.9992427825927734
9881,3,3,0.99964439868927
9882,3,3,0.998755693435669
9883,5,5,0.9710670113563538
9884,7,7,0.9999356269836426
9885,0,0,0.9998406171798706
9886,6,6,0.9998706579208374
9887,8,8,0.9996465444564819
9888,6,6,0.8850818872451782
9889,3,3,0.999995231628418
9890,9,9,0.9843272566795349
9891,9,9,0.7951249480247498
9892,8,8,0.9625560641288757
9893,2,2,0.8657902479171753
9894,7,7,0.9999727010726929
9895,7,7,0.9999986886978149
9896,1,1,0.999935507774353
9897,0,0,0.9999779462814331
9898,1,1,0.9999778270721436
9899,7,7,0.9999972581863403
9900,8,8,0.9996709823608398
9901,9,9,0.9999488592147827
9902,0,0,0.9994885921478271
9903,1,1,0.9997732043266296
9904,2,8,0.6225171685218811
9905,3,3,0.9724274277687073
9906,4,4,0.9968587160110474
9907,5,5,0.9999923706054688
9908,6,6,0.9999998807907104
9909,7,7,0.9999905824661255
9910,8,8,0.9999949932098389
9911,0,0,0.9999613761901855
9912,1,1,0.9998801946640015
9913,2,2,0.9995922446250916
9914,3,3,0.9958927631378174
9915,4,4,0.9999734163284302
9916,7,7,0.999996542930603
9917,8,8,0.999998927116394
9918,9,9,0.9987950325012207
9919,7,7,0.9999408721923828
9920,8,8,0.9999994039535522
9921,6,6,0.9999986886978149
9922,4,4,0.979654848575592
9923,1,1,0.9999737739562988
9924,9,9,0.9996811151504517
9925,3,3,0.9997782111167908
9926,8,8,0.9999635219573975
9927,4,4,0.9999371767044067
9928,4,4,0.9999998807907104
9929,7,7,0.9999891519546509
9930,0,0,0.9999833106994629
9931,1,1,0.9993835687637329
9932,9,9,0.9997633099555969
9933,2,2,0.9999998807907104
9934,8,8,0.9999991655349731
9935,7,7,0.999595582485199
9936,8,8,0.9999973773956299
9937,2,2,0.9999727010726929
9938,6,6,0.9999995231628418
9939,0,0,0.9999781847000122
9940,6,6,0.9999872446060181
9941,5,5,0.9989920258522034
9942,3,3,0.9999983310699463
9943,3,3,0.9999144077301025
9944,3,3,0.9999481439590454
9945,9,9,0.9990593791007996
9946,1,1,0.9999349117279053
9947,4,4,0.9991819262504578
9948,0,0,0.9843788743019104
9949,6,6,1.0
9950,1,1,0.9999525547027588
9951,0,0,0.9989645481109619
9952,0,0,0.9999446868896484
9953,6,6,0.9999982118606567
9954,2,2,0.9999210834503174
9955,1,1,0.9981927275657654
9956,1,1,0.9999755620956421
9957,7,7,0.9999428987503052
9958,7,7,0.9995983242988586
9959,8,8,0.9974371194839478
9960,4,4,0.9999961853027344
9961,6,6,1.0
9962,0,0,0.9999473094940186
9963,7,7,0.9999128580093384
9964,0,0,0.9988538026809692
9965,3,3,0.9999830722808838
9966,6,6,0.9999997615814209
9967,8,8,1.0
9968,7,7,0.999995231628418
9969,1,1,0.9999420642852783
9970,5,5,0.9996069073677063
9971,2,2,0.9999850988388062
9972,4,4,0.9999997615814209
9973,9,9,0.9997542500495911
9974,4,4,0.9999945163726807
9975,3,3,0.9997615218162537
9976,6,6,0.9998409748077393
9977,4,4,0.9983696341514587
9978,1,1,0.9999659061431885
9979,7,7,0.999988317489624
9980,2,2,0.9999700784683228
9981,6,6,0.9999455213546753
9982,5,5,0.9087424874305725
9983,0,0,0.9999996423721313
9984,1,1,0.9995597004890442
9985,2,2,0.9995566010475159
9986,3,3,0.9999963045120239
9987,4,4,0.9999974966049194
9988,5,5,0.9999998807907104
9989,6,6,0.9999998807907104
9990,7,7,0.9999443292617798
9991,8,8,0.9999010562896729
9992,9,9,0.99972003698349
9993,0,0,0.9979670643806458
9994,1,1,0.9995214939117432
9995,2,2,0.9999994039535522
9996,3,3,0.9999983310699463
9997,4,4,0.9999904632568359
9998,5,5,0.9999874830245972
9999,6,6,0.9999995231628418
