index,true,pred,confidence
0,7,7,0.9999946355819702
1,2,2,0.9999992847442627
2,1,1,0.9988321661949158
3,0,0,0.9944633841514587
4,4,4,0.9999922513961792
5,1,1,0.9998900890350342
6,4,4,0.9992074370384216
7,9,9,0.9965404868125916
8,5,5,0.994608998298645
9,9,9,0.9998793601989746
10,0,0,0.9999988079071045
11,6,6,0.9997522234916687
12,9,9,0.9989444613456726
13,0,0,1.0
14,1,1,0.9995731711387634
15,5,5,0.9993925094604492
16,9,9,0.9999743700027466
17,7,7,0.9999979734420776
18,3,3,0.8955886363983154
19,4,4,0.9998600482940674
20,9,9,0.9985256791114807
21,6,6,0.9998900890350342
22,6,6,0.9999736547470093
23,5,5,0.999997615814209
24,4,4,0.9997031092643738
25,0,0,0.9998441934585571
26,7,7,0.9994889497756958
27,4,4,0.9999985694885254
28,0,0,0.9999432563781738
29,1,1,0.9977741837501526
30,3,3,0.9999750852584839
31,1,1,0.9988349080085754
32,3,3,0.9999992847442627
33,4,4,0.9990779161453247
34,7,7,0.9999879598617554
35,2,2,0.9999954700469971
36,7,7,0.9999680519104004
37,1,1,0.9992687106132507
38,2,2,0.9990444779396057
39,1,1,0.9999061822891235
40,1,1,0.9913382530212402
41,7,7,0.9936850666999817
42,4,4,0.9992079138755798
43,2,2,0.9844767451286316
44,3,3,0.999724805355072
45,5,5,0.9999767541885376
46,1,1,0.9997656941413879
47,2,2,0.9999936819076538
48,4,4,0.9632828235626221
49,4,4,0.9999998807907104
50,6,6,0.999962329864502
51,3,3,0.9999985694885254
52,5,5,0.9999996423721313
53,5,5,0.9997100234031677
54,6,6,0.9999983310699463
55,0,0,0.9999983310699463
56,4,4,0.999419093132019
57,1,1,0.9995484948158264
58,9,9,0.9999945163726807
59,5,5,0.9994321465492249
60,7,7,0.9999990463256836
61,8,8,0.9996722936630249
62,9,9,0.8505202531814575
63,3,3,0.9615538120269775
64,7,7,0.9999957084655762
65,4,4,0.9909257888793945
66,6,6,0.9994495511054993
67,4,4,0.9998773336410522
68,3,3,0.999998927116394
69,0,0,0.9999465942382812
70,7,7,0.9999912977218628
71,0,0,1.0
72,2,2,1.0
73,9,9,0.9950473308563232
74,1,1,0.9995529055595398
75,7,7,0.9999977350234985
76,3,3,0.9999978542327881
77,2,2,0.977323055267334
78,9,9,0.9268442988395691
79,7,7,0.9996527433395386
80,7,7,0.9995129108428955
81,6,6,0.9999974966049194
82,2,2,0.999995231628418
83,7,7,0.9996182918548584
84,8,8,0.9999555349349976
85,4,4,0.9998840093612671
86,7,7,0.9999094009399414
87,3,3,0.8996008634567261
88,6,6,1.0
89,1,1,0.9992295503616333
90,3,3,0.9999997615814209
91,6,6,0.9999982118606567
92,9,9,0.9519765377044678
93,3,3,0.9999133348464966
94,1,1,0.9997087121009827
95,4,4,0.4658389985561371
96,1,1,0.9870197772979736
97,7,7,0.999971866607666
98,6,6,0.9999731779098511
99,9,9,0.9999992847442627
100,6,6,0.999963641166687
101,0,0,0.9999898672103882
102,5,5,0.9999998807907104
103,4,4,0.9999998807907104
104,9,9,0.9999959468841553
105,9,9,0.9999352693557739
106,2,2,0.999897837638855
107,1,1,0.998956561088562
108,9,9,0.9998173117637634
109,4,4,0.9999991655349731
110,8,8,0.9999960660934448
111,7,7,0.9829397201538086
112,3,3,0.9999872446060181
113,9,9,0.9999819993972778
114,7,7,0.9999594688415527
115,4,4,0.9510587453842163
116,4,4,0.9943498969078064
117,4,4,0.9999990463256836
118,9,9,0.9950351715087891
119,2,2,0.9929798245429993
120,5,5,0.9999994039535522
121,4,4,0.9925221800804138
122,7,7,0.9994058609008789
123,6,6,0.9999992847442627
124,7,7,0.9996263980865479
125,9,9,0.9972051978111267
126,0,0,0.9999960660934448
127,5,5,0.9999991655349731
128,8,8,0.9999985694885254
129,5,5,0.9999998807907104
130,6,6,0.9999836683273315
131,6,6,0.9999810457229614
132,5,5,0.9999383687973022
133,7,7,0.9999963045120239
134,8,8,0.9999983310699463
135,1,1,0.9997541308403015
136,0,0,0.9999818801879883
137,1,1,0.9999052286148071
138,6,6,0.9999980926513672
139,4,4,0.999161958694458
140,6,6,0.999954342842102
141,7,7,0.9999713897705078
142,3,3,0.9999995231628418
143,1,1,0.9996029734611511
144,7,7,0.9999767541885376
145,1,1,0.9973679184913635
146,8,8,0.9999861717224121
147,2,2,0.9999998807907104
148,0,0,0.9999494552612305
149,2,2,0.9974773526191711
150,9,9,0.999998927116394
151,9,9,0.881363570690155
152,5,5,0.9999997615814209
153,5,5,0.9999696016311646
154,1,1,0.9956132173538208
155,5,5,0.9999932050704956
156,6,6,1.0
157,0,0,0.9999467134475708
158,3,3,0.9981878399848938
159,4,4,0.9998350143432617
160,4,4,0.875659704208374
161,6,6,0.9999889135360718
162,5,5,1.0
163,4,4,0.9999964237213135
164,6,6,0.9999839067459106
165,5,5,0.9999982118606567
166,4,4,0.9998948574066162
167,5,5,0.9991639852523804
168,1,1,0.9997996687889099
169,4,4,0.9999271631240845
170,4,4,0.999862551689148
171,7,7,0.9799046516418457
172,2,2,0.9997866749763489
173,3,3,0.9985377788543701
174,2,2,0.9999985694885254
175,7,7,0.7152485251426697
176,1,1,0.9964058995246887
177,8,8,0.9857032895088196
178,1,1,0.9998074173927307
179,8,8,0.9999271631240845
180,1,1,0.9989905953407288
181,8,8,0.999990701675415
182,5,5,0.9999407529830933
183,0,0,1.0
184,8,8,0.5603179335594177
185,9,9,0.9965040683746338
186,2,2,0.9996078610420227
187,5,5,0.9999951124191284
188,0,0,0.9999865293502808
189,1,1,0.9959993362426758
190,1,1,0.9993952512741089
191,1,1,0.9986609220504761
192,0,0,0.9999685287475586
193,9,9,0.9983670115470886
194,0,0,0.9999982118606567
195,3,3,0.9528002738952637
196,1,1,0.9998924732208252
197,6,6,0.9999567270278931
198,4,4,0.9995669722557068
199,2,2,0.9970146417617798
200,3,3,0.9999938011169434
201,6,6,0.9999998807907104
202,1,1,0.999849796295166
203,1,1,0.9969513416290283
204,1,1,0.9991996884346008
205,3,3,0.9998536109924316
206,9,9,0.9874301552772522
207,5,5,0.9997863173484802
208,2,2,0.9999935626983643
209,9,9,0.9986245632171631
210,4,4,0.9999920129776001
211,5,5,0.976000964641571
212,9,9,0.9999994039535522
213,3,3,0.9999305009841919
214,9,9,0.9969624876976013
215,0,0,0.9999946355819702
216,3,3,0.9999905824661255
217,6,6,0.9743519425392151
218,5,5,0.9999998807907104
219,5,5,0.9999722242355347
220,7,7,0.9982323050498962
221,2,2,0.9997448325157166
222,2,2,0.9999446868896484
223,7,7,0.9998084902763367
224,1,1,0.9970892071723938
225,2,2,0.9934520721435547
226,8,8,0.9999598264694214
227,4,4,0.9995601773262024
228,1,1,0.9988168478012085
229,7,7,0.9972267746925354
230,3,3,0.9999490976333618
231,3,3,0.9999967813491821
232,8,8,0.9991616010665894
233,8,8,0.9999961853027344
234,7,7,0.9998431205749512
235,9,9,0.9928659200668335
236,2,2,0.999934196472168
237,2,2,0.9999972581863403
238,4,4,0.9999978542327881
239,1,1,0.9991768002510071
240,5,5,0.9999707937240601
241,9,9,0.6727212071418762
242,8,8,0.9950778484344482
243,7,7,0.999160885810852
244,2,2,0.9993170499801636
245,3,3,0.9769775867462158
246,0,0,1.0
247,4,4,0.9991675615310669
248,4,4,0.9999842643737793
249,2,2,0.9886444807052612
250,4,4,0.9934198260307312
251,1,1,0.9991426467895508
252,9,9,0.9999982118606567
253,5,5,0.9999909400939941
254,7,7,0.9998561143875122
255,7,7,0.9955832362174988
256,2,2,0.9144585132598877
257,8,8,0.9993320107460022
258,2,2,0.9999212026596069
259,6,6,0.9818404316902161
260,8,8,0.9999983310699463
261,5,5,0.9999877214431763
262,7,7,0.9999834299087524
263,7,7,0.9998847246170044
264,9,9,0.9953423738479614
265,1,1,0.9993205070495605
266,8,8,0.8196237683296204
267,1,1,0.999541163444519
268,8,8,0.9999879598617554
269,0,0,0.9990479350090027
270,3,3,0.999976396560669
271,0,0,0.9997778534889221
272,1,1,0.999321699142456
273,9,9,0.9882261157035828
274,9,9,0.9999936819076538
275,4,4,0.9991182684898376
276,1,1,0.9999513626098633
277,8,8,0.9999688863754272
278,2,2,0.9999963045120239
279,1,1,0.9979541301727295
280,2,2,0.9997738003730774
281,9,9,0.9998774528503418
282,7,7,0.998313307762146
283,5,5,0.9999983310699463
284,9,9,0.9998989105224609
285,2,2,0.9999994039535522
286,6,6,0.9995259046554565
287,4,4,0.999915599822998
288,1,1,0.9994516968727112
289,5,5,0.9998099207878113
290,8,8,0.7413619160652161
291,2,2,0.9995904564857483
292,9,9,0.9923338890075684
293,2,2,0.9999966621398926
294,0,0,0.9999916553497314
295,4,4,0.9999949932098389
296,0,0,0.9999998807907104
297,0,0,0.9995504021644592
298,2,2,0.99998939037323
299,8,8,0.9999513626098633
300,4,4,0.9999309778213501
301,7,7,0.9999581575393677
302,1,1,0.9994509816169739
303,2,2,0.9999542236328125
304,4,4,0.9998987913131714
305,0,0,1.0
306,2,2,0.999983549118042
307,7,7,0.9998970031738281
308,4,4,0.9926586747169495
309,3,3,0.9999855756759644
310,3,3,0.9999864101409912
311,0,0,0.9999961853027344
312,0,0,0.999998927116394
313,3,3,0.9999951124191284
314,1,1,0.9996864795684814
315,9,9,0.9995957016944885
316,6,6,0.9911819696426392
317,5,5,0.9998387098312378
318,2,2,0.9817569851875305
319,5,5,0.9999028444290161
320,9,9,0.9203352332115173
321,2,2,0.6646589040756226
322,9,9,0.9998235106468201
323,3,3,0.9999557733535767
324,0,0,0.9507784247398376
325,4,4,0.9988968372344971
326,2,2,0.9123306274414062
327,0,0,0.9999982118606567
328,7,7,0.9999079704284668
329,1,1,0.9994823932647705
330,1,1,0.9992589354515076
331,2,2,0.9755339026451111
332,1,1,0.9998207688331604
333,5,5,0.9999220371246338
334,3,3,0.9999940395355225
335,3,3,0.999846339225769
336,9,9,0.9981404542922974
337,7,7,0.9877818822860718
338,8,8,0.9547764658927917
339,6,6,0.9527993202209473
340,5,5,0.957768440246582
341,6,6,0.9996627569198608
342,1,1,0.9990782737731934
343,3,3,0.9999997615814209
344,8,8,0.9995899796485901
345,1,1,0.9972335696220398
346,0,0,0.999954342842102
347,5,5,0.999995231628418
348,1,1,0.9998818635940552
349,3,3,0.999495267868042
350,1,1,0.9994722008705139
351,5,5,0.9999998807907104
352,5,5,0.9998169541358948
353,6,6,0.9997643828392029
354,1,1,0.9973155856132507
355,8,8,0.9955015778541565
356,5,5,0.9999994039535522
357,1,1,0.9940813183784485
358,7,7,0.9177725315093994
359,9,9,0.9009196758270264
360,4,4,0.9999995231628418
361,6,6,0.9999954700469971
362,2,2,0.9958524703979492
363,2,2,0.9974210262298584
364,5,5,0.9999998807907104
365,0,0,0.9999381303787231
366,6,6,0.9881390929222107
367,5,5,0.9999992847442627
368,6,6,0.9994831085205078
369,3,3,0.999235987663269
370,7,7,0.9999001026153564
371,2,2,0.9993659853935242
372,0,0,0.9999908208847046
373,8,8,0.9999994039535522
374,8,8,0.9999969005584717
375,5,5,1.0
376,4,4,0.9905104041099548
377,1,1,0.9984117746353149
378,1,1,0.9960871934890747
379,4,4,0.9999796152114868
380,0,0,0.9999997615814209
381,3,3,0.9988672733306885
382,3,3,0.9999990463256836
383,7,7,0.9996559619903564
384,6,6,0.9999988079071045
385,1,1,0.9993056058883667
386,6,6,0.9998376369476318
387,2,2,0.9999693632125854
388,1,1,0.9995074272155762
389,9,9,0.9971410036087036
390,2,2,0.9999959468841553
391,8,8,0.9974220991134644
392,6,6,0.9999994039535522
393,1,1,0.9984211921691895
394,9,9,0.9985548853874207
395,5,5,0.9999845027923584
396,2,2,0.9999796152114868
397,5,5,0.9971631169319153
398,4,4,0.9999058246612549
399,4,4,0.9998268485069275
400,2,2,0.9930986762046814
401,8,8,0.9989274144172668
402,3,3,0.9999009370803833
403,8,8,0.9999938011169434
404,2,2,0.6274850368499756
405,4,4,0.9999998807907104
406,5,5,0.9988510608673096
407,0,0,0.9999997615814209
408,3,3,0.9999494552612305
409,1,1,0.9951794147491455
410,7,7,0.9999971389770508
411,7,7,0.9879305362701416
412,5,5,0.6147342920303345
413,7,7,0.9999945163726807
414,9,9,0.9993569254875183
415,7,7,0.9991600513458252
416,1,1,0.999881386756897
417,9,9,0.9988850951194763
418,2,2,0.9999974966049194
419,1,1,0.9982820749282837
420,4,4,0.9978718757629395
421,2,2,0.9993951320648193
422,9,9,0.9995261430740356
423,2,2,0.9999736547470093
424,0,0,0.9999960660934448
425,4,4,0.9999954700469971
426,9,9,0.9997203946113586
427,1,1,0.9986529350280762
428,4,4,0.9999991655349731
429,8,8,0.9999995231628418
430,1,1,0.999913215637207
431,8,8,0.999980092048645
432,4,4,0.9999856948852539
433,5,5,0.999998927116394
434,9,9,0.9999319314956665
435,8,8,0.6848339438438416
436,8,8,0.999935507774353
437,3,3,0.9999706745147705
438,7,7,0.9997325539588928
439,6,6,0.9997122883796692
440,0,0,0.9999973773956299
441,0,0,0.9996498823165894
442,3,3,0.9999983310699463
443,0,0,0.9985417127609253
444,2,2,0.9904597997665405
445,6,6,0.4976124167442322
446,6,6,0.9981482028961182
447,4,4,0.4050801396369934
448,9,9,0.9839881062507629
449,3,5,0.5428416728973389
450,3,3,0.9962976574897766
451,3,3,0.9999446868896484
452,2,2,0.9988609552383423
453,3,3,0.9999995231628418
454,9,9,0.999919056892395
455,1,1,0.9999170303344727
456,2,2,0.9409934282302856
457,6,6,0.9939273595809937
458,8,8,0.9999998807907104
459,0,0,0.9999995231628418
460,5,5,0.9976951479911804
461,6,6,0.9999994039535522
462,6,6,0.9967426657676697
463,6,6,0.9999985694885254
464,3,3,0.9958048462867737
465,8,8,0.9976505637168884
466,8,8,0.9979571104049683
467,2,2,0.9992515444755554
468,7,7,0.999657392501831
469,5,5,0.9999654293060303
470,8,8,0.9999872446060181
471,9,9,0.9496381878852844
472,6,6,0.9999994039535522
473,1,1,0.9921150803565979
474,8,8,0.9999144077301025
475,4,4,0.9999277591705322
476,1,1,0.9992316961288452
477,2,2,0.9999969005584717
478,5,5,0.9998626708984375
479,9,9,0.9794692993164062
480,1,1,0.998477041721344
481,9,9,0.9999985694885254
482,7,7,0.9999992847442627
483,5,5,0.999992847442627
484,4,4,0.9999966621398926
485,0,0,0.9999899864196777
486,8,8,0.9999995231628418
487,9,9,0.9999369382858276
488,9,9,0.9990358352661133
489,1,1,0.9994602799415588
490,0,0,0.9995309114456177
491,5,5,0.9997010827064514
492,2,2,0.9996993541717529
493,3,3,0.9999998807907104
494,7,7,0.9999986886978149
495,8,8,0.7632554769515991
496,9,9,0.9999936819076538
497,4,4,0.8902256488800049
498,0,0,0.999836802482605
499,6,6,0.9987336993217468
500,3,3,0.9999966621398926
501,9,9,0.999998927116394
502,5,5,0.9999579191207886
503,2,2,0.9999998807907104
504,1,1,0.9964447617530823
505,3,3,0.9999901056289673
506,1,1,0.9990597367286682
507,3,3,0.9995040893554688
508,6,6,0.9938919544219971
509,5,5,0.9997981190681458
510,7,7,0.9999758005142212
511,4,4,0.9739212989807129
512,2,2,0.9999778270721436
513,2,2,0.9999996423721313
514,6,6,0.9999903440475464
515,3,3,0.9994864463806152
516,2,2,1.0
517,6,6,0.9999667406082153
518,5,5,1.0
519,4,4,0.9979871511459351
520,8,8,0.9969125986099243
521,9,9,0.9994391798973083
522,7,7,0.9999938011169434
523,1,1,0.9782648086547852
524,3,3,0.9999251365661621
525,0,0,0.9999983310699463
526,3,3,0.9999988079071045
527,8,8,0.9997511506080627
528,3,3,0.9999024868011475
529,1,1,0.9998112320899963
530,9,9,0.9995695948600769
531,3,3,0.9999486207962036
532,4,4,0.9994181394577026
533,4,4,0.9999992847442627
534,6,6,0.9999682903289795
535,4,4,0.9999973773956299
536,2,2,0.9994857311248779
537,1,1,0.9997859597206116
538,8,8,0.9997921586036682
539,2,2,0.9999945163726807
540,5,5,0.9999997615814209
541,4,4,0.9999982118606567
542,8,8,0.884518027305603
543,8,8,0.999674916267395
544,4,4,0.9996665716171265
545,0,0,0.9999947547912598
546,0,0,1.0
547,2,2,0.9992774128913879
548,3,3,0.9999344348907471
549,2,2,1.0
550,7,7,0.9990135431289673
551,7,7,0.9797664880752563
552,0,0,0.9982263445854187
553,8,8,0.9995918869972229
554,7,7,0.999955415725708
555,4,4,0.9998379945755005
556,4,4,0.9999947547912598
557,7,7,0.9957457184791565
558,9,9,0.9998636245727539
559,6,6,0.9998264908790588
560,9,9,0.9993302822113037
561,0,0,0.996093213558197
562,9,9,0.9999116659164429
563,8,8,0.9992905855178833
564,0,0,0.99993896484375
565,4,4,0.9998075366020203
566,6,6,0.9989984631538391
567,0,0,0.9994164705276489
568,6,6,0.9999488592147827
569,3,3,0.9999939203262329
570,5,5,0.9999929666519165
571,4,4,0.808008074760437
572,8,8,0.999647855758667
573,3,3,0.9999842643737793
574,3,3,0.9999996423721313
575,9,9,0.9998044371604919
576,3,3,0.9999712705612183
577,3,3,0.9999935626983643
578,3,3,0.9995736479759216
579,7,7,0.9999662637710571
580,8,8,0.996032178401947
581,0,0,0.9999189376831055
582,8,2,0.9027860760688782
583,2,7,0.7483233213424683
584,1,1,0.9993647933006287
585,7,7,0.9999818801879883
586,0,0,0.9999808073043823
587,6,6,0.9999393224716187
588,5,5,0.9999421834945679
589,4,4,0.9999611377716064
590,3,3,1.0
591,8,8,0.9321492910385132
592,0,0,0.9999995231628418
593,9,9,0.9335094094276428
594,6,6,0.9998531341552734
595,3,3,0.9999935626983643
596,8,8,0.997654914855957
597,0,0,0.999863862991333
598,9,9,0.9996297359466553
599,9,9,0.9999960660934448
600,6,6,0.9999880790710449
601,8,8,0.9968155026435852
602,6,6,0.9999946355819702
603,8,8,0.9982712268829346
604,5,5,0.9999997615814209
605,7,7,0.999259889125824
606,8,8,0.9999982118606567
607,6,6,0.9999982118606567
608,0,0,0.9999985694885254
609,2,2,0.9996966123580933
610,4,4,0.9999828338623047
611,0,0,0.9999923706054688
612,2,2,1.0
613,2,2,0.9771757125854492
614,3,3,0.9993674159049988
615,1,1,0.999775230884552
616,9,9,0.9999802112579346
617,7,7,0.9999892711639404
618,5,5,0.9999723434448242
619,1,1,0.8350474834442139
620,0,0,0.9999135732650757
621,8,8,0.9999780654907227
622,4,4,0.9996552467346191
623,6,6,0.9999947547912598
624,2,2,0.9896764159202576
625,6,6,0.9918103814125061
626,7,7,0.9999955892562866
627,9,9,0.998374342918396
628,3,3,0.9999470710754395
629,2,2,0.9804757237434387
630,9,9,0.9998594522476196
631,8,8,0.9999741315841675
632,2,2,0.9999797344207764
633,2,2,1.0
634,9,9,0.9999970197677612
635,2,2,0.9987459182739258
636,7,7,0.9999992847442627
637,3,3,0.9997438788414001
638,5,5,0.9999995231628418
639,9,9,0.9939769506454468
640,1,1,0.9996758699417114
641,8,8,0.9999958276748657
642,0,0,0.999022364616394
643,2,2,0.999167799949646
644,0,0,0.9999896287918091
645,5,5,0.9961342811584473
646,2,2,0.4047454297542572
647,1,1,0.9994441866874695
648,3,3,0.9999978542327881
649,7,7,0.9980436563491821
650,6,6,0.9990617632865906
651,7,7,0.9999713897705078
652,1,1,0.9998513460159302
653,2,2,0.9999430179595947
654,5,5,0.9998713731765747
655,8,8,0.9998804330825806
656,0,0,1.0
657,3,3,0.9999970197677612
658,7,7,0.9992613196372986
659,2,2,0.4670594334602356
660,4,4,0.9999954700469971
661,0,0,0.9986500144004822
662,9,9,0.9999933242797852
663,1,1,0.9996621608734131
664,8,8,0.9999202489852905
665,6,6,0.9999998807907104
666,7,7,0.998940646648407
667,7,7,0.8522430658340454
668,4,4,0.9999985694885254
669,3,3,0.9999560117721558
670,4,4,0.9988031387329102
671,9,9,0.9999884366989136
672,1,1,0.9998800754547119
673,9,9,0.9998949766159058
674,5,5,0.8530279994010925
675,1,1,0.998860239982605
676,7,7,0.9927129149436951
677,3,3,0.9999836683273315
678,9,9,0.9999841451644897
679,7,7,0.9997287392616272
680,6,6,0.9999998807907104
681,9,9,0.9999921321868896
682,1,1,0.9976001381874084
683,3,3,0.9999573230743408
684,7,7,0.8514094948768616
685,8,8,0.9865151047706604
686,3,3,0.9999985694885254
687,3,3,0.9999994039535522
688,6,6,0.9980078339576721
689,7,7,0.9630587697029114
690,2,2,0.9997954964637756
691,8,8,0.9981639981269836
692,5,5,0.9999991655349731
693,8,8,0.9966782331466675
694,5,5,0.99997878074646
695,1,1,0.9998018145561218
696,1,1,0.9943487048149109
697,4,4,0.9999912977218628
698,4,4,0.9968675971031189
699,3,3,0.9998425245285034
700,1,1,0.9997261166572571
701,0,0,0.999981164932251
702,7,7,0.9991944432258606
703,7,7,0.9999979734420776
704,0,0,0.9997814297676086
705,7,7,0.9998192191123962
706,9,9,0.9999909400939941
707,4,4,0.9966073036193848
708,4,4,0.9998952150344849
709,8,8,0.9999560117721558
710,5,5,1.0
711,5,5,0.9999996423721313
712,4,4,0.9965086579322815
713,0,0,0.9999921321868896
714,8,8,0.9999791383743286
715,2,2,0.999333918094635
716,1,1,0.793251097202301
717,0,0,0.9697508811950684
718,8,8,0.9998927116394043
719,4,4,0.9999958276748657
720,5,5,0.9997363686561584
721,0,0,0.9999202489852905
722,4,4,0.9999964237213135
723,0,0,0.9841825366020203
724,6,6,0.9999974966049194
725,1,1,0.9995855689048767
726,7,7,0.6844677329063416
727,3,3,0.9999769926071167
728,2,2,0.9989455342292786
729,6,6,0.999427855014801
730,7,7,0.9999579191207886
731,2,2,0.9999721050262451
732,6,6,0.9999974966049194
733,9,9,0.9999966621398926
734,3,3,0.9999970197677612
735,1,1,0.9995760321617126
736,4,4,0.9859567880630493
737,6,6,0.9999631643295288
738,2,2,0.9971163272857666
739,5,5,0.9999349117279053
740,4,9,0.6641727685928345
741,2,2,0.99729984998703
742,0,0,1.0
743,6,6,0.9998950958251953
744,2,2,0.9999998807907104
745,1,1,0.9999377727508545
746,7,7,0.9975764155387878
747,3,3,0.9999974966049194
748,4,4,0.9907543659210205
749,1,1,0.9968090653419495
750,0,0,0.9999995231628418
751,5,5,0.9999969005584717
752,4,4,0.9999444484710693
753,3,3,0.9999549388885498
754,1,1,0.9996071457862854
755,1,1,0.9988017082214355
756,7,7,0.9998912811279297
757,4,4,0.9998676776885986
758,9,9,0.9999613761901855
759,9,9,0.9988647699356079
760,4,4,0.9825839400291443
761,8,8,0.9374783635139465
762,4,4,0.9987285733222961
763,0,0,0.9999550580978394
764,2,2,0.9999884366989136
765,4,4,0.9998507499694824
766,5,5,0.9999904632568359
767,1,1,0.9992637038230896
768,1,1,0.9998181462287903
769,6,6,0.9998179078102112
770,4,4,0.9999582767486572
771,7,7,0.9973806738853455
772,1,1,0.9985139966011047
773,9,9,0.9999886751174927
774,4,4,0.9646680951118469
775,2,2,0.9996875524520874
776,4,4,0.9944214224815369
777,1,1,0.9991087317466736
778,5,5,0.9999997615814209
779,5,5,0.9999978542327881
780,3,3,0.9999924898147583
781,8,8,0.9980058073997498
782,3,3,0.9999974966049194
783,1,1,0.9975020289421082
784,4,4,0.9988042116165161
785,5,5,0.9997673630714417
786,6,6,0.9967172741889954
787,8,8,0.9999996423721313
788,9,9,0.9999909400939941
789,4,4,0.9640573263168335
790,1,1,0.9990139007568359
791,5,5,0.9999620914459229
792,3,3,1.0
793,8,8,0.9999998807907104
794,0,0,0.9999979734420776
795,3,3,0.9999450445175171
796,2,2,0.9999769926071167
797,5,5,0.998150110244751
798,1,1,0.9988207221031189
799,2,2,0.9999979734420776
800,8,8,0.9883925318717957
801,3,3,0.999996542930603
802,4,4,0.9988114833831787
803,4,4,0.99998939037323
804,0,0,0.9999909400939941
805,8,8,0.9999957084655762
806,8,8,1.0
807,3,3,0.9999995231628418
808,3,3,0.9999884366989136
809,1,1,0.9966132044792175
810,7,7,0.9999779462814331
811,3,3,0.9999977350234985
812,5,5,0.9999997615814209
813,9,8,0.6130610108375549
814,6,6,0.9999898672103882
815,3,3,0.9999974966049194
816,2,2,0.963799238204956
817,6,6,0.9999997615814209
818,1,1,0.9812043309211731
819,3,3,1.0
820,6,6,0.9999833106994629
821,0,0,0.9999899864196777
822,7,7,0.9999971389770508
823,2,2,0.9997588992118835
824,1,1,0.9994767308235168
825,7,7,0.999757707118988
826,1,1,0.999573290348053
827,4,4,0.9998267292976379
828,2,2,0.9955596923828125
829,4,4,0.9737609624862671
830,2,2,0.998762845993042
831,1,1,0.999362051486969
832,7,7,0.9999939203262329
833,9,9,0.9990459084510803
834,6,6,0.9999207258224487
835,1,1,0.9990529417991638
836,1,1,0.9995357990264893
837,2,2,0.9979392886161804
838,4,4,0.9999995231628418
839,8,8,0.9953514337539673
840,1,1,0.9991328120231628
841,7,7,0.9999990463256836
842,7,7,0.990260660648346
843,4,4,0.9999762773513794
844,8,8,0.9996349811553955
845,0,0,0.9999904632568359
846,7,7,0.9935278296470642
847,3,3,0.9999716281890869
848,1,1,0.9998170733451843
849,3,3,0.9999998807907104
850,1,1,0.9997050166130066
851,0,0,0.9999915361404419
852,7,7,0.9997597336769104
853,7,7,0.9993987083435059
854,0,0,0.9999995231628418
855,3,3,0.9999850988388062
856,5,5,0.9997912049293518
857,5,5,0.999915361404419
858,2,2,0.9999911785125732
859,7,7,0.9992471933364868
860,6,6,0.9999973773956299
861,6,6,0.9999914169311523
862,9,9,0.9999924898147583
863,2,2,0.9995637536048889
864,8,8,0.999852180480957
865,3,3,0.9999946355819702
866,5,5,0.9984044432640076
867,2,2,0.9994820952415466
868,2,2,0.9997578263282776
869,5,5,0.9999983310699463
870,6,6,0.9985277652740479
871,0,0,0.9999983310699463
872,8,8,0.9985962510108948
873,2,2,0.9997274279594421
874,9,9,0.9977577328681946
875,2,2,0.9983870983123779
876,8,8,0.9999878406524658
877,8,8,0.9990231990814209
878,8,8,0.9992316961288452
879,8,8,0.9998781681060791
880,7,7,0.999904990196228
881,4,4,0.960453987121582
882,9,9,0.6582613587379456
883,3,3,0.990022599697113
884,0,0,0.9999915361404419
885,6,6,0.9996683597564697
886,6,6,0.999997615814209
887,3,3,0.9999995231628418
888,2,2,0.9999980926513672
889,1,1,0.9992519021034241
890,3,3,0.999947190284729
891,2,2,0.9999927282333374
892,2,2,0.9999732971191406
893,9,9,0.9999449253082275
894,3,3,0.9998699426651001
895,0,0,0.711266815662384
896,0,0,0.999925971031189
897,5,5,1.0
898,7,7,0.999840497970581
899,8,8,0.999941349029541
900,1,1,0.9969978332519531
901,4,4,0.9999988079071045
902,4,4,0.977553129196167
903,6,6,0.9999092817306519
904,0,0,0.9937744140625
905,2,2,0.9999624490737915
906,9,9,0.9999376535415649
907,1,1,0.9986479878425598
908,4,4,0.9999241828918457
909,7,7,0.999717652797699
910,4,4,0.9999488592147827
911,7,7,0.9999887943267822
912,3,3,1.0
913,9,9,0.999904990196228
914,8,8,0.9999943971633911
915,8,8,0.9999724626541138
916,4,4,0.9958932399749756
917,7,7,0.9999451637268066
918,1,1,0.990717351436615
919,2,2,0.9993046522140503
920,1,1,0.9989938139915466
921,2,2,0.9999942779541016
922,2,2,0.9859421849250793
923,3,3,0.9999997615814209
924,2,2,0.7519590258598328
925,3,3,0.9999986886978149
926,2,2,0.9986188411712646
927,3,3,0.9999992847442627
928,9,9,0.9997586607933044
929,1,1,0.9983711838722229
930,7,7,0.9997424483299255
931,4,4,0.9988710284233093
932,0,0,0.9999825954437256
933,3,3,0.9999995231628418
934,5,5,0.999996542930603
935,5,5,0.9999939203262329
936,8,8,0.9873238801956177
937,6,6,0.9999998807907104
938,3,3,0.7035117149353027
939,2,2,0.9917625188827515
940,6,6,0.998889148235321
941,7,7,0.9999936819076538
942,6,6,0.9999617338180542
943,6,6,0.9992477893829346
944,3,3,0.9993811845779419
945,2,2,0.9999874830245972
946,7,7,0.9895582795143127
947,8,8,0.4935759902000427
948,1,1,0.998777449131012
949,1,1,0.9996854066848755
950,7,7,0.9997723698616028
951,5,5,0.9961534142494202
952,6,6,0.9997807145118713
953,4,4,0.9999414682388306
954,9,9,0.9999903440475464
955,5,5,0.9994489550590515
956,1,1,0.9850399494171143
957,3,3,0.9996283054351807
958,3,3,0.864239513874054
959,4,4,0.9997183680534363
960,7,7,0.9999152421951294
961,8,8,0.9999804496765137
962,9,9,0.999211311340332
963,1,1,0.9960591793060303
964,1,1,0.9966687560081482
965,6,6,0.5656462907791138
966,9,9,0.9852484464645386
967,1,1,0.9989615678787231
968,4,4,0.9998341798782349
969,4,4,0.9989913105964661
970,5,5,0.9999994039535522
971,4,4,0.999994158744812
972,0,0,1.0
973,6,6,0.9999966621398926
974,2,2,0.9999908208847046
975,2,2,0.9996089339256287
976,3,3,0.9999890327453613
977,1,1,0.9998315572738647
978,5,5,0.9999984502792358
979,1,1,0.9987820982933044
980,2,2,0.9999995231628418
981,0,0,0.9999954700469971
982,3,3,0.9914047718048096
983,8,8,0.9990229606628418
984,1,1,0.9947537183761597
985,2,2,0.9999477863311768
986,6,6,0.9999268054962158
987,7,7,0.9999948740005493
988,1,1,0.9921183586120605
989,6,6,0.9997671246528625
990,2,2,0.9994454979896545
991,3,3,0.9998944997787476
992,9,9,0.9988076686859131
993,0,0,0.9999731779098511
994,1,1,0.9927005767822266
995,2,2,0.9998682737350464
996,2,2,0.9999885559082031
997,0,0,0.999997615814209
998,8,8,0.9958091974258423
999,9,9,0.9987049102783203
1000,9,9,0.9998103976249695
1001,0,0,0.9998544454574585
1002,2,2,0.9892218112945557
1003,5,5,0.9981366395950317
1004,1,1,0.9992048144340515
1005,9,9,0.9999603033065796
1006,7,7,0.9993284940719604
1007,8,8,0.9999847412109375
1008,1,1,0.9996833801269531
1009,0,0,0.999997615814209
1010,4,4,0.9998315572738647
1011,1,1,0.9998390674591064
1012,7,7,0.9998623132705688
1013,9,9,0.9998712539672852
1014,6,5,0.49492332339286804
1015,4,4,0.9996687173843384
1016,2,2,0.9999991655349731
1017,6,6,0.9999946355819702
1018,8,8,0.9998406171798706
1019,1,1,0.9981560111045837
1020,3,3,0.9999920129776001
1021,7,7,0.9987891316413879
1022,5,5,0.9982742071151733
1023,4,4,0.9999990463256836
1024,4,4,0.9813327789306641
1025,1,1,0.9997901320457458
1026,8,8,0.9759400486946106
1027,1,1,0.9994428753852844
1028,3,3,0.9999985694885254
1029,8,8,0.9999685287475586
1030,1,1,0.9980010390281677
1031,2,2,0.9999960660934448
1032,5,5,0.9976413249969482
1033,8,9,0.6684622168540955
1034,0,0,0.9999990463256836
1035,6,6,0.9999996423721313
1036,2,2,0.995637834072113
1037,1,1,0.9948320388793945
1038,1,1,0.9983267188072205
1039,7,1,0.5093806982040405
1040,1,1,0.9975997805595398
1041,5,5,1.0
1042,3,3,0.9999830722808838
1043,4,4,0.9998551607131958
1044,6,6,0.984279990196228
1045,9,9,0.7329655289649963
1046,5,5,0.9999419450759888
1047,0,0,0.998752236366272
1048,9,9,0.999993085861206
1049,2,2,0.9999998807907104
1050,2,2,0.6802329421043396
1051,4,4,0.9937817454338074
1052,8,8,0.999651312828064
1053,2,2,0.9999983310699463
1054,1,1,0.9967653751373291
1055,7,7,0.9990873336791992
1056,2,2,0.9961948394775391
1057,4,4,0.9999748468399048
1058,9,9,0.9995728135108948
1059,4,4,0.9999867677688599
1060,4,4,0.9998754262924194
1061,0,0,0.9999314546585083
1062,3,3,0.9994494318962097
1063,9,9,0.9999455213546753
1064,2,2,0.999792754650116
1065,2,2,0.9997637867927551
1066,3,3,0.9997493624687195
1067,3,3,0.9999136924743652
1068,8,8,0.9965619444847107
1069,3,3,0.9999754428863525
1070,5,5,1.0
1071,7,7,0.9998212456703186
1072,3,3,0.9767118692398071
1073,5,5,0.9999997615814209
1074,8,8,0.9999994039535522
1075,1,1,0.9954702854156494
1076,2,2,0.9903467297554016
1077,4,4,0.9987223744392395
1078,4,4,0.9999959468841553
1079,6,6,0.999895453453064
1080,4,4,0.9995852112770081
1081,9,9,0.9998974800109863
1082,5,5,0.9995176792144775
1083,1,1,0.9987188577651978
1084,0,0,1.0
1085,6,6,0.9999861717224121
1086,9,9,0.9999254941940308
1087,5,5,0.9999984502792358
1088,9,9,0.999954104423523
1089,5,5,0.9997988343238831
1090,9,9,0.997160792350769
1091,7,7,0.9999758005142212
1092,3,3,0.99998939037323
1093,8,8,0.9993337988853455
1094,0,0,0.9999501705169678
1095,3,3,0.9999929666519165
1096,7,7,0.9999678134918213
1097,1,1,0.9986273050308228
1098,3,3,0.9999964237213135
1099,6,6,0.99647057056427
1100,7,7,0.9999762773513794
1101,8,8,0.9985163807868958
1102,5,5,1.0
1103,9,9,0.9999631643295288
1104,7,7,0.9999325275421143
1105,9,9,0.9998956918716431
1106,6,6,0.9999955892562866
1107,9,9,0.991771399974823
1108,6,6,0.9985544085502625
1109,3,3,0.9999953508377075
1110,7,7,0.9999825954437256
1111,4,4,0.9998792409896851
1112,4,6,0.8112252950668335
1113,5,5,1.0
1114,3,3,0.9965632557868958
1115,5,5,0.9999707937240601
1116,4,4,0.9999043941497803
1117,7,7,0.9998564720153809
1118,8,8,0.9900748133659363
1119,7,7,0.9994428753852844
1120,8,8,0.9999697208404541
1121,0,0,0.9899858832359314
1122,7,7,0.9953255653381348
1123,6,6,0.9999959468841553
1124,8,8,0.9982945322990417
1125,8,8,0.9999895095825195
1126,7,7,0.9999781847000122
1127,3,3,0.9999632835388184
1128,3,3,0.9976044297218323
1129,1,1,0.9998749494552612
1130,9,9,0.9995760321617126
1131,5,5,0.9999736547470093
1132,2,2,0.999991774559021
1133,7,7,0.999460756778717
1134,3,3,0.9999998807907104
1135,5,5,0.9999947547912598
1136,1,1,0.9998014569282532
1137,1,1,0.9980220794677734
1138,2,1,0.6741076111793518
1139,1,1,0.9998252987861633
1140,4,4,0.999951958656311
1141,7,7,0.9991602897644043
1142,4,4,0.99991774559021
1143,7,7,0.9976670742034912
1144,5,5,0.999983549118042
1145,4,4,0.9999998807907104
1146,5,5,0.9993374943733215
1147,4,4,0.9997716546058655
1148,0,0,0.9999986886978149
1149,8,8,0.9999984502792358
1150,3,3,0.9999877214431763
1151,6,6,0.9941340088844299
1152,9,9,0.9996055960655212
1153,6,6,0.9973934888839722
1154,0,0,0.999977707862854
1155,2,2,0.9998350143432617
1156,7,7,0.9990836381912231
1157,4,4,0.9999209642410278
1158,4,4,1.0
1159,4,4,0.9979228377342224
1160,4,4,0.999958872795105
1161,6,6,0.9999568462371826
1162,6,6,0.999961256980896
1163,4,4,0.9999631643295288
1164,7,7,0.9975196719169617
1165,9,9,0.9999752044677734
1166,3,3,0.9977881908416748
1167,4,4,0.9649848937988281
1168,5,5,1.0
1169,5,5,0.9997462630271912
1170,8,8,1.0
1171,7,7,0.999029278755188
1172,3,3,0.9999934434890747
1173,7,7,0.9987560510635376
1174,2,2,0.9999912977218628
1175,7,7,0.9999620914459229
1176,0,0,0.9999890327453613
1177,2,2,0.9948370456695557
1178,4,4,0.903785765171051
1179,1,1,0.9982713460922241
1180,1,1,0.9998667240142822
1181,6,6,0.9944724440574646
1182,6,6,0.933623194694519
1183,9,9,0.9995476603507996
1184,2,2,0.9993425011634827
1185,8,8,0.9997884631156921
1186,7,7,0.9999909400939941
1187,2,2,0.999967098236084
1188,0,0,0.9999661445617676
1189,1,1,0.9984328150749207
1190,5,5,0.9999997615814209
1191,0,0,0.9831974506378174
1192,9,9,0.9955981373786926
1193,1,1,0.9992569088935852
1194,7,7,0.9986810088157654
1195,0,0,0.9999960660934448
1196,6,6,0.9999701976776123
1197,0,0,0.9993190765380859
1198,8,8,0.9999669790267944
1199,6,6,0.9999874830245972
1200,8,8,0.9985581040382385
1201,1,1,0.9976422190666199
1202,8,8,0.9990382194519043
1203,0,0,0.9999876022338867
1204,3,3,0.999927282333374
1205,3,3,0.9999995231628418
1206,7,7,0.9933941960334778
1207,2,2,1.0
1208,3,3,0.9990496039390564
1209,6,6,0.9806851148605347
1210,2,2,0.9999465942382812
1211,1,1,0.9998397827148438
1212,6,6,0.9796205163002014
1213,1,1,0.9996753931045532
1214,1,1,0.9997151494026184
1215,3,3,0.999903678894043
1216,7,7,0.9866108894348145
1217,9,9,0.9951139092445374
1218,0,0,0.9999735355377197
1219,8,8,0.999705970287323
1220,0,0,0.9999911785125732
1221,5,5,0.999993085861206
1222,4,4,1.0
1223,0,0,0.999997615814209
1224,2,2,0.9962546825408936
1225,8,8,0.9999399185180664
1226,7,7,0.7438607215881348
1227,2,2,0.9998903274536133
1228,9,9,0.9975256323814392
1229,8,8,0.9999697208404541
1230,4,4,0.9997430443763733
1231,0,0,0.9999725818634033
1232,9,4,0.9341683983802795
1233,5,5,0.9995431900024414
1234,8,8,0.9999529123306274
1235,5,5,0.9999945163726807
1236,1,1,0.9977132081985474
1237,2,2,0.9998414516448975
1238,1,1,0.9996439218521118
1239,3,3,0.9994008541107178
1240,1,1,0.9983546137809753
1241,7,7,0.9996846914291382
1242,4,4,0.6399861574172974
1243,5,5,0.9998475313186646
1244,7,7,0.9948928356170654
1245,2,2,0.9999997615814209
1246,0,0,0.9999798536300659
1247,9,5,0.9379192590713501
1248,8,8,0.9998031258583069
1249,8,8,0.9999983310699463
1250,6,6,0.9979774355888367
1251,2,2,0.9999990463256836
1252,5,5,0.9999881982803345
1253,4,4,1.0
1254,1,1,0.9992480874061584
1255,9,9,0.9999953508377075
1256,2,2,0.8216062188148499
1257,1,1,0.9982632994651794
1258,5,5,0.9993888139724731
1259,8,8,0.9998898506164551
1260,7,7,0.7852845788002014
1261,0,0,0.9999955892562866
1262,2,2,0.9999752044677734
1263,4,4,0.9999018907546997
1264,4,4,0.9956803321838379
1265,3,3,0.9999723434448242
1266,6,6,0.9999985694885254
1267,8,8,0.9999998807907104
1268,8,8,0.9999895095825195
1269,2,2,0.9998654127120972
1270,4,4,0.9888489246368408
1271,0,0,0.9999998807907104
1272,5,5,0.9999996423721313
1273,0,0,0.9960119724273682
1274,4,4,0.9693193435668945
1275,4,4,0.9997531771659851
1276,7,7,0.999997615814209
1277,9,9,0.9999806880950928
1278,3,3,1.0
1279,4,4,0.9956163167953491
1280,1,1,0.9995490908622742
1281,5,5,0.9965307116508484
1282,9,9,0.9992087483406067
1283,7,7,0.999828577041626
1284,3,3,0.9999995231628418
1285,5,5,0.9999788999557495
1286,8,8,0.9999676942825317
1287,8,8,0.9998608827590942
1288,0,0,0.9981460571289062
1289,5,5,0.996997594833374
1290,3,3,0.9894587993621826
1291,3,3,0.9999996423721313
1292,6,6,0.995886504650116
1293,6,6,0.9999985694885254
1294,0,0,0.9999959468841553
1295,1,1,0.9996154308319092
1296,6,6,0.9863409399986267
1297,0,0,0.9999997615814209
1298,3,3,0.9999932050704956
1299,5,5,0.7608116865158081
1300,4,4,0.9999850988388062
1301,4,4,0.9884244203567505
1302,1,1,0.9988240599632263
1303,2,2,0.9999514818191528
1304,9,9,0.9999988079071045
1305,1,1,0.999883770942688
1306,4,4,0.9999979734420776
1307,6,6,0.999996542930603
1308,9,9,0.9999901056289673
1309,9,9,0.9999891519546509
1310,3,3,0.9984723925590515
1311,9,9,0.9993595480918884
1312,8,8,0.9993696808815002
1313,4,4,0.9999843835830688
1314,4,4,0.9995540976524353
1315,3,3,0.9999558925628662
1316,1,1,0.9998133778572083
1317,3,3,0.9999957084655762
1318,1,1,0.999762237071991
1319,8,8,0.9813796877861023
1320,8,8,0.9995070695877075
1321,7,7,0.9983695149421692
1322,9,9,0.9993353486061096
1323,4,4,0.9990261793136597
1324,8,8,0.9979200959205627
1325,8,8,0.9995580315589905
1326,7,7,0.9783303141593933
1327,9,9,0.9999486207962036
1328,7,7,0.9988508224487305
1329,1,1,0.9996359348297119
1330,4,4,0.9958372116088867
1331,5,5,0.9986357092857361
1332,6,6,0.9999938011169434
1333,0,0,0.9999998807907104
1334,5,5,0.9999860525131226
1335,2,2,0.9948976635932922
1336,2,2,0.9597273468971252
1337,2,2,0.9983193278312683
1338,1,1,0.9991768002510071
1339,5,5,0.9998914003372192
1340,5,5,0.9999988079071045
1341,2,2,0.9999978542327881
1342,4,4,0.999998927116394
1343,9,9,0.9998346567153931
1344,6,6,0.9908916354179382
1345,2,2,0.9998990297317505
1346,7,7,0.999661922454834
1347,7,7,0.9981676340103149
1348,2,2,0.9999891519546509
1349,2,2,0.9588288068771362
1350,1,1,0.9995505213737488
1351,1,1,0.9999375343322754
1352,2,2,0.9997175335884094
1353,8,8,0.9999967813491821
1354,3,3,0.9999722242355347
1355,7,7,0.9656052589416504
1356,2,2,0.9938194155693054
1357,4,4,0.9925259351730347
1358,1,1,0.9994580149650574
1359,7,7,0.9999305009841919
1360,1,1,0.9946715235710144
1361,7,7,0.9998592138290405
1362,6,6,1.0
1363,7,7,0.9999185800552368
1364,8,8,0.6533865928649902
1365,2,2,0.9996161460876465
1366,7,7,0.9999326467514038
1367,3,3,0.9999994039535522
1368,1,1,0.997238039970398
1369,7,7,0.9999995231628418
1370,5,5,0.9999648332595825
1371,8,8,0.9999998807907104
1372,2,2,0.9996210336685181
1373,6,6,0.9999994039535522
1374,2,2,0.9999990463256836
1375,2,2,0.999906063079834
1376,5,5,0.9999998807907104
1377,6,6,0.9988954067230225
1378,5,5,0.9996285438537598
1379,0,0,0.9999994039535522
1380,9,9,0.9999068975448608
1381,2,2,0.9999442100524902
1382,4,4,1.0
1383,3,3,0.9997859597206116
1384,3,3,0.9998993873596191
1385,9,9,0.9992833733558655
1386,7,7,0.9999686479568481
1387,6,6,0.999998927116394
1388,6,6,0.9999985694885254
1389,8,8,0.9999949932098389
1390,0,0,0.9999980926513672
1391,4,4,0.9998364448547363
1392,1,1,0.9974498152732849
1393,5,5,0.9298261404037476
1394,8,8,0.9409270882606506
1395,2,2,0.9917733073234558
1396,9,9,0.9995980858802795
1397,1,1,0.9994111061096191
1398,8,8,0.9657604694366455
1399,0,0,0.9999998807907104
1400,6,6,0.9992535710334778
1401,7,7,0.9999321699142456
1402,2,2,0.9962573051452637
1403,1,1,0.9037818908691406
1404,0,0,0.999913215637207
1405,5,5,0.9994213581085205
1406,5,5,0.9999768733978271
1407,2,2,1.0
1408,0,0,0.9999020099639893
1409,2,2,0.9924740195274353
1410,2,2,0.9999891519546509
1411,0,0,0.999727189540863
1412,2,2,0.9957460761070251
1413,4,4,0.9951451420783997
1414,9,9,0.9143676161766052
1415,8,8,0.9996182918548584
1416,0,0,0.9999436140060425
1417,9,9,0.999937891960144
1418,9,9,0.9999868869781494
1419,4,4,0.999903678894043
1420,6,6,0.9999966621398926
1421,5,5,0.9999994039535522
1422,4,4,0.9999948740005493
1423,9,9,0.9994470477104187
1424,1,1,0.9990615248680115
1425,8,8,0.7742209434509277
1426,3,3,0.9999986886978149
1427,4,4,0.9998284578323364
1428,9,9,0.9997910857200623
1429,9,9,0.9964842796325684
1430,1,1,0.9995337724685669
1431,2,2,0.9997879862785339
1432,2,2,0.9999635219573975
1433,8,8,0.9997859597206116
1434,1,1,0.9997941851615906
1435,9,9,0.9972363710403442
1436,6,6,0.9893781542778015
1437,4,4,0.9999392032623291
1438,0,0,0.49395108222961426
1439,9,9,0.9981355667114258
1440,4,4,0.9814637303352356
1441,8,8,0.9511169195175171
1442,3,3,0.9999300241470337
1443,8,8,0.9999979734420776
1444,6,6,0.9992753863334656
1445,0,0,0.9999823570251465
1446,2,2,0.9996825456619263
1447,5,5,0.9999332427978516
1448,1,1,0.9997885823249817
1449,9,9,0.9999996423721313
1450,6,6,0.9999969005584717
1451,2,2,0.9997041821479797
1452,9,9,0.9999922513961792
1453,4,4,0.7941989302635193
1454,0,0,0.9999339580535889
1455,9,9,0.997713565826416
1456,6,6,0.9999885559082031
1457,0,0,1.0
1458,6,6,0.9999920129776001
1459,2,3,0.5870009064674377
1460,5,5,1.0
1461,4,4,0.9999936819076538
1462,2,2,0.6012113690376282
1463,3,3,0.9999443292617798
1464,8,8,0.991955578327179
1465,4,4,0.9975647926330566
1466,5,5,0.9966562986373901
1467,5,5,0.9997527003288269
1468,0,0,0.9997887015342712
1469,3,3,0.9996888637542725
1470,8,8,0.9999659061431885
1471,5,5,0.9999939203262329
1472,3,3,0.9997357726097107
1473,5,5,0.9999994039535522
1474,8,8,0.9997730851173401
1475,6,6,0.9992823004722595
1476,5,5,0.9984090924263
1477,7,7,0.9999812841415405
1478,6,6,0.9997385144233704
1479,3,3,0.9999996423721313
1480,3,3,0.9999923706054688
1481,9,9,0.9999836683273315
1482,6,6,0.997478187084198
1483,1,1,0.9962801337242126
1484,1,1,0.9992091059684753
1485,2,2,0.9999997615814209
1486,9,9,0.9999711513519287
1487,0,0,0.9999834299087524
1488,4,4,0.9999262094497681
1489,3,3,0.9999972581863403
1490,3,3,0.9999839067459106
1491,6,6,0.9999736547470093
1492,9,9,0.9999885559082031
1493,5,5,0.9999991655349731
1494,7,7,0.999826967716217
1495,3,3,0.9996416568756104
1496,7,7,0.9979795813560486
1497,7,7,0.9999945163726807
1498,7,7,0.9999932050704956
1499,8,8,0.9999668598175049
1500,7,7,0.9898306727409363
1501,9,9,0.9996827840805054
1502,8,8,0.7482472658157349
1503,3,3,0.999988317489624
1504,0,0,0.9999052286148071
1505,7,7,0.9964653253555298
1506,2,2,1.0
1507,7,7,0.998325526714325
1508,9,9,0.9890621304512024
1509,4,4,0.993871808052063
1510,5,5,0.9999815225601196
1511,4,4,0.9999876022338867
1512,9,9,0.9999103546142578
1513,3,3,0.9999923706054688
1514,2,2,0.9991191029548645
1515,1,1,0.9996260404586792
1516,4,4,0.9689852595329285
1517,0,0,0.9999990463256836
1518,2,2,0.9973689317703247
1519,3,3,0.9999992847442627
1520,7,7,0.9997715353965759
1521,5,5,0.9999992847442627
1522,7,7,0.7779281735420227
1523,8,8,0.9658560156822205
1524,8,8,0.9999126195907593
1525,5,5,0.999990701675415
1526,0,0,0.9999994039535522
1527,1,1,0.7031371593475342
1528,1,1,0.9998987913131714
1529,4,4,0.9999979734420776
1530,8,8,0.9649099707603455
1531,3,3,0.9985036849975586
1532,9,9,0.9990552067756653
1533,0,0,0.9118849039077759
1534,0,0,0.9999662637710571
1535,0,0,0.999982476234436
1536,6,6,0.9999486207962036
1537,6,6,0.9999945163726807
1538,2,2,0.9999598264694214
1539,3,3,0.9999990463256836
1540,7,7,0.9999703168869019
1541,8,8,0.9999555349349976
1542,4,4,0.9999890327453613
1543,7,7,0.99901282787323
1544,7,7,0.9999949932098389
1545,9,9,0.9999988079071045
1546,2,2,0.9999268054962158
1547,4,4,0.9996645450592041
1548,1,1,0.9943363070487976
1549,4,4,0.9991897940635681
1550,5,5,0.9999982118606567
1551,2,2,0.969619631767273
1552,4,4,0.9997280240058899
1553,9,9,0.6577278971672058
1554,9,9,0.9973610043525696
1555,1,1,0.9994981288909912
1556,8,8,0.9999903440475464
1557,4,4,0.9993546605110168
1558,0,0,0.9999176263809204
1559,9,9,0.7322525978088379
1560,8,8,0.9998500347137451
1561,4,4,0.9995909333229065
1562,8,8,0.9970065951347351
1563,7,7,0.9999592304229736
1564,7,7,0.9998890161514282
1565,0,0,0.9993384480476379
1566,7,7,0.9983008503913879
1567,8,8,0.9999998807907104
1568,8,8,0.9986926913261414
1569,6,6,0.9983332753181458
1570,0,0,0.9958525896072388
1571,4,4,0.999924898147583
1572,8,8,0.9996857643127441
1573,8,8,0.9996738433837891
1574,2,2,0.9999980926513672
1575,4,4,0.9999375343322754
1576,7,7,0.9991539716720581
1577,6,6,0.9999904632568359
1578,6,6,0.9999946355819702
1579,6,6,0.9998555183410645
1580,4,4,0.9996199607849121
1581,7,7,0.9993962049484253
1582,1,1,0.9997053742408752
1583,8,8,0.9992848038673401
1584,8,8,0.8134574294090271
1585,2,2,0.9999359846115112
1586,3,3,0.9999431371688843
1587,6,6,0.9996206760406494
1588,3,3,1.0
1589,0,0,0.9999996423721313
1590,0,0,0.9999986886978149
1591,3,3,0.9997894167900085
1592,7,7,0.9999749660491943
1593,6,6,0.9993624091148376
1594,9,9,0.9979585409164429
1595,7,7,0.9843059778213501
1596,9,9,0.9998757839202881
1597,9,9,0.9970124959945679
1598,5,5,1.0
1599,4,4,0.9999911785125732
1600,3,3,0.9998446702957153
1601,3,3,0.9957037568092346
1602,6,6,0.9999725818634033
1603,1,1,0.999861478805542
1604,2,2,0.9999634027481079
1605,3,3,0.9999964237213135
1606,7,7,0.9986963868141174
1607,3,3,0.9996587038040161
1608,3,3,0.9999995231628418
1609,2,2,0.9998631477355957
1610,0,0,0.999998927116394
1611,3,3,0.9088597297668457
1612,3,3,0.9999814033508301
1613,8,8,0.9994366765022278
1614,4,4,0.9990787506103516
1615,3,3,0.9999765157699585
1616,6,6,0.9999880790710449
1617,3,3,0.9981548190116882
1618,5,5,0.9981599450111389
1619,0,0,0.9997515082359314
1620,2,2,0.9993159770965576
1621,0,0,0.7715978622436523
1622,9,9,0.9999970197677612
1623,0,0,0.9999973773956299
1624,7,7,0.999887228012085
1625,4,4,0.9999996423721313
1626,6,6,0.9990092515945435
1627,9,9,0.9999699592590332
1628,3,3,0.9999927282333374
1629,5,5,0.9999996423721313
1630,1,1,0.9991050362586975
1631,9,9,0.9990966320037842
1632,6,6,0.9999594688415527
1633,1,1,0.9999421834945679
1634,4,4,0.9732000827789307
1635,5,5,0.9999966621398926
1636,4,4,0.9999910593032837
1637,5,5,0.9985635876655579
1638,0,0,0.9999814033508301
1639,5,5,0.9999850988388062
1640,9,9,0.999934196472168
1641,5,5,0.9996578693389893
1642,2,2,0.9999933242797852
1643,1,1,0.9998238682746887
1644,2,2,0.9963198900222778
1645,9,9,0.9999856948852539
1646,1,1,0.9998980760574341
1647,9,9,0.9994475245475769
1648,9,9,0.9984256029129028
1649,4,4,0.9995531439781189
1650,0,0,0.9998466968536377
1651,8,8,0.9999593496322632
1652,4,4,0.9999450445175171
1653,5,5,0.9999939203262329
1654,2,2,0.9942231774330139
1655,9,9,0.9987058639526367
1656,2,2,0.9998167157173157
1657,1,1,0.9995235204696655
1658,2,2,0.9990973472595215
1659,1,1,0.9996336698532104
1660,7,7,0.9981878399848938
1661,3,3,0.9999213218688965
1662,6,6,0.9999996423721313
1663,8,8,0.9999995231628418
1664,8,8,0.9999620914459229
1665,4,4,0.9991346001625061
1666,9,9,0.9999527931213379
1667,1,1,0.9997652173042297
1668,9,9,0.9999921321868896
1669,8,8,0.9999749660491943
1670,5,5,0.9999998807907104
1671,7,7,0.9993719458580017
1672,5,5,0.9999738931655884
1673,1,1,0.9806442260742188
1674,1,1,0.9987234473228455
1675,8,8,0.9999549388885498
1676,6,6,0.8778043985366821
1677,5,5,0.9999984502792358
1678,2,2,0.9985456466674805
1679,4,4,0.999998927116394
1680,4,4,0.9994344115257263
1681,3,3,0.6553944945335388
1682,2,2,0.999546229839325
1683,3,3,1.0
1684,5,5,0.9999980926513672
1685,6,6,0.9999983310699463
1686,8,8,0.9896949529647827
1687,8,8,0.9946054816246033
1688,6,6,0.9980105757713318
1689,2,2,0.9577655792236328
1690,3,3,0.9999765157699585
1691,1,1,0.9789184927940369
1692,0,0,1.0
1693,5,5,0.9999988079071045
1694,8,8,0.9974371194839478
1695,9,9,0.9774032235145569
1696,2,2,0.9977676868438721
1697,9,9,0.9947578310966492
1698,6,6,0.9999978542327881
1699,7,7,0.9999963045120239
1700,0,0,0.9999997615814209
1701,4,4,0.9943178296089172
1702,8,8,0.9998601675033569
1703,7,7,0.9950754046440125
1704,1,1,0.9996312856674194
1705,7,7,0.9998524188995361
1706,4,4,0.9998637437820435
1707,1,1,0.9991468191146851
1708,0,0,0.9999673366546631
1709,9,5,0.5121160745620728
1710,7,7,0.9997751116752625
1711,2,2,0.998065173625946
1712,0,0,0.9999995231628418
1713,0,0,0.9999977350234985
1714,9,9,0.9999332427978516
1715,1,1,0.9990986585617065
1716,7,7,0.92460697889328
1717,8,8,0.9797329902648926
1718,7,7,0.9999923706054688
1719,8,8,0.9999935626983643
1720,4,4,0.9999966621398926
1721,7,7,0.9587807059288025
1722,2,2,0.9973762035369873
1723,0,0,0.9999980926513672
1724,4,4,0.9999997615814209
1725,6,6,0.9798493385314941
1726,0,0,0.9999984502792358
1727,3,3,0.9999939203262329
1728,1,1,0.9985222220420837
1729,1,1,0.9988235831260681
1730,3,3,0.999873161315918
1731,3,3,0.9999995231628418
1732,9,9,0.992037296295166
1733,6,6,0.999619722366333
1734,7,7,0.9999972581863403
1735,4,4,0.9997344613075256
1736,1,1,0.9981314539909363
1737,5,5,0.8070288300514221
1738,3,3,0.9999997615814209
1739,0,0,0.9999897480010986
1740,8,8,0.9994916915893555
1741,7,7,0.9997873902320862
1742,3,3,0.9999982118606567
1743,9,9,0.9997380375862122
1744,6,6,0.9999648332595825
1745,9,9,0.9999159574508667
1746,3,3,0.9999377727508545
1747,5,5,0.9999617338180542
1748,0,0,0.9996380805969238
1749,2,2,0.9998741149902344
1750,7,7,0.9996931552886963
1751,4,4,0.9886772632598877
1752,5,5,0.9999649524688721
1753,1,1,0.9993972778320312
1754,7,7,0.996795117855072
1755,5,5,0.9996474981307983
1756,8,8,0.9998536109924316
1757,0,0,0.9999500513076782
1758,8,8,0.9999998807907104
1759,8,8,0.9975876808166504
1760,1,1,0.9994170665740967
1761,5,5,0.9997203946113586
1762,0,0,0.9999055862426758
1763,3,3,0.9999951124191284
1764,0,0,0.9999864101409912
1765,3,3,0.9999969005584717
1766,1,1,0.9994045495986938
1767,4,4,0.9999527931213379
1768,0,0,0.9999876022338867
1769,3,3,0.9999039173126221
1770,7,7,0.9999368190765381
1771,2,2,0.9965654015541077
1772,7,7,0.9999998807907104
1773,1,1,0.964615523815155
1774,8,8,0.9880717992782593
1775,0,0,0.9999827146530151
1776,7,7,0.9984032511711121
1777,0,0,0.9999810457229614
1778,4,4,0.9997369647026062
1779,3,3,0.9999818801879883
1780,1,1,0.9991819262504578
1781,9,9,0.9997614026069641
1782,8,8,0.9417807459831238
1783,7,7,0.9999375343322754
1784,7,7,0.9999676942825317
1785,1,1,0.9997687935829163
1786,4,4,0.9998617172241211
1787,9,9,0.9999949932098389
1788,9,9,0.9996182918548584
1789,3,3,0.9993990659713745
1790,2,2,0.893966019153595
1791,1,1,0.9997643828392029
1792,7,7,0.9999737739562988
1793,9,9,0.999984860420227
1794,0,0,0.9981290698051453
1795,2,2,0.9999996423721313
1796,0,0,0.9999967813491821
1797,3,3,0.9999310970306396
1798,3,3,0.9999969005584717
1799,7,7,0.9999603033065796
1800,6,6,0.9978297352790833
1801,9,9,0.999976396560669
1802,2,2,0.9997343420982361
1803,3,3,0.999997615814209
1804,3,3,0.9999998807907104
1805,7,7,0.999976634979248
1806,7,7,0.9986146688461304
1807,0,0,0.9999876022338867
1808,0,0,0.9992380142211914
1809,7,7,0.8204237222671509
1810,5,5,0.9999990463256836
1811,2,2,0.9959806203842163
1812,9,9,0.999975323677063
1813,8,8,0.9577651619911194
1814,7,7,0.9995648264884949
1815,4,4,0.999997615814209
1816,4,4,0.9838061332702637
1817,2,2,0.9999551773071289
1818,6,6,0.9998093247413635
1819,6,6,0.9994969367980957
1820,1,1,0.9997609257698059
1821,9,9,0.9999995231628418
1822,6,6,0.9986650943756104
1823,8,8,0.9812244772911072
1824,2,2,0.9995594620704651
1825,9,9,0.9996421337127686
1826,0,0,0.9999964237213135
1827,8,8,0.9999951124191284
1828,3,3,0.9999469518661499
1829,1,1,0.9973416924476624
1830,1,1,0.9993554949760437
1831,6,6,0.9999834299087524
1832,3,3,0.9999973773956299
1833,5,5,0.9998264908790588
1834,1,1,0.9995442032814026
1835,1,1,0.9990707635879517
1836,1,1,0.9997425675392151
1837,3,3,0.9999961853027344
1838,1,1,0.9998267292976379
1839,2,2,0.9982241988182068
1840,3,3,0.9999996423721313
1841,0,0,0.9999936819076538
1842,2,2,0.998969554901123
1843,0,0,0.9998375177383423
1844,1,1,0.9986094236373901
1845,3,3,1.0
1846,5,5,0.9999207258224487
1847,5,5,0.9996169805526733
1848,7,7,0.9999709129333496
1849,4,4,0.9989435076713562
1850,8,8,0.999990701675415
1851,9,9,0.9997712969779968
1852,6,6,0.999150276184082
1853,9,9,0.9996424913406372
1854,6,6,0.9999196529388428
1855,8,8,0.9998679161071777
1856,3,3,0.9999715089797974
1857,6,6,0.9999940395355225
1858,6,6,0.9999995231628418
1859,8,8,0.9908096790313721
1860,5,5,0.9996685981750488
1861,1,1,0.9990686774253845
1862,4,4,0.9906270503997803
1863,2,2,1.0
1864,4,4,0.9999496936798096
1865,4,4,0.898712158203125
1866,5,5,0.9999752044677734
1867,1,1,0.9990484118461609
1868,1,1,0.9645009636878967
1869,9,9,0.9998941421508789
1870,0,0,1.0
1871,2,2,0.9944158792495728
1872,4,4,0.9998478889465332
1873,9,9,0.9999984502792358
1874,5,5,0.9998165965080261
1875,7,7,0.999996542930603
1876,1,1,0.999715268611908
1877,8,8,0.9999092817306519
1878,8,8,0.6668480634689331
1879,5,5,0.9999417066574097
1880,6,6,0.9989620447158813
1881,9,9,0.9999628067016602
1882,8,8,0.9999942779541016
1883,7,7,0.9973415732383728
1884,1,1,0.9997414946556091
1885,1,1,0.9986372590065002
1886,6,6,0.9994335770606995
1887,7,7,0.9997716546058655
1888,6,6,0.9973894953727722
1889,3,3,0.9999991655349731
1890,2,2,1.0
1891,2,2,0.9999997615814209
1892,0,0,1.0
1893,8,8,0.9999799728393555
1894,9,9,0.9950907230377197
1895,2,2,0.9999974966049194
1896,5,5,0.9999992847442627
1897,1,1,0.9998013377189636
1898,0,0,0.9945507645606995
1899,8,8,0.9999849796295166
1900,1,1,0.9761200547218323
1901,9,4,0.6516796946525574
1902,5,5,0.9999868869781494
1903,7,7,0.9877015948295593
1904,9,9,0.9980193376541138
1905,6,6,0.9999996423721313
1906,9,9,0.999210000038147
1907,0,0,0.9998772144317627
1908,6,6,0.999693751335144
1909,1,1,0.9534285664558411
1910,5,5,0.9998331069946289
1911,5,5,0.999614953994751
1912,8,8,0.9994361996650696
1913,3,3,0.9999228715896606
1914,8,8,0.9999942779541016
1915,2,2,0.968407392501831
1916,6,6,0.9993913173675537
1917,5,5,0.9999997615814209
1918,0,0,0.9999750852584839
1919,7,7,0.9999673366546631
1920,4,4,0.9995535016059875
1921,6,6,0.9999970197677612
1922,1,1,0.999541163444519
1923,3,3,1.0
1924,4,4,0.9809843301773071
1925,7,7,0.9995502829551697
1926,3,3,0.9999841451644897
1927,2,2,0.9818319082260132
1928,3,3,0.9997183680534363
1929,4,4,0.9988754391670227
1930,2,2,0.9999990463256836
1931,5,5,0.9999550580978394
1932,2,2,0.9994851350784302
1933,7,7,0.999994158744812
1934,1,1,0.9985294342041016
1935,7,7,0.9999198913574219
1936,2,2,0.9999995231628418
1937,6,6,0.9986531734466553
1938,4,4,0.988023042678833
1939,1,1,0.9999121427536011
1940,5,5,0.999936580657959
1941,7,7,0.996553897857666
1942,8,8,0.9994578957557678
1943,6,6,0.9995036125183105
1944,0,0,0.9999840259552002
1945,1,1,0.9996647834777832
1946,8,8,0.9999516010284424
1947,2,2,0.9998946189880371
1948,5,5,0.999900221824646
1949,7,7,0.9599412679672241
1950,7,7,0.9998284578323364
1951,6,6,0.9999728202819824
1952,9,9,0.995075523853302
1953,3,3,0.9999908208847046
1954,5,5,0.9998874664306641
1955,8,8,0.9980494976043701
1956,4,4,0.9948650002479553
1957,2,2,0.9999986886978149
1958,4,4,0.9999927282333374
1959,0,0,0.9994174242019653
1960,8,8,0.9999943971633911
1961,8,8,0.9996840953826904
1962,3,3,0.9999909400939941
1963,4,4,0.9863795638084412
1964,9,9,0.9999780654907227
1965,2,2,0.9422199726104736
1966,7,7,0.9999994039535522
1967,5,5,0.9999992847442627
1968,8,8,0.9958332180976868
1969,6,6,0.9989635944366455
1970,5,5,0.9999852180480957
1971,6,6,0.9999516010284424
1972,0,0,0.9999986886978149
1973,8,8,0.9996082186698914
1974,6,6,0.9999949932098389
1975,7,7,0.9999778270721436
1976,3,3,0.9999127388000488
1977,6,6,0.9999737739562988
1978,4,4,0.9998563528060913
1979,9,9,0.9999821186065674
1980,4,4,0.9999992847442627
1981,6,6,0.9997511506080627
1982,6,6,0.6700648665428162
1983,3,3,0.999995231628418
1984,2,2,0.9998337030410767
1985,4,4,0.9999915361404419
1986,1,1,0.9996351003646851
1987,0,0,0.9999957084655762
1988,1,1,0.9939488172531128
1989,4,4,0.9394350051879883
1990,6,6,0.9997981190681458
1991,2,2,0.9999228715896606
1992,9,9,0.9597752094268799
1993,1,1,0.9881894588470459
1994,1,1,0.9970632195472717
1995,0,0,0.999998927116394
1996,6,6,0.9993403553962708
1997,3,3,0.9999994039535522
1998,9,9,0.9987333416938782
1999,5,5,0.9975893497467041
2000,6,6,0.9986263513565063
2001,5,5,0.9999969005584717
2002,6,6,0.9999722242355347
2003,5,5,0.9999963045120239
2004,8,8,0.9997766613960266
2005,4,4,0.9998600482940674
2006,6,6,0.9998034834861755
2007,4,4,0.9999997615814209
2008,3,3,0.9999431371688843
2009,9,9,0.9998723268508911
2010,1,1,0.9993786811828613
2011,3,3,0.9998090863227844
2012,4,4,0.9999499320983887
2013,1,1,0.9989128112792969
2014,9,9,0.9999125003814697
2015,1,1,0.9995100498199463
2016,7,7,0.9998990297317505
2017,1,1,0.9974206686019897
2018,1,7,0.5241742730140686
2019,9,9,0.9996738433837891
2020,3,3,0.9999985694885254
2021,5,5,0.9999871253967285
2022,4,4,0.9997474551200867
2023,0,0,0.9958873391151428
2024,7,7,0.9693514108657837
2025,3,3,0.987015962600708
2026,6,6,0.999998927116394
2027,1,1,0.9975898265838623
2028,7,7,0.9618819355964661
2029,5,5,0.999946117401123
2030,5,5,0.999993085861206
2031,3,3,0.9999997615814209
2032,3,3,0.9999986886978149
2033,0,0,0.9999207258224487
2034,1,1,0.9978654980659485
2035,5,3,0.5382459163665771
2036,7,7,0.9999579191207886
2037,5,5,0.999993085861206
2038,8,8,0.9999170303344727
2039,6,6,0.9999903440475464
2040,5,5,0.8914862275123596
2041,1,1,0.997318685054779
2042,0,0,0.9999994039535522
2043,4,8,0.7648414373397827
2044,2,2,0.9999210834503174
2045,3,3,0.999998927116394
2046,4,4,0.9997733235359192
2047,6,6,0.999930739402771
2048,7,7,0.9897862672805786
2049,9,9,0.9970383644104004
2050,8,8,0.9995550513267517
2051,1,1,0.9993304014205933
2052,8,8,0.996987521648407
2053,4,4,0.5064435005187988
2054,9,9,0.9994916915893555
2055,2,2,0.9968282580375671
2056,8,8,0.9968670010566711
2057,6,6,0.9999890327453613
2058,2,2,0.9862371683120728
2059,7,7,0.989257276058197
2060,0,0,0.9999363422393799
2061,0,0,0.9995095729827881
2062,6,6,0.999998927116394
2063,7,7,0.9793136715888977
2064,5,5,0.9999945163726807
2065,8,8,0.9999206066131592
2066,6,6,0.9999206066131592
2067,0,0,0.9998669624328613
2068,9,9,0.9969612956047058
2069,3,3,0.9999995231628418
2070,7,9,0.6389355659484863
2071,1,1,0.997188150882721
2072,3,3,0.999997615814209
2073,5,5,0.999881386756897
2074,4,4,0.9997532963752747
2075,3,3,0.9999935626983643
2076,3,3,0.9999982118606567
2077,5,5,0.9999732971191406
2078,5,5,0.9999948740005493
2079,6,6,0.9998575448989868
2080,3,3,0.9999969005584717
2081,0,0,0.9999396800994873
2082,2,2,0.9844073057174683
2083,3,3,0.9999985694885254
2084,4,4,0.9358880519866943
2085,2,2,0.9991446733474731
2086,3,3,0.9999990463256836
2087,0,0,0.9999220371246338
2088,9,9,0.9999960660934448
2089,9,9,0.9998471736907959
2090,4,4,0.8856194615364075
2091,7,7,0.9999997615814209
2092,2,2,0.999915361404419
2093,8,8,0.7576776146888733
2094,4,4,0.9908993244171143
2095,7,7,0.9999743700027466
2096,0,0,0.9999992847442627
2097,6,6,0.9999682903289795
2098,2,2,0.7982508540153503
2099,8,8,0.9999701976776123
2100,5,5,0.9999998807907104
2101,2,2,0.9964398741722107
2102,8,8,0.9999970197677612
2103,5,5,0.999962329864502
2104,7,7,0.9999232292175293
2105,3,3,0.998160183429718
2106,0,0,0.9999808073043823
2107,8,8,0.9744173288345337
2108,2,2,0.9986640214920044
2109,3,3,0.8784812688827515
2110,2,2,0.9999746084213257
2111,8,8,0.9999864101409912
2112,2,2,0.999988317489624
2113,5,5,0.9999865293502808
2114,5,5,0.9999992847442627
2115,7,7,0.999919056892395
2116,6,6,0.9980931878089905
2117,4,4,0.9999986886978149
2118,6,0,0.7576495409011841
2119,8,8,0.9998723268508911
2120,4,4,0.9999501705169678
2121,8,8,0.9983874559402466
2122,2,2,0.9996836185455322
2123,7,7,0.996254563331604
2124,4,4,0.9999037981033325
2125,5,5,0.9969683289527893
2126,2,2,0.9998302459716797
2127,0,0,0.9999657869338989
2128,3,3,0.9999996423721313
2129,9,2,0.8676320910453796
2130,4,9,0.9686269760131836
2131,6,6,0.9954323768615723
2132,7,7,0.9999549388885498
2133,2,2,0.9997937083244324
2134,5,5,0.9999723434448242
2135,6,6,0.604126513004303
2136,1,1,0.9998461008071899
2137,1,1,0.9986724853515625
2138,2,2,0.9941440224647522
2139,3,3,1.0
2140,6,6,0.9999998807907104
2141,7,7,0.999976634979248
2142,8,8,0.9999237060546875
2143,7,7,0.9997075200080872
2144,6,6,0.9998767375946045
2145,4,4,0.9998859167098999
2146,8,8,0.9999788999557495
2147,9,9,0.9977596998214722
2148,4,9,0.7323638796806335
2149,8,8,0.9959288239479065
2150,6,6,0.9999454021453857
2151,3,3,0.9999971389770508
2152,8,8,0.9996911287307739
2153,3,3,0.9997994303703308
2154,1,1,0.9999339580535889
2155,0,0,0.9999849796295166
2156,6,6,0.9999934434890747
2157,2,2,0.9943511486053467
2158,2,2,0.9987635612487793
2159,5,5,0.9999997615814209
2160,6,6,0.9996447563171387
2161,9,9,0.9996671676635742
2162,5,5,0.9995655417442322
2163,8,8,0.9999974966049194
2164,1,1,0.998542070388794
2165,4,4,0.9999725818634033
2166,1,1,0.9998400211334229
2167,7,7,0.999854564666748
2168,8,8,0.9998660087585449
2169,4,4,0.998420238494873
2170,6,6,1.0
2171,1,1,0.9957583546638489
2172,8,8,0.9998524188995361
2173,4,4,0.9999885559082031
2174,3,3,0.9963611960411072
2175,1,1,0.9749248027801514
2176,2,2,0.9999872446060181
2177,8,8,0.9999880790710449
2178,0,0,0.9999998807907104
2179,8,8,0.9989879727363586
2180,5,5,0.9999964237213135
2181,9,9,0.999943733215332
2182,1,3,0.6323696374893188
2183,4,4,0.9999940395355225
2184,2,2,0.9999765157699585
2185,0,0,0.9801969528198242
2186,2,2,0.6225967407226562
2187,7,7,0.9999803304672241
2188,0,0,0.9999489784240723
2189,9,9,0.934840202331543
2190,0,0,0.9999258518218994
2191,2,2,0.9998544454574585
2192,5,5,0.9999926090240479
2193,7,7,0.9994028806686401
2194,6,6,0.9999685287475586
2195,7,7,0.9770705699920654
2196,9,9,0.9999674558639526
2197,4,4,0.9989064931869507
2198,2,2,0.9999387264251709
2199,6,6,0.9946433305740356
2200,2,2,0.9999399185180664
2201,4,4,1.0
2202,4,4,0.9999819993972778
2203,8,8,0.9999994039535522
2204,0,0,0.9983876943588257
2205,4,4,0.999921441078186
2206,4,4,0.9999600648880005
2207,5,5,1.0
2208,8,8,0.9999521970748901
2209,0,0,0.9998824596405029
2210,6,6,0.9999474287033081
2211,8,8,0.9999973773956299
2212,9,9,0.9986746311187744
2213,8,8,0.9999994039535522
2214,5,5,1.0
2215,6,6,0.9864597320556641
2216,9,9,0.9996378421783447
2217,0,0,0.9999998807907104
2218,4,4,0.9991855025291443
2219,8,8,0.9999980926513672
2220,7,7,0.9999951124191284
2221,1,1,0.995465099811554
2222,3,3,0.9998624324798584
2223,4,4,0.9999843835830688
2224,5,5,0.9972304701805115
2225,8,8,0.9859390258789062
2226,0,0,0.999925971031189
2227,9,9,0.9999043941497803
2228,1,1,0.9976186156272888
2229,3,3,0.9999998807907104
2230,3,3,1.0
2231,6,6,0.9999983310699463
2232,9,9,0.9991187453269958
2233,8,8,0.999991774559021
2234,7,7,0.9995846152305603
2235,1,1,0.9986051917076111
2236,0,0,0.999990701675415
2237,5,5,0.9998025298118591
2238,7,7,0.9998449087142944
2239,1,1,0.9994505047798157
2240,7,7,0.9999996423721313
2241,5,5,0.999995231628418
2242,2,2,0.9955936074256897
2243,7,7,0.9997652173042297
2244,9,9,0.9996449947357178
2245,1,1,0.990020751953125
2246,8,8,0.9995543360710144
2247,5,5,0.9999969005584717
2248,2,2,0.9937625527381897
2249,4,4,0.9999992847442627
2250,9,9,0.9955525994300842
2251,4,4,0.9999641180038452
2252,7,7,0.9994158744812012
2253,2,2,0.9999791383743286
2254,2,2,0.9999616146087646
2255,3,3,0.9999946355819702
2256,4,4,1.0
2257,9,9,0.9999995231628418
2258,1,1,0.9955606460571289
2259,9,9,0.9999887943267822
2260,2,2,0.9999997615814209
2261,1,1,0.9998784065246582
2262,7,7,0.9982806444168091
2263,9,9,0.9999935626983643
2264,4,4,0.9998956918716431
2265,4,4,0.9997488856315613
2266,1,3,0.6131742000579834
2267,6,6,0.9999638795852661
2268,7,7,0.9997327923774719
2269,2,2,0.9999651908874512
2270,7,7,0.9991199374198914
2271,8,8,0.9999480247497559
2272,8,8,0.9993522763252258
2273,1,1,0.9976937174797058
2274,9,9,0.9995846152305603
2275,7,7,0.9996652603149414
2276,1,1,0.9569031000137329
2277,1,1,0.9947507977485657
2278,7,7,0.9999903440475464
2279,5,5,0.9999649524688721
2280,3,3,0.5524117946624756
2281,3,3,0.9999957084655762
2282,5,5,0.99985671043396
2283,1,1,0.9998414516448975
2284,3,3,0.9999288320541382
2285,7,7,0.9999932050704956
2286,6,6,0.9999667406082153
2287,1,1,0.9998372793197632
2288,3,3,0.9996483325958252
2289,8,8,0.9999690055847168
2290,7,7,0.9997696280479431
2291,5,5,0.9999810457229614
2292,9,9,0.9992326498031616
2293,9,4,0.9294255971908569
2294,0,0,0.9999961853027344
2295,0,0,0.9999940395355225
2296,2,2,0.9830290079116821
2297,8,8,0.9999935626983643
2298,8,8,0.9991666078567505
2299,2,2,0.9951051473617554
2300,3,3,0.999940037727356
2301,7,7,0.9998533725738525
2302,1,1,0.9996160268783569
2303,3,3,0.9999980926513672
2304,0,0,0.9999935626983643
2305,3,3,0.9999959468841553
2306,4,4,0.9999282360076904
2307,4,4,0.9999138116836548
2308,3,3,0.977112889289856
2309,8,8,0.9985539317131042
2310,9,9,0.9998729228973389
2311,2,2,0.9999566078186035
2312,3,3,0.9998096823692322
2313,9,9,0.9999945163726807
2314,7,7,0.9996272325515747
2315,1,1,0.9986509680747986
2316,1,1,0.9992497563362122
2317,7,7,0.9999347925186157
2318,0,0,0.6530976891517639
2319,4,4,0.9999996423721313
2320,9,9,0.9993057250976562
2321,6,6,0.9999936819076538
2322,5,5,0.9999955892562866
2323,9,9,0.9999765157699585
2324,1,1,0.99042809009552
2325,7,7,0.9999996423721313
2326,0,0,0.9981753826141357
2327,2,2,0.9991405010223389
2328,0,0,0.9999985694885254
2329,0,0,0.6925545334815979
2330,4,4,0.9999281167984009
2331,6,6,0.9999997615814209
2332,7,7,0.9999593496322632
2333,0,0,0.9977643489837646
2334,7,7,0.9999394416809082
2335,1,1,0.9998038411140442
2336,4,4,0.9999984502792358
2337,6,6,0.9999818801879883
2338,4,4,0.9979755282402039
2339,5,5,0.9996970891952515
2340,4,4,0.9999886751174927
2341,9,9,0.9999265670776367
2342,9,9,0.9999994039535522
2343,1,1,0.825051486492157
2344,7,7,0.9999874830245972
2345,9,9,0.9998698234558105
2346,5,5,0.9999995231628418
2347,3,3,0.9999557733535767
2348,3,3,0.999372661113739
2349,8,8,0.9999995231628418
2350,2,2,0.9999998807907104
2351,3,3,0.9999853372573853
2352,6,6,0.9999254941940308
2353,2,2,0.9999642372131348
2354,2,2,0.9994603991508484
2355,1,1,0.9964516162872314
2356,1,1,0.9997962117195129
2357,1,1,0.9995438456535339
2358,1,1,0.9992371797561646
2359,1,1,0.9983684420585632
2360,6,6,0.9999985694885254
2361,9,9,0.9907485842704773
2362,8,8,0.9992534518241882
2363,4,4,0.7268876433372498
2364,3,3,0.9999567270278931
2365,7,7,0.9999333620071411
2366,1,1,0.9997151494026184
2367,6,6,0.9999517202377319
2368,4,4,0.9999995231628418
2369,5,5,0.8717896938323975
2370,0,0,0.9999971389770508
2371,4,4,0.9989861845970154
2372,7,7,0.9995383024215698
2373,4,4,0.9999809265136719
2374,2,2,0.9909981489181519
2375,4,4,0.9999995231628418
2376,0,0,0.9999614953994751
2377,7,7,0.9997578263282776
2378,0,0,0.9998730421066284
2379,1,1,0.9999324083328247
2380,9,9,0.9163848757743835
2381,8,8,0.9999045133590698
2382,8,8,0.9765902161598206
2383,6,6,0.9999972581863403
2384,0,0,0.9999909400939941
2385,0,0,0.9999144077301025
2386,4,4,0.9989885687828064
2387,9,9,0.8902349472045898
2388,6,6,0.9999405145645142
2389,8,8,0.9999922513961792
2390,2,2,0.9993892908096313
2391,2,2,1.0
2392,3,3,0.9997181296348572
2393,8,8,0.9993428587913513
2394,4,4,0.9999127388000488
2395,8,8,0.6398988962173462
2396,2,2,0.9999942779541016
2397,2,2,0.9992861151695251
2398,1,1,0.9963850975036621
2399,7,7,0.9999260902404785
2400,5,5,0.9996585845947266
2401,4,4,0.9999922513961792
2402,4,4,0.9995200634002686
2403,0,0,0.9999504089355469
2404,4,4,0.9983341097831726
2405,3,3,0.9986764788627625
2406,9,9,0.9753928780555725
2407,7,7,0.9999994039535522
2408,3,3,0.9993519186973572
2409,1,1,0.9950061440467834
2410,0,0,0.9999790191650391
2411,1,1,0.9998207688331604
2412,2,2,0.9989333748817444
2413,5,5,0.9999998807907104
2414,9,4,0.5771534442901611
2415,2,2,0.995708703994751
2416,1,1,0.9989215135574341
2417,0,0,0.9997417330741882
2418,1,1,0.9993489384651184
2419,8,8,0.9996005892753601
2420,9,9,0.9999228715896606
2421,1,1,0.9994878768920898
2422,6,6,0.9898329973220825
2423,8,8,0.9999363422393799
2424,3,3,0.9999775886535645
2425,8,8,0.9997889399528503
2426,9,9,0.975702166557312
2427,3,3,0.9999995231628418
2428,6,6,0.9999703168869019
2429,2,2,0.9238755702972412
2430,8,8,0.9995794892311096
2431,3,3,0.9999998807907104
2432,2,2,0.994637668132782
2433,2,2,0.9955680966377258
2434,1,1,0.9996206760406494
2435,0,0,0.9999921321868896
2436,4,4,1.0
2437,2,2,0.8906872868537903
2438,9,9,0.9990617632865906
2439,2,2,0.9999898672103882
2440,4,4,0.9999929666519165
2441,3,3,0.9997476935386658
2442,7,7,0.9999909400939941
2443,9,9,0.9998893737792969
2444,1,1,0.9974610805511475
2445,5,5,0.9999988079071045
2446,2,2,0.9999926090240479
2447,4,9,0.6027352213859558
2448,9,9,0.9905621409416199
2449,0,0,0.9997072815895081
2450,3,3,0.9997938275337219
2451,8,8,0.9999995231628418
2452,5,5,0.9999992847442627
2453,3,3,0.9999594688415527
2454,6,6,0.8550035953521729
2455,0,0,0.9976651668548584
2456,9,9,0.9993973970413208
2457,4,4,0.9852046966552734
2458,6,6,0.9999996423721313
2459,2,2,0.8638954758644104
2460,5,5,0.9995231628417969
2461,0,0,0.9999709129333496
2462,2,0,0.9126286506652832
2463,7,7,0.9981517195701599
2464,4,4,0.9999992847442627
2465,6,6,0.9999997615814209
2466,6,6,0.9932792782783508
2467,8,8,0.9999990463256836
2468,6,6,0.9999997615814209
2469,6,6,0.999137282371521
2470,8,8,0.9999948740005493
2471,6,6,0.9999933242797852
2472,9,9,0.9981338381767273
2473,1,1,0.9982600808143616
2474,7,7,0.9987755417823792
2475,2,2,0.9992796778678894
2476,5,5,0.9998040795326233
2477,9,9,0.9999163150787354
2478,9,9,0.999954342842102
2479,0,0,0.9999864101409912
2480,7,7,0.8598499298095703
2481,2,2,0.9876297116279602
2482,7,7,0.9998127818107605
2483,6,6,0.9999923706054688
2484,7,7,0.9990197420120239
2485,0,0,0.9999988079071045
2486,6,6,0.9999996423721313
2487,5,5,0.9999998807907104
2488,2,4,0.6364954710006714
2489,4,4,0.9999996423721313
2490,7,7,0.9870932698249817
2491,2,2,0.9995644688606262
2492,0,0,0.9999910593032837
2493,9,9,0.9999947547912598
2494,9,9,0.9998376369476318
2495,2,2,0.9999996423721313
2496,2,2,0.9999867677688599
2497,9,9,0.9991225600242615
2498,4,4,0.9998005032539368
2499,4,4,0.9999548196792603
2500,2,2,0.9906617999076843
2501,3,3,0.9999998807907104
2502,3,3,0.9999985694885254
2503,2,2,1.0
2504,1,1,0.9959279894828796
2505,7,7,1.0
2506,0,0,0.9999606609344482
2507,7,7,0.9910697937011719
2508,6,6,0.9939117431640625
2509,4,4,0.9999223947525024
2510,1,1,0.9973472356796265
2511,3,3,0.9999736547470093
2512,8,8,0.9993545413017273
2513,7,7,0.9999228715896606
2514,4,4,0.9764195680618286
2515,5,5,0.9999935626983643
2516,9,9,0.9957861304283142
2517,2,2,0.9997026324272156
2518,5,5,0.9999997615814209
2519,1,1,0.9984354376792908
2520,8,8,0.9999967813491821
2521,7,7,0.9986836314201355
2522,3,3,0.999994158744812
2523,7,7,0.5993048548698425
2524,1,1,0.9995001554489136
2525,5,5,0.9972895383834839
2526,5,5,0.9993909597396851
2527,0,0,0.9999650716781616
2528,9,9,0.9987990856170654
2529,1,1,0.9999346733093262
2530,4,4,0.9998891353607178
2531,0,0,0.9999969005584717
2532,6,6,0.6781985759735107
2533,3,3,0.9960343241691589
2534,3,3,0.9678192138671875
2535,6,6,0.9991883635520935
2536,0,0,0.9999933242797852
2537,4,4,0.9998277425765991
2538,9,9,0.9998217225074768
2539,7,7,0.9994743466377258
2540,5,5,0.9962041974067688
2541,1,1,0.9991540908813477
2542,6,6,0.9999978542327881
2543,8,8,0.9895604848861694
2544,9,9,0.999411940574646
2545,5,5,0.9998496770858765
2546,5,5,0.9999995231628418
2547,7,7,0.9999738931655884
2548,9,9,0.9972014427185059
2549,3,3,0.9999954700469971
2550,8,8,0.998130738735199
2551,3,3,0.9965643286705017
2552,8,8,0.9999841451644897
2553,1,1,0.9997046589851379
2554,5,5,0.9999991655349731
2555,3,3,0.9999970197677612
2556,5,5,0.9986760020256042
2557,0,0,0.9999638795852661
2558,5,5,0.9999994039535522
2559,5,5,0.9995623230934143
2560,3,3,0.9999760389328003
2561,8,8,0.999990701675415
2562,6,6,0.9999717473983765
2563,7,7,0.9999009370803833
2564,7,7,0.9988640546798706
2565,7,7,0.9999998807907104
2566,3,3,0.9999940395355225
2567,7,7,0.999819815158844
2568,0,0,0.9999943971633911
2569,5,5,0.9992539286613464
2570,9,9,0.9989514350891113
2571,0,0,0.9757252931594849
2572,2,2,0.9999980926513672
2573,5,5,0.8729656338691711
2574,5,5,0.935681164264679
2575,3,3,0.9999997615814209
2576,1,1,0.9974502921104431
2577,7,7,0.9979301691055298
2578,7,7,0.9872764945030212
2579,8,8,0.9999948740005493
2580,6,6,0.9999624490737915
2581,5,5,0.9999208450317383
2582,9,9,0.8541351556777954
2583,3,3,0.9999984502792358
2584,8,8,0.9999933242797852
2585,9,9,0.9999854564666748
2586,5,5,0.9999194145202637
2587,3,3,0.9999980926513672
2588,7,7,0.999994158744812
2589,9,9,0.5041483640670776
2590,1,1,0.9994588494300842
2591,7,7,0.9998711347579956
2592,0,0,0.9999964237213135
2593,0,0,0.999998927116394
2594,3,3,0.9999935626983643
2595,7,7,0.9999992847442627
2596,2,2,0.9579421877861023
2597,5,3,0.845270037651062
2598,8,8,0.9996703863143921
2599,1,1,0.9993207454681396
2600,8,8,0.9999985694885254
2601,6,6,0.9998593330383301
2602,2,2,0.9990369081497192
2603,9,9,0.987950325012207
2604,5,5,0.9999531507492065
2605,7,7,0.9998095631599426
2606,5,5,0.9999955892562866
2607,7,7,0.9996978044509888
2608,8,8,0.999808132648468
2609,6,6,0.9999537467956543
2610,2,2,0.9983564019203186
2611,5,5,0.9998680353164673
2612,1,1,0.999638557434082
2613,4,4,0.9999994039535522
2614,8,8,0.9999891519546509
2615,4,4,0.9999991655349731
2616,5,5,0.9999874830245972
2617,8,8,0.999578058719635
2618,3,3,0.9977546334266663
2619,0,0,0.9999929666519165
2620,6,6,0.9996826648712158
2621,2,2,1.0
2622,7,7,0.9999873638153076
2623,3,3,0.9999853372573853
2624,3,3,0.9999706745147705
2625,2,2,0.9843614101409912
2626,1,1,0.9997861981391907
2627,0,0,0.9999949932098389
2628,7,7,0.9999951124191284
2629,3,3,0.9998894929885864
2630,4,4,0.9982378482818604
2631,0,0,0.9871757626533508
2632,3,3,0.9999994039535522
2633,9,9,0.99982088804245
2634,3,3,0.9999991655349731
2635,2,2,0.9989737272262573
2636,8,8,0.9834845662117004
2637,9,9,0.9999830722808838
2638,0,0,0.9999181032180786
2639,3,3,0.9999977350234985
2640,8,8,0.9999310970306396
2641,0,0,0.9999682903289795
2642,7,7,0.9977715611457825
2643,6,6,0.9999855756759644
2644,5,5,0.9999991655349731
2645,4,4,0.983955442905426
2646,7,7,0.9997343420982361
2647,3,3,0.99993896484375
2648,9,9,0.9667805433273315
2649,0,0,0.9999523162841797
2650,8,8,0.999889612197876
2651,6,6,0.999053418636322
2652,2,2,0.9996271133422852
2653,5,5,1.0
2654,6,1,0.7539677023887634
2655,1,1,0.9993298053741455
2656,0,0,0.9999808073043823
2657,0,0,0.9999986886978149
2658,4,4,0.9999537467956543
2659,4,4,0.9871377944946289
2660,0,0,0.9999381303787231
2661,1,1,0.9998514652252197
2662,2,2,0.9999996423721313
2663,3,3,0.9999977350234985
2664,2,2,0.9999986886978149
2665,7,7,0.9999483823776245
2666,7,7,1.0
2667,8,8,0.9996002316474915
2668,5,5,0.9993108510971069
2669,2,2,1.0
2670,5,5,0.9994173049926758
2671,7,7,0.9988625049591064
2672,6,6,0.9999741315841675
2673,9,9,0.9994439482688904
2674,1,1,0.9933379888534546
2675,4,4,0.9999984502792358
2676,1,1,0.9992225170135498
2677,6,6,0.9999966621398926
2678,4,4,0.8295770287513733
2679,2,2,0.9999727010726929
2680,4,4,0.9999653100967407
2681,3,3,0.9987823367118835
2682,5,5,0.9999998807907104
2683,4,4,0.9973490238189697
2684,3,3,0.9999657869338989
2685,9,9,0.9999786615371704
2686,5,5,0.999527096748352
2687,0,0,0.9999978542327881
2688,1,1,0.9998389482498169
2689,5,5,0.9973661303520203
2690,3,3,0.9999966621398926
2691,8,8,0.9999901056289673
2692,9,9,0.9999697208404541
2693,1,1,0.99994957447052
2694,9,9,0.9979881048202515
2695,7,7,0.9792447090148926
2696,9,9,0.9997946619987488
2697,5,5,0.9999960660934448
2698,5,5,0.9995701909065247
2699,2,2,0.9993036985397339
2700,7,7,0.9987144470214844
2701,4,4,0.9996792078018188
2702,6,6,0.9999997615814209
2703,0,0,0.999805748462677
2704,1,1,0.9984808564186096
2705,1,1,0.9929256439208984
2706,1,1,0.9980195760726929
2707,0,0,0.9999988079071045
2708,4,4,0.9989376664161682
2709,4,4,0.999721109867096
2710,7,7,0.9965659976005554
2711,6,6,1.0
2712,3,3,0.9999818801879883
2713,0,0,0.9922645092010498
2714,0,0,0.9999858140945435
2715,4,4,0.9906456470489502
2716,3,3,0.999996542930603
2717,0,0,0.9999994039535522
2718,6,6,0.9969608187675476
2719,1,1,0.9993839263916016
2720,9,9,0.9104336500167847
2721,6,6,0.9840498566627502
2722,1,1,0.9989303946495056
2723,3,3,0.9999583959579468
2724,8,8,0.9999314546585083
2725,1,1,0.999957799911499
2726,2,2,0.9999967813491821
2727,5,5,0.9999912977218628
2728,6,6,0.9999774694442749
2729,2,2,0.9999550580978394
2730,7,7,0.9991521835327148
2731,3,3,0.999977707862854
2732,6,6,0.9873910546302795
2733,0,0,0.9999921321868896
2734,1,1,0.9987162351608276
2735,9,9,0.9930331707000732
2736,7,7,0.9998154044151306
2737,6,6,0.9999748468399048
2738,6,6,0.9998538494110107
2739,8,8,0.9997560381889343
2740,9,9,0.996164083480835
2741,2,2,0.9999983310699463
2742,9,9,0.9914105534553528
2743,5,5,0.9978833794593811
2744,8,8,0.9999988079071045
2745,3,3,0.9999397993087769
2746,1,1,0.999722421169281
2747,0,0,0.9999500513076782
2748,0,0,0.9998588562011719
2749,7,7,0.9999775886535645
2750,6,6,0.9889240860939026
2751,6,6,0.9983314871788025
2752,2,2,1.0
2753,1,1,0.9864293336868286
2754,6,6,0.9998176693916321
2755,9,9,0.9996342658996582
2756,3,3,0.998016357421875
2757,1,1,0.9997439980506897
2758,8,8,0.7866367101669312
2759,6,6,0.9999996423721313
2760,9,9,0.9895367622375488
2761,0,0,0.9998069405555725
2762,6,6,0.9999650716781616
2763,0,0,0.9999442100524902
2764,0,0,0.9999856948852539
2765,0,0,0.9999926090240479
2766,6,6,0.9985081553459167
2767,3,3,0.9998844861984253
2768,5,5,1.0
2769,9,9,0.8874226808547974
2770,3,3,0.9126297831535339
2771,4,4,0.8561965823173523
2772,5,5,0.9999358654022217
2773,5,5,0.9999980926513672
2774,8,8,0.9999998807907104
2775,5,5,0.999996542930603
2776,3,3,0.9999829530715942
2777,0,0,0.9978213310241699
2778,4,4,0.9639962911605835
2779,0,0,1.0
2780,2,2,0.9334482550621033
2781,9,9,0.9999136924743652
2782,6,6,0.9997462630271912
2783,8,8,0.9934054613113403
2784,2,2,0.9999362230300903
2785,3,3,0.9999924898147583
2786,1,1,0.9961206316947937
2787,2,2,0.9999936819076538
2788,1,1,0.9994184970855713
2789,1,1,0.9988608360290527
2790,5,5,0.9999997615814209
2791,6,6,0.9995180368423462
2792,9,9,0.9999799728393555
2793,8,8,0.9922224879264832
2794,0,0,0.9982849955558777
2795,6,6,0.9999973773956299
2796,6,6,0.9993663430213928
2797,5,5,0.9999966621398926
2798,5,5,0.9999995231628418
2799,3,3,0.9999942779541016
2800,8,8,0.9990280866622925
2801,6,6,0.9974363446235657
2802,2,2,0.9999645948410034
2803,1,1,0.9978728294372559
2804,4,4,0.9999597072601318
2805,5,5,0.9999970197677612
2806,4,4,0.999971866607666
2807,3,3,0.999997615814209
2808,7,7,0.9991938471794128
2809,8,8,0.9999760389328003
2810,5,5,0.9132547378540039
2811,0,0,0.9996131062507629
2812,9,9,0.9974948167800903
2813,3,3,0.9999901056289673
2814,5,5,0.9998459815979004
2815,1,1,0.999871015548706
2816,1,1,0.9991981387138367
2817,0,0,0.9998703002929688
2818,4,4,0.9960600733757019
2819,4,4,0.9998601675033569
2820,7,7,0.9996058344841003
2821,0,0,0.9942485094070435
2822,1,1,0.9990981817245483
2823,7,4,0.6170980930328369
2824,0,0,0.999996542930603
2825,1,1,0.9990062117576599
2826,6,6,0.9999747276306152
2827,1,1,0.9964981079101562
2828,4,4,0.9989124536514282
2829,5,5,0.999951958656311
2830,6,6,0.999988317489624
2831,6,6,0.9995085000991821
2832,5,5,0.9999959468841553
2833,7,7,0.9999998807907104
2834,8,8,0.9977287650108337
2835,4,4,0.9996786117553711
2836,4,4,0.987691342830658
2837,7,7,0.9999960660934448
2838,2,2,0.9994024038314819
2839,5,5,0.9999998807907104
2840,3,3,0.9999758005142212
2841,7,7,0.9999686479568481
2842,0,0,0.9999984502792358
2843,7,7,0.99654620885849
2844,7,7,0.9999830722808838
2845,9,9,0.9991320967674255
2846,6,6,0.9999926090240479
2847,4,4,0.9768171906471252
2848,2,2,0.9997578263282776
2849,8,8,0.9999985694885254
2850,5,5,0.9998107552528381
2851,7,7,0.9927279949188232
2852,8,8,0.9983491897583008
2853,3,3,0.99998939037323
2854,9,9,0.9979370832443237
2855,5,5,0.9999994039535522
2856,8,8,0.9998406171798706
2857,9,9,0.9999923706054688
2858,9,9,0.9996330738067627
2859,8,8,0.9999657869338989
2860,6,6,0.9951431751251221
2861,2,2,0.9984405636787415
2862,8,8,0.9985653758049011
2863,9,9,0.9797443151473999
2864,2,2,0.9983751773834229
2865,3,3,0.9999921321868896
2866,6,6,0.9998304843902588
2867,1,1,0.9947097301483154
2868,1,1,0.9997718930244446
2869,8,8,0.9965693950653076
2870,9,9,0.99998939037323
2871,3,3,0.9999940395355225
2872,4,4,0.9998749494552612
2873,0,0,0.9996384382247925
2874,7,7,0.9999958276748657
2875,9,9,0.9982849955558777
2876,6,6,0.9997850060462952
2877,4,4,0.9937818646430969
2878,1,1,0.9998648166656494
2879,4,4,0.999987006187439
2880,1,1,0.9998319149017334
2881,3,3,0.9999991655349731
2882,4,4,0.9975855350494385
2883,9,9,0.9999656677246094
2884,3,3,1.0
2885,1,1,0.9770018458366394
2886,4,4,0.999653697013855
2887,7,7,0.9999467134475708
2888,7,7,0.9997496008872986
2889,4,4,1.0
2890,7,7,0.9999533891677856
2891,2,2,0.9992944002151489
2892,9,9,0.9999996423721313
2893,3,3,0.9999819993972778
2894,0,0,0.9982194304466248
2895,8,8,0.9999967813491821
2896,8,0,0.9224602580070496
2897,8,8,0.9998806715011597
2898,4,4,0.9996252059936523
2899,0,0,0.9999991655349731
2900,4,4,0.9995237588882446
2901,4,4,0.9994982481002808
2902,1,1,0.9998594522476196
2903,5,5,1.0
2904,2,2,0.9999992847442627
2905,8,8,0.9999997615814209
2906,3,3,0.9999955892562866
2907,4,4,0.8950422406196594
2908,9,9,0.9999938011169434
2909,5,5,0.9998863935470581
2910,2,2,0.9539851546287537
2911,8,8,0.9989153146743774
2912,1,1,0.9989187717437744
2913,5,5,0.999305248260498
2914,3,3,0.9999788999557495
2915,7,7,0.9959536790847778
2916,9,9,0.9993473887443542
2917,4,4,0.9989185333251953
2918,2,2,1.0
2919,5,5,0.9999039173126221
2920,6,6,0.9996082186698914
2921,3,3,0.9977610111236572
2922,5,5,0.9999998807907104
2923,9,9,0.9994562268257141
2924,3,3,0.999833345413208
2925,5,5,0.9956458210945129
2926,9,9,0.9988892674446106
2927,3,7,0.8678056001663208
2928,1,1,0.9999176263809204
2929,9,9,0.9999390840530396
2930,5,5,0.8112953901290894
2931,3,3,0.9999737739562988
2932,0,0,0.999991774559021
2933,6,6,0.9997259974479675
2934,9,9,0.9999960660934448
2935,8,8,0.9999991655349731
2936,4,4,0.9997001886367798
2937,0,0,0.9999877214431763
2938,4,4,0.9910978674888611
2939,9,5,0.46680888533592224
2940,2,2,0.9990254640579224
2941,9,9,0.9999878406524658
2942,0,0,0.9999988079071045
2943,1,1,0.9908239841461182
2944,0,0,0.9984433054924011
2945,3,3,0.9773741960525513
2946,1,1,0.9983857870101929
2947,6,6,0.9999986886978149
2948,5,5,1.0
2949,8,8,0.9999532699584961
2950,1,1,0.9998742341995239
2951,5,5,0.9998816251754761
2952,3,3,0.9533714652061462
2953,3,3,0.9859281778335571
2954,0,0,0.9998401403427124
2955,3,3,0.9999970197677612
2956,5,5,0.9993639588356018
2957,5,5,0.9999938011169434
2958,9,9,0.9998414516448975
2959,2,2,0.9945560693740845
2960,8,8,0.9944536089897156
2961,7,7,0.999599039554596
2962,0,0,0.9997971653938293
2963,4,4,1.0
2964,9,9,0.9981024861335754
2965,1,1,0.9997844099998474
2966,9,9,0.997230589389801
2967,7,7,0.9999909400939941
2968,7,7,0.995223343372345
2969,5,5,0.999976396560669
2970,5,5,0.953376054763794
2971,2,2,0.9986221790313721
2972,0,0,0.9886685013771057
2973,9,9,0.9999117851257324
2974,1,1,0.9998127818107605
2975,8,8,0.9993618130683899
2976,6,6,0.9997420907020569
2977,2,2,0.9988294243812561
2978,3,3,0.9999966621398926
2979,9,9,0.7985406517982483
2980,6,6,0.9999978542327881
2981,2,2,0.9992245435714722
2982,1,1,0.9998795986175537
2983,9,9,0.9999949932098389
2984,1,1,0.9977660179138184
2985,3,3,0.9997525811195374
2986,5,5,0.999334990978241
2987,5,5,0.9998722076416016
2988,0,0,0.9999920129776001
2989,3,3,0.9998749494552612
2990,8,8,0.9998375177383423
2991,3,3,0.999944806098938
2992,3,3,0.999996542930603
2993,7,7,0.9957335591316223
2994,6,6,0.999969482421875
2995,6,8,0.6474729776382446
2996,0,0,0.9999998807907104
2997,1,1,0.9990561604499817
2998,4,4,0.9985584616661072
2999,0,0,0.9999998807907104
3000,6,6,0.9998626708984375
3001,9,9,0.9913710355758667
3002,8,8,0.999991774559021
3003,1,1,0.9997485280036926
3004,2,2,0.9998834133148193
3005,9,9,0.8756179213523865
3006,9,9,0.9999819993972778
3007,5,5,0.9999833106994629
3008,9,9,0.9999432563781738
3009,7,7,0.999488115310669
3010,3,3,0.9999212026596069
3011,7,7,0.9999951124191284
3012,8,8,0.9963091015815735
3013,0,0,0.9999988079071045
3014,1,1,0.9985659718513489
3015,3,3,0.9999997615814209
3016,0,0,0.9996240139007568
3017,4,4,0.9998261332511902
3018,6,6,0.9999585151672363
3019,1,1,0.9972923398017883
3020,0,0,0.9997633099555969
3021,2,2,0.9419939517974854
3022,5,5,0.9999858140945435
3023,8,8,0.8094495534896851
3024,4,4,0.9999994039535522
3025,4,4,0.9997844099998474
3026,1,1,0.9988182187080383
3027,1,1,0.9983761310577393
3028,5,5,1.0
3029,4,4,0.997473418712616
3030,6,6,0.7732871770858765
3031,6,6,1.0
3032,0,0,0.9999877214431763
3033,6,6,0.9999121427536011
3034,9,9,0.9993888139724731
3035,2,2,0.9999865293502808
3036,6,6,0.9999994039535522
3037,2,2,0.999997615814209
3038,7,7,0.9996738433837891
3039,1,1,0.988821268081665
3040,7,7,0.999690055847168
3041,9,9,0.9999889135360718
3042,4,4,0.9999901056289673
3043,0,0,0.9999412298202515
3044,0,0,0.9999983310699463
3045,3,3,0.9999996423721313
3046,8,8,0.9999991655349731
3047,2,2,0.9999492168426514
3048,2,2,0.9997953772544861
3049,3,3,0.9999980926513672
3050,1,1,0.9998916387557983
3051,6,6,0.9998382329940796
3052,0,0,0.9999948740005493
3053,5,5,0.9999998807907104
3054,7,7,0.9997226595878601
3055,7,7,0.9990391731262207
3056,9,9,0.9999842643737793
3057,2,2,1.0
3058,6,6,0.999992847442627
3059,7,7,0.9806481003761292
3060,9,9,0.7344990372657776
3061,7,7,0.9999980926513672
3062,8,8,0.995281994342804
3063,6,6,0.999953031539917
3064,8,8,0.9999557733535767
3065,8,8,0.9995298385620117
3066,4,4,0.9999399185180664
3067,6,6,0.9999909400939941
3068,8,8,0.992218017578125
3069,4,4,0.9999939203262329
3070,1,1,0.9985034465789795
3071,2,2,0.999995231628418
3072,8,8,0.9999924898147583
3073,1,2,0.9881953001022339
3074,3,3,0.9999995231628418
3075,9,9,0.9999995231628418
3076,4,4,0.999992847442627
3077,0,0,0.9999630451202393
3078,3,3,0.9906725287437439
3079,7,7,0.9999830722808838
3080,3,3,0.9999998807907104
3081,2,2,0.9999610185623169
3082,3,3,0.9997233748435974
3083,3,3,0.9999958276748657
3084,7,7,0.999920129776001
3085,3,3,0.9999974966049194
3086,4,4,0.999946117401123
3087,0,0,0.9998785257339478
3088,6,6,0.9999793767929077
3089,2,2,0.9997772574424744
3090,0,0,0.9999794960021973
3091,8,8,0.9994115829467773
3092,1,1,0.9988452196121216
3093,5,5,0.9999768733978271
3094,3,3,0.9996634721755981
3095,5,5,0.9999991655349731
3096,4,4,0.9999995231628418
3097,1,1,0.9996034502983093
3098,7,7,0.9998959302902222
3099,1,1,0.9989877343177795
3100,5,5,0.9990754127502441
3101,7,7,0.9997978806495667
3102,5,5,0.9932861924171448
3103,7,7,0.9983333945274353
3104,3,3,0.9999650716781616
3105,2,2,0.9999980926513672
3106,2,2,0.9962020516395569
3107,7,7,0.9999281167984009
3108,3,3,0.9670276641845703
3109,7,7,0.8172942996025085
3110,3,3,0.999998927116394
3111,7,7,0.9976451992988586
3112,8,8,0.9997743964195251
3113,5,5,0.9999978542327881
3114,4,4,0.9967784285545349
3115,5,5,0.9931674599647522
3116,2,2,0.9999909400939941
3117,5,5,0.9986316561698914
3118,6,6,0.9999814033508301
3119,5,5,0.9999994039535522
3120,3,3,0.9999995231628418
3121,6,6,0.9986494183540344
3122,7,7,0.999966025352478
3123,4,4,0.9999922513961792
3124,1,1,0.9998225569725037
3125,7,7,0.9999425411224365
3126,1,1,0.9997605681419373
3127,5,5,0.9981499910354614
3128,2,2,0.9999624490737915
3129,3,3,0.9969016313552856
3130,6,6,0.9939145445823669
3131,3,3,0.999993085861206
3132,1,1,0.9398021101951599
3133,4,4,0.9050869941711426
3134,2,2,0.9935156106948853
3135,6,6,0.9999935626983643
3136,7,7,0.9994304776191711
3137,4,4,0.9999994039535522
3138,3,3,0.9999732971191406
3139,8,8,0.9999951124191284
3140,0,0,0.9999943971633911
3141,6,6,0.9999858140945435
3142,2,2,0.999800980091095
3143,1,1,0.9995015859603882
3144,6,6,0.9999969005584717
3145,5,5,0.9999959468841553
3146,3,3,0.9953081011772156
3147,9,9,0.9999985694885254
3148,1,1,0.9989715814590454
3149,9,9,0.9999805688858032
3150,3,3,0.9999939203262329
3151,2,2,0.9659035801887512
3152,1,1,0.9990610480308533
3153,8,8,0.9998809099197388
3154,4,4,0.999985933303833
3155,4,4,0.9997828602790833
3156,6,6,0.9998865127563477
3157,5,5,0.8581332564353943
3158,8,8,0.9993808269500732
3159,6,6,0.9999972581863403
3160,9,9,0.9994224309921265
3161,7,7,0.9974180459976196
3162,7,7,0.9998612403869629
3163,8,8,0.9991161227226257
3164,6,6,0.9998201727867126
3165,9,9,0.9999796152114868
3166,7,7,0.9900469183921814
3167,3,3,0.9997565150260925
3168,9,9,0.9999986886978149
3169,4,4,0.9999957084655762
3170,0,0,1.0
3171,5,5,0.9990928173065186
3172,4,4,0.9954332113265991
3173,6,6,0.986171305179596
3174,4,4,0.9999963045120239
3175,1,1,0.9996480941772461
3176,2,2,0.9997748732566833
3177,3,3,0.999993085861206
3178,0,0,0.9999996423721313
3179,0,0,0.9999995231628418
3180,2,2,0.9999518394470215
3181,6,6,0.999828577041626
3182,6,6,1.0
3183,5,5,0.9999994039535522
3184,7,7,0.9999551773071289
3185,0,0,0.9967143535614014
3186,8,8,0.9996885061264038
3187,6,6,0.9999936819076538
3188,4,4,0.9999735355377197
3189,7,7,0.9981575608253479
3190,9,9,0.9999568462371826
3191,0,0,0.9999374151229858
3192,7,7,0.9998825788497925
3193,3,3,0.9999527931213379
3194,4,4,0.9999836683273315
3195,2,2,0.9999136924743652
3196,1,1,0.9964321851730347
3197,8,8,0.9999270439147949
3198,8,8,0.9999998807907104
3199,5,5,1.0
3200,9,9,0.9999985694885254
3201,2,2,0.9999997615814209
3202,7,7,0.9999938011169434
3203,1,1,0.9946448802947998
3204,8,8,0.999988317489624
3205,8,8,0.9998797178268433
3206,8,8,0.9990208148956299
3207,2,2,0.9966135621070862
3208,7,7,0.9999604225158691
3209,6,6,0.9999666213989258
3210,0,0,0.9996159076690674
3211,1,1,0.9973742961883545
3212,2,2,0.9999687671661377
3213,7,7,0.8941841721534729
3214,1,1,0.9991545677185059
3215,0,0,0.9999980926513672
3216,8,8,0.9999715089797974
3217,3,3,0.9999998807907104
3218,6,6,0.9824985265731812
3219,0,0,0.9990290403366089
3220,5,5,0.9999994039535522
3221,3,3,0.9999991655349731
3222,6,6,0.9971785545349121
3223,2,2,0.9999997615814209
3224,8,8,0.9990487694740295
3225,7,9,0.48622941970825195
3226,0,0,0.9999998807907104
3227,1,1,0.9987597465515137
3228,4,4,0.9620220065116882
3229,2,2,0.9995693564414978
3230,1,1,0.9994513392448425
3231,1,1,0.99968421459198
3232,4,4,0.9994572997093201
3233,4,4,0.9999158382415771
3234,4,4,0.9999964237213135
3235,4,4,0.9998747110366821
3236,7,7,0.987220048904419
3237,1,1,0.9986218214035034
3238,6,6,0.9996724128723145
3239,2,2,0.9919961094856262
3240,9,9,0.9961769580841064
3241,9,9,0.9999959468841553
3242,0,0,0.9999949932098389
3243,0,0,0.9999700784683228
3244,1,1,0.9995561242103577
3245,8,8,0.9986329674720764
3246,8,8,0.9712430834770203
3247,4,4,0.9992262125015259
3248,3,3,0.9999935626983643
3249,4,4,0.9999934434890747
3250,2,2,0.99368816614151
3251,0,0,0.9999045133590698
3252,6,6,0.9968873858451843
3253,1,1,0.9997089505195618
3254,6,6,0.9931325316429138
3255,1,1,0.9995632767677307
3256,2,2,0.996338963508606
3257,2,2,0.9999923706054688
3258,2,2,0.9999927282333374
3259,1,1,0.9980316758155823
3260,2,2,0.999455988407135
3261,3,3,0.999200165271759
3262,7,7,0.9985256791114807
3263,8,8,0.9990525841712952
3264,1,1,0.9998654127120972
3265,0,0,1.0
3266,0,0,0.7461447715759277
3267,2,2,0.9989758729934692
3268,1,1,0.9997407793998718
3269,6,6,0.7620573043823242
3270,6,6,0.999953031539917
3271,0,0,0.9999992847442627
3272,1,1,0.9995144605636597
3273,6,6,0.9999642372131348
3274,2,2,0.9999979734420776
3275,5,5,0.999578058719635
3276,1,1,0.9993521571159363
3277,7,7,0.9938997030258179
3278,4,4,0.9999958276748657
3279,8,8,0.999993085861206
3280,2,2,0.9721447825431824
3281,1,1,0.9979323148727417
3282,4,4,0.9999197721481323
3283,3,3,0.9999717473983765
3284,8,8,0.9999934434890747
3285,3,3,0.999994158744812
3286,9,9,0.9999949932098389
3287,9,9,0.9998894929885864
3288,4,4,0.7851659655570984
3289,8,8,0.993017315864563
3290,3,3,0.9999997615814209
3291,4,4,0.9993383288383484
3292,7,7,0.9998881816864014
3293,2,2,0.999975323677063
3294,7,7,0.9999973773956299
3295,5,5,0.999998927116394
3296,7,7,0.9997738003730774
3297,0,0,0.999977707862854
3298,4,4,0.9999649524688721
3299,3,3,0.9999754428863525
3300,3,3,0.9999139308929443
3301,2,2,0.9999603033065796
3302,6,6,0.9986924529075623
3303,7,7,0.9996137022972107
3304,6,6,0.9998763799667358
3305,0,0,0.9919090867042542
3306,0,0,0.9999966621398926
3307,6,6,0.9999996423721313
3308,7,7,0.9999386072158813
3309,7,7,0.9999381303787231
3310,0,0,0.9999819993972778
3311,5,5,0.9999258518218994
3312,5,5,0.9999873638153076
3313,8,8,0.9999217987060547
3314,1,1,0.9997702240943909
3315,0,0,0.9999997615814209
3316,7,7,0.6399131417274475
3317,0,0,0.9960730075836182
3318,2,2,0.9998182654380798
3319,8,8,0.9996707439422607
3320,1,1,0.99921715259552
3321,5,5,0.9999943971633911
3322,0,0,0.9999297857284546
3323,8,8,0.9995988011360168
3324,8,8,0.9999896287918091
3325,0,0,0.9999946355819702
3326,3,3,0.997778594493866
3327,2,2,0.9995256662368774
3328,7,7,0.9997612833976746
3329,7,7,0.9998935461044312
3330,2,0,0.5172038078308105
3331,6,6,0.9996693134307861
3332,4,4,0.9982979893684387
3333,7,7,0.9985880255699158
3334,5,5,0.9997829794883728
3335,5,5,0.9997856020927429
3336,5,5,0.9933955073356628
3337,2,7,0.574035108089447
3338,9,9,0.9999555349349976
3339,2,2,0.9521111845970154
3340,8,8,0.999958872795105
3341,4,4,0.9999260902404785
3342,6,6,0.9927041530609131
3343,8,8,0.9947287440299988
3344,6,6,0.9954568147659302
3345,5,5,0.9999139308929443
3346,0,0,0.999997615814209
3347,0,0,0.9999991655349731
3348,8,8,0.9994133710861206
3349,7,7,0.9999868869781494
3350,6,6,0.9999836683273315
3351,1,1,0.985101044178009
3352,7,7,0.9999792575836182
3353,1,1,0.9998145699501038
3354,1,1,0.9996060729026794
3355,2,2,0.9999995231628418
3356,7,7,0.9999958276748657
3357,4,4,1.0
3358,0,0,0.9998936653137207
3359,0,0,0.9998444318771362
3360,7,7,0.9996509552001953
3361,7,7,0.999649167060852
3362,6,6,0.9999998807907104
3363,3,3,0.9999845027923584
3364,8,8,0.9193015098571777
3365,6,6,0.998313307762146
3366,4,4,0.9999920129776001
3367,2,2,0.9989804625511169
3368,0,0,0.9999946355819702
3369,9,9,0.9856475591659546
3370,4,4,0.9999982118606567
3371,0,0,0.999998927116394
3372,5,5,0.9999969005584717
3373,7,7,0.9998718500137329
3374,8,8,0.9976962208747864
3375,2,2,0.9693386554718018
3376,7,7,0.9791440367698669
3377,4,4,0.9952102303504944
3378,7,7,0.9999752044677734
3379,1,1,0.9998260140419006
3380,1,1,0.9961881041526794
3381,3,3,0.9948611855506897
3382,6,6,0.9999934434890747
3383,6,6,0.9998564720153809
3384,2,2,0.9011098146438599
3385,9,9,0.999985933303833
3386,1,1,0.9995883107185364
3387,9,9,0.9999542236328125
3388,4,4,0.994873583316803
3389,8,8,0.9963016510009766
3390,3,3,0.9999960660934448
3391,6,6,0.999940037727356
3392,9,9,0.9986801743507385
3393,5,5,0.9999996423721313
3394,9,9,0.9974735379219055
3395,6,6,0.9999971389770508
3396,2,2,0.9999880790710449
3397,4,4,1.0
3398,6,6,0.9999608993530273
3399,7,7,0.999896764755249
3400,7,7,0.9999914169311523
3401,0,0,0.9999923706054688
3402,6,6,0.9995505213737488
3403,6,6,0.9999936819076538
3404,9,9,0.9999586343765259
3405,4,4,0.9976195693016052
3406,8,8,0.9998561143875122
3407,3,3,0.9999994039535522
3408,5,5,0.9999793767929077
3409,3,3,0.9999966621398926
3410,4,4,0.9999704360961914
3411,9,9,0.9997987151145935
3412,0,0,0.9999783039093018
3413,0,0,0.9999412298202515
3414,5,5,0.9999690055847168
3415,2,2,0.9967959523200989
3416,5,5,0.9999994039535522
3417,0,0,0.9999982118606567
3418,7,7,0.9985907673835754
3419,1,1,0.9990102052688599
3420,1,1,0.9997543692588806
3421,1,1,0.9991113543510437
3422,6,6,0.7663964033126831
3423,7,7,0.9983025789260864
3424,6,6,0.9999556541442871
3425,7,7,0.9959341287612915
3426,9,9,0.9999374151229858
3427,6,6,0.9977205395698547
3428,6,6,0.9999535083770752
3429,4,4,0.9867544770240784
3430,1,1,0.9928399324417114
3431,4,4,0.9998805522918701
3432,3,3,0.9998003840446472
3433,1,1,0.9999123811721802
3434,1,1,0.9995444416999817
3435,2,2,0.9999986886978149
3436,2,2,0.9914761185646057
3437,4,4,0.9760371446609497
3438,1,1,0.9992278814315796
3439,0,0,0.9999701976776123
3440,8,8,0.9999730587005615
3441,7,7,0.9934003353118896
3442,6,6,0.9981977343559265
3443,3,3,0.9999982118606567
3444,4,4,0.9999830722808838
3445,0,0,0.9999998807907104
3446,0,0,0.9998629093170166
3447,6,6,0.9996669292449951
3448,3,3,0.9904407262802124
3449,3,3,0.9999904632568359
3450,0,0,0.9986035227775574
3451,7,7,0.8628494143486023
3452,1,1,0.9993971586227417
3453,7,7,0.9962235689163208
3454,1,1,0.9997656941413879
3455,1,1,0.9998486042022705
3456,3,3,0.9984440207481384
3457,1,1,0.9795219302177429
3458,0,0,0.999968409538269
3459,9,9,0.9999920129776001
3460,9,9,0.999055802822113
3461,7,7,0.9999285936355591
3462,5,5,1.0
3463,4,4,0.9999967813491821
3464,1,1,0.9996638298034668
3465,4,4,0.9999831914901733
3466,8,8,0.9993236064910889
3467,9,9,0.9999052286148071
3468,5,5,0.9999984502792358
3469,3,3,0.9997194409370422
3470,5,5,0.999996542930603
3471,1,1,0.9997878670692444
3472,9,9,0.9999939203262329
3473,8,8,0.9991803765296936
3474,2,7,0.8345810770988464
3475,3,3,0.8355991244316101
3476,3,3,0.999908447265625
3477,9,9,0.9994857311248779
3478,9,9,0.9999620914459229
3479,0,0,0.9999899864196777
3480,1,1,0.9997957348823547
3481,0,0,0.9999748468399048
3482,2,2,0.9999991655349731
3483,9,9,0.9999823570251465
3484,3,3,0.9999973773956299
3485,9,9,0.999997615814209
3486,3,3,0.9999998807907104
3487,3,3,0.9999997615814209
3488,6,6,0.9999444484710693
3489,2,2,0.9997832179069519
3490,4,4,0.991828441619873
3491,9,9,0.999411940574646
3492,8,8,0.9515566825866699
3493,3,3,1.0
3494,7,7,0.9980923533439636
3495,4,4,0.9997383952140808
3496,0,0,0.9988563060760498
3497,4,4,0.9995996356010437
3498,7,7,0.9900248050689697
3499,8,8,0.9999929666519165
3500,4,4,1.0
3501,9,9,0.9999626874923706
3502,8,8,0.9979298114776611
3503,9,9,0.9940899014472961
3504,9,9,0.98816978931427
3505,7,7,0.9999537467956543
3506,5,5,0.9999984502792358
3507,9,9,0.9999980926513672
3508,2,2,0.9999852180480957
3509,8,8,0.9982320666313171
3510,2,2,0.9995383024215698
3511,2,2,0.8806648850440979
3512,0,0,0.999997615814209
3513,2,2,0.9998493194580078
3514,2,2,0.9982965588569641
3515,3,3,0.9999997615814209
3516,8,8,0.9926758408546448
3517,4,4,1.0
3518,6,6,0.9998031258583069
3519,8,8,0.9994840621948242
3520,6,6,0.5863913297653198
3521,8,8,0.9997771382331848
3522,2,2,0.9994874000549316
3523,4,4,0.9997081160545349
3524,6,6,0.9997549653053284
3525,7,7,0.9988898634910583
3526,9,9,0.999901294708252
3527,3,3,1.0
3528,3,3,0.9999994039535522
3529,9,9,0.9988387227058411
3530,4,4,0.9993546605110168
3531,3,3,0.9999908208847046
3532,1,1,0.9981642365455627
3533,4,4,0.8343251347541809
3534,4,4,0.5209826827049255
3535,7,7,0.9999884366989136
3536,0,0,0.99992835521698
3537,5,5,0.9999839067459106
3538,9,9,0.999984622001648
3539,6,6,0.9999289512634277
3540,0,0,0.9997435212135315
3541,4,4,0.9999948740005493
3542,4,4,0.9996587038040161
3543,4,4,0.9999815225601196
3544,4,4,0.9999599456787109
3545,6,6,0.9999995231628418
3546,1,1,0.9996486902236938
3547,2,2,0.9999868869781494
3548,3,3,0.999993085861206
3549,3,3,0.9994035959243774
3550,6,6,0.9880223274230957
3551,4,4,0.9999570846557617
3552,5,5,0.9999852180480957
3553,9,9,0.9990257024765015
3554,6,6,0.9999998807907104
3555,8,8,0.9956476092338562
3556,5,5,0.9999992847442627
3557,6,6,0.9989470839500427
3558,5,0,0.7609630823135376
3559,8,8,0.5808959603309631
3560,6,6,0.9999990463256836
3561,4,4,0.9940167665481567
3562,1,1,0.9997561573982239
3563,8,8,0.9758442640304565
3564,6,6,0.9929683804512024
3565,5,5,0.999982476234436
3566,2,2,0.9999425411224365
3567,8,8,0.9987488985061646
3568,4,4,0.995594322681427
3569,5,5,1.0
3570,5,5,0.9999998807907104
3571,4,4,0.995216965675354
3572,7,7,0.9998086094856262
3573,7,7,0.9999845027923584
3574,0,0,0.993691086769104
3575,7,7,0.9999971389770508
3576,8,8,0.9975314140319824
3577,2,2,0.9996296167373657
3578,2,2,0.9959936141967773
3579,3,3,0.9999984502792358
3580,7,7,0.9981346130371094
3581,0,0,0.9999895095825195
3582,1,1,0.9975923895835876
3583,8,8,0.9983886480331421
3584,0,0,0.9999998807907104
3585,7,7,0.9999932050704956
3586,1,1,0.9998107552528381
3587,9,9,0.9996083378791809
3588,8,8,0.9999855756759644
3589,7,7,0.9960392713546753
3590,5,5,0.9999970197677612
3591,5,5,0.9998683929443359
3592,9,9,0.999745786190033
3593,1,1,0.9998894929885864
3594,7,7,0.9999982118606567
3595,5,5,1.0
3596,4,4,0.9999943971633911
3597,9,9,0.9721601009368896
3598,1,1,0.9998929500579834
3599,2,2,0.5714230537414551
3600,2,2,0.9942836165428162
3601,1,1,0.9684017896652222
3602,6,6,1.0
3603,6,6,0.9999994039535522
3604,7,7,0.9988893866539001
3605,1,1,0.9999616146087646
3606,1,1,0.9880968332290649
3607,4,4,0.9993889331817627
3608,0,0,0.9999998807907104
3609,7,7,0.9987320303916931
3610,4,4,0.9999690055847168
3611,2,2,0.9988730549812317
3612,4,4,0.9998063445091248
3613,0,0,0.9999954700469971
3614,6,6,0.9999898672103882
3615,4,4,0.9994890689849854
3616,7,7,0.9997623562812805
3617,6,6,0.9988077878952026
3618,9,9,0.9992489218711853
3619,5,5,0.9999995231628418
3620,3,3,1.0
3621,4,4,0.9999779462814331
3622,6,6,0.9999997615814209
3623,5,5,0.9999672174453735
3624,0,0,0.9998121857643127
3625,1,1,0.9998548030853271
3626,8,8,0.6750274300575256
3627,8,8,0.9993102550506592
3628,2,2,0.9999998807907104
3629,8,8,0.884842038154602
3630,3,3,0.9999994039535522
3631,5,5,0.9999990463256836
3632,7,7,0.9999192953109741
3633,8,8,0.999975323677063
3634,0,0,0.9999868869781494
3635,8,8,0.883726179599762
3636,5,5,0.9999983310699463
3637,7,7,0.9989145994186401
3638,1,1,0.9998724460601807
3639,1,1,0.9985800981521606
3640,0,0,0.9996813535690308
3641,1,1,0.9992116689682007
3642,3,3,1.0
3643,7,7,0.9998874664306641
3644,8,8,0.9999772310256958
3645,5,5,0.9999995231628418
3646,0,0,0.994788408279419
3647,7,7,0.9999903440475464
3648,1,1,0.9997244477272034
3649,1,1,0.9995388984680176
3650,0,0,0.9999963045120239
3651,1,1,0.999771773815155
3652,1,1,0.9992896318435669
3653,4,4,0.9935551285743713
3654,5,5,0.9991280436515808
3655,2,2,0.9995713829994202
3656,7,7,0.9999984502792358
3657,6,6,0.9999978542327881
3658,2,2,0.99757319688797
3659,3,3,0.9999992847442627
3660,0,0,0.9999979734420776
3661,2,2,0.9999954700469971
3662,8,8,0.49398812651634216
3663,5,5,0.9999732971191406
3664,9,9,0.9950644373893738
3665,6,6,0.9999985694885254
3666,9,9,0.9998680353164673
3667,7,7,0.9999579191207886
3668,2,2,0.9999961853027344
3669,1,1,0.9987623691558838
3670,3,3,0.9999980926513672
3671,6,6,0.9999995231628418
3672,4,4,0.996515154838562
3673,1,1,0.9991568326950073
3674,8,8,0.9963487386703491
3675,2,2,0.9999992847442627
3676,4,4,0.9999905824661255
3677,0,0,0.9999995231628418
3678,5,5,0.9999818801879883
3679,1,1,0.9998339414596558
3680,0,0,0.9999656677246094
3681,2,2,0.9977301955223083
3682,2,2,0.9999796152114868
3683,6,6,0.9998162388801575
3684,4,4,0.9999703168869019
3685,4,4,0.999963641166687
3686,3,3,0.9999914169311523
3687,9,9,0.9990850687026978
3688,6,6,0.9971964359283447
3689,1,1,0.9997337460517883
3690,6,6,0.9999539852142334
3691,5,5,1.0
3692,7,7,0.9999995231628418
3693,9,9,0.9999879598617554
3694,2,2,0.9982910752296448
3695,0,0,0.9999637603759766
3696,2,2,0.9990814924240112
3697,6,6,0.9999897480010986
3698,0,0,0.9955385327339172
3699,1,1,0.9971127510070801
3700,4,4,0.9999485015869141
3701,3,3,0.9999834299087524
3702,5,5,0.9436476826667786
3703,2,2,0.9976715445518494
3704,8,8,0.9999994039535522
3705,8,8,0.9787845015525818
3706,0,0,0.99988853931427
3707,8,8,0.9999918937683105
3708,8,8,1.0
3709,9,9,0.9999481439590454
3710,0,0,0.9994766116142273
3711,9,9,0.9997379183769226
3712,6,6,0.9999997615814209
3713,7,7,0.9999706745147705
3714,6,6,0.9999936819076538
3715,3,3,0.9999992847442627
3716,9,9,0.9624840021133423
3717,3,3,0.9999961853027344
3718,4,4,0.879972517490387
3719,7,7,0.9997735619544983
3720,7,7,0.9999988079071045
3721,7,7,0.9967125654220581
3722,4,4,0.999995231628418
3723,9,9,0.9998452663421631
3724,0,0,0.9820452332496643
3725,6,6,0.9999741315841675
3726,4,4,0.754808783531189
3727,8,9,0.9404165744781494
3728,4,4,0.9905818700790405
3729,2,2,0.9949931502342224
3730,7,7,0.9958380460739136
3731,2,2,0.9999996423721313
3732,8,8,0.9995453953742981
3733,1,1,0.9996495246887207
3734,0,0,0.9999995231628418
3735,0,0,1.0
3736,7,7,0.9994497895240784
3737,8,8,0.9999353885650635
3738,3,3,0.9999982118606567
3739,3,3,0.9867590069770813
3740,3,3,1.0
3741,1,1,0.9998220801353455
3742,3,3,0.8766205310821533
3743,7,7,0.9998695850372314
3744,6,6,0.9945923686027527
3745,1,1,0.9993594288825989
3746,3,3,0.9996144771575928
3747,1,1,0.9995488524436951
3748,6,6,0.9871587157249451
3749,6,6,0.9949272871017456
3750,5,5,0.9999991655349731
3751,7,7,0.9789699912071228
3752,4,4,1.0
3753,7,7,0.9997816681861877
3754,5,5,0.9960688352584839
3755,9,9,0.9967465400695801
3756,5,5,0.9984825253486633
3757,8,8,0.9956306219100952
3758,4,4,0.9992245435714722
3759,9,9,0.999995231628418
3760,9,9,0.9998250603675842
3761,1,1,0.9920579791069031
3762,6,8,0.7517251968383789
3763,5,5,0.9999992847442627
3764,0,0,0.9999719858169556
3765,1,1,0.9996522665023804
3766,3,3,0.9964993000030518
3767,7,7,0.8644022345542908
3768,0,0,0.9999799728393555
3769,3,3,0.9998396635055542
3770,4,4,0.9999978542327881
3771,8,8,0.9993740916252136
3772,2,2,0.9739117622375488
3773,2,2,0.9988219141960144
3774,0,0,0.9999903440475464
3775,2,2,0.9999926090240479
3776,5,5,0.9999796152114868
3777,1,1,0.9965858459472656
3778,5,5,0.9954888224601746
3779,1,1,0.9996147155761719
3780,4,4,0.9476945996284485
3781,8,8,0.998999297618866
3782,8,8,0.9925272464752197
3783,9,9,0.9999914169311523
3784,1,1,0.998349666595459
3785,2,2,0.79642653465271
3786,1,1,0.9997159838676453
3787,3,3,0.99907386302948
3788,5,5,1.0
3789,1,1,0.9950892329216003
3790,0,0,0.9998667240142822
3791,9,9,0.9996310472488403
3792,4,4,0.9999988079071045
3793,4,4,0.9995006322860718
3794,8,8,0.9973475933074951
3795,3,3,0.999876856803894
3796,2,2,0.8825003504753113
3797,5,5,0.9999986886978149
3798,9,9,0.9995492100715637
3799,7,7,0.9999631643295288
3800,6,6,0.9922989010810852
3801,6,6,0.9999624490737915
3802,2,2,1.0
3803,0,0,0.9999380111694336
3804,0,0,0.9999698400497437
3805,0,0,0.9999806880950928
3806,5,5,0.8331055641174316
3807,8,8,0.9999966621398926
3808,7,8,0.9730887413024902
3809,1,1,0.9984849095344543
3810,5,5,0.9988226294517517
3811,2,2,0.9834679365158081
3812,3,3,0.9999890327453613
3813,8,8,0.9999991655349731
3814,5,5,0.9999998807907104
3815,1,1,0.9998989105224609
3816,8,8,0.9999803304672241
3817,2,2,0.9999790191650391
3818,0,0,0.9997811913490295
3819,4,4,1.0
3820,9,9,0.9999661445617676
3821,9,9,0.9931700229644775
3822,6,6,1.0
3823,2,2,0.9999969005584717
3824,3,3,0.9999982118606567
3825,3,3,0.9999903440475464
3826,5,5,0.9999955892562866
3827,6,6,0.9999963045120239
3828,4,4,0.9999997615814209
3829,8,8,0.9999529123306274
3830,0,0,0.9999995231628418
3831,9,9,0.9989832043647766
3832,2,2,0.9999892711639404
3833,8,8,0.9869453310966492
3834,3,3,0.9994179010391235
3835,6,6,0.9997461438179016
3836,7,7,0.9999940395355225
3837,5,5,0.9999985694885254
3838,7,7,0.994045078754425
3839,2,2,0.9987439513206482
3840,9,9,0.999472439289093
3841,4,4,0.9999983310699463
3842,9,9,0.9999905824661255
3843,1,1,0.9978378415107727
3844,2,2,0.999086856842041
3845,8,8,0.9999920129776001
3846,6,6,0.9986317753791809
3847,0,0,0.9999796152114868
3848,7,7,0.9999840259552002
3849,0,0,0.9999997615814209
3850,9,4,0.709260880947113
3851,1,1,0.9973581433296204
3852,1,1,0.999433696269989
3853,6,6,0.9682706594467163
3854,7,7,0.9999995231628418
3855,5,5,0.9999669790267944
3856,9,9,0.9877514839172363
3857,9,9,0.9998637437820435
3858,1,1,0.9984727501869202
3859,9,9,0.9973676800727844
3860,5,5,0.999996542930603
3861,9,9,0.9997974038124084
3862,2,2,0.9062542915344238
3863,5,5,0.9998589754104614
3864,0,0,0.9999872446060181
3865,4,4,1.0
3866,1,1,0.9999008178710938
3867,0,0,0.9998633861541748
3868,8,8,0.9999634027481079
3869,9,9,0.984083354473114
3870,0,0,0.9997640252113342
3871,8,3,0.7981463670730591
3872,9,9,0.999985933303833
3873,8,8,0.9999411106109619
3874,9,9,0.996934175491333
3875,4,4,0.9999933242797852
3876,2,2,0.9873422384262085
3877,5,5,0.9999983310699463
3878,7,7,0.9955239295959473
3879,9,9,0.9999648332595825
3880,8,8,0.9997928738594055
3881,9,9,0.9993844032287598
3882,8,8,0.9999994039535522
3883,0,0,0.9999967813491821
3884,9,9,0.999710738658905
3885,9,9,0.9999798536300659
3886,6,6,0.9999973773956299
3887,8,8,0.9999977350234985
3888,9,9,0.9999673366546631
3889,9,9,0.9986347556114197
3890,5,5,0.9999979734420776
3891,9,9,0.9988535642623901
3892,8,8,0.9999995231628418
3893,5,5,0.9999631643295288
3894,1,1,0.9992037415504456
3895,0,0,0.9999924898147583
3896,3,3,0.9999982118606567
3897,3,3,0.999963641166687
3898,5,5,0.999977707862854
3899,2,2,0.9997982382774353
3900,1,1,0.9993139505386353
3901,6,6,0.999982476234436
3902,5,5,0.9944994449615479
3903,0,0,0.9999403953552246
3904,2,2,0.9988284707069397
3905,8,8,0.9989011287689209
3906,1,1,0.9754514098167419
3907,5,5,1.0
3908,6,6,0.9998878240585327
3909,2,2,0.85234534740448
3910,3,3,0.9999997615814209
3911,0,0,0.9999830722808838
3912,2,2,0.9999986886978149
3913,2,2,0.998723566532135
3914,6,6,0.9999727010726929
3915,4,4,0.9999802112579346
3916,3,3,0.9999895095825195
3917,5,5,0.9999898672103882
3918,5,5,0.9999022483825684
3919,1,1,0.999680757522583
3920,7,7,0.9999998807907104
3921,2,2,0.9999645948410034
3922,1,1,0.9998352527618408
3923,6,6,0.9998779296875
3924,9,9,0.9911730885505676
3925,1,1,0.9997058510780334
3926,9,9,0.9577163457870483
3927,9,9,0.9995540976524353
3928,5,5,0.9995860457420349
3929,5,5,0.9999679327011108
3930,1,1,0.9996950626373291
3931,6,6,0.9999650716781616
3932,2,2,1.0
3933,2,2,1.0
3934,8,8,0.9999979734420776
3935,6,6,0.9999874830245972
3936,7,7,0.9999983310699463
3937,1,1,0.9987974166870117
3938,4,4,0.9996119141578674
3939,6,6,0.9997552037239075
3940,0,0,0.9999737739562988
3941,4,4,0.9984220266342163
3942,0,0,0.9996920824050903
3943,3,3,0.9991890788078308
3944,3,3,0.9999996423721313
3945,2,2,0.9999946355819702
3946,2,2,0.9935060739517212
3947,3,3,1.0
3948,6,6,0.9999977350234985
3949,8,8,0.9999898672103882
3950,9,9,0.9996423721313477
3951,8,8,0.99309241771698
3952,5,5,0.9999823570251465
3953,3,3,0.9962669014930725
3954,8,8,0.9999814033508301
3955,5,5,0.9999997615814209
3956,4,4,0.9999710321426392
3957,5,5,0.9999527931213379
3958,2,2,0.9999758005142212
3959,0,0,0.9999701976776123
3960,5,5,0.9999988079071045
3961,6,6,0.9991957545280457
3962,3,3,0.9998629093170166
3963,2,2,0.9999996423721313
3964,8,8,0.9999959468841553
3965,3,3,0.9999991655349731
3966,9,9,0.9999972581863403
3967,9,9,0.9918184280395508
3968,5,5,0.9996782541275024
3969,7,7,0.9968173503875732
3970,9,9,0.9986415505409241
3971,4,4,0.9984716773033142
3972,6,6,0.9998857975006104
3973,7,7,0.999983549118042
3974,1,1,0.9962210059165955
3975,3,3,0.9999746084213257
3976,7,7,0.9770368933677673
3977,3,3,0.9994794726371765
3978,6,6,0.9999135732650757
3979,6,6,0.9999935626983643
3980,0,0,0.9999997615814209
3981,9,9,0.9999871253967285
3982,0,0,0.9999998807907104
3983,1,1,0.9990463852882385
3984,9,9,0.9974073767662048
3985,9,9,0.9298295378684998
3986,2,2,0.9962819218635559
3987,8,8,0.9980610013008118
3988,8,8,0.9872679114341736
3989,0,0,0.9990807771682739
3990,1,1,0.997752845287323
3991,6,6,0.9999916553497314
3992,9,9,0.999997615814209
3993,7,7,0.9999161958694458
3994,5,5,0.9999964237213135
3995,3,3,0.9808837175369263
3996,4,4,0.9467389583587646
3997,7,7,0.9898893237113953
3998,4,4,0.9996095299720764
3999,9,9,0.9999986886978149
4000,9,9,0.9996297359466553
4001,4,4,0.9708207845687866
4002,3,3,0.9998550415039062
4003,6,6,0.9999624490737915
4004,3,3,0.9999897480010986
4005,1,1,0.9976100921630859
4006,1,1,0.9993425011634827
4007,7,7,0.8843817710876465
4008,6,6,0.9999985694885254
4009,9,9,0.9999617338180542
4010,1,1,0.9986133575439453
4011,8,8,0.9945932030677795
4012,4,4,0.9999892711639404
4013,1,1,0.9999587535858154
4014,1,1,0.9986520409584045
4015,9,9,0.9995644688606262
4016,9,9,0.9995905756950378
4017,4,4,0.954047441482544
4018,3,3,0.9704312086105347
4019,6,6,0.9999645948410034
4020,8,8,0.9999874830245972
4021,1,1,0.999881386756897
4022,6,6,0.9997588992118835
4023,0,0,1.0
4024,4,4,0.9999301433563232
4025,1,1,0.9993460774421692
4026,3,3,0.9999995231628418
4027,7,1,0.5826311707496643
4028,7,7,0.9999579191207886
4029,4,4,0.9955582618713379
4030,9,9,0.9998488426208496
4031,5,5,0.9998082518577576
4032,1,1,0.9998433589935303
4033,0,0,0.9999982118606567
4034,0,0,0.99996018409729
4035,1,1,0.9996649026870728
4036,1,1,0.9997299313545227
4037,6,6,0.9992781281471252
4038,2,2,0.9881224036216736
4039,1,1,0.9998613595962524
4040,9,9,0.9999896287918091
4041,8,8,0.99887615442276
4042,4,4,0.9999728202819824
4043,0,0,0.9999998807907104
4044,3,3,0.9999760389328003
4045,6,6,0.9998986721038818
4046,4,4,0.9999269247055054
4047,9,9,0.9999188184738159
4048,0,0,0.9998778104782104
4049,7,7,0.9999920129776001
4050,1,1,0.996091902256012
4051,6,6,0.9999878406524658
4052,5,5,0.9996013045310974
4053,7,7,0.9793756604194641
4054,5,5,0.9999949932098389
4055,2,2,0.999818742275238
4056,5,5,0.999686598777771
4057,1,1,0.9998470544815063
4058,8,8,0.9998435974121094
4059,5,5,0.9999998807907104
4060,4,4,0.9979398846626282
4061,7,7,0.9991629123687744
4062,0,0,0.9996881484985352
4063,6,6,0.846645712852478
4064,7,7,0.9999960660934448
4065,0,0,0.8941482305526733
4066,2,2,0.9999815225601196
4067,5,5,0.9993046522140503
4068,8,8,0.9999769926071167
4069,1,1,0.999701201915741
4070,0,0,0.9999996423721313
4071,4,4,0.9998372793197632
4072,5,5,0.9999868869781494
4073,7,7,0.9999978542327881
4074,1,1,0.9965555667877197
4075,8,8,0.9948615431785583
4076,5,5,0.9999982118606567
4077,1,1,0.9993019104003906
4078,9,2,0.4029281437397003
4079,0,0,0.9999856948852539
4080,0,0,0.9999853372573853
4081,6,6,0.9995317459106445
4082,0,0,0.9999897480010986
4083,7,7,0.9999996423721313
4084,3,3,0.9990037083625793
4085,1,1,0.9992462396621704
4086,8,8,0.9820814728736877
4087,3,3,0.9999867677688599
4088,9,9,0.9998326301574707
4089,7,7,0.9999419450759888
4090,0,0,0.9999948740005493
4091,0,0,0.9998445510864258
4092,8,8,0.964391827583313
4093,9,9,0.999534010887146
4094,5,5,0.9999209642410278
4095,9,9,0.9999740123748779
4096,8,8,0.9998694658279419
4097,3,3,0.9999986886978149
4098,2,2,0.9999977350234985
4099,7,7,0.9964652061462402
4100,2,2,0.9074549674987793
4101,9,9,0.9999336004257202
4102,7,7,0.9999818801879883
4103,2,2,0.9998520612716675
4104,1,1,0.9999111890792847
4105,1,1,0.9998575448989868
4106,3,3,0.9999673366546631
4107,7,7,0.999951958656311
4108,5,5,1.0
4109,3,3,0.9999620914459229
4110,1,1,0.9994586110115051
4111,9,9,0.9999063014984131
4112,8,8,0.9975201487541199
4113,2,2,0.9998002648353577
4114,2,2,0.9752109050750732
4115,2,2,0.9999980926513672
4116,8,8,0.9991841912269592
4117,8,8,0.9615679383277893
4118,5,5,0.9999905824661255
4119,7,7,0.9996671676635742
4120,3,3,0.9999978542327881
4121,8,8,0.9997987151145935
4122,9,9,0.9999814033508301
4123,8,8,0.9999328851699829
4124,8,8,0.998079776763916
4125,6,6,0.9986687898635864
4126,8,8,0.9034960865974426
4127,2,2,0.999941349029541
4128,3,3,0.9999773502349854
4129,9,9,0.9882791042327881
4130,7,7,0.9998468160629272
4131,5,5,0.9998931884765625
4132,6,6,0.9999864101409912
4133,2,2,0.9999833106994629
4134,9,9,0.9878553748130798
4135,2,2,0.9998712539672852
4136,8,8,0.999852180480957
4137,8,8,0.9880907535552979
4138,1,1,0.9999234676361084
4139,6,6,0.9999161958694458
4140,8,8,0.9999995231628418
4141,8,8,0.9999817609786987
4142,7,7,0.9996024966239929
4143,9,9,0.9999247789382935
4144,1,1,0.9998973608016968
4145,8,8,0.8860544562339783
4146,0,0,0.990613579750061
4147,1,1,0.9905909895896912
4148,7,7,0.9997571110725403
4149,2,2,0.9989829659461975
4150,0,0,0.9999997615814209
4151,7,7,0.9998636245727539
4152,5,5,0.99822598695755
4153,1,1,0.9996483325958252
4154,9,9,0.9984180927276611
4155,0,0,0.9999998807907104
4156,2,2,0.9133666753768921
4157,0,0,0.9997449517250061
4158,9,9,0.999901294708252
4159,8,8,0.9999682903289795
4160,6,6,0.9998748302459717
4161,2,2,0.9999866485595703
4162,3,3,0.9999998807907104
4163,9,9,0.9709268808364868
4164,3,3,0.9999996423721313
4165,8,8,0.9990197420120239
4166,0,0,0.9999879598617554
4167,2,2,0.8584909439086914
4168,1,1,0.9996144771575928
4169,1,1,0.9998607635498047
4170,1,1,0.9986187219619751
4171,1,1,0.9984710812568665
4172,4,4,0.9999618530273438
4173,2,2,0.999656081199646
4174,9,9,0.9933974742889404
4175,7,7,0.9999024868011475
4176,2,7,0.997027575969696
4177,5,5,0.9999651908874512
4178,1,1,0.985066294670105
4179,1,1,0.9988032579421997
4180,2,2,0.9955191612243652
4181,1,1,0.9998132586479187
4182,9,9,0.9999123811721802
4183,9,9,0.9999575614929199
4184,9,9,0.999267041683197
4185,1,1,0.9818217158317566
4186,0,0,0.9999982118606567
4187,2,2,0.9999897480010986
4188,0,0,0.9999996423721313
4189,2,2,0.9996351003646851
4190,1,1,0.9981866478919983
4191,1,1,0.9994900226593018
4192,4,4,0.999954342842102
4193,6,6,0.9998849630355835
4194,4,4,0.9802578091621399
4195,1,1,0.9983799457550049
4196,5,5,0.9963971972465515
4197,4,4,0.9997267127037048
4198,9,9,0.9996047616004944
4199,7,7,0.6581178307533264
4200,7,7,0.9999960660934448
4201,1,1,0.5300575494766235
4202,5,5,0.9999895095825195
4203,6,6,0.9999641180038452
4204,2,2,0.9998352527618408
4205,2,2,0.7664691209793091
4206,2,2,0.999940037727356
4207,8,8,0.9917140603065491
4208,0,0,0.999954342842102
4209,6,6,0.9999402761459351
4210,9,9,0.9999611377716064
4211,6,6,0.9898381233215332
4212,1,1,0.9993232488632202
4213,9,9,0.9999276399612427
4214,7,7,0.999910831451416
4215,7,7,0.9999513626098633
4216,1,1,0.9934117197990417
4217,4,4,0.9999990463256836
4218,8,8,0.9999502897262573
4219,5,5,0.9999998807907104
4220,3,3,0.9999995231628418
4221,4,4,0.9049527645111084
4222,3,3,0.9999998807907104
4223,4,4,0.9838016629219055
4224,9,9,0.7587937712669373
4225,7,7,0.9999815225601196
4226,5,5,0.9999982118606567
4227,0,0,0.9998937845230103
4228,7,7,0.9999963045120239
4229,4,4,0.9999994039535522
4230,8,8,0.9999294281005859
4231,8,8,0.9999959468841553
4232,1,1,0.9931897521018982
4233,5,5,0.9999983310699463
4234,3,3,0.9999979734420776
4235,9,9,0.999995231628418
4236,5,5,1.0
4237,9,9,0.9999804496765137
4238,7,7,0.9450564980506897
4239,6,6,0.9938161373138428
4240,9,9,0.999997615814209
4241,0,0,0.9999994039535522
4242,3,3,0.9999986886978149
4243,6,6,0.9978694915771484
4244,3,3,0.9996286630630493
4245,9,9,0.9999831914901733
4246,8,8,0.9999954700469971
4247,2,2,0.9999725818634033
4248,2,0,0.7392045855522156
4249,1,1,0.9996919631958008
4250,2,2,0.9976415634155273
4251,8,8,0.9999921321868896
4252,6,6,0.9999887943267822
4253,8,8,0.999976634979248
4254,5,5,0.9999988079071045
4255,5,5,0.9907851219177246
4256,3,3,0.9973388314247131
4257,9,9,0.9999872446060181
4258,4,4,0.9999767541885376
4259,9,9,0.9844723343849182
4260,2,2,0.9912023544311523
4261,5,5,0.9999727010726929
4262,1,1,0.9997547268867493
4263,5,5,0.9999200105667114
4264,1,1,0.9985067248344421
4265,4,4,0.9233694076538086
4266,4,4,0.9882772564888
4267,1,1,0.9998997449874878
4268,4,4,0.9620493054389954
4269,4,4,0.9987348914146423
4270,3,3,0.9999890327453613
4271,5,3,0.5585022568702698
4272,9,9,0.9997444748878479
4273,1,1,0.9976275563240051
4274,2,2,0.9993699193000793
4275,2,2,0.9999970197677612
4276,3,3,0.9999980926513672
4277,3,3,0.9999886751174927
4278,0,0,0.9999998807907104
4279,2,2,0.9999920129776001
4280,9,9,0.9977472424507141
4281,0,0,0.9999433755874634
4282,0,0,0.9999920129776001
4283,9,9,0.9999425411224365
4284,9,9,0.7492960095405579
4285,6,6,0.9968794584274292
4286,0,0,0.9999958276748657
4287,9,9,0.9993383288383484
4288,3,3,0.9999994039535522
4289,2,2,0.8733583688735962
4290,8,8,0.9999986886978149
4291,4,4,0.9999740123748779
4292,1,1,0.9998477697372437
4293,9,9,0.9999871253967285
4294,9,9,0.9994243383407593
4295,7,7,0.9994770884513855
4296,2,2,0.9999998807907104
4297,7,7,0.9978657364845276
4298,9,9,0.9999599456787109
4299,9,9,0.9927369952201843
4300,5,5,0.9997102618217468
4301,9,9,0.9997548460960388
4302,5,5,0.9998782873153687
4303,1,1,0.9993584752082825
4304,1,1,0.9986982345581055
4305,8,8,0.9996581077575684
4306,3,3,0.8007806539535522
4307,5,5,0.9999996423721313
4308,1,1,0.9920923113822937
4309,9,9,0.996709942817688
4310,5,5,0.9999997615814209
4311,3,3,0.9999890327453613
4312,5,5,0.999998927116394
4313,4,4,0.9939019680023193
4314,9,9,0.9391157031059265
4315,5,5,0.999954342842102
4316,9,9,0.998318076133728
4317,3,3,0.9952747821807861
4318,1,1,0.9977898597717285
4319,9,9,0.9999829530715942
4320,0,0,0.999998927116394
4321,9,9,0.9996558427810669
4322,7,7,0.9999752044677734
4323,5,5,0.9998074173927307
4324,4,4,0.9999849796295166
4325,9,9,0.9973052740097046
4326,2,2,0.9999502897262573
4327,0,0,0.9999644756317139
4328,1,1,0.9998952150344849
4329,0,0,0.9998865127563477
4330,5,5,0.9940073490142822
4331,1,1,0.9984689354896545
4332,4,4,0.9999986886978149
4333,9,9,0.9998321533203125
4334,3,3,0.9999988079071045
4335,3,3,0.9997110962867737
4336,6,6,0.999957799911499
4337,1,1,0.9997929930686951
4338,5,5,0.9999943971633911
4339,2,2,0.9970888495445251
4340,5,5,0.9999479055404663
4341,2,2,0.9994404911994934
4342,2,2,0.9996694326400757
4343,0,0,0.9999929666519165
4344,9,9,0.5714699029922485
4345,2,2,1.0
4346,6,6,0.9999991655349731
4347,6,6,0.9999980926513672
4348,0,0,0.9999839067459106
4349,1,1,0.9974160194396973
4350,2,2,0.9844377636909485
4351,0,0,0.9999935626983643
4352,3,3,0.9999984502792358
4353,0,0,0.9999173879623413
4354,2,2,0.9770057797431946
4355,5,5,0.9986366629600525
4356,5,5,0.9997428059577942
4357,7,7,0.9999998807907104
4358,9,9,0.9996676445007324
4359,5,5,0.9966216087341309
4360,5,5,0.6743072867393494
4361,0,0,0.9999548196792603
4362,8,8,0.999990701675415
4363,9,9,0.9951682090759277
4364,5,5,0.9999998807907104
4365,0,0,0.999996542930603
4366,3,3,0.9999991655349731
4367,2,2,0.9999969005584717
4368,5,5,0.9958141446113586
4369,9,9,0.7344432473182678
4370,0,0,0.999907374382019
4371,8,8,0.9995181560516357
4372,8,8,1.0
4373,4,4,0.9972585439682007
4374,5,5,0.9998226761817932
4375,8,8,0.9999912977218628
4376,8,8,0.9984472393989563
4377,4,4,0.9998362064361572
4378,5,5,0.9999982118606567
4379,4,4,0.999017596244812
4380,8,8,0.9845156669616699
4381,5,5,0.9999862909317017
4382,4,4,0.868109941482544
4383,9,9,0.9999874830245972
4384,2,2,0.9960371851921082
4385,2,2,0.9885864853858948
4386,1,1,0.9994978904724121
4387,2,2,0.9999582767486572
4388,6,6,0.9999821186065674
4389,8,8,0.999976396560669
4390,8,8,0.9998860359191895
4391,7,7,0.9998829364776611
4392,0,0,0.9999997615814209
4393,3,3,0.9997174143791199
4394,6,6,0.9999985694885254
4395,6,6,0.9999967813491821
4396,4,4,0.9998949766159058
4397,3,3,0.9999945163726807
4398,8,8,0.9991456270217896
4399,8,8,0.991862416267395
4400,7,7,0.9748507142066956
4401,2,2,0.9877533316612244
4402,2,2,0.9999970197677612
4403,0,0,0.9999899864196777
4404,0,0,0.9999890327453613
4405,9,9,0.9981162548065186
4406,3,3,0.9999845027923584
4407,9,9,0.9999574422836304
4408,9,9,0.9998487234115601
4409,1,1,0.9997201561927795
4410,9,9,0.9995827078819275
4411,8,8,0.9999984502792358
4412,6,6,0.9999922513961792
4413,6,6,0.9954044818878174
4414,4,4,0.9999585151672363
4415,2,2,0.9999682903289795
4416,6,6,0.9999945163726807
4417,9,9,0.9999948740005493
4418,2,2,0.9999963045120239
4419,8,8,0.9985795021057129
4420,5,5,0.9991298317909241
4421,4,4,0.9999860525131226
4422,5,5,0.9998892545700073
4423,7,7,0.9999974966049194
4424,9,9,0.9969542026519775
4425,9,9,0.996483325958252
4426,9,9,0.9994083642959595
4427,2,2,0.9991831183433533
4428,1,1,0.9993849992752075
4429,8,8,0.9956578016281128
4430,3,3,1.0
4431,4,4,0.9996461868286133
4432,0,0,0.9998470544815063
4433,7,7,0.978617787361145
4434,8,8,0.9999687671661377
4435,3,3,0.9932726621627808
4436,9,9,0.9999622106552124
4437,3,3,0.999481737613678
4438,4,4,0.9839730262756348
4439,6,6,0.9999076128005981
4440,5,5,0.9999905824661255
4441,6,6,0.9999998807907104
4442,2,2,0.9998942613601685
4443,3,1,0.6278441548347473
4444,9,9,0.9998437166213989
4445,2,2,0.9998413324356079
4446,6,6,0.9999994039535522
4447,0,0,0.9996973276138306
4448,0,0,0.9999986886978149
4449,6,6,0.9995765089988708
4450,1,1,0.9991244673728943
4451,2,2,0.972326397895813
4452,8,8,0.9999072551727295
4453,7,7,0.9989482760429382
4454,9,9,0.9981088638305664
4455,8,8,0.9903054237365723
4456,2,2,0.9998950958251953
4457,0,0,0.9999679327011108
4458,4,4,0.9999852180480957
4459,7,7,0.9999423027038574
4460,7,7,0.9986680746078491
4461,5,5,0.9999855756759644
4462,0,0,0.9999998807907104
4463,5,5,0.9999401569366455
4464,6,6,1.0
4465,4,4,0.994531512260437
4466,6,6,0.9999978542327881
4467,7,7,0.9997554421424866
4468,4,4,0.9999319314956665
4469,3,3,0.9997299313545227
4470,0,0,0.999963641166687
4471,7,7,0.9999575614929199
4472,5,5,0.999454915523529
4473,0,0,0.99957674741745
4474,7,7,0.9999997615814209
4475,4,4,0.9994072914123535
4476,2,2,0.9970536231994629
4477,0,0,0.7697017192840576
4478,8,8,0.9992020726203918
4479,9,9,0.9999138116836548
4480,9,9,0.9999948740005493
4481,4,4,0.9948221445083618
4482,2,2,0.989083468914032
4483,4,4,0.99831223487854
4484,6,6,0.9999723434448242
4485,7,7,0.999992847442627
4486,8,8,0.9994446635246277
4487,7,7,0.9995806813240051
4488,6,6,0.9995112419128418
4489,9,9,0.9992617964744568
4490,4,4,0.9999983310699463
4491,1,1,0.9994357228279114
4492,3,3,0.9999773502349854
4493,7,7,0.9990984201431274
4494,3,3,0.9993731379508972
4495,0,0,0.9999984502792358
4496,8,8,0.999994158744812
4497,8,8,0.5085447430610657
4498,7,7,0.9998034834861755
4499,6,6,0.996788501739502
4500,9,9,0.6878552436828613
4501,3,3,0.9999998807907104
4502,9,9,0.9999984502792358
4503,2,2,0.9989252686500549
4504,2,2,0.9677278995513916
4505,9,9,0.9928217530250549
4506,2,2,0.9933964014053345
4507,1,1,0.4784286320209503
4508,8,8,0.9997908473014832
4509,3,3,0.9999884366989136
4510,2,2,0.9999990463256836
4511,9,9,0.9982802867889404
4512,6,6,0.999984622001648
4513,8,8,0.9058963060379028
4514,4,4,0.9974404573440552
4515,0,0,0.9999618530273438
4516,1,1,0.9996850490570068
4517,2,2,0.9999997615814209
4518,8,8,0.9990249872207642
4519,4,4,0.9736770987510681
4520,5,5,0.9999948740005493
4521,2,2,0.9924389123916626
4522,7,7,0.9999208450317383
4523,8,8,0.981145441532135
4524,1,1,0.9997326731681824
4525,1,1,0.9992766976356506
4526,3,3,0.9998037219047546
4527,0,0,0.9999945163726807
4528,3,3,0.9986082911491394
4529,5,5,0.9999998807907104
4530,7,7,0.9999256134033203
4531,0,0,0.9999923706054688
4532,3,3,1.0
4533,1,1,0.9984475374221802
4534,9,9,0.9998522996902466
4535,3,3,0.9999960660934448
4536,6,6,0.9842797517776489
4537,3,3,0.9999985694885254
4538,1,1,0.9980145692825317
4539,7,7,0.9999531507492065
4540,7,7,0.999813973903656
4541,3,3,0.9999945163726807
4542,0,0,0.9999991655349731
4543,8,8,0.9917154908180237
4544,4,4,0.9999146461486816
4545,8,8,0.9999452829360962
4546,2,2,0.9913711547851562
4547,6,6,0.9599416851997375
4548,5,5,0.9947696328163147
4549,2,2,0.9982000589370728
4550,9,9,0.9998923540115356
4551,7,7,0.9175094366073608
4552,3,3,0.9999954700469971
4553,9,9,0.9999862909317017
4554,0,0,0.9999978542327881
4555,9,9,0.9999579191207886
4556,9,9,0.9992895126342773
4557,6,6,0.9999747276306152
4558,4,4,0.9969518184661865
4559,2,2,0.9998713731765747
4560,9,9,0.9999904632568359
4561,7,7,0.9981619715690613
4562,2,2,0.9999997615814209
4563,1,1,0.9926236867904663
4564,1,1,0.9998904466629028
4565,6,6,0.9990793466567993
4566,7,7,0.9968580007553101
4567,4,4,0.8708475828170776
4568,7,7,0.9996792078018188
4569,5,5,0.9999864101409912
4570,9,9,0.9976258873939514
4571,6,0,0.7258572578430176
4572,8,8,0.998345136642456
4573,2,2,0.9928593635559082
4574,1,1,0.9990615248680115
4575,4,4,0.5654945969581604
4576,4,4,0.9999333620071411
4577,5,5,0.9999668598175049
4578,7,7,0.6128923296928406
4579,6,6,0.9977647066116333
4580,1,1,0.9999593496322632
4581,3,3,0.9999997615814209
4582,2,2,0.9999984502792358
4583,5,5,0.9999881982803345
4584,9,9,0.9995585083961487
4585,9,9,0.9997778534889221
4586,3,3,0.9999520778656006
4587,6,6,1.0
4588,1,1,0.9998227953910828
4589,1,1,0.9970731735229492
4590,4,4,0.9999964237213135
4591,6,6,0.9999996423721313
4592,9,9,0.9999772310256958
4593,7,7,0.9994059801101685
4594,2,2,0.9298122525215149
4595,1,1,0.9998267292976379
4596,5,5,0.9999998807907104
4597,1,1,0.9975801706314087
4598,4,4,0.9982812404632568
4599,6,6,0.999957799911499
4600,3,3,0.9999996423721313
4601,8,8,0.9973762035369873
4602,1,1,0.9997079968452454
4603,1,1,0.9993911981582642
4604,0,0,0.9674473404884338
4605,3,3,0.9999732971191406
4606,1,1,0.9991381168365479
4607,6,6,0.999947190284729
4608,8,8,0.9982267022132874
4609,4,4,0.9999784231185913
4610,9,9,0.9999396800994873
4611,0,0,0.9999997615814209
4612,7,7,0.999987006187439
4613,3,3,0.9999988079071045
4614,0,0,0.9997201561927795
4615,2,2,0.9791591167449951
4616,9,9,0.999991774559021
4617,0,0,0.9999610185623169
4618,6,6,0.9999860525131226
4619,6,6,0.9988166093826294
4620,6,6,0.9742066264152527
4621,3,3,1.0
4622,6,6,0.9999740123748779
4623,7,7,0.9999911785125732
4624,7,7,0.999704897403717
4625,2,2,0.9835557341575623
4626,8,8,0.9997382760047913
4627,6,6,0.9999998807907104
4628,0,0,1.0
4629,8,8,1.0
4630,3,3,0.9975419044494629
4631,0,0,0.9999990463256836
4632,2,2,0.9996651411056519
4633,9,9,0.9996417760848999
4634,8,8,0.9999393224716187
4635,3,3,0.9973999261856079
4636,2,2,0.9999988079071045
4637,5,5,0.9999998807907104
4638,3,3,0.9999997615814209
4639,8,8,0.9502100348472595
4640,8,8,0.992397129535675
4641,0,0,0.9999325275421143
4642,0,0,0.9998630285263062
4643,1,1,0.9994239807128906
4644,9,9,0.999931812286377
4645,5,5,0.9999997615814209
4646,1,1,0.9929874539375305
4647,3,3,0.9994422793388367
4648,9,9,0.9999895095825195
4649,6,6,0.9999985694885254
4650,0,0,0.9999916553497314
4651,1,1,0.9988930821418762
4652,4,4,0.9997057318687439
4653,1,1,0.9992388486862183
4654,7,7,0.999998927116394
4655,1,1,0.9976734519004822
4656,2,2,0.9968814849853516
4657,3,3,0.9990098476409912
4658,7,7,0.9999597072601318
4659,9,9,0.9997549653053284
4660,7,7,0.9997010827064514
4661,4,4,0.999922513961792
4662,9,9,0.9838129281997681
4663,9,9,0.9999785423278809
4664,3,3,0.9999997615814209
4665,9,9,0.9995521903038025
4666,2,2,0.999171257019043
4667,8,8,0.999998927116394
4668,2,2,0.9951896667480469
4669,7,7,0.9998617172241211
4670,1,1,0.9995843768119812
4671,8,8,0.9999512434005737
4672,0,0,0.9985659718513489
4673,9,9,0.9997721314430237
4674,1,1,0.9996771812438965
4675,0,0,0.9999394416809082
4676,1,1,0.9971500039100647
4677,7,7,0.9991511106491089
4678,7,7,0.9999963045120239
4679,9,9,0.9999902248382568
4680,6,6,1.0
4681,9,9,0.9478169083595276
4682,9,9,0.9999943971633911
4683,9,9,0.9999686479568481
4684,2,2,0.9997249245643616
4685,1,1,0.9994012117385864
4686,6,6,0.9999593496322632
4687,1,1,0.998936116695404
4688,3,3,0.9999969005584717
4689,5,5,0.9999977350234985
4690,7,7,0.9998480081558228
4691,1,1,0.9999297857284546
4692,9,9,0.9992389678955078
4693,7,7,0.9999758005142212
4694,6,6,0.9999860525131226
4695,4,4,0.9950016140937805
4696,5,5,0.982564389705658
4697,7,7,0.9999895095825195
4698,6,6,0.9988123178482056
4699,6,6,0.6671992540359497
4700,9,9,0.9999639987945557
4701,9,9,0.999998927116394
4702,6,6,0.9837051033973694
4703,3,3,0.999998927116394
4704,6,6,0.9999309778213501
4705,2,2,0.999874472618103
4706,9,9,0.9992386102676392
4707,8,8,0.9998860359191895
4708,1,1,0.9998596906661987
4709,2,2,0.9999741315841675
4710,2,2,0.9998207688331604
4711,5,5,0.9999991655349731
4712,5,5,0.998068630695343
4713,2,2,0.9995574355125427
4714,3,3,0.9999992847442627
4715,7,7,0.9999816417694092
4716,2,2,0.9979776740074158
4717,1,1,0.9995272159576416
4718,0,0,0.9999998807907104
4719,1,1,0.9894354343414307
4720,0,0,0.9994058609008789
4721,4,4,0.9996984004974365
4722,5,5,0.9999738931655884
4723,2,2,0.9999091625213623
4724,8,8,0.9499531388282776
4725,2,2,0.9988170862197876
4726,8,8,0.9999916553497314
4727,3,3,0.9995797276496887
4728,5,5,0.999998927116394
4729,1,1,0.9998737573623657
4730,7,7,0.9999996423721313
4731,8,3,0.3940717875957489
4732,1,1,0.9999650716781616
4733,1,1,0.9968416690826416
4734,2,2,0.999991774559021
4735,9,9,0.9992172718048096
4736,7,7,0.9999898672103882
4737,8,8,0.999553382396698
4738,4,4,0.995349109172821
4739,0,0,0.9983534812927246
4740,3,5,0.7166361808776855
4741,0,0,0.9999682903289795
4742,7,7,0.999840259552002
4743,8,8,0.993965208530426
4744,8,8,0.9821856617927551
4745,4,4,0.9986421465873718
4746,7,7,0.9999618530273438
4747,7,7,0.9999946355819702
4748,8,8,0.9999995231628418
4749,5,5,0.999995231628418
4750,8,8,0.9996433258056641
4751,4,4,0.9999314546585083
4752,9,9,0.9999661445617676
4753,8,8,0.9999690055847168
4754,1,1,0.9998574256896973
4755,3,3,0.9954233765602112
4756,8,8,0.9998169541358948
4757,0,0,0.9999992847442627
4758,3,3,0.9999997615814209
4759,1,1,0.9848288893699646
4760,7,7,0.9995008707046509
4761,9,8,0.9780244827270508
4762,5,5,0.9998904466629028
4763,5,5,0.9946280121803284
4764,1,1,0.9977993369102478
4765,6,6,0.9999949932098389
4766,5,5,0.999994158744812
4767,7,7,0.9999991655349731
4768,4,4,0.9999960660934448
4769,9,9,0.9999974966049194
4770,3,3,0.9999979734420776
4771,5,5,0.9999109506607056
4772,4,4,0.9999734163284302
4773,7,7,0.9998239874839783
4774,1,1,0.9986447691917419
4775,2,2,0.9999958276748657
4776,0,0,0.9987585544586182
4777,8,8,0.999247670173645
4778,1,1,0.9988709092140198
4779,6,6,0.9999998807907104
4780,0,0,0.999984860420227
4781,7,7,0.9999984502792358
4782,3,3,0.9999750852584839
4783,4,4,0.5039554238319397
4784,7,7,0.9999374151229858
4785,3,3,0.9999988079071045
4786,9,9,0.9999085664749146
4787,6,6,0.9999985694885254
4788,0,0,0.961968183517456
4789,8,8,0.9998931884765625
4790,6,6,0.9999860525131226
4791,4,4,0.9962729215621948
4792,8,8,0.9999985694885254
4793,7,7,0.999795138835907
4794,7,7,0.9999591112136841
4795,9,9,0.9999672174453735
4796,3,3,0.9992488026618958
4797,8,8,0.9999984502792358
4798,6,6,0.9992035031318665
4799,9,9,0.9999197721481323
4800,7,7,0.9999954700469971
4801,2,2,0.9999957084655762
4802,3,3,0.9999611377716064
4803,4,4,0.9999692440032959
4804,0,0,0.9984899759292603
4805,2,2,0.9998838901519775
4806,1,1,0.9984380602836609
4807,8,8,0.961948573589325
4808,3,3,0.9917055368423462
4809,5,5,0.9999998807907104
4810,5,5,0.9999997615814209
4811,7,7,0.9999979734420776
4812,2,2,0.9991326928138733
4813,4,4,0.999982476234436
4814,6,6,0.9744797348976135
4815,7,7,0.997119665145874
4816,2,2,0.9999946355819702
4817,8,8,0.9999994039535522
4818,3,3,0.9999998807907104
4819,0,0,0.9998302459716797
4820,8,8,0.9999977350234985
4821,7,7,0.9999991655349731
4822,8,8,0.999411940574646
4823,9,9,0.6784446239471436
4824,0,0,0.99998939037323
4825,8,8,0.9996771812438965
4826,4,4,0.9997215867042542
4827,4,4,0.9999163150787354
4828,5,5,0.9999673366546631
4829,8,8,0.9999812841415405
4830,5,5,0.9999860525131226
4831,6,6,0.9995658993721008
4832,6,6,0.9999436140060425
4833,3,3,0.9998586177825928
4834,0,0,0.9999027252197266
4835,9,9,0.999915599822998
4836,3,3,0.9999940395355225
4837,7,7,0.9976772665977478
4838,6,6,0.8329281210899353
4839,8,8,0.9417490363121033
4840,9,9,0.9999643564224243
4841,3,3,0.9998284578323364
4842,4,4,0.9999289512634277
4843,9,9,0.9999880790710449
4844,5,5,0.9999597072601318
4845,8,8,0.9863844513893127
4846,9,9,0.9999637603759766
4847,1,1,0.9992302656173706
4848,2,2,0.9994148015975952
4849,8,8,0.9999685287475586
4850,8,8,0.9999722242355347
4851,6,6,0.9993661046028137
4852,8,8,0.9976542592048645
4853,1,1,0.9998711347579956
4854,3,3,0.9999896287918091
4855,7,7,0.9999943971633911
4856,9,9,0.9997137188911438
4857,0,0,0.9990635514259338
4858,1,1,0.9996718168258667
4859,1,1,0.9995718598365784
4860,4,4,0.679914653301239
4861,7,7,0.9985643029212952
4862,0,0,0.9999970197677612
4863,8,8,0.9993638396263123
4864,1,1,0.9945502877235413
4865,7,7,0.9999996423721313
4866,4,4,0.999897837638855
4867,5,5,0.9999890327453613
4868,7,7,0.9998114705085754
4869,1,1,0.9995649456977844
4870,2,2,1.0
4871,1,1,0.9956117272377014
4872,1,1,0.9984666109085083
4873,3,3,0.9999973773956299
4874,9,9,0.9614416360855103
4875,6,6,0.9999966621398926
4876,2,2,0.999993085861206
4877,1,1,0.9981648325920105
4878,2,2,0.9999845027923584
4879,8,6,0.742352306842804
4880,0,0,0.9996500015258789
4881,7,7,0.9999945163726807
4882,6,6,0.9989822506904602
4883,6,6,0.9999605417251587
4884,9,9,0.9995831847190857
4885,3,3,0.9999992847442627
4886,7,7,0.9797542691230774
4887,0,0,0.9999737739562988
4888,5,5,0.9995860457420349
4889,2,2,0.999990701675415
4890,8,8,0.9993636012077332
4891,0,0,0.9999916553497314
4892,5,5,0.9999997615814209
4893,4,4,0.9935365319252014
4894,3,3,0.9999939203262329
4895,8,8,0.9999686479568481
4896,4,4,0.9998588562011719
4897,6,6,0.9993990659713745
4898,6,6,0.9995785355567932
4899,2,2,0.9999529123306274
4900,7,7,0.9992425441741943
4901,9,9,0.999894380569458
4902,5,5,0.9992582201957703
4903,1,1,0.9992932081222534
4904,3,3,0.9999982118606567
4905,2,2,0.9979463219642639
4906,4,4,0.9999395608901978
4907,3,3,0.9981774091720581
4908,6,6,0.999996542930603
4909,1,1,0.9994390606880188
4910,9,9,0.9999556541442871
4911,4,4,0.9388651251792908
4912,4,4,0.9997072815895081
4913,7,7,0.9999616146087646
4914,6,6,0.9999637603759766
4915,5,5,0.9999427795410156
4916,4,4,0.9999836683273315
4917,1,1,0.9975869655609131
4918,9,9,0.9823926687240601
4919,9,9,0.9999605417251587
4920,2,2,1.0
4921,7,7,0.9920879006385803
4922,8,8,0.9999352693557739
4923,0,0,0.9999098777770996
4924,1,1,0.9968932867050171
4925,3,3,0.9999979734420776
4926,6,6,0.9999972581863403
4927,1,1,0.9994353652000427
4928,3,3,0.9999737739562988
4929,4,4,0.9639192819595337
4930,1,1,0.9986509680747986
4931,1,1,0.9987862706184387
4932,1,1,0.9996627569198608
4933,5,5,0.9999984502792358
4934,6,6,0.9774717688560486
4935,0,0,0.9999896287918091
4936,7,7,0.9997956156730652
4937,0,0,0.9999995231628418
4938,7,7,0.9999427795410156
4939,2,2,0.9578762650489807
4940,3,3,0.9999998807907104
4941,2,2,0.99977046251297
4942,5,5,0.9963453412055969
4943,2,2,0.9963807463645935
4944,2,2,0.9999607801437378
4945,9,9,0.9999809265136719
4946,4,4,0.9997382760047913
4947,9,9,0.9999138116836548
4948,8,8,0.9999793767929077
4949,1,1,0.9997771382331848
4950,2,2,0.9927623867988586
4951,1,1,0.9912320971488953
4952,6,6,0.9990504384040833
4953,1,1,0.9995306730270386
4954,2,2,0.9975389242172241
4955,7,7,0.999997615814209
4956,8,8,0.7592914700508118
4957,0,0,0.9999958276748657
4958,0,0,0.9999991655349731
4959,0,0,0.9999896287918091
4960,8,8,0.9970916509628296
4961,2,2,0.999972939491272
4962,2,2,1.0
4963,9,9,0.9966617822647095
4964,2,2,0.9996452331542969
4965,2,2,0.9999948740005493
4966,7,7,0.9979592561721802
4967,9,9,0.9998719692230225
4968,9,9,0.999934196472168
4969,2,2,0.9986390471458435
4970,7,7,0.9988130331039429
4971,5,5,0.9982469081878662
4972,1,1,0.9989110231399536
4973,3,3,0.9999998807907104
4974,4,4,0.9998856782913208
4975,9,9,0.9999773502349854
4976,4,4,0.999795138835907
4977,1,1,0.9994115829467773
4978,8,8,0.9949536919593811
4979,5,5,0.999947190284729
4980,6,6,0.9999520778656006
4981,2,2,0.9985458850860596
4982,8,8,0.9976294636726379
4983,3,3,0.9999958276748657
4984,1,1,0.9992554783821106
4985,2,2,0.9999980926513672
4986,8,8,0.975860595703125
4987,4,4,0.9986696243286133
4988,9,9,0.999991774559021
4989,9,9,0.9976117610931396
4990,3,3,0.9789050221443176
4991,7,7,0.999786913394928
4992,0,0,1.0
4993,7,7,0.9996521472930908
4994,7,7,0.9998522996902466
4995,2,2,0.9899438619613647
4996,3,3,0.9999994039535522
4997,2,2,0.9940819144248962
4998,4,4,0.9998237490653992
4999,0,0,1.0
5000,3,3,0.9999996423721313
5001,9,9,0.9999508857727051
5002,9,9,0.9999786615371704
5003,8,8,0.9992985725402832
5004,4,4,0.9999963045120239
5005,1,1,0.9998654127120972
5006,0,0,0.9999361038208008
5007,6,6,0.999998927116394
5008,0,0,0.9999983310699463
5009,9,9,0.9996905326843262
5010,6,6,0.9999978542327881
5011,8,8,0.9999152421951294
5012,6,6,1.0
5013,1,1,0.999924898147583
5014,1,1,0.9999470710754395
5015,9,9,0.9996527433395386
5016,8,8,0.9999957084655762
5017,9,9,0.9998836517333984
5018,2,2,1.0
5019,3,3,0.999981164932251
5020,5,5,0.9999974966049194
5021,5,5,0.9999816417694092
5022,9,9,0.999777615070343
5023,4,4,0.9999884366989136
5024,2,2,0.9997819066047668
5025,1,1,0.9999630451202393
5026,9,9,0.9999704360961914
5027,4,4,0.9991661310195923
5028,3,3,1.0
5029,9,9,0.9996585845947266
5030,6,6,0.9999979734420776
5031,0,0,0.9999333620071411
5032,4,4,0.9999946355819702
5033,0,0,0.9999643564224243
5034,6,6,0.9999994039535522
5035,0,0,0.9994462132453918
5036,1,1,0.9999136924743652
5037,2,2,0.9999990463256836
5038,3,3,0.9998538494110107
5039,4,4,0.9999982118606567
5040,7,7,0.9967477321624756
5041,8,8,0.999998927116394
5042,9,9,0.9999769926071167
5043,0,0,0.9999767541885376
5044,1,1,0.9999583959579468
5045,2,2,0.9999903440475464
5046,3,3,0.9997435212135315
5047,4,4,0.9999346733093262
5048,7,7,0.9997081160545349
5049,8,8,0.9964262843132019
5050,9,9,0.9999010562896729
5051,0,0,0.9968696236610413
5052,1,1,0.9998185038566589
5053,2,2,0.9999988079071045
5054,3,3,0.9999730587005615
5055,4,4,0.9999963045120239
5056,5,5,0.9999986886978149
5057,6,6,0.9999877214431763
5058,7,7,0.9997701048851013
5059,8,8,0.9999791383743286
5060,9,9,0.9999102354049683
5061,8,8,0.9995185136795044
5062,3,3,0.9999730587005615
5063,4,4,0.9999587535858154
5064,7,7,0.9995119571685791
5065,8,8,0.981979250907898
5066,6,6,0.9999892711639404
5067,3,3,0.9713648557662964
5068,4,4,0.9536235928535461
5069,0,0,0.9999957084655762
5070,9,9,0.9999213218688965
5071,7,7,0.9999905824661255
5072,1,1,0.9999022483825684
5073,9,9,0.9999856948852539
5074,3,3,0.999974250793457
5075,8,8,0.9999847412109375
5076,4,4,0.9999988079071045
5077,7,7,0.9991514682769775
5078,3,3,0.9996765851974487
5079,0,0,0.9999797344207764
5080,9,9,0.9999786615371704
5081,1,1,0.999563992023468
5082,4,4,0.9999723434448242
5083,5,5,0.9999648332595825
5084,4,4,0.9947283864021301
5085,6,6,0.9999591112136841
5086,2,2,0.9994875192642212
5087,0,0,0.9999918937683105
5088,6,6,0.9989344477653503
5089,2,2,0.9999942779541016
5090,1,1,0.9985954165458679
5091,1,1,0.9997469782829285
5092,1,1,0.9997186064720154
5093,1,1,0.9996734857559204
5094,7,7,0.999854326248169
5095,2,2,0.9999998807907104
5096,4,4,0.9999980926513672
5097,7,7,0.9999172687530518
5098,5,5,0.9997792840003967
5099,2,2,0.9996525049209595
5100,9,9,0.9980068802833557
5101,4,4,0.9999889135360718
5102,5,5,0.9999988079071045
5103,8,8,0.9999961853027344
5104,4,4,0.9999595880508423
5105,2,2,0.9999642372131348
5106,9,9,0.9999377727508545
5107,7,7,0.9998111128807068
5108,0,0,0.9999767541885376
5109,0,0,0.9999903440475464
5110,7,7,0.9999076128005981
5111,5,5,0.9999996423721313
5112,1,1,0.9999538660049438
5113,1,1,0.9999254941940308
5114,7,7,0.999656081199646
5115,6,6,0.9999933242797852
5116,6,6,0.9999997615814209
5117,6,6,0.9999717473983765
5118,8,8,0.999990701675415
5119,2,2,0.9999465942382812
5120,2,2,0.999847412109375
5121,7,7,0.9995508790016174
5122,7,7,0.9995539784431458
5123,4,4,0.9999994039535522
5124,0,0,0.9999973773956299
5125,2,2,0.9999791383743286
5126,4,4,0.999966025352478
5127,2,2,0.8361208438873291
5128,1,1,0.9997698664665222
5129,8,8,0.9999996423721313
5130,9,9,0.9998030066490173
5131,6,6,0.9999924898147583
5132,1,1,0.9999411106109619
5133,0,0,0.9999954700469971
5134,5,5,0.9999905824661255
5135,9,9,0.9998175501823425
5136,6,6,0.9998447895050049
5137,9,9,0.9996985197067261
5138,8,8,0.999051034450531
5139,0,0,0.9999948740005493
5140,3,3,0.9977235198020935
5141,0,0,0.9999613761901855
5142,8,8,0.9999951124191284
5143,3,3,0.9999815225601196
5144,9,9,0.9991951584815979
5145,6,6,0.999940037727356
5146,3,3,0.999923586845398
5147,0,0,0.9999711513519287
5148,1,1,0.9996521472930908
5149,2,2,0.9999642372131348
5150,3,3,0.9999990463256836
5151,4,4,0.9999845027923584
5152,5,5,0.9995519518852234
5153,6,6,0.999997615814209
5154,7,7,0.9998076558113098
5155,0,0,0.9997788071632385
5156,1,1,0.9997792840003967
5157,2,2,0.9999715089797974
5158,3,3,1.0
5159,4,4,0.7578719258308411
5160,5,5,0.9999982118606567
5161,6,6,0.9999998807907104
5162,7,7,0.9961526989936829
5163,8,8,0.9999828338623047
5164,9,9,0.9997163414955139
5165,0,0,0.9941620230674744
5166,1,1,0.9996179342269897
5167,2,2,0.9999527931213379
5168,3,3,0.999998927116394
5169,4,4,0.9999560117721558
5170,5,5,0.9999996423721313
5171,6,6,1.0
5172,7,7,0.9998310804367065
5173,8,8,0.9996190071105957
5174,5,5,0.9999994039535522
5175,4,4,0.9998177886009216
5176,8,8,0.9988566637039185
5177,7,7,0.9992495179176331
5178,4,4,0.9999922513961792
5179,7,7,0.9999995231628418
5180,7,7,0.9994169473648071
5181,3,3,0.9999998807907104
5182,9,9,0.9993684887886047
5183,8,8,0.9998579025268555
5184,8,8,0.9999403953552246
5185,3,3,0.9999966621398926
5186,1,1,0.9998534917831421
5187,5,5,0.9999539852142334
5188,8,8,0.9999791383743286
5189,2,2,0.9999749660491943
5190,7,7,0.9999349117279053
5191,4,4,1.0
5192,2,2,0.9998393058776855
5193,1,1,0.9990880489349365
5194,5,5,0.985849142074585
5195,4,4,0.9999901056289673
5196,5,5,0.9999991655349731
5197,5,5,0.9999963045120239
5198,8,8,0.9999547004699707
5199,6,6,0.9961860775947571
5200,4,4,0.9999169111251831
5201,4,4,0.998793363571167
5202,4,4,0.9999914169311523
5203,1,1,0.9601704478263855
5204,8,8,0.997285008430481
5205,7,7,0.9998669624328613
5206,5,5,1.0
5207,5,5,0.999821126461029
5208,1,1,0.9997813105583191
5209,8,8,0.999896764755249
5210,9,9,0.9999880790710449
5211,1,1,0.9998220801353455
5212,3,3,0.999997615814209
5213,6,6,0.9999983310699463
5214,3,3,0.9999855756759644
5215,3,3,0.9999964237213135
5216,2,2,0.9999996423721313
5217,2,2,0.9967504739761353
5218,6,6,1.0
5219,9,9,0.9995543360710144
5220,9,9,0.9998262524604797
5221,6,6,0.9998101592063904
5222,5,5,1.0
5223,5,5,0.9999998807907104
5224,3,3,0.9999972581863403
5225,3,3,0.9999924898147583
5226,8,8,0.9999886751174927
5227,1,1,0.9999674558639526
5228,6,6,0.9949636459350586
5229,5,5,0.9999452829360962
5230,6,6,0.9999997615814209
5231,8,8,0.9999921321868896
5232,1,1,0.9997509121894836
5233,9,9,0.9998999834060669
5234,7,7,0.9994762539863586
5235,6,6,1.0
5236,8,8,0.9990618824958801
5237,3,3,0.9999760389328003
5238,7,7,0.9998308420181274
5239,4,4,0.9999661445617676
5240,7,7,0.9965750575065613
5241,0,0,0.9999942779541016
5242,9,9,0.9970799088478088
5243,0,0,0.9989381432533264
5244,0,0,0.9993606209754944
5245,3,3,0.9999878406524658
5246,7,7,0.995292067527771
5247,9,9,0.9996299743652344
5248,3,3,0.9999933242797852
5249,0,0,0.9998915195465088
5250,2,2,0.9999746084213257
5251,0,0,0.9991266131401062
5252,1,1,0.9969101548194885
5253,0,0,0.9999123811721802
5254,1,1,0.9998698234558105
5255,0,0,0.999416708946228
5256,4,4,1.0
5257,0,0,0.9999674558639526
5258,1,1,0.9999650716781616
5259,0,0,0.9999922513961792
5260,4,4,0.9999581575393677
5261,7,7,0.9962049126625061
5262,9,9,0.9985687732696533
5263,6,6,0.9999998807907104
5264,2,2,0.9999814033508301
5265,6,6,0.9998032450675964
5266,2,2,0.9999568462371826
5267,2,2,0.9999104738235474
5268,9,9,0.9472187161445618
5269,9,9,0.9962291121482849
5270,0,0,0.9997963309288025
5271,1,1,0.9996980428695679
5272,2,2,0.9999998807907104
5273,3,3,1.0
5274,4,4,0.999998927116394
5275,5,5,0.9999998807907104
5276,6,6,0.9999994039535522
5277,7,7,0.9999227523803711
5278,8,8,0.9997126460075378
5279,9,9,0.9999712705612183
5280,0,0,0.9999971389770508
5281,1,1,0.9999338388442993
5282,2,2,0.9999998807907104
5283,3,3,0.9999995231628418
5284,4,4,0.9999996423721313
5285,5,5,0.9999982118606567
5286,6,6,0.999998927116394
5287,7,7,0.9999972581863403
5288,8,8,0.9959328770637512
5289,9,9,0.9999996423721313
5290,0,0,0.9999963045120239
5291,1,1,0.9998206496238708
5292,2,2,0.999996542930603
5293,3,3,1.0
5294,4,4,1.0
5295,5,5,0.9999998807907104
5296,6,6,0.999984860420227
5297,7,7,0.9999676942825317
5298,8,8,0.9995582699775696
5299,9,9,0.99649977684021
5300,8,8,0.9999439716339111
5301,0,0,0.9999947547912598
5302,5,5,0.9999992847442627
5303,6,6,0.9999995231628418
5304,6,6,0.9999996423721313
5305,0,0,0.9999992847442627
5306,8,8,0.9999167919158936
5307,0,0,0.999998927116394
5308,2,2,0.9999001026153564
5309,3,3,1.0
5310,7,7,0.9997177720069885
5311,9,9,0.9996335506439209
5312,4,4,0.9999762773513794
5313,7,7,0.9999990463256836
5314,1,1,0.9997448325157166
5315,9,9,0.999940037727356
5316,1,1,0.999847412109375
5317,7,7,0.999983549118042
5318,1,1,0.9999096393585205
5319,4,4,0.9999973773956299
5320,0,0,0.9999914169311523
5321,0,0,0.9999966621398926
5322,4,4,0.9999613761901855
5323,1,1,0.999919056892395
5324,7,7,0.9996389150619507
5325,5,5,0.9999996423721313
5326,7,7,0.9999890327453613
5327,1,1,0.9998965263366699
5328,3,3,0.9999996423721313
5329,3,3,0.9999995231628418
5330,3,3,0.9999996423721313
5331,1,1,0.9984619617462158
5332,6,6,0.9999996423721313
5333,9,9,0.999971866607666
5334,7,7,0.9999749660491943
5335,4,4,0.999885082244873
5336,3,3,0.9999992847442627
5337,0,0,0.9999998807907104
5338,2,2,0.9999998807907104
5339,5,5,0.9999984502792358
5340,2,2,0.9999998807907104
5341,6,6,0.9999924898147583
5342,0,0,0.9999991655349731
5343,8,8,0.9984456896781921
5344,9,9,0.9999992847442627
5345,4,4,0.9999918937683105
5346,3,3,0.9999997615814209
5347,5,5,0.9999997615814209
5348,4,4,0.9999878406524658
5349,8,8,0.9999531507492065
5350,1,1,0.9997065663337708
5351,5,5,0.9999972581863403
5352,9,9,0.9999874830245972
5353,0,0,0.9999994039535522
5354,6,6,0.9999990463256836
5355,4,4,0.9999902248382568
5356,3,3,0.9999996423721313
5357,6,6,0.9999936819076538
5358,3,3,0.9999996423721313
5359,3,3,0.9999921321868896
5360,8,8,0.9998694658279419
5361,1,1,0.9998725652694702
5362,4,4,0.9999995231628418
5363,7,7,0.9998743534088135
5364,5,5,1.0
5365,7,7,0.9999756813049316
5366,2,2,0.9999992847442627
5367,2,2,0.9999939203262329
5368,0,0,0.9999998807907104
5369,0,0,0.9999996423721313
5370,1,1,0.9999333620071411
5371,7,7,0.9999216794967651
5372,7,7,0.9998553991317749
5373,9,9,0.9999915361404419
5374,5,5,0.9999997615814209
5375,9,9,0.9999645948410034
5376,8,8,0.999964714050293
5377,9,9,0.9999977350234985
5378,6,6,0.999998927116394
5379,8,8,0.9998239874839783
5380,8,8,0.9999260902404785
5381,2,2,0.9999985694885254
5382,3,3,0.9999984502792358
5383,6,6,0.9999982118606567
5384,1,1,0.999883770942688
5385,2,2,0.9999998807907104
5386,9,9,0.9999974966049194
5387,8,8,0.9998857975006104
5388,9,9,0.9999945163726807
5389,5,5,0.9999997615814209
5390,2,2,0.9999994039535522
5391,6,6,0.9999918937683105
5392,2,2,0.9999868869781494
5393,4,4,1.0
5394,8,8,0.999308705329895
5395,4,4,0.9999978542327881
5396,6,6,0.9999560117721558
5397,5,5,0.9999946355819702
5398,0,0,0.9999936819076538
5399,1,1,0.9996122717857361
5400,5,5,0.9999986886978149
5401,6,6,0.9980029463768005
5402,7,7,0.9999760389328003
5403,8,8,0.9999022483825684
5404,9,9,0.9999674558639526
5405,0,0,0.9999964237213135
5406,1,1,0.9992089867591858
5407,2,2,0.9989560842514038
5408,3,3,0.9997950196266174
5409,4,4,0.9900976419448853
5410,5,5,0.999875545501709
5411,6,6,0.9999988079071045
5412,7,7,0.9999980926513672
5413,8,8,0.9995179176330566
5414,9,9,0.9998973608016968
5415,0,0,0.99998939037323
5416,1,1,0.9992520213127136
5417,2,2,0.9992818236351013
5418,3,3,0.9999998807907104
5419,4,4,0.9999862909317017
5420,5,5,0.9999383687973022
5421,6,6,0.9999582767486572
5422,7,7,0.9999977350234985
5423,8,8,0.9998206496238708
5424,9,9,0.9998685121536255
5425,7,7,0.9999349117279053
5426,4,4,0.9999998807907104
5427,2,2,0.9997394680976868
5428,0,0,0.9999878406524658
5429,9,9,0.9991990923881531
5430,0,0,0.999935507774353
5431,1,1,0.9997624754905701
5432,5,5,0.9999985694885254
5433,8,8,0.9999064207077026
5434,8,8,0.9999723434448242
5435,0,0,0.9999908208847046
5436,2,2,0.9999947547912598
5437,7,7,0.9999959468841553
5438,8,8,0.9999626874923706
5439,4,4,0.9999994039535522
5440,4,4,0.9999643564224243
5441,6,6,1.0
5442,1,1,0.9996464252471924
5443,0,0,0.9999523162841797
5444,4,4,0.9999974966049194
5445,5,5,0.9999994039535522
5446,3,3,0.999997615814209
5447,9,9,0.9999417066574097
5448,4,4,0.9999935626983643
5449,2,2,0.9950804710388184
5450,0,0,0.8087089657783508
5451,5,5,1.0
5452,0,0,0.9999957084655762
5453,1,1,0.9998192191123962
5454,3,3,0.9999964237213135
5455,2,2,0.9999250173568726
5456,9,9,0.9998745918273926
5457,1,1,0.8920941948890686
5458,6,6,0.9999997615814209
5459,0,0,0.9991996884346008
5460,1,1,0.9999104738235474
5461,1,1,0.999934196472168
5462,8,8,0.9999953508377075
5463,0,0,0.9997259974479675
5464,4,4,0.9999966621398926
5465,7,7,0.9999994039535522
5466,7,7,0.9999837875366211
5467,6,6,0.9999994039535522
5468,3,3,0.9999998807907104
5469,6,6,0.9997971653938293
5470,0,0,0.9999146461486816
5471,7,7,0.9999287128448486
5472,3,3,1.0
5473,5,5,0.9999991655349731
5474,4,4,0.999815046787262
5475,2,2,0.9999988079071045
5476,4,4,0.9999949932098389
5477,1,1,0.9997860789299011
5478,8,8,0.9999794960021973
5479,3,3,0.9999998807907104
5480,5,5,0.9999998807907104
5481,6,6,1.0
5482,7,7,0.999998927116394
5483,0,0,0.999987006187439
5484,6,6,1.0
5485,7,7,0.9999967813491821
5486,1,1,0.999930739402771
5487,2,2,0.999994158744812
5488,5,5,0.9999997615814209
5489,8,8,0.9999946355819702
5490,1,1,0.9999374151229858
5491,9,9,0.9999368190765381
5492,3,3,0.9999998807907104
5493,8,8,0.9992129802703857
5494,2,2,0.9999997615814209
5495,8,8,0.9999010562896729
5496,7,7,0.9998784065246582
5497,6,6,0.9999998807907104
5498,7,7,0.9999994039535522
5499,1,1,0.999794065952301
5500,4,4,0.9999990463256836
5501,6,6,0.9999997615814209
5502,2,2,0.9994193315505981
5503,9,9,0.9999958276748657
5504,3,3,0.9999035596847534
5505,0,0,0.9999758005142212
5506,1,1,0.999930739402771
5507,2,2,0.9999525547027588
5508,3,3,0.9999986886978149
5509,4,4,0.9999778270721436
5510,5,5,0.9999966621398926
5511,6,6,0.9999998807907104
5512,7,7,0.9985893368721008
5513,0,0,0.9999992847442627
5514,1,1,0.9997532963752747
5515,2,2,0.9999958276748657
5516,3,3,0.9999929666519165
5517,4,4,0.9999895095825195
5518,5,5,1.0
5519,0,0,0.9983226656913757
5520,1,1,0.999869704246521
5521,2,2,0.999997615814209
5522,8,8,0.9824313521385193
5523,9,9,0.9999936819076538
5524,1,1,0.9993901252746582
5525,4,4,0.9987326264381409
5526,0,0,0.9999995231628418
5527,9,9,0.9992974996566772
5528,5,5,0.999988317489624
5529,0,0,0.9999980926513672
5530,8,8,0.9972903728485107
5531,0,0,0.9999996423721313
5532,7,7,0.9996641874313354
5533,7,7,0.9997822642326355
5534,1,1,0.9996203184127808
5535,1,1,0.9993166923522949
5536,2,2,0.9903820157051086
5537,9,9,0.9992571473121643
5538,3,3,0.9999991655349731
5539,6,6,0.9999721050262451
5540,7,7,0.9999215602874756
5541,2,2,0.9989458918571472
5542,3,3,0.9999986886978149
5543,8,8,0.9999411106109619
5544,1,1,0.9994428753852844
5545,2,2,0.9999933242797852
5546,9,9,0.9969542026519775
5547,8,8,0.9823160767555237
5548,8,8,0.9998190999031067
5549,7,7,0.9999598264694214
5550,1,1,0.9996891021728516
5551,7,7,0.9999219179153442
5552,1,1,0.9995846152305603
5553,1,1,0.9999077320098877
5554,0,0,0.9999995231628418
5555,3,3,0.9999991655349731
5556,4,4,0.9997755885124207
5557,2,2,0.9996596574783325
5558,6,6,0.9993537068367004
5559,4,4,0.995877742767334
5560,7,7,0.9999675750732422
5561,4,4,0.9986575841903687
5562,2,2,0.999650239944458
5563,7,7,0.9999459981918335
5564,4,4,0.9761816263198853
5565,9,9,0.9999923706054688
5566,1,1,0.999752938747406
5567,0,0,0.9999845027923584
5568,6,6,0.9999034404754639
5569,8,8,0.9260230660438538
5570,5,5,1.0
5571,5,5,1.0
5572,5,5,1.0
5573,3,3,0.9997709393501282
5574,5,5,1.0
5575,9,9,0.9999748468399048
5576,7,7,0.9999706745147705
5577,4,4,0.9999496936798096
5578,8,8,0.9922683835029602
5579,5,5,0.9999995231628418
5580,9,9,0.9999116659164429
5581,6,6,0.999555766582489
5582,9,9,0.9999523162841797
5583,3,3,0.9999525547027588
5584,0,0,0.9999979734420776
5585,3,3,0.9999998807907104
5586,8,8,0.8091054558753967
5587,9,9,0.9999897480010986
5588,1,1,0.9999650716781616
5589,8,8,0.9999791383743286
5590,1,1,0.9994431138038635
5591,6,6,0.999976396560669
5592,0,0,0.9999986886978149
5593,0,0,0.999951958656311
5594,1,1,0.999482274055481
5595,2,2,0.9995922446250916
5596,3,3,0.9999969005584717
5597,4,4,0.9999018907546997
5598,5,5,1.0
5599,6,6,0.9999985694885254
5600,7,7,0.7917749881744385
5601,8,8,0.9980952143669128
5602,9,9,0.9997878670692444
5603,0,0,0.9999995231628418
5604,1,1,0.9997193217277527
5605,2,2,0.9999971389770508
5606,3,3,0.9999991655349731
5607,4,4,0.9992390871047974
5608,5,5,0.999976634979248
5609,6,6,1.0
5610,7,7,0.999962329864502
5611,8,8,0.9998806715011597
5612,9,9,0.9999665021896362
5613,0,0,0.9999998807907104
5614,1,1,0.9998389482498169
5615,2,2,0.9998904466629028
5616,3,3,0.9999692440032959
5617,4,4,0.9882274270057678
5618,5,5,1.0
5619,6,6,1.0
5620,7,7,0.9994719624519348
5621,8,8,0.9999643564224243
5622,9,9,0.9999439716339111
5623,3,3,0.9999532699584961
5624,5,5,1.0
5625,3,3,0.9999996423721313
5626,2,2,0.9984334111213684
5627,9,9,0.9999896287918091
5628,3,3,0.9999992847442627
5629,2,2,0.99998939037323
5630,1,1,0.9989809393882751
5631,4,4,0.9998663663864136
5632,5,5,0.9999991655349731
5633,5,5,0.9999990463256836
5634,2,2,0.999434769153595
5635,3,3,1.0
5636,2,2,0.9906655550003052
5637,1,1,0.9990812540054321
5638,3,3,0.9999959468841553
5639,9,9,0.9994834661483765
5640,7,7,0.9998477697372437
5641,2,2,0.9996368885040283
5642,1,1,0.9980594515800476
5643,2,2,0.9998683929443359
5644,8,8,0.9999771118164062
5645,9,9,0.9997476935386658
5646,1,1,0.9995587468147278
5647,8,8,0.9993615746498108
5648,8,8,0.9999027252197266
5649,7,7,0.9913115501403809
5650,8,8,0.9992434978485107
5651,1,1,0.9992965459823608
5652,0,0,0.9999668598175049
5653,0,0,0.99998939037323
5654,7,2,0.6556012630462646
5655,7,7,0.9971977472305298
5656,8,8,0.9999978542327881
5657,7,7,0.9999706745147705
5658,5,5,0.9999997615814209
5659,0,0,0.999997615814209
5660,6,6,0.9999960660934448
5661,1,1,0.9847350120544434
5662,5,5,0.9998916387557983
5663,7,7,0.9999243021011353
5664,4,4,0.9964795708656311
5665,6,6,0.9999978542327881
5666,1,1,0.9996769428253174
5667,2,2,0.999721348285675
5668,5,5,1.0
5669,0,0,0.9999982118606567
5670,7,7,0.9999902248382568
5671,9,9,0.999982476234436
5672,9,9,0.9999972581863403
5673,0,0,1.0
5674,3,3,0.9999998807907104
5675,8,8,0.999961256980896
5676,4,4,0.7806396484375
5677,4,4,0.9644088745117188
5678,8,8,0.9861030578613281
5679,1,1,0.9984040856361389
5680,8,8,0.9998853206634521
5681,6,6,0.9999998807907104
5682,5,5,0.9999998807907104
5683,9,9,0.9999955892562866
5684,0,0,1.0
5685,0,0,1.0
5686,0,0,0.9999996423721313
5687,3,3,0.9999996423721313
5688,7,7,0.9996949434280396
5689,1,1,0.9995214939117432
5690,6,6,1.0
5691,4,4,0.9948350191116333
5692,2,2,0.9999998807907104
5693,6,6,0.9999996423721313
5694,6,6,1.0
5695,0,0,1.0
5696,4,4,0.9989904761314392
5697,5,5,0.999988317489624
5698,4,4,0.9945693612098694
5699,1,1,0.9998518228530884
5700,3,3,0.9999985694885254
5701,8,8,0.9999665021896362
5702,6,6,1.0
5703,3,3,0.9998182654380798
5704,9,9,0.9999804496765137
5705,9,9,0.9999953508377075
5706,5,5,0.9999997615814209
5707,9,9,0.9999731779098511
5708,3,3,0.9999741315841675
5709,7,7,0.9927507638931274
5710,8,8,0.9999934434890747
5711,5,5,1.0
5712,6,6,1.0
5713,4,4,0.9999148845672607
5714,7,7,0.9906936287879944
5715,6,6,0.9999996423721313
5716,2,2,0.9999990463256836
5717,2,2,0.9981957077980042
5718,0,0,0.999996542930603
5719,9,9,0.9907640218734741
5720,4,4,0.9899446964263916
5721,0,0,0.999998927116394
5722,1,1,0.9998177886009216
5723,2,2,1.0
5724,3,3,0.9999998807907104
5725,4,4,0.9999790191650391
5726,5,5,0.9998550415039062
5727,6,6,0.9999803304672241
5728,7,7,0.9999892711639404
5729,8,8,0.9999713897705078
5730,9,9,0.999819815158844
5731,0,0,0.9998517036437988
5732,1,1,0.9988670349121094
5733,2,2,0.9999995231628418
5734,3,3,0.9978324770927429
5735,5,5,0.9937951564788818
5736,6,6,0.9359548091888428
5737,0,0,0.9999926090240479
5738,1,1,0.9998453855514526
5739,2,2,0.9999384880065918
5740,3,3,0.9999949932098389
5741,4,4,0.9999412298202515
5742,5,5,0.9999186992645264
5743,6,6,0.9996057152748108
5744,8,8,0.9998950958251953
5745,7,7,0.8257029056549072
5746,1,1,0.9975119829177856
5747,3,3,0.9999817609786987
5748,2,2,0.9996780157089233
5749,8,5,0.6275418996810913
5750,0,0,0.9999978542327881
5751,7,7,0.9999793767929077
5752,5,5,0.9975276589393616
5753,9,9,0.9995966553688049
5754,9,9,0.9999661445617676
5755,6,6,1.0
5756,0,0,0.9999731779098511
5757,9,9,0.9912441968917847
5758,4,4,0.9999983310699463
5759,1,1,0.9969845414161682
5760,3,3,0.9999948740005493
5761,2,2,0.9999998807907104
5762,1,1,0.9995156526565552
5763,2,2,0.9999533891677856
5764,3,3,0.9999761581420898
5765,8,8,0.9999957084655762
5766,3,3,0.9999998807907104
5767,2,2,1.0
5768,6,6,1.0
5769,5,5,0.9861065149307251
5770,6,6,0.9999957084655762
5771,8,8,0.9998815059661865
5772,2,2,0.9999912977218628
5773,7,7,0.9998855590820312
5774,4,4,0.9999746084213257
5775,8,8,0.9999977350234985
5776,1,1,0.999953031539917
5777,8,8,0.9998890161514282
5778,0,0,0.9996647834777832
5779,5,5,0.9999997615814209
5780,3,3,0.9994770884513855
5781,9,9,0.9996169805526733
5782,4,4,0.9999874830245972
5783,1,1,0.9999408721923828
5784,9,9,0.9999744892120361
5785,2,2,0.9999903440475464
5786,1,1,0.9997037053108215
5787,9,9,0.9988275170326233
5788,6,6,0.9999998807907104
5789,7,7,0.9999898672103882
5790,9,9,0.999994158744812
5791,0,0,0.999996542930603
5792,4,4,0.9999995231628418
5793,6,6,0.9999997615814209
5794,1,1,0.9999690055847168
5795,7,7,0.9999921321868896
5796,3,3,1.0
5797,8,8,0.9999921321868896
5798,7,7,0.9999504089355469
5799,2,2,0.999850869178772
5800,9,9,0.9999938011169434
5801,6,6,0.9984948635101318
5802,5,5,0.9994269609451294
5803,8,8,0.999922513961792
5804,3,3,0.9999998807907104
5805,9,9,0.9998260140419006
5806,0,0,0.99991774559021
5807,5,5,0.9999856948852539
5808,7,7,0.999798595905304
5809,1,1,0.9993314743041992
5810,6,6,0.9999992847442627
5811,1,1,0.999848484992981
5812,0,0,0.9998495578765869
5813,9,9,0.9999821186065674
5814,3,3,0.9999926090240479
5815,3,3,0.9999997615814209
5816,4,4,1.0
5817,4,4,0.9999942779541016
5818,0,0,0.9998571872711182
5819,6,6,0.9999920129776001
5820,2,2,0.9994518160820007
5821,5,5,0.9965457320213318
5822,4,4,0.9999538660049438
5823,2,2,0.9995748400688171
5824,3,3,0.9999229907989502
5825,4,4,0.9999996423721313
5826,6,6,0.9999998807907104
5827,0,0,0.9996887445449829
5828,0,0,0.994288444519043
5829,2,2,1.0
5830,0,0,0.999779999256134
5831,1,1,0.9997863173484802
5832,4,4,0.9993141889572144
5833,5,5,0.9995864033699036
5834,6,6,0.9999998807907104
5835,7,7,0.9999545812606812
5836,8,8,0.9999961853027344
5837,9,9,0.9999861717224121
5838,0,0,0.9999828338623047
5839,1,1,0.9999475479125977
5840,2,2,0.9999761581420898
5841,3,3,0.9971684813499451
5842,4,4,0.9945557117462158
5843,5,5,0.9999998807907104
5844,6,6,0.9999969005584717
5845,7,7,0.9999834299087524
5846,8,8,0.9999995231628418
5847,0,0,0.9999946355819702
5848,1,1,0.9999598264694214
5849,2,2,0.9999415874481201
5850,3,3,1.0
5851,4,4,0.9999257326126099
5852,5,5,1.0
5853,6,6,0.9999942779541016
5854,7,7,0.9999794960021973
5855,8,8,0.999915599822998
5856,9,9,0.9999713897705078
5857,8,8,0.9982025623321533
5858,7,7,0.9998455047607422
5859,1,1,0.9998791217803955
5860,3,3,1.0
5861,7,7,0.9999070167541504
5862,5,5,0.9999955892562866
5863,2,2,0.9999268054962158
5864,8,8,0.9999951124191284
5865,0,0,0.9999974966049194
5866,7,7,0.9999831914901733
5867,5,5,0.9999990463256836
5868,9,9,0.9998518228530884
5869,9,9,0.9998934268951416
5870,0,0,0.9999260902404785
5871,9,9,0.9999493360519409
5872,1,1,0.9992052912712097
5873,1,1,0.9993404746055603
5874,5,5,0.9998056292533875
5875,8,8,0.9999908208847046
5876,8,8,0.9999948740005493
5877,6,6,0.9982712268829346
5878,3,3,0.9965007305145264
5879,2,2,0.9999159574508667
5880,1,1,0.9993502497673035
5881,8,8,0.9999927282333374
5882,3,3,0.9999744892120361
5883,2,2,0.9999734163284302
5884,6,6,0.9999994039535522
5885,5,5,0.9999936819076538
5886,6,6,0.9999964237213135
5887,7,7,0.9997977614402771
5888,4,4,0.8727466464042664
5889,1,1,0.9993969202041626
5890,0,0,0.9994984865188599
5891,5,5,0.9999024868011475
5892,3,3,0.9999997615814209
5893,1,1,0.9996349811553955
5894,9,9,0.9999932050704956
5895,2,2,0.9999957084655762
5896,1,1,0.9997697472572327
5897,9,9,0.9999891519546509
5898,6,6,1.0
5899,0,0,0.999957799911499
5900,4,4,0.9999974966049194
5901,6,6,0.9999845027923584
5902,1,1,0.9996412992477417
5903,7,7,0.9990450739860535
5904,3,3,0.9999845027923584
5905,8,8,0.9998499155044556
5906,7,7,0.9991905093193054
5907,2,2,0.999942421913147
5908,9,9,0.9999862909317017
5909,6,6,0.999988317489624
5910,5,5,0.9999996423721313
5911,8,8,0.999995231628418
5912,3,3,0.9998574256896973
5913,5,5,0.9999971389770508
5914,7,7,0.9999855756759644
5915,1,1,0.9997422099113464
5916,6,6,0.9999985694885254
5917,1,1,0.999538779258728
5918,0,0,0.9999680519104004
5919,9,9,0.9999370574951172
5920,6,6,0.9999873638153076
5921,2,2,0.9772407412528992
5922,5,5,0.9999873638153076
5923,4,4,0.999971866607666
5924,2,2,0.9991973042488098
5925,3,3,0.9999918937683105
5926,4,4,0.9702612161636353
5927,4,4,0.9999970197677612
5928,6,6,0.9999995231628418
5929,0,0,0.9999985694885254
5930,0,0,1.0
5931,2,2,1.0
5932,0,0,0.9999995231628418
5933,1,1,0.9996336698532104
5934,2,2,0.9999649524688721
5935,3,3,0.9999356269836426
5936,4,9,0.8380216956138611
5937,5,3,0.9611071944236755
5938,6,6,0.9999901056289673
5939,7,7,0.9966325163841248
5940,8,8,0.9988654851913452
5941,9,9,0.9999998807907104
5942,0,0,0.9999856948852539
5943,1,1,0.9998421669006348
5944,2,2,0.9999829530715942
5945,3,3,0.9999974966049194
5946,4,4,0.9999990463256836
5947,5,5,0.9998830556869507
5948,6,6,0.9999834299087524
5949,7,7,0.999605119228363
5950,8,8,0.9956740736961365
5951,9,9,0.9999533891677856
5952,0,0,0.9999932050704956
5953,1,1,0.9999419450759888
5954,2,2,0.999998927116394
5955,3,3,0.9669727087020874
5956,4,4,0.9999501705169678
5957,5,5,0.9999947547912598
5958,6,6,0.9999996423721313
5959,7,7,0.9976900815963745
5960,8,8,0.995784342288971
5961,9,9,0.9994392991065979
5962,8,8,0.9999099969863892
5963,6,6,0.9997480511665344
5964,5,5,0.9995872378349304
5965,0,0,0.9999891519546509
5966,6,6,0.9999880790710449
5967,8,8,0.9997643828392029
5968,9,9,0.9999940395355225
5969,4,4,0.9999876022338867
5970,1,1,0.9988914132118225
5971,9,9,0.9999799728393555
5972,5,5,0.9959230422973633
5973,3,3,0.9997324347496033
5974,0,0,0.99982750415802
5975,4,4,0.9999394416809082
5976,8,8,0.999971866607666
5977,9,9,0.9998500347137451
5978,1,1,0.9997778534889221
5979,4,4,0.9999948740005493
5980,0,0,0.9999603033065796
5981,5,5,0.9456020593643188
5982,5,5,0.9959461092948914
5983,2,2,0.9996905326843262
5984,1,1,0.9996086955070496
5985,5,5,0.9950084686279297
5986,4,4,0.999972939491272
5987,0,0,0.9999312162399292
5988,7,7,0.9989314675331116
5989,6,6,0.9996340274810791
5990,0,0,0.9999914169311523
5991,1,1,0.9997897744178772
5992,7,7,0.9999377727508545
5993,0,0,0.9999980926513672
5994,6,6,0.9999977350234985
5995,8,8,0.9999805688858032
5996,9,9,0.9996102452278137
5997,5,5,0.9682656526565552
5998,1,1,0.9948345422744751
5999,7,7,0.9998152852058411
6000,9,9,0.9997090697288513
6001,8,8,0.999617338180542
6002,6,6,0.999664306640625
6003,0,0,0.9996275901794434
6004,8,8,0.9981316924095154
6005,1,1,0.9985478520393372
6006,7,7,0.9969546794891357
6007,7,7,0.9989374279975891
6008,1,1,0.9996082186698914
6009,3,3,0.9997754693031311
6010,2,2,0.9999995231628418
6011,3,3,0.9660907983779907
6012,1,1,0.999813973903656
6013,4,4,0.9999953508377075
6014,2,2,0.9999994039535522
6015,0,0,0.9999374151229858
6016,0,0,0.9999829530715942
6017,7,7,0.9999775886535645
6018,8,8,0.9999563694000244
6019,4,4,0.9998094439506531
6020,6,6,0.999816358089447
6021,4,4,0.9999074935913086
6022,9,9,0.9999748468399048
6023,3,3,0.9973347187042236
6024,8,8,0.9999203681945801
6025,4,4,0.9999994039535522
6026,7,7,0.990757167339325
6027,2,2,0.9999715089797974
6028,5,5,0.9708936810493469
6029,6,6,0.9998407363891602
6030,3,3,0.9998657703399658
6031,6,6,0.999488353729248
6032,9,9,0.999990701675415
6033,6,6,0.9998261332511902
6034,3,3,0.9999954700469971
6035,2,2,0.9995601773262024
6036,2,2,0.9999998807907104
6037,4,4,0.9999309778213501
6038,6,6,0.9999997615814209
6039,9,9,0.9999825954437256
6040,0,0,0.9991706609725952
6041,2,2,0.9999995231628418
6042,5,5,0.9970993995666504
6043,5,5,0.9989970326423645
6044,1,1,0.9997202754020691
6045,3,3,0.9999974966049194
6046,3,3,0.9999938011169434
6047,9,9,0.9999973773956299
6048,7,7,0.9986141920089722
6049,8,8,0.9995667338371277
6050,7,7,0.9994356036186218
6051,2,2,0.9998489618301392
6052,2,2,0.9999852180480957
6053,5,5,0.9889405369758606
6054,7,7,0.9955034852027893
6055,9,9,0.9999891519546509
6056,8,8,0.9999524354934692
6057,2,2,0.9999998807907104
6058,1,1,0.9997105002403259
6059,3,3,0.9989836812019348
6060,1,1,0.9997952580451965
6061,3,3,0.9999996423721313
6062,0,0,0.9999508857727051
6063,1,1,0.9942996501922607
6064,2,2,0.9999313354492188
6065,3,3,0.9974660873413086
6066,4,4,0.9999992847442627
6067,5,5,1.0
6068,6,6,0.9999983310699463
6069,7,7,0.9999823570251465
6070,8,8,0.9857848286628723
6071,9,9,0.9491954445838928
6072,0,0,0.9932524561882019
6073,1,1,0.9980794191360474
6074,2,2,0.9999790191650391
6075,3,3,0.999748170375824
6076,4,4,0.9999901056289673
6077,5,5,1.0
6078,6,6,1.0
6079,7,7,0.999957799911499
6080,8,8,0.8336499929428101
6081,9,5,0.40636539459228516
6082,0,0,0.9998563528060913
6083,1,1,0.99973064661026
6084,2,2,0.9999532699584961
6085,3,3,0.9999256134033203
6086,4,4,0.9999974966049194
6087,5,5,0.9999996423721313
6088,6,6,0.9999997615814209
6089,7,7,0.9999692440032959
6090,8,8,0.8807761669158936
6091,9,5,0.54763263463974
6092,1,1,0.9991704225540161
6093,2,2,0.9959773421287537
6094,6,6,0.9999991655349731
6095,5,5,0.9999974966049194
6096,3,3,0.9999984502792358
6097,0,0,0.9999818801879883
6098,7,7,0.9999775886535645
6099,0,0,0.9999570846557617
6100,4,4,0.9999959468841553
6101,1,1,0.9882916808128357
6102,4,4,0.9999954700469971
6103,3,3,0.9999986886978149
6104,6,6,0.9999896287918091
6105,7,7,0.999799907207489
6106,2,2,0.9999982118606567
6107,3,3,0.9999920129776001
6108,1,1,0.99989914894104
6109,2,2,0.997650682926178
6110,1,1,0.9996446371078491
6111,2,2,0.9990218877792358
6112,9,9,0.960679829120636
6113,6,6,0.999914288520813
6114,0,0,0.9999969005584717
6115,1,1,0.9968196153640747
6116,3,3,0.9999884366989136
6117,0,0,0.9999842643737793
6118,2,2,0.9999871253967285
6119,7,7,0.9999963045120239
6120,5,5,0.9999988079071045
6121,7,7,0.9997583031654358
6122,6,6,0.9999998807907104
6123,2,2,0.9999934434890747
6124,9,9,0.9471747875213623
6125,1,1,0.9998630285263062
6126,9,9,0.9890013933181763
6127,0,0,1.0
6128,6,6,0.9999997615814209
6129,0,0,1.0
6130,6,6,0.9999977350234985
6131,0,0,0.9999997615814209
6132,2,2,0.9999587535858154
6133,0,0,0.9999845027923584
6134,6,6,0.9999912977218628
6135,1,1,0.999923825263977
6136,5,5,1.0
6137,8,8,0.9989891648292542
6138,4,4,0.9999929666519165
6139,3,3,0.9999817609786987
6140,0,0,0.9997228980064392
6141,1,1,0.9996060729026794
6142,5,5,0.9999998807907104
6143,4,4,0.9999951124191284
6144,4,4,0.999984860420227
6145,8,8,0.9998470544815063
6146,5,5,1.0
6147,7,7,0.9999481439590454
6148,5,5,0.9999998807907104
6149,7,7,0.9999164342880249
6150,8,8,0.9998867511749268
6151,3,3,0.9999860525131226
6152,4,4,0.999971866607666
6153,8,8,0.9999037981033325
6154,8,8,0.9989952445030212
6155,5,5,0.9999982118606567
6156,2,2,0.9999995231628418
6157,9,9,0.8219541907310486
6158,7,7,0.9999325275421143
6159,1,1,0.9999200105667114
6160,3,3,0.9999986886978149
6161,8,8,0.5278444886207581
6162,1,1,0.9992603659629822
6163,0,0,0.9998277425765991
6164,7,7,0.9999735355377197
6165,5,5,0.9998960494995117
6166,9,9,0.775395929813385
6167,6,6,1.0
6168,9,9,0.9931426048278809
6169,4,4,0.9999990463256836
6170,7,7,0.9998264908790588
6171,7,7,0.9999784231185913
6172,9,9,0.4630976915359497
6173,9,9,0.7618764042854309
6174,3,3,0.9993207454681396
6175,4,4,0.9999961853027344
6176,4,4,0.9999986886978149
6177,3,3,0.9999843835830688
6178,8,8,0.9919078350067139
6179,6,6,0.9998427629470825
6180,2,2,0.9999637603759766
6181,0,0,0.9999308586120605
6182,1,1,0.9999414682388306
6183,2,2,0.9999887943267822
6184,3,3,0.9999990463256836
6185,4,4,0.9999942779541016
6186,5,5,0.9999998807907104
6187,6,6,1.0
6188,7,7,0.9896774291992188
6189,8,8,0.9999957084655762
6190,9,9,0.9999649524688721
6191,0,0,0.9999996423721313
6192,1,1,0.9999085664749146
6193,2,2,0.9999892711639404
6194,3,3,0.9999997615814209
6195,4,4,0.9999995231628418
6196,5,5,0.9999998807907104
6197,6,6,0.9999998807907104
6198,7,7,0.999955415725708
6199,8,8,0.9999922513961792
6200,9,9,0.9982401132583618
6201,0,0,0.9999991655349731
6202,1,1,0.99985671043396
6203,2,2,0.9999985694885254
6204,3,3,0.9999995231628418
6205,4,4,0.9999996423721313
6206,5,5,1.0
6207,6,6,0.9999994039535522
6208,7,7,0.9997714161872864
6209,8,8,0.9999721050262451
6210,9,9,0.9993869066238403
6211,0,0,0.9999707937240601
6212,8,8,0.9999926090240479
6213,3,3,0.9999091625213623
6214,9,9,0.9999266862869263
6215,5,5,0.9999951124191284
6216,5,5,0.9999991655349731
6217,2,2,0.9999995231628418
6218,6,6,1.0
6219,8,8,0.9999743700027466
6220,4,4,0.9999979734420776
6221,9,9,0.9999693632125854
6222,1,1,0.9997430443763733
6223,7,7,0.9998661279678345
6224,1,1,0.9998059868812561
6225,2,2,0.9999985694885254
6226,3,3,0.9999998807907104
6227,5,5,0.9740936160087585
6228,9,9,0.9999972581863403
6229,6,6,0.9999988079071045
6230,9,9,0.999925971031189
6231,1,1,0.9999045133590698
6232,1,1,0.9999058246612549
6233,1,1,0.9997598528862
6234,2,2,0.9999618530273438
6235,9,9,0.9999043941497803
6236,5,5,0.9999998807907104
6237,6,6,0.9999744892120361
6238,8,8,0.9999063014984131
6239,1,1,0.9996216297149658
6240,2,2,0.9999991655349731
6241,0,0,0.9999295473098755
6242,7,7,0.9987877011299133
6243,7,7,0.9977218508720398
6244,5,5,0.9999980926513672
6245,8,8,0.9999977350234985
6246,2,2,1.0
6247,9,9,0.9995736479759216
6248,8,8,0.9999964237213135
6249,9,9,0.9991113543510437
6250,0,0,0.9996656179428101
6251,4,4,0.9999924898147583
6252,6,6,0.9999947547912598
6253,7,7,0.9998359680175781
6254,1,1,0.9998189806938171
6255,3,3,0.9999992847442627
6256,4,4,0.9999971389770508
6257,5,5,1.0
6258,6,6,0.9999998807907104
6259,0,0,0.9999997615814209
6260,3,3,0.9999988079071045
6261,6,6,0.9999994039535522
6262,8,8,0.9999371767044067
6263,7,7,0.9999164342880249
6264,0,0,0.9998847246170044
6265,4,4,0.9999973773956299
6266,2,2,0.9999933242797852
6267,7,7,0.9997866749763489
6268,4,4,0.9999980926513672
6269,7,7,0.9999829530715942
6270,5,5,1.0
6271,4,4,0.9999521970748901
6272,3,3,0.9999979734420776
6273,4,4,0.999998927116394
6274,2,2,0.9999998807907104
6275,8,8,0.999990701675415
6276,1,1,0.9998905658721924
6277,5,5,0.9999996423721313
6278,1,1,0.9995906949043274
6279,2,2,0.9999992847442627
6280,0,0,0.9999973773956299
6281,2,2,0.9999995231628418
6282,5,5,1.0
6283,6,6,0.9999960660934448
6284,4,4,0.9999927282333374
6285,3,3,0.9999758005142212
6286,0,0,0.999990701675415
6287,0,0,0.9999970197677612
6288,0,0,0.9999946355819702
6289,3,3,0.9999997615814209
6290,3,3,0.9999262094497681
6291,5,5,0.9999992847442627
6292,7,7,0.9999698400497437
6293,0,0,0.9999984502792358
6294,6,6,0.9999548196792603
6295,4,4,0.999992847442627
6296,8,8,0.9999988079071045
6297,8,8,0.9999994039535522
6298,6,6,0.9999839067459106
6299,3,3,1.0
6300,4,4,0.9999910593032837
6301,6,6,0.9999985694885254
6302,9,9,0.9999284744262695
6303,9,9,0.9999512434005737
6304,8,8,0.9999057054519653
6305,2,2,0.9999972581863403
6306,7,7,0.9999427795410156
6307,7,7,0.9999967813491821
6308,1,1,0.9998784065246582
6309,0,0,0.9999947547912598
6310,1,1,0.9999206066131592
6311,2,2,1.0
6312,3,3,0.9999995231628418
6313,4,4,0.9999997615814209
6314,5,5,1.0
6315,6,6,0.9999980926513672
6316,7,7,0.9999531507492065
6317,8,8,0.9992079138755798
6318,9,9,0.9999622106552124
6319,0,0,0.9999991655349731
6320,1,1,0.9997788071632385
6321,2,2,0.9999997615814209
6322,3,3,0.9999997615814209
6323,4,4,0.9999948740005493
6324,5,5,1.0
6325,6,6,0.9999998807907104
6326,7,7,0.9999994039535522
6327,8,8,0.9999346733093262
6328,0,0,0.9999904632568359
6329,1,1,0.9998260140419006
6330,2,2,1.0
6331,3,3,1.0
6332,4,4,1.0
6333,5,5,0.9999998807907104
6334,6,6,0.9999892711639404
6335,7,7,0.9999995231628418
6336,8,8,0.9999673366546631
6337,2,2,0.9999995231628418
6338,1,1,0.9985060691833496
6339,7,7,0.9999116659164429
6340,2,2,1.0
6341,5,5,1.0
6342,0,0,0.9999880790710449
6343,8,8,0.9999895095825195
6344,0,0,0.9993032217025757
6345,2,2,0.9999998807907104
6346,7,7,0.9999485015869141
6347,8,8,0.9991740584373474
6348,8,8,0.9999604225158691
6349,3,3,0.9999996423721313
6350,6,6,0.9999990463256836
6351,0,0,0.9999961853027344
6352,2,2,0.9999997615814209
6353,7,7,0.9999924898147583
6354,6,6,0.9999980926513672
6355,6,6,0.9999991655349731
6356,1,1,0.9989266991615295
6357,2,2,1.0
6358,8,8,0.9999843835830688
6359,8,8,0.9938925504684448
6360,7,7,0.9999998807907104
6361,7,7,0.9999964237213135
6362,4,4,0.9999972581863403
6363,7,7,0.9999996423721313
6364,7,7,0.9999996423721313
6365,3,3,0.9999997615814209
6366,7,7,0.9999912977218628
6367,4,4,0.9999979734420776
6368,5,5,0.9999997615814209
6369,4,4,0.999983549118042
6370,3,3,0.9999845027923584
6371,3,3,0.9999871253967285
6372,8,8,0.999903678894043
6373,4,4,0.9999995231628418
6374,1,1,0.9998137354850769
6375,1,1,0.9996904134750366
6376,9,9,0.9996926784515381
6377,7,7,0.9998657703399658
6378,4,4,0.999953031539917
6379,3,3,0.9999958276748657
6380,7,7,0.9999288320541382
6381,3,3,0.9999938011169434
6382,3,3,1.0
6383,0,0,0.99988853931427
6384,2,2,1.0
6385,5,5,0.9999988079071045
6386,5,5,1.0
6387,6,6,0.9999986886978149
6388,6,6,0.9999978542327881
6389,3,3,0.9999994039535522
6390,5,5,0.9999998807907104
6391,2,2,0.9999490976333618
6392,5,5,0.999997615814209
6393,9,9,0.9943072199821472
6394,9,9,0.9999887943267822
6395,8,8,0.9999774694442749
6396,4,4,0.9999240636825562
6397,1,1,0.9992479681968689
6398,0,0,0.9978638291358948
6399,6,6,0.9999949932098389
6400,0,0,0.9974182844161987
6401,9,9,0.9991670846939087
6402,6,6,0.9998693466186523
6403,8,8,0.999546468257904
6404,8,8,0.9998559951782227
6405,5,5,0.9999996423721313
6406,6,6,0.9999840259552002
6407,1,1,0.9997453093528748
6408,1,1,0.9983468055725098
6409,9,9,0.9999914169311523
6410,8,8,0.9987824559211731
6411,9,9,0.9988454580307007
6412,2,2,0.9999982118606567
6413,3,3,1.0
6414,5,5,0.9999991655349731
6415,5,5,0.9999998807907104
6416,9,9,0.9999827146530151
6417,4,4,0.999930739402771
6418,2,2,0.9995012283325195
6419,1,1,0.9997203946113586
6420,9,9,0.9987567663192749
6421,3,3,0.9998196959495544
6422,9,9,0.9998643398284912
6423,2,2,1.0
6424,0,0,0.9999241828918457
6425,6,6,0.9981912970542908
6426,0,0,0.9998987913131714
6427,4,4,0.9999966621398926
6428,0,0,0.99981290102005
6429,0,0,0.9999998807907104
6430,1,1,0.9999452829360962
6431,2,2,0.9999997615814209
6432,3,3,0.9999995231628418
6433,4,4,0.9999939203262329
6434,7,7,0.9998878240585327
6435,8,8,0.999988317489624
6436,9,9,0.9999910593032837
6437,0,0,0.9999997615814209
6438,1,1,0.9998773336410522
6439,2,2,1.0
6440,3,3,1.0
6441,7,7,0.9998394250869751
6442,8,8,0.9999946355819702
6443,9,9,0.999829888343811
6444,0,0,0.9999878406524658
6445,1,1,0.9999284744262695
6446,2,2,0.9999977350234985
6447,3,3,0.9999997615814209
6448,4,4,0.9999727010726929
6449,7,7,0.9998844861984253
6450,8,8,0.9995735287666321
6451,9,9,0.9999051094055176
6452,7,7,0.9999966621398926
6453,3,3,0.9999995231628418
6454,0,0,0.9999836683273315
6455,3,3,0.9999979734420776
6456,1,1,0.9998846054077148
6457,8,8,0.9999871253967285
6458,7,7,0.9997257590293884
6459,6,6,0.9999654293060303
6460,4,4,0.9998418092727661
6461,0,0,0.9999954700469971
6462,2,2,1.0
6463,6,6,0.9999977350234985
6464,8,8,0.999984622001648
6465,3,3,0.9999957084655762
6466,2,2,0.9999998807907104
6467,8,8,0.9999542236328125
6468,1,1,0.999388575553894
6469,2,2,0.9999988079071045
6470,0,0,0.9990660548210144
6471,7,7,0.9976361989974976
6472,1,1,0.9998505115509033
6473,0,0,0.9999468326568604
6474,4,4,0.9999978542327881
6475,4,4,0.9999995231628418
6476,5,5,1.0
6477,8,8,0.999828577041626
6478,0,0,0.9999936819076538
6479,6,6,0.9999699592590332
6480,2,2,0.9999446868896484
6481,3,3,0.9999985694885254
6482,1,1,0.9999312162399292
6483,5,5,0.9999995231628418
6484,1,1,0.9996115565299988
6485,8,8,0.9998981952667236
6486,5,5,0.9999978542327881
6487,9,9,0.9998569488525391
6488,4,4,0.9999817609786987
6489,0,0,0.9999666213989258
6490,7,7,0.9998593330383301
6491,5,5,0.9999992847442627
6492,8,8,0.9999719858169556
6493,8,8,0.9999665021896362
6494,3,3,0.999998927116394
6495,8,8,0.9868707656860352
6496,9,9,0.9998947381973267
6497,2,2,1.0
6498,6,6,0.9999934434890747
6499,2,2,0.9999978542327881
6500,5,5,1.0
6501,3,3,0.9999998807907104
6502,1,1,0.9999488592147827
6503,7,7,0.9997953772544861
6504,3,3,0.9999988079071045
6505,9,9,0.8914511799812317
6506,1,1,0.9998763799667358
6507,9,9,0.9999364614486694
6508,9,9,0.9999866485595703
6509,6,6,0.9999998807907104
6510,0,0,0.9999977350234985
6511,3,3,0.9997699856758118
6512,9,9,0.9997485280036926
6513,2,2,0.9999995231628418
6514,8,8,0.9998465776443481
6515,1,1,0.9999784231185913
6516,4,4,0.9999899864196777
6517,3,3,0.9999984502792358
6518,5,5,0.9999909400939941
6519,2,2,1.0
6520,9,9,0.9999115467071533
6521,2,2,0.9999991655349731
6522,5,5,0.9999996423721313
6523,8,8,0.999683141708374
6524,9,9,0.9999901056289673
6525,5,5,0.9999979734420776
6526,0,0,0.9998533725738525
6527,1,1,0.999913215637207
6528,2,2,0.9999929666519165
6529,4,4,0.9999982118606567
6530,5,5,0.9998996257781982
6531,6,6,0.9999895095825195
6532,0,0,0.9120497107505798
6533,1,1,0.999733030796051
6534,2,2,0.9999247789382935
6535,3,3,0.9999963045120239
6536,4,4,0.9999479055404663
6537,5,5,0.9999953508377075
6538,6,6,0.9943658113479614
6539,7,7,0.999984622001648
6540,1,1,0.9941086769104004
6541,2,2,0.999987006187439
6542,3,3,0.9985058307647705
6543,4,4,0.9997170567512512
6544,5,5,0.9987369179725647
6545,1,1,0.9995819926261902
6546,0,0,0.9954190254211426
6547,4,4,0.9999986886978149
6548,5,5,0.9999667406082153
6549,6,6,0.9999973773956299
6550,6,6,0.9999918937683105
6551,3,3,0.9999899864196777
6552,4,4,0.99835604429245
6553,4,4,0.9774917960166931
6554,2,2,0.8622813820838928
6555,8,8,0.673757791519165
6556,1,1,0.9998881816864014
6557,0,0,0.9966402053833008
6558,6,1,0.6557077765464783
6559,4,4,0.9820535182952881
6560,9,9,0.9743478894233704
6561,7,7,0.7116156220436096
6562,2,2,0.9956687688827515
6563,3,3,0.999184787273407
6564,3,3,0.987842321395874
6565,9,9,0.9853443503379822
6566,2,2,0.9999964237213135
6567,0,0,0.9993556141853333
6568,9,9,0.7051935791969299
6569,3,3,0.8748022317886353
6570,3,3,0.9977082014083862
6571,9,7,0.5236124396324158
6572,1,1,0.7978221774101257
6573,5,5,0.9973992109298706
6574,2,2,0.9392480254173279
6575,3,3,0.9791591167449951
6576,7,1,0.9727153778076172
6577,7,7,0.9845775961875916
6578,8,5,0.6317896246910095
6579,4,4,0.9996799230575562
6580,0,0,0.9999256134033203
6581,2,2,0.9990377426147461
6582,4,4,0.9999898672103882
6583,0,0,0.9999699592590332
6584,2,2,0.9886194467544556
6585,4,4,0.9999942779541016
6586,7,7,0.9994524121284485
6587,8,8,0.9994712471961975
6588,0,0,0.9999676942825317
6589,7,7,0.9928090572357178
6590,0,0,0.9997089505195618
6591,6,6,0.999977707862854
6592,9,9,0.9400908350944519
6593,3,3,0.9998490810394287
6594,2,2,0.999786913394928
6595,8,8,0.9999823570251465
6596,6,6,0.9999101161956787
6597,0,3,0.7529619336128235
6598,5,5,0.995198667049408
6599,7,7,0.9742937684059143
6600,5,5,0.9999957084655762
6601,1,1,0.9998045563697815
6602,0,0,0.999606192111969
6603,8,8,0.9995357990264893
6604,1,1,0.9997015595436096
6605,6,1,0.817906379699707
6606,7,7,0.9997795224189758
6607,2,2,0.9979385733604431
6608,9,9,0.9933678507804871
6609,7,7,0.9970993995666504
6610,9,9,0.9908271431922913
6611,5,5,0.9999853372573853
6612,8,8,0.9997466206550598
6613,6,6,0.9848708510398865
6614,2,2,0.9414724707603455
6615,6,6,0.9929643869400024
6616,2,2,0.9999408721923828
6617,8,8,0.9902634620666504
6618,1,1,0.9980412721633911
6619,7,7,0.9999339580535889
6620,5,5,0.9999997615814209
6621,0,0,0.9998012185096741
6622,1,1,0.9989738464355469
6623,1,1,0.9854114055633545
6624,3,3,0.9999896287918091
6625,8,2,0.7338538765907288
6626,4,4,0.9999221563339233
6627,9,9,0.9927379488945007
6628,1,1,0.9917590022087097
6629,8,8,0.987593948841095
6630,6,6,0.999998927116394
6631,8,8,0.7148191332817078
6632,9,9,0.8941025733947754
6633,0,0,0.9999972581863403
6634,1,1,0.9997069239616394
6635,2,2,0.9999247789382935
6636,3,3,0.9999706745147705
6637,4,4,0.9999661445617676
6638,5,5,0.9999969005584717
6639,6,6,0.9999908208847046
6640,7,7,0.9999711513519287
6641,8,8,0.9998992681503296
6642,9,9,0.9820245504379272
6643,0,0,0.9997603297233582
6644,1,1,0.9984734654426575
6645,2,2,0.9997196793556213
6646,3,3,0.9999980926513672
6647,4,4,0.9999903440475464
6648,7,7,0.9994425177574158
6649,8,8,0.9999992847442627
6650,9,9,0.9982129335403442
6651,0,0,0.8108172416687012
6652,1,1,0.9969797134399414
6653,7,7,0.9999617338180542
6654,8,8,0.9999996423721313
6655,9,9,0.9999723434448242
6656,9,9,0.9998181462287903
6657,8,8,0.9999874830245972
6658,9,9,0.9998387098312378
6659,8,8,0.9998138546943665
6660,4,4,0.9999998807907104
6661,1,1,0.9993826150894165
6662,7,7,0.9933395981788635
6663,7,7,0.9999634027481079
6664,3,3,0.9999960660934448
6665,3,3,0.9999992847442627
6666,7,7,0.9996204376220703
6667,6,6,0.9998331069946289
6668,6,6,0.9933304190635681
6669,6,6,0.963736891746521
6670,1,1,0.9993263483047485
6671,9,9,0.9992172718048096
6672,0,0,0.9996833801269531
6673,1,1,0.9985822439193726
6674,7,7,0.9999582767486572
6675,6,6,0.9999796152114868
6676,3,3,0.9999992847442627
6677,2,2,0.9990991353988647
6678,1,1,0.9999344348907471
6679,7,7,0.999963641166687
6680,1,1,0.9998063445091248
6681,3,3,0.9999560117721558
6682,9,9,0.9999276399612427
6683,1,1,0.9996469020843506
6684,7,7,0.9997046589851379
6685,6,6,0.9999409914016724
6686,8,8,0.9988362193107605
6687,4,4,0.9999692440032959
6688,1,1,0.9999091625213623
6689,4,4,0.9999160766601562
6690,3,3,0.9999994039535522
6691,6,6,0.9950171113014221
6692,9,9,0.9959176182746887
6693,6,6,0.9869557619094849
6694,1,1,0.9987320303916931
6695,4,4,0.9998716115951538
6696,4,4,0.9999954700469971
6697,7,7,0.9997701048851013
6698,2,2,1.0
6699,4,4,0.9999347925186157
6700,4,4,0.9999881982803345
6701,0,0,0.9999991655349731
6702,1,1,0.9999390840530396
6703,2,2,0.9993125200271606
6704,3,3,0.9999803304672241
6705,4,4,0.9999961853027344
6706,5,5,0.9911209940910339
6707,6,6,0.9999722242355347
6708,7,7,0.9992796778678894
6709,8,8,0.9998997449874878
6710,9,9,0.9968664050102234
6711,0,0,0.9999912977218628
6712,1,1,0.9998440742492676
6713,2,2,0.9999967813491821
6714,3,3,0.9999985694885254
6715,4,4,0.9999973773956299
6716,5,5,0.9999969005584717
6717,6,6,0.9999929666519165
6718,9,9,0.9971333742141724
6719,0,0,0.9999963045120239
6720,1,1,0.9998332262039185
6721,2,2,0.9959800243377686
6722,3,3,0.9999960660934448
6723,4,4,0.9999580383300781
6724,7,7,0.9928296208381653
6725,8,8,0.9932849407196045
6726,1,1,0.9999175071716309
6727,3,3,1.0
6728,5,5,0.9999347925186157
6729,1,1,0.9998924732208252
6730,7,7,0.9989928603172302
6731,7,7,0.9998438358306885
6732,2,2,0.99998939037323
6733,1,1,0.9995661377906799
6734,4,4,0.9999946355819702
6735,8,8,0.9998892545700073
6736,3,3,1.0
6737,4,4,0.9998856782913208
6738,4,4,0.9999344348907471
6739,3,3,0.9999204874038696
6740,9,9,0.8001097440719604
6741,7,7,0.9996722936630249
6742,4,4,0.999994158744812
6743,1,1,0.9998190999031067
6744,2,2,0.9940881729125977
6745,3,3,0.9999198913574219
6746,5,5,0.9999520778656006
6747,9,9,0.9993382096290588
6748,1,1,0.999736487865448
6749,6,6,0.9985180497169495
6750,0,0,0.9999117851257324
6751,1,1,0.9999290704727173
6752,0,0,0.9999979734420776
6753,0,0,0.9999990463256836
6754,2,2,0.999990701675415
6755,8,8,0.9710215926170349
6756,7,7,0.9892102479934692
6757,1,1,0.9998950958251953
6758,1,1,0.999866247177124
6759,4,4,0.9992850422859192
6760,0,0,0.999995231628418
6761,4,4,0.9999724626541138
6762,7,7,0.9964293837547302
6763,3,3,0.9999997615814209
6764,6,6,0.9995848536491394
6765,8,8,0.9993731379508972
6766,0,0,0.9999827146530151
6767,3,3,0.9999969005584717
6768,7,7,0.9991752505302429
6769,4,4,0.9981063604354858
6770,0,0,0.9999986886978149
6771,6,6,0.999927282333374
6772,9,9,0.9998533725738525
6773,2,2,0.9991071820259094
6774,6,6,0.9994334578514099
6775,5,5,0.9999994039535522
6776,8,8,0.9991999268531799
6777,6,6,0.9999986886978149
6778,9,9,0.9994801878929138
6779,0,0,0.9999712705612183
6780,4,4,0.9968597888946533
6781,0,0,0.9999924898147583
6782,6,6,0.9997482895851135
6783,1,6,0.5042542815208435
6784,9,9,0.9999232292175293
6785,2,2,0.9992782473564148
6786,0,0,0.9999732971191406
6787,9,9,0.9988277554512024
6788,5,5,0.9999803304672241
6789,1,1,0.9998656511306763
6790,3,3,0.9999991655349731
6791,7,7,0.9994450211524963
6792,6,6,0.9999809265136719
6793,9,9,0.9990792274475098
6794,3,3,0.999995231628418
6795,0,0,0.9999972581863403
6796,2,2,0.9913353323936462
6797,2,2,0.9940845370292664
6798,0,0,0.9999991655349731
6799,1,1,0.9999574422836304
6800,2,2,0.9999728202819824
6801,3,3,0.9999992847442627
6802,4,4,0.9999994039535522
6803,5,5,0.9999998807907104
6804,6,6,0.9999992847442627
6805,7,7,0.9997491240501404
6806,8,8,0.9949969053268433
6807,9,9,0.9998177886009216
6808,0,0,0.9998577833175659
6809,1,1,0.9980732202529907
6810,2,2,0.9999836683273315
6811,3,3,0.9999399185180664
6812,4,4,0.9999836683273315
6813,5,5,0.999998927116394
6814,6,6,0.9999998807907104
6815,7,7,0.9999988079071045
6816,8,8,0.9995607733726501
6817,9,9,0.9990870952606201
6818,0,0,0.9998505115509033
6819,1,1,0.9998587369918823
6820,2,2,0.9999715089797974
6821,3,3,0.9999997615814209
6822,4,4,0.9999980926513672
6823,5,5,0.9999983310699463
6824,6,6,0.9999997615814209
6825,7,7,0.9999158382415771
6826,8,8,1.0
6827,9,9,0.9998847246170044
6828,2,2,0.9999979734420776
6829,1,1,0.9992836117744446
6830,7,7,0.9999874830245972
6831,2,2,0.9997672438621521
6832,5,5,1.0
6833,0,0,1.0
6834,8,8,0.9999969005584717
6835,0,0,0.9999996423721313
6836,2,2,0.9999996423721313
6837,7,7,0.9999444484710693
6838,8,8,0.9999946355819702
6839,8,8,0.9997751116752625
6840,3,3,0.9999874830245972
6841,0,0,0.9997652173042297
6842,6,6,0.9999963045120239
6843,0,0,0.9999122619628906
6844,2,2,0.9999957084655762
6845,7,7,0.9998281002044678
6846,6,6,0.9999998807907104
6847,6,6,0.9928512573242188
6848,1,1,0.9993221759796143
6849,2,2,0.9997441172599792
6850,8,8,1.0
6851,8,8,0.9994396567344666
6852,7,7,0.9990789890289307
6853,7,7,0.9998109936714172
6854,4,4,0.9999445676803589
6855,7,7,0.9999998807907104
6856,7,7,0.9996347427368164
6857,3,3,0.9999887943267822
6858,7,7,0.9999836683273315
6859,4,4,0.9999903440475464
6860,5,5,0.9999998807907104
6861,4,4,1.0
6862,3,3,0.9999854564666748
6863,3,3,0.9999973773956299
6864,8,8,0.999919056892395
6865,4,4,0.9999974966049194
6866,5,5,0.9999991655349731
6867,4,4,0.999895453453064
6868,1,1,0.9997255206108093
6869,1,1,0.9992558360099792
6870,9,9,0.999984860420227
6871,7,7,0.9999661445617676
6872,4,4,0.999998927116394
6873,3,3,0.9999805688858032
6874,7,7,0.9999830722808838
6875,3,3,0.9999986886978149
6876,3,3,0.9999752044677734
6877,0,0,0.9999862909317017
6878,2,2,0.9998679161071777
6879,5,5,0.9999998807907104
6880,5,5,0.9999995231628418
6881,6,6,0.9999998807907104
6882,3,3,0.9999891519546509
6883,1,1,0.9803210496902466
6884,5,5,0.9999982118606567
6885,2,2,0.9999758005142212
6886,5,5,0.9998335838317871
6887,9,9,0.9999810457229614
6888,9,9,0.9999270439147949
6889,8,8,0.9999978542327881
6890,4,4,0.9999988079071045
6891,1,1,0.9987679123878479
6892,0,0,0.9999876022338867
6893,6,6,0.9999889135360718
6894,0,0,0.92784583568573
6895,9,9,0.9905965328216553
6896,6,6,0.9999994039535522
6897,8,8,0.9999942779541016
6898,8,8,0.9999974966049194
6899,5,5,0.9987338185310364
6900,6,6,0.9999873638153076
6901,1,1,0.9994412064552307
6902,1,1,0.9978190660476685
6903,9,9,0.9997052550315857
6904,8,8,0.9999949932098389
6905,9,9,0.9960646033287048
6906,2,2,0.9987813830375671
6907,3,3,1.0
6908,5,5,0.9999998807907104
6909,5,5,0.9999942779541016
6910,9,9,0.9999256134033203
6911,4,4,0.9999997615814209
6912,2,2,0.9989966750144958
6913,1,1,0.9994520545005798
6914,9,9,0.9991214871406555
6915,4,4,0.9999912977218628
6916,9,9,0.9999632835388184
6917,1,1,0.9991733431816101
6918,3,3,0.9999648332595825
6919,9,9,0.999523401260376
6920,2,2,0.9999806880950928
6921,0,0,0.9999991655349731
6922,6,6,0.9999750852584839
6923,0,0,0.9999878406524658
6924,4,4,0.9998444318771362
6925,0,0,0.9999797344207764
6926,6,6,0.9998867511749268
6927,0,0,0.9999688863754272
6928,1,1,0.9999419450759888
6929,2,2,0.999518632888794
6930,3,3,0.9999902248382568
6931,4,4,0.9999099969863892
6932,5,5,1.0
6933,6,6,0.9999992847442627
6934,7,7,0.9999784231185913
6935,8,8,0.999995231628418
6936,9,9,0.9999825954437256
6937,0,0,0.9999923706054688
6938,1,1,0.9999451637268066
6939,2,2,0.9999959468841553
6940,3,3,0.9999821186065674
6941,4,4,0.9997493624687195
6942,5,5,0.9999914169311523
6943,6,6,0.9999102354049683
6944,7,7,0.9998929500579834
6945,8,8,0.9999178647994995
6946,9,9,0.9998663663864136
6947,0,0,0.9999996423721313
6948,1,1,0.9999606609344482
6949,2,2,0.9999997615814209
6950,3,3,0.9999946355819702
6951,4,4,0.9999885559082031
6952,5,5,0.9999963045120239
6953,6,6,0.9999951124191284
6954,7,7,0.9968884587287903
6955,8,8,0.9997407793998718
6956,9,9,0.9999575614929199
6957,3,3,0.9999990463256836
6958,8,8,0.9999895095825195
6959,0,0,0.9999535083770752
6960,7,7,0.9999927282333374
6961,1,1,0.9998295307159424
6962,0,0,0.9990370273590088
6963,7,7,0.9999370574951172
6964,5,5,0.9995792508125305
6965,5,5,0.9999854564666748
6966,6,6,0.9999992847442627
6967,9,9,0.9983211159706116
6968,0,0,0.9999436140060425
6969,1,1,0.9998422861099243
6970,0,0,0.9996734857559204
6971,0,0,0.9999091625213623
6972,8,8,0.9999998807907104
6973,3,3,0.9999997615814209
6974,4,4,0.9999829530715942
6975,3,3,0.9999995231628418
6976,1,1,0.9997147917747498
6977,5,5,0.9999876022338867
6978,0,0,0.9999794960021973
6979,0,0,0.9998358488082886
6980,9,9,0.9981377124786377
6981,5,5,0.9988632202148438
6982,3,3,0.9999980926513672
6983,4,4,0.9993602633476257
6984,9,9,0.9999715089797974
6985,3,3,0.9999910593032837
6986,7,7,0.999876856803894
6987,6,6,0.9999997615814209
6988,9,9,0.9999005794525146
6989,2,2,1.0
6990,4,4,0.9999213218688965
6991,5,5,0.9999756813049316
6992,7,7,0.999996542930603
6993,2,2,1.0
6994,6,6,0.9999608993530273
6995,4,4,0.9999946355819702
6996,9,9,0.9969556331634521
6997,4,4,0.9989492297172546
6998,9,9,0.9994760155677795
6999,4,4,0.9999550580978394
7000,1,1,0.9991542100906372
7001,2,2,0.9999728202819824
7002,2,2,0.999972939491272
7003,5,5,0.999930739402771
7004,8,8,0.9999880790710449
7005,1,1,0.9996418952941895
7006,3,3,0.9999986886978149
7007,2,2,1.0
7008,9,9,0.999975323677063
7009,4,4,0.9999173879623413
7010,3,3,0.999997615814209
7011,8,8,1.0
7012,2,2,1.0
7013,2,2,1.0
7014,1,1,0.9999057054519653
7015,2,2,0.9999996423721313
7016,8,8,0.9998112320899963
7017,6,6,0.9999994039535522
7018,5,5,0.9999973773956299
7019,1,1,0.9998476505279541
7020,6,6,0.9999905824661255
7021,7,7,0.9984152317047119
7022,2,2,1.0
7023,1,1,0.9998942613601685
7024,3,3,0.9999997615814209
7025,9,9,0.9995056390762329
7026,3,3,0.9999959468841553
7027,8,8,0.9999988079071045
7028,7,7,0.9998542070388794
7029,5,5,0.9999986886978149
7030,7,7,0.9978057742118835
7031,0,0,0.9992738366127014
7032,7,7,0.9999470710754395
7033,4,4,0.999783456325531
7034,8,8,0.9999974966049194
7035,8,8,0.9987865090370178
7036,5,5,1.0
7037,0,0,0.9999223947525024
7038,6,6,0.999997615814209
7039,6,6,0.999997615814209
7040,3,3,0.9999910593032837
7041,7,7,0.9999769926071167
7042,6,6,0.9999998807907104
7043,9,9,0.9991093277931213
7044,9,9,0.9881515502929688
7045,4,4,0.9999347925186157
7046,8,8,0.9998840093612671
7047,4,4,0.9998432397842407
7048,1,1,0.9997628331184387
7049,0,0,0.9989218711853027
7050,6,6,0.9998573064804077
7051,6,6,0.999805748462677
7052,0,0,0.9999994039535522
7053,1,1,0.9999086856842041
7054,2,2,0.9978429079055786
7055,3,3,0.9999994039535522
7056,4,4,0.999968409538269
7057,5,5,0.9999984502792358
7058,6,6,0.9999966621398926
7059,7,7,0.9998672008514404
7060,8,8,0.999891996383667
7061,9,9,0.9991138577461243
7062,0,0,0.9999237060546875
7063,1,1,0.9999291896820068
7064,2,2,0.9999918937683105
7065,3,3,0.9999990463256836
7066,4,4,0.9999990463256836
7067,5,5,0.9999973773956299
7068,6,6,0.9999606609344482
7069,7,7,0.9999459981918335
7070,8,8,0.9999279975891113
7071,9,9,0.9998353719711304
7072,0,0,0.999977707862854
7073,1,1,0.9999408721923828
7074,2,2,0.999496340751648
7075,3,3,0.9999963045120239
7076,4,4,0.9999586343765259
7077,5,5,0.9999997615814209
7078,6,6,0.9999997615814209
7079,7,7,0.9999513626098633
7080,8,8,0.9998922348022461
7081,9,9,0.9976431727409363
7082,7,7,0.999993085861206
7083,4,4,0.9999936819076538
7084,0,0,0.9997078776359558
7085,4,4,0.9999417066574097
7086,0,0,0.9999456405639648
7087,1,1,0.9997572302818298
7088,7,7,0.9999854564666748
7089,9,9,0.9998438358306885
7090,5,5,0.9999938011169434
7091,1,1,0.9999306201934814
7092,4,4,0.9999994039535522
7093,2,2,0.9986082911491394
7094,8,8,0.999595582485199
7095,9,9,0.9995726943016052
7096,4,4,0.9999998807907104
7097,3,3,0.999982476234436
7098,7,7,0.999757707118988
7099,8,8,0.9992827773094177
7100,2,2,0.9998916387557983
7101,4,4,0.9998471736907959
7102,4,4,0.9999227523803711
7103,3,3,0.9999980926513672
7104,3,3,0.9999985694885254
7105,6,6,0.9999997615814209
7106,9,9,0.9978892207145691
7107,9,9,0.993804931640625
7108,5,5,0.999994158744812
7109,8,8,0.999849796295166
7110,6,6,0.9999983310699463
7111,7,7,0.9999606609344482
7112,0,0,0.9999634027481079
7113,6,6,0.9999994039535522
7114,8,8,0.9999315738677979
7115,2,2,0.99982750415802
7116,6,6,1.0
7117,3,3,0.9999997615814209
7118,9,9,0.9983260035514832
7119,3,3,0.9999977350234985
7120,2,2,0.9999963045120239
7121,8,8,0.9975324869155884
7122,6,6,0.9998860359191895
7123,1,1,0.9999294281005859
7124,7,7,0.999860405921936
7125,4,4,0.9999916553497314
7126,8,8,0.9999603033065796
7127,8,8,0.9999924898147583
7128,9,9,0.9981734752655029
7129,0,0,0.9999786615371704
7130,3,3,0.9999996423721313
7131,3,3,1.0
7132,9,9,0.9993335604667664
7133,0,0,0.9999518394470215
7134,5,5,0.9999967813491821
7135,2,2,0.9988183379173279
7136,9,9,0.9998492002487183
7137,4,4,0.999991774559021
7138,1,1,0.9995730519294739
7139,0,0,0.9999723434448242
7140,3,3,0.9999998807907104
7141,7,7,0.9999610185623169
7142,5,5,0.9999958276748657
7143,8,8,0.999995231628418
7144,7,7,0.9999841451644897
7145,7,7,0.9999775886535645
7146,8,8,0.9999575614929199
7147,2,2,0.9999963045120239
7148,9,9,0.9996795654296875
7149,7,7,0.9999287128448486
7150,1,1,0.9999444484710693
7151,2,2,0.9977887868881226
7152,6,6,0.9999998807907104
7153,4,4,0.9999421834945679
7154,2,2,0.9997904896736145
7155,5,5,0.9999996423721313
7156,2,2,0.9999881982803345
7157,3,3,0.9999960660934448
7158,6,6,0.9999927282333374
7159,6,6,0.9999988079071045
7160,5,5,0.9999918937683105
7161,0,0,0.999987006187439
7162,0,0,0.9995816349983215
7163,2,2,0.999974250793457
7164,8,8,0.999997615814209
7165,1,1,0.9999659061431885
7166,6,6,0.999995231628418
7167,1,1,0.9997232556343079
7168,0,0,0.9999676942825317
7169,4,4,0.9999979734420776
7170,3,3,0.9999551773071289
7171,1,1,0.9999150037765503
7172,6,6,0.999998927116394
7173,1,1,0.9998617172241211
7174,9,9,0.9988003969192505
7175,0,0,0.9999996423721313
7176,1,1,0.9996015429496765
7177,4,4,0.9992828965187073
7178,5,5,0.9999974966049194
7179,6,6,0.9821091890335083
7180,7,7,0.9999619722366333
7181,8,8,0.9976420998573303
7182,9,9,0.9997337460517883
7183,1,1,0.9994019269943237
7184,2,2,1.0
7185,3,3,0.9999991655349731
7186,4,4,0.999828577041626
7187,5,5,0.9999978542327881
7188,6,6,0.9999898672103882
7189,7,7,0.9998723268508911
7190,0,0,0.9981064796447754
7191,1,1,0.9989758729934692
7192,2,2,0.9999964237213135
7193,3,3,0.9999984502792358
7194,4,4,0.9999686479568481
7195,5,5,0.9997369647026062
7196,6,6,0.9997904896736145
7197,7,7,0.9999617338180542
7198,8,8,0.9316149950027466
7199,9,9,0.999992847442627
7200,8,8,0.9879421591758728
7201,4,4,0.9999943971633911
7202,0,0,0.9999351501464844
7203,0,0,0.9999982118606567
7204,7,7,0.9998941421508789
7205,2,2,0.999998927116394
7206,4,4,0.9999995231628418
7207,3,3,0.9999600648880005
7208,8,8,0.9820044636726379
7209,6,6,0.9911566972732544
7210,6,6,0.9994593262672424
7211,3,3,0.9999039173126221
7212,2,2,0.9978635907173157
7213,6,6,0.9999133348464966
7214,3,3,0.9999997615814209
7215,3,3,0.9999995231628418
7216,0,0,0.7413409352302551
7217,1,1,0.9991030693054199
7218,4,4,0.9999587535858154
7219,7,7,0.999961256980896
7220,8,8,0.9949605464935303
7221,0,0,0.9999966621398926
7222,3,3,0.9999992847442627
7223,1,1,0.998846173286438
7224,9,9,0.9999165534973145
7225,0,0,0.9998024106025696
7226,1,1,0.9985822439193726
7227,9,9,0.9998530149459839
7228,1,1,0.9981054067611694
7229,2,2,0.9999996423721313
7230,7,7,0.9998250603675842
7231,0,0,0.9999938011169434
7232,1,1,0.995781421661377
7233,3,3,0.9977365732192993
7234,8,8,0.9964709281921387
7235,2,2,0.9999464750289917
7236,9,9,0.9997847676277161
7237,2,2,0.9999969005584717
7238,7,7,0.9992528557777405
7239,6,6,0.9999262094497681
7240,5,5,0.9935465455055237
7241,5,5,0.9999476671218872
7242,9,9,0.9991969466209412
7243,9,9,0.9998888969421387
7244,8,8,0.9996141195297241
7245,2,2,0.9998557567596436
7246,9,9,0.9999057054519653
7247,1,1,0.9959350824356079
7248,3,3,0.999941349029541
7249,2,2,0.9997346997261047
7250,3,3,0.9999998807907104
7251,4,4,1.0
7252,3,3,0.999998927116394
7253,1,1,0.9988161325454712
7254,9,9,0.999962329864502
7255,0,0,0.9999608993530273
7256,9,9,0.9999535083770752
7257,3,3,1.0
7258,6,6,0.9767650961875916
7259,8,8,0.9745786786079407
7260,7,7,0.9998999834060669
7261,0,0,0.9998884201049805
7262,1,1,0.9994856119155884
7263,0,0,0.9985038042068481
7264,5,5,0.9999964237213135
7265,8,8,0.9782223701477051
7266,2,2,0.9999998807907104
7267,7,7,0.999661922454834
7268,7,7,0.9858700037002563
7269,0,0,0.9999853372573853
7270,1,1,0.9997195601463318
7271,2,2,0.9984049201011658
7272,3,3,0.9999412298202515
7273,4,4,0.9996629953384399
7274,5,5,0.9999849796295166
7275,6,6,0.9999969005584717
7276,7,7,0.999795138835907
7277,8,8,0.9993630051612854
7278,9,9,0.9994767308235168
7279,0,0,0.9999159574508667
7280,1,1,0.9996346235275269
7281,2,2,0.9999986886978149
7282,3,3,0.9999568462371826
7283,4,4,0.9988338351249695
7284,5,5,0.9999935626983643
7285,6,6,0.9999972581863403
7286,7,7,0.9999123811721802
7287,8,8,0.9809580445289612
7288,9,9,0.9998779296875
7289,0,0,0.9999886751174927
7290,1,1,0.9999051094055176
7291,2,2,0.999667763710022
7292,3,3,0.999996542930603
7293,4,4,0.9995724558830261
7294,5,5,0.9999852180480957
7295,6,6,0.999997615814209
7296,7,7,0.9999401569366455
7297,8,8,0.9976119995117188
7298,9,9,0.999757707118988
7299,1,1,0.9999473094940186
7300,7,7,0.9998499155044556
7301,4,4,0.9999632835388184
7302,8,8,0.9995666146278381
7303,1,1,0.9998923540115356
7304,5,5,0.999977707862854
7305,6,6,0.9999966621398926
7306,5,5,0.9999042749404907
7307,7,7,0.9990829229354858
7308,2,2,0.9999934434890747
7309,8,8,0.9544090032577515
7310,6,6,0.9999967813491821
7311,3,3,0.9999880790710449
7312,3,3,0.9999994039535522
7313,8,8,0.9999871253967285
7314,6,6,0.9999897480010986
7315,5,5,0.9999220371246338
7316,4,4,0.9998711347579956
7317,0,0,0.9973883032798767
7318,9,9,0.9999920129776001
7319,1,1,0.9999455213546753
7320,7,7,0.9999687671661377
7321,2,2,0.9999932050704956
7322,9,9,0.9999717473983765
7323,1,1,0.9996755123138428
7324,5,5,0.9999251365661621
7325,1,1,0.9997594952583313
7326,3,3,0.9999992847442627
7327,2,2,0.9997546076774597
7328,2,2,0.999811589717865
7329,3,3,0.999992847442627
7330,0,0,0.9996784925460815
7331,6,6,0.9999997615814209
7332,4,4,0.9982768297195435
7333,3,3,0.9996606111526489
7334,7,7,0.9998340606689453
7335,6,6,0.9998894929885864
7336,9,9,0.9999531507492065
7337,0,0,0.998544454574585
7338,4,4,0.9942046999931335
7339,8,8,0.9991593360900879
7340,1,1,0.9998012185096741
7341,4,4,0.9998883008956909
7342,0,0,0.999967098236084
7343,6,6,0.9999909400939941
7344,1,1,0.9999120235443115
7345,2,2,0.9865007996559143
7346,6,6,0.9999998807907104
7347,9,9,0.9999890327453613
7348,2,2,0.9623180031776428
7349,2,2,0.9983006119728088
7350,3,3,0.999981164932251
7351,5,5,0.999992847442627
7352,5,5,0.9999306201934814
7353,1,1,0.9998888969421387
7354,0,0,0.8895830512046814
7355,7,7,0.999977707862854
7356,7,7,0.9998571872711182
7357,9,9,0.9997976422309875
7358,6,6,0.9999982118606567
7359,2,2,0.9998831748962402
7360,9,9,0.999958872795105
7361,4,4,0.9975757002830505
7362,7,7,0.9999897480010986
7363,0,0,0.9992914199829102
7364,2,2,0.9995725750923157
7365,3,3,0.9999862909317017
7366,4,4,0.9998756647109985
7367,0,0,0.9993994235992432
7368,0,0,0.9999129772186279
7369,8,8,0.9998598098754883
7370,8,8,0.9972081780433655
7371,8,8,0.9998353719711304
7372,5,5,0.9998788833618164
7373,1,1,0.9997747540473938
7374,3,3,0.9999996423721313
7375,7,7,0.9999850988388062
7376,4,4,0.9997493624687195
7377,9,9,0.999427855014801
7378,8,8,0.990206778049469
7379,8,8,0.9278020262718201
7380,9,9,0.9994803071022034
7381,0,0,0.9998867511749268
7382,9,9,0.9997445940971375
7383,8,8,0.9999817609786987
7384,9,9,0.9996102452278137
7385,0,0,0.9999657869338989
7386,2,2,0.9846862554550171
7387,6,6,0.9998351335525513
7388,5,5,0.9999070167541504
7389,6,6,0.9999957084655762
7390,7,7,0.9993133544921875
7391,4,4,0.9989203214645386
7392,7,7,0.9990326166152954
7393,5,5,0.9999921321868896
7394,4,4,0.999308705329895
7395,1,1,0.9998224377632141
7396,3,3,0.999995231628418
7397,5,5,0.9999589920043945
7398,3,3,0.9999992847442627
7399,1,1,0.999943733215332
7400,2,2,0.9295791983604431
7401,3,3,0.9999438524246216
7402,4,4,0.9995059967041016
7403,5,5,0.9996904134750366
7404,6,6,0.9908177852630615
7405,1,1,0.997930645942688
7406,2,2,0.9999978542327881
7407,3,3,0.9999433755874634
7408,4,4,0.9996379613876343
7409,6,6,0.9999973773956299
7410,0,0,0.999967098236084
7411,1,1,0.9997174143791199
7412,2,2,0.9999979734420776
7413,4,4,0.9931356906890869
7414,5,5,0.9999998807907104
7415,6,6,0.9998960494995117
7416,7,7,0.9998856782913208
7417,8,8,0.9999897480010986
7418,1,1,0.9996849298477173
7419,7,7,0.994544506072998
7420,2,2,0.9991775155067444
7421,4,4,0.9999697208404541
7422,1,1,0.9997462630271912
7423,4,4,0.9944297671318054
7424,1,1,0.9998202919960022
7425,4,4,0.9999644756317139
7426,9,9,0.9988264441490173
7427,6,6,0.9996547698974609
7428,8,8,0.9999958276748657
7429,4,4,0.9999960660934448
7430,5,5,0.9993873834609985
7431,3,3,0.9999744892120361
7432,7,7,0.9960826635360718
7433,8,8,0.9992386102676392
7434,4,4,0.9242467880249023
7435,3,3,1.0
7436,3,3,0.9999994039535522
7437,5,5,0.9998730421066284
7438,6,6,0.9999297857284546
7439,7,7,0.9966795444488525
7440,0,0,0.9999527931213379
7441,6,6,0.9763126373291016
7442,1,1,0.9997685551643372
7443,6,6,0.9996687173843384
7444,8,8,0.9999570846557617
7445,7,7,0.9990261793136597
7446,0,0,0.9992296695709229
7447,1,1,0.9956790804862976
7448,5,5,0.9999939203262329
7449,0,0,0.9999731779098511
7450,8,8,0.9934008717536926
7451,5,5,0.9962401390075684
7452,0,0,0.9999669790267944
7453,1,1,0.9993773102760315
7454,5,5,0.9999788999557495
7455,8,8,0.9998388290405273
7456,4,4,0.9999334812164307
7457,2,2,0.9999524354934692
7458,3,3,0.9999997615814209
7459,9,9,0.9988813996315002
7460,7,7,0.9991021156311035
7461,6,6,0.9989792704582214
7462,9,9,0.9999591112136841
7463,1,1,0.9995735287666321
7464,9,9,0.9994128942489624
7465,0,0,0.9998936653137207
7466,6,6,0.999873161315918
7467,7,7,0.9999949932098389
7468,1,1,0.9991772770881653
7469,2,2,0.9999978542327881
7470,3,3,0.9999935626983643
7471,9,9,0.9993118047714233
7472,2,2,0.6911439895629883
7473,4,4,0.9727803468704224
7474,5,5,0.99998939037323
7475,5,5,0.9999997615814209
7476,3,3,0.9999947547912598
7477,7,7,0.999235987663269
7478,5,5,0.9999754428863525
7479,3,3,0.9999891519546509
7480,1,1,0.9996453523635864
7481,8,8,0.9999778270721436
7482,2,2,0.988606870174408
7483,2,2,0.9974055886268616
7484,3,3,0.9999986886978149
7485,0,0,0.9999591112136841
7486,2,2,0.9996777772903442
7487,9,9,0.9999176263809204
7488,4,4,0.9999927282333374
7489,9,9,0.9996121525764465
7490,7,7,0.9993665814399719
7491,0,0,0.9972121119499207
7492,2,2,0.9966523051261902
7493,7,7,0.9991169571876526
7494,4,4,0.9999293088912964
7495,9,9,0.999751627445221
7496,9,9,0.9995693564414978
7497,2,2,0.9999022483825684
7498,5,5,0.9929938912391663
7499,9,9,0.9997873902320862
7500,8,8,0.9998893737792969
7501,3,3,0.9999996423721313
7502,8,8,0.9999831914901733
7503,6,6,0.9999381303787231
7504,7,7,0.999842643737793
7505,0,0,0.9998088479042053
7506,0,0,0.999962329864502
7507,1,1,0.9998140931129456
7508,2,2,0.9999991655349731
7509,3,3,0.9999997615814209
7510,4,4,0.9998001456260681
7511,5,5,0.9999415874481201
7512,6,6,0.9999710321426392
7513,7,7,0.9999634027481079
7514,8,8,0.9960601925849915
7515,9,9,0.9995107650756836
7516,0,0,0.9999796152114868
7517,1,1,0.9996383190155029
7518,2,2,0.9998732805252075
7519,3,3,0.9999908208847046
7520,4,4,0.9999271631240845
7521,5,5,0.9999910593032837
7522,6,6,0.9997454285621643
7523,7,7,0.9997058510780334
7524,8,8,0.9765905141830444
7525,9,9,0.9998230338096619
7526,0,0,0.9999963045120239
7527,1,1,0.9998772144317627
7528,2,2,0.9999285936355591
7529,3,3,0.9999955892562866
7530,4,4,0.9998754262924194
7531,5,5,0.9999877214431763
7532,6,6,0.9999945163726807
7533,7,7,0.9989853501319885
7534,8,8,0.9933927655220032
7535,9,9,0.9998360872268677
7536,0,0,0.9999977350234985
7537,0,0,0.9999918937683105
7538,7,7,0.9971445202827454
7539,2,2,0.9994254112243652
7540,6,6,0.9999947547912598
7541,5,5,0.9997161030769348
7542,5,5,0.9999692440032959
7543,3,3,0.9999998807907104
7544,7,7,0.9998571872711182
7545,8,8,0.9987646341323853
7546,6,6,0.9999982118606567
7547,6,6,0.9999969005584717
7548,6,6,0.9999988079071045
7549,6,6,0.9999759197235107
7550,4,4,0.9977988600730896
7551,3,3,0.9999994039535522
7552,8,8,0.8370279669761658
7553,8,8,0.9974256157875061
7554,3,3,0.9999998807907104
7555,0,0,0.9998840093612671
7556,1,1,0.9987661838531494
7557,9,9,0.999896764755249
7558,0,0,0.9994896650314331
7559,5,5,0.999980092048645
7560,4,4,0.9989411234855652
7561,1,1,0.999914288520813
7562,9,9,0.9995102882385254
7563,1,1,0.9996310472488403
7564,2,2,0.999900221824646
7565,7,7,0.9990339279174805
7566,0,0,0.9999853372573853
7567,1,1,0.9998457431793213
7568,3,3,0.9999974966049194
7569,8,8,0.8893702626228333
7570,2,2,0.9999927282333374
7571,9,9,0.9998276233673096
7572,2,2,0.999955415725708
7573,7,7,0.9987356066703796
7574,4,4,0.9594259858131409
7575,2,2,0.9998414516448975
7576,6,6,0.9999958276748657
7577,5,5,0.9999997615814209
7578,5,5,0.9999608993530273
7579,9,9,0.9997482895851135
7580,9,9,0.9994370341300964
7581,1,1,0.9998644590377808
7582,1,1,0.9997509121894836
7583,5,5,0.9995392560958862
7584,7,7,0.998985230922699
7585,6,6,0.9999994039535522
7586,8,8,0.9994028806686401
7587,2,2,0.9997244477272034
7588,9,9,0.9994275569915771
7589,4,4,0.999988317489624
7590,3,3,1.0
7591,1,1,0.9999227523803711
7592,9,9,0.9998067021369934
7593,0,0,0.9999839067459106
7594,9,9,0.9993205070495605
7595,3,3,0.9999841451644897
7596,6,6,0.9999991655349731
7597,8,8,0.9799780249595642
7598,7,7,0.9999936819076538
7599,0,0,0.9999603033065796
7600,1,1,0.9999383687973022
7601,0,0,0.999994158744812
7602,5,5,0.9999983310699463
7603,8,8,0.988554060459137
7604,2,2,0.999792754650116
7605,7,7,0.9987896084785461
7606,7,7,0.9838258624076843
7607,0,0,0.9999974966049194
7608,1,1,0.999847412109375
7609,2,2,0.9999947547912598
7610,3,3,0.9999799728393555
7611,4,4,0.9999985694885254
7612,5,5,0.9999959468841553
7613,6,6,0.9999978542327881
7614,7,7,0.9999983310699463
7615,8,8,1.0
7616,9,9,0.998222291469574
7617,0,0,0.9999997615814209
7618,1,1,0.9998407363891602
7619,2,2,0.9979684948921204
7620,3,3,0.9999819993972778
7621,4,4,1.0
7622,5,5,0.9999639987945557
7623,8,8,0.9999998807907104
7624,9,9,0.9999890327453613
7625,0,0,0.9999954700469971
7626,1,1,0.9993647933006287
7627,2,2,0.9996509552001953
7628,3,3,0.999997615814209
7629,4,4,0.9999988079071045
7630,5,5,0.9999983310699463
7631,6,6,0.9999126195907593
7632,7,7,0.9999980926513672
7633,8,8,0.9999988079071045
7634,9,9,0.9991967082023621
7635,2,2,0.9999978542327881
7636,1,1,0.998847246170044
7637,2,2,0.9955547451972961
7638,1,1,0.9998798370361328
7639,3,3,0.9999998807907104
7640,9,9,0.9998238682746887
7641,9,9,0.999609649181366
7642,8,8,0.999980092048645
7643,5,5,0.9999967813491821
7644,3,3,0.999998927116394
7645,7,7,0.9999971389770508
7646,0,0,0.9999980926513672
7647,7,7,0.9999961853027344
7648,7,7,0.9999834299087524
7649,5,5,0.9999759197235107
7650,7,7,0.99980229139328
7651,9,9,0.988104522228241
7652,9,9,0.99657142162323
7653,4,4,0.9999699592590332
7654,7,7,0.9999642372131348
7655,0,0,0.9999984502792358
7656,3,3,0.999984860420227
7657,4,4,0.9997370839118958
7658,1,1,0.9995298385620117
7659,5,5,0.9998799562454224
7660,8,8,0.9999969005584717
7661,1,1,0.9993584752082825
7662,4,4,0.9999696016311646
7663,8,8,0.9999960660934448
7664,4,4,0.9999998807907104
7665,1,1,0.9995477795600891
7666,8,8,1.0
7667,6,6,0.9999983310699463
7668,6,6,0.9999971389770508
7669,4,4,0.9999916553497314
7670,6,6,0.999990701675415
7671,0,0,0.998267650604248
7672,5,5,0.9998713731765747
7673,5,5,0.9999234676361084
7674,3,3,0.9999977350234985
7675,3,3,0.9999797344207764
7676,5,5,0.9998704195022583
7677,7,7,0.9999772310256958
7678,2,2,0.9999998807907104
7679,5,5,0.9999619722366333
7680,9,9,0.9985999464988708
7681,6,6,0.9999963045120239
7682,9,9,0.9996510744094849
7683,2,2,0.9995724558830261
7684,6,6,1.0
7685,2,2,0.9999998807907104
7686,1,1,0.9995436072349548
7687,2,2,0.9999654293060303
7688,0,0,0.999996542930603
7689,8,8,0.9958011507987976
7690,3,3,0.9998867511749268
7691,8,8,0.9999427795410156
7692,3,3,0.999945878982544
7693,0,0,0.9999943971633911
7694,8,8,0.9998434782028198
7695,7,7,0.9999953508377075
7696,4,4,0.9999924898147583
7697,9,9,0.9993484616279602
7698,5,5,0.995805025100708
7699,0,0,0.9999996423721313
7700,9,9,0.9998363256454468
7701,7,7,0.9999932050704956
7702,0,0,0.999974250793457
7703,0,0,0.9999953508377075
7704,4,4,0.9998001456260681
7705,6,6,0.9999903440475464
7706,0,0,0.9999995231628418
7707,9,9,0.9997990727424622
7708,1,1,0.9998296499252319
7709,6,6,0.9999998807907104
7710,2,2,0.9999991655349731
7711,7,7,0.9999229907989502
7712,6,6,0.9999372959136963
7713,8,8,0.9999758005142212
7714,3,3,0.9999985694885254
7715,5,5,0.9999964237213135
7716,2,2,0.9999998807907104
7717,1,1,0.99973064661026
7718,8,8,0.999923586845398
7719,3,3,0.9999996423721313
7720,8,8,0.9975664615631104
7721,6,6,0.9999756813049316
7722,1,1,0.9999204874038696
7723,0,0,1.0
7724,2,2,0.9987754225730896
7725,1,1,0.999123752117157
7726,4,4,0.9996557235717773
7727,0,0,0.9999834299087524
7728,1,1,0.9984525442123413
7729,2,2,0.9999649524688721
7730,3,3,0.9999957084655762
7731,4,4,0.9995953440666199
7732,5,5,0.9989939332008362
7733,6,6,0.9999902248382568
7734,7,7,0.9998879432678223
7735,8,8,0.9028189182281494
7736,9,9,0.9718048572540283
7737,0,0,0.9999979734420776
7738,1,1,0.999377965927124
7739,2,2,0.9998657703399658
7740,3,3,0.9999876022338867
7741,4,4,0.9999736547470093
7742,5,5,0.9999995231628418
7743,6,6,0.9999711513519287
7744,7,7,0.9956825971603394
7745,8,8,0.9999634027481079
7746,9,9,0.9995673298835754
7747,0,0,0.9999164342880249
7748,1,1,0.999893307685852
7749,2,2,0.999872088432312
7750,3,3,0.9999988079071045
7751,4,4,0.9999996423721313
7752,5,5,0.9999998807907104
7753,6,6,0.9999985694885254
7754,7,7,0.9996161460876465
7755,8,8,0.9997175335884094
7756,9,9,0.9994921684265137
7757,7,7,0.9988781809806824
7758,6,6,0.9999996423721313
7759,4,4,0.9999899864196777
7760,7,7,0.9999727010726929
7761,6,6,1.0
7762,2,2,0.9999880790710449
7763,3,3,0.9999866485595703
7764,4,4,0.9991278052330017
7765,8,8,0.9998093247413635
7766,7,7,0.9999980926513672
7767,8,8,0.9999983310699463
7768,6,6,0.9999992847442627
7769,9,9,0.9998658895492554
7770,8,8,0.9999706745147705
7771,3,3,0.999998927116394
7772,2,2,0.999846339225769
7773,2,2,0.9994179010391235
7774,8,8,0.9996190071105957
7775,4,4,0.9999685287475586
7776,8,8,0.9999959468841553
7777,5,5,0.9999650716781616
7778,6,6,0.9999986886978149
7779,5,5,0.9999958276748657
7780,0,0,0.9999992847442627
7781,2,2,0.9996908903121948
7782,0,0,0.9999792575836182
7783,1,1,0.9886553287506104
7784,1,1,0.9998252987861633
7785,2,2,0.999980092048645
7786,9,9,0.9998866319656372
7787,6,6,1.0
7788,8,8,0.9989694356918335
7789,2,2,0.9999880790710449
7790,1,1,0.9952802658081055
7791,0,0,0.9999246597290039
7792,6,6,1.0
7793,5,5,0.999997615814209
7794,2,2,0.9999915361404419
7795,9,9,0.9983699917793274
7796,7,7,0.9996744394302368
7797,5,5,0.9999747276306152
7798,3,3,0.9999799728393555
7799,9,9,0.9994781613349915
7800,3,3,0.9992483258247375
7801,7,7,0.9996697902679443
7802,1,1,0.9989187717437744
7803,8,8,0.9316222667694092
7804,3,3,0.999872088432312
7805,8,8,0.9999961853027344
7806,1,1,0.998989999294281
7807,9,9,0.9995304346084595
7808,5,5,0.9999486207962036
7809,5,5,0.9999990463256836
7810,0,0,0.9999947547912598
7811,1,1,0.9991816878318787
7812,1,1,0.9596390724182129
7813,9,9,0.9965104460716248
7814,8,8,0.9998536109924316
7815,2,2,0.9999727010726929
7816,6,6,1.0
7817,0,0,0.9999203681945801
7818,4,4,0.9999997615814209
7819,5,5,1.0
7820,0,0,0.9996206760406494
7821,3,3,0.9971340894699097
7822,1,1,0.9970681071281433
7823,8,8,0.9960702657699585
7824,6,6,0.9999953508377075
7825,7,7,0.9978836178779602
7826,5,5,0.9999958276748657
7827,9,9,0.9999979734420776
7828,9,9,0.9993951320648193
7829,3,3,0.9999911785125732
7830,0,0,0.9999921321868896
7831,3,3,0.9999862909317017
7832,1,1,0.9998291730880737
7833,4,4,0.9999990463256836
7834,4,4,0.9999529123306274
7835,0,0,0.999997615814209
7836,4,4,1.0
7837,9,9,0.9985673427581787
7838,0,0,0.9998039603233337
7839,1,1,0.9875791668891907
7840,2,2,0.9805892705917358
7841,3,3,0.9997660517692566
7842,5,5,0.9990237951278687
7843,6,6,0.9998832941055298
7844,7,7,0.9998268485069275
7845,8,8,0.793532133102417
7846,0,0,0.9999929666519165
7847,1,1,0.9607661962509155
7848,2,2,0.9998383522033691
7849,3,3,0.9860205054283142
7850,5,5,0.9999434947967529
7851,6,6,0.9999454021453857
7852,7,7,0.9992212057113647
7853,8,8,0.994001567363739
7854,9,9,0.9998290538787842
7855,0,0,0.9999345541000366
7856,1,1,0.9255302548408508
7857,2,2,0.9998763799667358
7858,3,3,0.9998573064804077
7859,5,5,0.9999967813491821
7860,6,6,0.9999303817749023
7861,7,7,0.9981891512870789
7862,8,8,0.9540941715240479
7863,9,9,0.9989122152328491
7864,9,9,0.9999595880508423
7865,7,7,0.9994534850120544
7866,0,0,0.9999886751174927
7867,9,9,0.9998705387115479
7868,0,0,0.9995997548103333
7869,1,1,0.9994373917579651
7870,5,5,0.9999494552612305
7871,8,8,0.9993535876274109
7872,8,8,0.9986054301261902
7873,0,0,0.9999759197235107
7874,9,9,0.9995211362838745
7875,3,3,0.9999643564224243
7876,2,2,0.9999250173568726
7877,7,7,0.9993835687637329
7878,8,8,0.9975100755691528
7879,4,4,0.9999843835830688
7880,6,6,0.999992847442627
7881,1,1,0.9999293088912964
7882,0,0,0.9999880790710449
7883,4,4,0.9999942779541016
7884,9,9,0.9999724626541138
7885,4,4,0.9999715089797974
7886,2,2,0.9999998807907104
7887,0,0,0.999285876750946
7888,5,5,0.9999762773513794
7889,0,0,0.9993773102760315
7890,1,1,0.9998780488967896
7891,6,6,0.9993189573287964
7892,9,9,0.9997662901878357
7893,3,3,0.9999843835830688
7894,2,2,0.9999651908874512
7895,9,9,0.9997573494911194
7896,1,1,0.9982208609580994
7897,6,6,0.999915361404419
7898,0,0,0.9991540908813477
7899,1,1,0.966347873210907
7900,1,1,0.9740390181541443
7901,8,8,0.9995222091674805
7902,7,7,0.8027157187461853
7903,7,7,0.9828641414642334
7904,6,6,0.9999606609344482
7905,3,3,0.9998904466629028
7906,6,6,0.9998655319213867
7907,0,0,0.9993869066238403
7908,7,7,0.9995261430740356
7909,2,2,0.999915361404419
7910,4,4,0.9998981952667236
7911,1,1,0.9927865862846375
7912,7,7,0.9974991679191589
7913,0,0,0.999962568283081
7914,6,6,0.9999483823776245
7915,7,7,0.9526314735412598
7916,1,1,0.9920536279678345
7917,2,2,0.9999997615814209
7918,5,5,0.9999834299087524
7919,8,8,0.9995723366737366
7920,1,1,0.9912267327308655
7921,8,8,0.6425163149833679
7922,2,2,0.9999998807907104
7923,8,8,0.9917476177215576
7924,7,7,0.997054934501648
7925,6,6,0.9974743723869324
7926,8,8,0.9988510608673096
7927,7,7,0.980064332485199
7928,1,0,0.4980308711528778
7929,6,6,0.9999158382415771
7930,2,2,0.9999524354934692
7931,9,9,0.9998823404312134
7932,3,3,0.9999996423721313
7933,0,0,0.9999991655349731
7934,1,1,0.9997453093528748
7935,2,2,0.9999922513961792
7936,3,3,0.9999990463256836
7937,4,4,0.9999816417694092
7938,5,5,0.9999994039535522
7939,6,6,0.9999998807907104
7940,7,7,0.9999657869338989
7941,8,8,0.998694121837616
7942,9,9,0.9997654557228088
7943,0,0,0.9999594688415527
7944,1,1,0.9999097585678101
7945,2,2,0.9999010562896729
7946,3,3,0.9993556141853333
7947,4,4,0.9999963045120239
7948,5,5,0.9999996423721313
7949,6,6,0.9999986886978149
7950,7,7,0.9999712705612183
7951,8,8,0.9993785619735718
7952,9,9,0.9997830986976624
7953,0,0,0.9999998807907104
7954,1,1,0.9997351765632629
7955,2,2,0.9999995231628418
7956,3,3,0.9999997615814209
7957,4,4,0.999996542930603
7958,5,5,1.0
7959,6,6,0.9999997615814209
7960,7,7,0.9987183809280396
7961,8,8,0.9999451637268066
7962,9,9,0.9998100399971008
7963,8,8,0.9999196529388428
7964,9,9,0.9960583448410034
7965,5,5,1.0
7966,7,7,0.9997054934501648
7967,0,0,0.9999967813491821
7968,3,3,0.9999994039535522
7969,1,1,0.9997473359107971
7970,6,6,0.999998927116394
7971,8,8,0.9954994320869446
7972,4,4,0.9999961853027344
7973,1,1,0.9998326301574707
7974,5,5,0.9999997615814209
7975,6,6,0.9999972581863403
7976,4,4,0.9999994039535522
7977,2,2,0.9999971389770508
7978,7,7,0.9998838901519775
7979,8,8,0.9998821020126343
7980,1,1,0.9998900890350342
7981,3,3,0.9999997615814209
7982,4,4,0.9998748302459717
7983,3,3,0.9999995231628418
7984,4,4,0.9998724460601807
7985,7,7,0.9967954754829407
7986,2,2,0.9940273761749268
7987,0,0,0.9999123811721802
7988,5,5,0.9999885559082031
7989,0,0,0.9999724626541138
7990,1,1,0.9823535680770874
7991,9,9,0.9572060108184814
7992,2,2,0.9999998807907104
7993,3,3,0.9999998807907104
7994,2,2,0.9999985694885254
7995,3,3,1.0
7996,5,5,0.9999949932098389
7997,5,5,0.9999988079071045
7998,7,7,0.9999911785125732
7999,8,8,0.9799250364303589
8000,4,4,0.9727004766464233
8001,9,9,0.9999969005584717
8002,9,9,0.9996045231819153
8003,7,7,0.9998236298561096
8004,1,1,0.9992189407348633
8005,1,1,0.9998770952224731
8006,9,9,0.999873161315918
8007,0,0,0.9999829530715942
8008,7,7,0.9982736110687256
8009,8,8,0.9999197721481323
8010,3,3,0.9999972581863403
8011,4,4,0.999665379524231
8012,8,8,0.9987528324127197
8013,6,6,0.9999986886978149
8014,3,3,0.9999990463256836
8015,8,8,0.9999912977218628
8016,0,0,0.9998615980148315
8017,9,9,0.9999921321868896
8018,6,6,0.9999998807907104
8019,2,2,0.9998596906661987
8020,1,1,0.9854098558425903
8021,0,0,0.9999685287475586
8022,1,1,0.9979445338249207
8023,0,0,0.9999370574951172
8024,6,6,0.9999997615814209
8025,2,2,1.0
8026,3,3,1.0
8027,8,8,0.9999910593032837
8028,9,9,0.9998127818107605
8029,0,0,0.9990726709365845
8030,7,7,0.9990532994270325
8031,2,2,0.9999814033508301
8032,3,3,0.9999978542327881
8033,4,4,0.9999775886535645
8034,5,5,0.999954104423523
8035,5,5,0.9999444484710693
8036,2,2,1.0
8037,8,8,0.9998863935470581
8038,5,5,0.9999996423721313
8039,4,4,0.9999778270721436
8040,6,6,0.9999986886978149
8041,6,6,0.9999991655349731
8042,6,6,0.9999997615814209
8043,7,7,0.9998335838317871
8044,9,9,0.9991222023963928
8045,1,1,0.9998409748077393
8046,8,8,0.999955415725708
8047,2,2,0.9999450445175171
8048,1,1,0.999914288520813
8049,5,5,1.0
8050,3,3,0.9999984502792358
8051,4,4,0.9999884366989136
8052,7,7,0.9996827840805054
8053,9,9,0.9991393089294434
8054,4,4,0.999998927116394
8055,0,0,0.998484194278717
8056,0,0,0.9999972581863403
8057,0,0,0.9999995231628418
8058,1,1,0.9964355230331421
8059,2,2,0.6808266639709473
8060,3,3,0.9999991655349731
8061,4,9,0.5057083964347839
8062,5,5,0.999403715133667
8063,6,6,0.9992427825927734
8064,7,7,0.9922347068786621
8065,8,8,0.6558162569999695
8066,9,9,0.98089599609375
8067,0,0,0.9999678134918213
8068,1,1,0.9970957040786743
8069,2,2,0.962755024433136
8070,3,3,0.9999995231628418
8071,4,4,0.9431117177009583
8072,5,5,0.99991774559021
8073,6,6,0.9999433755874634
8074,7,7,0.9996602535247803
8075,8,8,0.8517680764198303
8076,9,9,0.9997450709342957
8077,0,0,0.9999936819076538
8078,1,1,0.9834217429161072
8079,2,2,0.9459794163703918
8080,3,3,0.99991774559021
8081,4,4,0.8278644680976868
8082,5,5,0.9998509883880615
8083,6,6,0.9999960660934448
8084,9,9,0.9997836947441101
8085,0,0,0.9999799728393555
8086,1,1,0.9997135996818542
8087,3,3,0.9999995231628418
8088,1,1,0.9995614886283875
8089,5,5,0.9999978542327881
8090,1,1,0.9992716908454895
8091,2,2,0.9963164329528809
8092,4,4,0.734965980052948
8093,9,9,0.9970225691795349
8094,2,2,0.8764293193817139
8095,4,1,0.7825934290885925
8096,6,6,0.9999288320541382
8097,8,8,0.8280869722366333
8098,0,0,0.9999911785125732
8099,1,1,0.9992080330848694
8100,1,1,0.999829888343811
8101,9,9,0.9989379048347473
8102,2,2,0.9865373373031616
8103,6,6,0.9998432397842407
8104,6,6,0.9924876689910889
8105,8,8,0.7231547832489014
8106,7,7,0.9876816272735596
8107,4,4,0.8514066934585571
8108,2,2,0.9997338652610779
8109,9,9,0.9991195797920227
8110,7,7,0.9978079199790955
8111,0,0,0.9999804496765137
8112,2,2,0.9980742931365967
8113,1,1,0.9998880624771118
8114,0,0,0.9998562335968018
8115,3,3,0.9992988109588623
8116,6,6,0.9987045526504517
8117,0,0,0.9999997615814209
8118,1,1,0.9999376535415649
8119,2,2,0.9997755885124207
8120,3,3,0.9999964237213135
8121,4,4,0.9999971389770508
8122,5,5,0.9999996423721313
8123,6,6,0.9998922348022461
8124,7,7,0.9999363422393799
8125,8,8,0.9999996423721313
8126,9,9,0.9999635219573975
8127,0,0,0.9999972581863403
8128,1,1,0.9974262118339539
8129,2,2,0.9999998807907104
8130,3,3,0.999998927116394
8131,4,4,0.9999996423721313
8132,5,5,0.9999992847442627
8133,6,6,0.9999960660934448
8134,7,7,0.9998059868812561
8135,8,8,0.9999977350234985
8136,9,9,0.9990052580833435
8137,0,0,0.9999998807907104
8138,1,1,0.9999054670333862
8139,2,2,0.999997615814209
8140,3,3,0.9999991655349731
8141,4,4,0.9999876022338867
8142,5,5,0.9998587369918823
8143,6,6,0.999688982963562
8144,7,7,0.9996448755264282
8145,8,8,0.9999988079071045
8146,9,9,0.9790767431259155
8147,8,8,0.9999210834503174
8148,6,6,0.9999984502792358
8149,5,5,0.9999972581863403
8150,9,9,0.9999548196792603
8151,7,7,0.9995261430740356
8152,0,0,0.9999992847442627
8153,2,2,0.9997479319572449
8154,3,3,0.9999995231628418
8155,4,4,0.9999845027923584
8156,3,3,0.999985933303833
8157,8,8,0.9999886751174927
8158,5,5,0.9999973773956299
8159,1,1,0.9998489618301392
8160,5,5,0.9941176176071167
8161,2,2,0.9999996423721313
8162,3,3,0.9999996423721313
8163,0,0,0.9999653100967407
8164,1,1,0.9998886585235596
8165,2,2,0.998891294002533
8166,1,1,0.9999556541442871
8167,3,3,0.9999998807907104
8168,2,2,0.9999996423721313
8169,6,6,0.9999982118606567
8170,5,5,0.999950647354126
8171,3,3,0.9999996423721313
8172,0,0,0.9999991655349731
8173,7,7,0.9999771118164062
8174,2,2,0.9999871253967285
8175,7,7,0.9999494552612305
8176,4,4,0.9999985694885254
8177,6,6,0.9999990463256836
8178,4,4,0.9999939203262329
8179,0,0,0.9999995231628418
8180,5,5,0.9999586343765259
8181,9,9,0.9964020252227783
8182,9,9,0.9989148378372192
8183,8,8,0.9998937845230103
8184,9,9,0.9873221516609192
8185,5,5,0.999996542930603
8186,3,3,1.0
8187,1,1,0.9999197721481323
8188,7,7,0.9997254014015198
8189,4,4,1.0
8190,7,7,0.9999444484710693
8191,6,6,0.9999992847442627
8192,5,5,0.9999971389770508
8193,4,4,0.9999756813049316
8194,0,0,0.9998612403869629
8195,0,0,0.9999996423721313
8196,6,6,0.9999521970748901
8197,6,6,0.9996620416641235
8198,2,2,0.9999521970748901
8199,0,0,0.9999841451644897
8200,6,6,0.9999961853027344
8201,3,3,0.9998785257339478
8202,7,7,0.9998295307159424
8203,7,7,0.9986635446548462
8204,4,4,0.9999998807907104
8205,4,4,0.9999997615814209
8206,3,3,1.0
8207,9,9,0.9985576272010803
8208,2,2,0.9992125034332275
8209,8,8,0.9998666048049927
8210,9,9,0.9999761581420898
8211,6,6,0.9999998807907104
8212,0,0,0.9999929666519165
8213,9,9,0.9998856782913208
8214,5,5,0.999998927116394
8215,3,3,0.9999998807907104
8216,8,8,0.9998908042907715
8217,8,8,0.9982684850692749
8218,7,7,0.9996260404586792
8219,1,1,0.9999159574508667
8220,4,4,0.9999939203262329
8221,0,0,0.999991774559021
8222,4,4,0.9999998807907104
8223,8,8,0.9999904632568359
8224,5,5,1.0
8225,2,2,0.9997610449790955
8226,3,3,0.999962329864502
8227,9,9,0.999862790107727
8228,0,0,0.9999697208404541
8229,1,1,0.9991065859794617
8230,9,9,0.9987473487854004
8231,1,1,0.9987531900405884
8232,5,5,0.9999678134918213
8233,1,1,0.9998157620429993
8234,7,7,0.9996520280838013
8235,4,4,1.0
8236,8,8,0.9993201494216919
8237,6,6,0.9999855756759644
8238,2,2,0.9999980926513672
8239,1,1,0.9998656511306763
8240,6,6,0.99986732006073
8241,8,8,0.9999314546585083
8242,8,8,0.999472439289093
8243,0,0,0.9906161427497864
8244,1,1,0.9959558844566345
8245,2,2,0.9990569949150085
8246,3,3,0.9949259757995605
8247,4,4,0.9999991655349731
8248,7,7,0.9999626874923706
8249,8,8,0.9999967813491821
8250,9,9,0.999868631362915
8251,0,0,0.9999634027481079
8252,1,1,0.999789297580719
8253,2,2,0.9991191029548645
8254,3,3,0.9998971223831177
8255,4,4,0.9991676807403564
8256,6,6,0.9980467557907104
8257,7,7,0.9999088048934937
8258,8,8,0.9979718327522278
8259,9,9,0.9972413778305054
8260,0,0,0.9998586177825928
8261,1,1,0.9999171495437622
8262,2,2,0.9990623593330383
8263,3,3,0.999996542930603
8264,4,4,0.9999725818634033
8265,7,7,0.9999860525131226
8266,8,8,0.9999982118606567
8267,9,9,0.9983924031257629
8268,1,1,0.9998094439506531
8269,4,4,0.9999991655349731
8270,5,5,0.9999226331710815
8271,3,3,0.9999997615814209
8272,3,3,0.9998879432678223
8273,0,0,0.999536395072937
8274,9,9,0.9999533891677856
8275,5,5,0.9807572364807129
8276,4,4,0.9999845027923584
8277,3,3,0.9763714075088501
8278,0,0,0.9848782420158386
8279,8,8,0.9762234687805176
8280,4,4,0.9999899864196777
8281,6,6,0.9998160004615784
8282,7,7,0.9997610449790955
8283,0,0,0.9984121322631836
8284,7,7,0.999972939491272
8285,7,7,0.9999198913574219
8286,1,1,0.9979186654090881
8287,6,6,0.9971363544464111
8288,9,9,0.9987156391143799
8289,1,1,0.9993746876716614
8290,3,3,0.9999302625656128
8291,6,6,0.9999837875366211
8292,2,2,0.999980092048645
8293,3,3,0.999984622001648
8294,8,8,0.9999985694885254
8295,2,2,0.9999978542327881
8296,3,3,0.9999133348464966
8297,8,8,0.9999984502792358
8298,9,9,0.9987456798553467
8299,5,5,0.9996088147163391
8300,8,8,0.9999994039535522
8301,8,8,1.0
8302,7,7,0.9999984502792358
8303,1,1,0.9998427629470825
8304,7,7,0.999984622001648
8305,1,1,0.9997923970222473
8306,1,1,0.9997425675392151
8307,0,0,0.9999938011169434
8308,3,3,0.9996803998947144
8309,4,4,0.9999978542327881
8310,2,2,0.9973837733268738
8311,6,6,0.9999035596847534
8312,4,4,0.999997615814209
8313,7,7,0.9983446598052979
8314,4,4,0.9999692440032959
8315,2,2,0.9993243217468262
8316,7,7,0.9549931287765503
8317,4,4,0.9999822378158569
8318,2,2,0.9999440908432007
8319,9,9,0.9986788630485535
8320,2,2,0.9981833100318909
8321,7,7,0.9999597072601318
8322,9,9,0.9960849285125732
8323,2,2,0.9992935657501221
8324,1,1,0.9996228218078613
8325,0,0,0.8332688808441162
8326,6,6,0.992620050907135
8327,5,5,0.9997332692146301
8328,3,3,1.0
8329,4,4,0.9999891519546509
8330,8,8,0.9956661462783813
8331,5,5,0.9999977350234985
8332,9,9,0.9955902099609375
8333,6,6,0.9999994039535522
8334,9,9,0.9938733577728271
8335,0,0,0.9998306035995483
8336,6,6,0.9999998807907104
8337,3,3,0.999934196472168
8338,0,0,0.9999895095825195
8339,8,8,0.9989243149757385
8340,1,1,0.9999645948410034
8341,6,6,0.9999940395355225
8342,0,0,0.9999874830245972
8343,0,0,0.9999922513961792
8344,1,1,0.9998694658279419
8345,2,2,1.0
8346,3,3,0.9999929666519165
8347,4,4,0.9997280240058899
8348,5,5,1.0
8349,6,6,0.9999849796295166
8350,7,7,0.9999510049819946
8351,0,0,0.9996083378791809
8352,1,1,0.9998764991760254
8353,2,2,0.9999798536300659
8354,3,3,0.999988317489624
8355,4,4,0.9999982118606567
8356,7,7,0.9999948740005493
8357,8,8,0.9996826648712158
8358,9,9,0.9958695769309998
8359,0,0,0.9999772310256958
8360,1,1,0.9995970129966736
8361,2,2,0.9999946355819702
8362,3,3,0.9998531341552734
8363,4,4,0.9999949932098389
8364,7,7,0.9999444484710693
8365,2,2,0.9999998807907104
8366,5,5,0.9999878406524658
8367,1,1,0.9997137188911438
8368,6,6,0.9999984502792358
8369,4,4,0.9999865293502808
8370,3,3,0.9999992847442627
8371,9,9,0.9999059438705444
8372,9,9,0.9997360110282898
8373,0,0,0.9998743534088135
8374,9,9,0.9986037611961365
8375,7,7,0.9854598641395569
8376,1,1,0.9330935478210449
8377,6,6,0.9998668432235718
8378,4,4,0.9999032020568848
8379,3,3,0.9999924898147583
8380,6,6,0.9999998807907104
8381,2,2,0.9999616146087646
8382,0,0,0.3158002495765686
8383,9,9,0.9928845763206482
8384,8,8,0.9999792575836182
8385,6,6,0.9999978542327881
8386,5,5,0.9999990463256836
8387,7,7,0.9998044371604919
8388,0,0,0.9999606609344482
8389,0,0,0.9999618530273438
8390,1,1,0.9995602965354919
8391,7,7,0.9985265731811523
8392,4,4,0.9999988079071045
8393,3,3,0.9999727010726929
8394,2,2,0.9999994039535522
8395,4,4,0.9999983310699463
8396,1,1,0.9997219443321228
8397,3,3,0.9997047781944275
8398,7,7,0.9998451471328735
8399,6,6,0.9999998807907104
8400,4,4,0.9999920129776001
8401,7,7,0.9999706745147705
8402,7,7,0.999896764755249
8403,7,7,0.9998478889465332
8404,9,9,0.999631404876709
8405,8,8,0.9999961853027344
8406,4,4,0.9741159081459045
8407,3,3,1.0
8408,8,8,0.6783417463302612
8409,2,2,0.9999914169311523
8410,8,8,0.9968056678771973
8411,3,3,0.999976396560669
8412,5,5,0.9999428987503052
8413,8,8,0.9999477863311768
8414,0,0,0.9999817609786987
8415,5,5,0.9999842643737793
8416,4,4,0.9999904632568359
8417,7,7,0.9999949932098389
8418,1,1,0.9998268485069275
8419,3,3,0.9999997615814209
8420,1,1,0.9999198913574219
8421,7,7,0.9995763897895813
8422,9,9,0.9999492168426514
8423,6,6,0.9999884366989136
8424,2,2,1.0
8425,0,0,0.9998683929443359
8426,9,9,0.9999552965164185
8427,1,1,0.9997256398200989
8428,7,7,0.9999994039535522
8429,3,3,0.9999991655349731
8430,3,3,0.9999990463256836
8431,9,9,0.9998587369918823
8432,1,1,0.9999223947525024
8433,6,6,0.9999992847442627
8434,4,4,1.0
8435,3,3,0.9999768733978271
8436,9,9,0.9999734163284302
8437,8,8,0.9999957084655762
8438,2,2,1.0
8439,1,1,0.9998669624328613
8440,8,8,0.9999953508377075
8441,6,6,1.0
8442,4,4,0.9946685433387756
8443,1,1,0.9998794794082642
8444,5,5,0.999975323677063
8445,5,5,0.9999997615814209
8446,6,6,0.9999997615814209
8447,5,5,0.9999998807907104
8448,0,0,0.9999994039535522
8449,1,1,0.9998194575309753
8450,2,2,0.9999998807907104
8451,3,3,0.9999995231628418
8452,4,4,0.9998414516448975
8453,5,5,0.9999831914901733
8454,6,6,0.9999998807907104
8455,7,7,0.9999908208847046
8456,8,8,0.9994766116142273
8457,9,9,0.9999990463256836
8458,0,0,0.9999998807907104
8459,1,1,0.996569037437439
8460,2,2,0.9999998807907104
8461,3,3,0.9999991655349731
8462,4,4,0.9996973276138306
8463,5,5,0.9999988079071045
8464,6,6,0.9999903440475464
8465,7,7,0.9991416931152344
8466,8,8,0.9999910593032837
8467,9,9,0.9999972581863403
8468,0,0,0.9999992847442627
8469,1,1,0.9624975323677063
8470,2,2,0.9999854564666748
8471,3,3,0.9999980926513672
8472,4,4,0.9998455047607422
8473,5,5,0.999984860420227
8474,6,6,0.9999936819076538
8475,7,7,0.9998807907104492
8476,8,8,0.9999772310256958
8477,9,9,0.9999966621398926
8478,6,6,0.9999866485595703
8479,9,9,0.9999698400497437
8480,7,7,0.9999983310699463
8481,0,0,1.0
8482,2,2,0.9999868869781494
8483,3,3,0.999993085861206
8484,4,4,0.9996883869171143
8485,3,3,0.999983549118042
8486,8,8,0.9551346898078918
8487,5,5,0.9999998807907104
8488,1,1,0.9995238780975342
8489,3,3,0.9999982118606567
8490,0,0,0.9999253749847412
8491,1,1,0.9639427661895752
8492,2,2,0.9999762773513794
8493,1,1,0.9966905117034912
8494,3,3,0.9999971389770508
8495,2,2,0.9972084164619446
8496,0,0,0.9999992847442627
8497,7,7,0.9984124898910522
8498,2,2,0.9999414682388306
8499,6,6,0.9999098777770996
8500,4,4,0.9999995231628418
8501,0,0,0.9996041655540466
8502,5,5,0.9977203011512756
8503,9,9,0.9995750784873962
8504,9,9,0.9760414958000183
8505,8,8,0.9998165965080261
8506,9,9,0.9999822378158569
8507,5,5,0.9999605417251587
8508,3,3,0.9999487400054932
8509,1,1,0.9750980734825134
8510,7,7,0.996826171875
8511,4,4,0.9998534917831421
8512,7,7,0.9996778964996338
8513,0,0,0.9999599456787109
8514,0,0,0.9999988079071045
8515,6,6,0.9998953342437744
8516,6,6,0.9999934434890747
8517,6,6,0.9999953508377075
8518,3,3,0.9999984502792358
8519,7,7,0.9985268115997314
8520,4,4,0.9208229780197144
8521,2,2,0.9999129772186279
8522,8,8,0.9667742252349854
8523,9,9,0.9990195035934448
8524,8,8,0.9987390637397766
8525,7,7,0.9990615248680115
8526,1,1,0.9985572695732117
8527,4,4,0.45035994052886963
8528,0,0,1.0
8529,4,4,0.9999902248382568
8530,8,8,0.9904590845108032
8531,5,5,0.9999868869781494
8532,2,2,0.9999957084655762
8533,3,3,0.9999988079071045
8534,9,9,0.999963641166687
8535,0,0,1.0
8536,1,1,0.9997770190238953
8537,9,9,0.9999921321868896
8538,1,1,0.9994035959243774
8539,5,5,0.9998941421508789
8540,1,1,0.9997387528419495
8541,7,7,0.9917465448379517
8542,6,6,0.9997559189796448
8543,1,1,0.9998729228973389
8544,2,2,0.999992847442627
8545,1,1,0.999826967716217
8546,6,6,0.9999845027923584
8547,8,8,0.9999746084213257
8548,0,0,0.9999996423721313
8549,1,1,0.9987610578536987
8550,2,2,0.9999532699584961
8551,3,3,1.0
8552,4,4,0.9999996423721313
8553,5,5,0.9983053207397461
8554,6,6,0.9999998807907104
8555,7,7,0.9999948740005493
8556,8,8,0.9999996423721313
8557,9,9,0.99997878074646
8558,0,0,0.9999699592590332
8559,1,1,0.9999175071716309
8560,2,2,1.0
8561,3,3,0.999996542930603
8562,4,4,0.9999998807907104
8563,5,5,0.9999992847442627
8564,6,6,0.9996565580368042
8565,7,7,0.9993426203727722
8566,8,8,0.9999977350234985
8567,0,0,0.9999997615814209
8568,1,1,0.9999312162399292
8569,2,2,0.9999845027923584
8570,3,3,0.9999998807907104
8571,5,5,0.999982476234436
8572,6,6,1.0
8573,7,7,0.9999983310699463
8574,8,8,0.9999996423721313
8575,1,1,0.9990161657333374
8576,0,0,0.9999957084655762
8577,4,4,0.9999504089355469
8578,5,5,0.9999322891235352
8579,6,6,0.9999997615814209
8580,6,6,0.9999978542327881
8581,3,3,0.9999995231628418
8582,4,4,0.999992847442627
8583,4,4,0.9999946355819702
8584,2,2,0.9999946355819702
8585,8,8,0.9999972581863403
8586,1,1,0.9999568462371826
8587,0,0,0.9999985694885254
8588,6,6,0.9999984502792358
8589,4,4,0.9999983310699463
8590,9,9,0.9999203681945801
8591,7,7,0.9998236298561096
8592,2,2,0.9999991655349731
8593,9,9,0.9985659718513489
8594,2,2,0.9997969269752502
8595,0,0,0.999998927116394
8596,9,9,0.9999455213546753
8597,3,3,0.9999839067459106
8598,3,3,0.999987006187439
8599,9,9,0.9999939203262329
8600,1,1,0.9998003840446472
8601,5,5,0.9998615980148315
8602,2,2,0.9999998807907104
8603,3,3,0.999946117401123
8604,1,1,0.9998750686645508
8605,6,6,0.9999982118606567
8606,7,7,0.9997326731681824
8607,3,3,0.9995349645614624
8608,7,7,0.9997054934501648
8609,8,8,0.999992847442627
8610,4,4,0.9999759197235107
8611,0,0,0.9999979734420776
8612,2,2,1.0
8613,4,4,0.9999423027038574
8614,0,0,0.9999839067459106
8615,2,2,0.9994950294494629
8616,4,4,0.9999616146087646
8617,7,7,0.9998992681503296
8618,8,8,0.9999865293502808
8619,0,0,1.0
8620,7,7,0.9993813037872314
8621,0,0,0.9999891519546509
8622,6,6,0.9999988079071045
8623,9,9,0.9987499713897705
8624,3,3,0.9999904632568359
8625,2,2,0.9999982118606567
8626,4,4,0.9999958276748657
8627,8,8,0.9999960660934448
8628,6,6,0.9999555349349976
8629,0,0,0.9999951124191284
8630,5,5,0.9999996423721313
8631,7,7,0.999854564666748
8632,5,5,0.9999974966049194
8633,1,1,0.9987081289291382
8634,0,0,0.9999929666519165
8635,8,8,0.9999997615814209
8636,1,1,0.999273955821991
8637,6,6,0.9999986886978149
8638,7,7,0.9999363422393799
8639,2,2,0.9999960660934448
8640,9,9,0.9994078874588013
8641,7,7,0.9999843835830688
8642,9,9,0.9999587535858154
8643,5,5,0.9999746084213257
8644,6,6,0.9999545812606812
8645,5,5,0.9998644590377808
8646,2,2,0.9999994039535522
8647,6,6,0.9999983310699463
8648,2,2,0.9999990463256836
8649,8,8,0.9999992847442627
8650,1,1,0.999839186668396
8651,7,7,0.9999809265136719
8652,5,5,0.9999774694442749
8653,5,5,0.9916008710861206
8654,7,7,0.9995636343955994
8655,3,3,0.999998927116394
8656,5,5,0.9999889135360718
8657,0,0,1.0
8658,1,1,0.9999532699584961
8659,1,1,0.9998524188995361
8660,3,3,1.0
8661,8,8,0.9998828172683716
8662,4,4,0.999998927116394
8663,9,9,0.9999727010726929
8664,4,4,0.9999957084655762
8665,5,5,0.9980630278587341
8666,1,1,0.9997033476829529
8667,8,8,0.999991774559021
8668,6,6,0.9999898672103882
8669,8,8,0.9999998807907104
8670,9,9,0.9999299049377441
8671,0,0,0.9999985694885254
8672,1,1,0.9999189376831055
8673,2,2,0.9999929666519165
8674,3,3,0.9999977350234985
8675,4,4,0.9999996423721313
8676,5,5,0.9999988079071045
8677,6,6,0.9999994039535522
8678,7,7,0.9996021389961243
8679,8,8,0.9981027245521545
8680,9,9,0.9999852180480957
8681,0,0,0.9999853372573853
8682,1,1,0.9998818635940552
8683,2,2,0.9999915361404419
8684,3,3,0.99998939037323
8685,4,4,0.9999997615814209
8686,5,5,0.9998477697372437
8687,6,6,0.9999985694885254
8688,7,7,0.9998570680618286
8689,8,8,0.9999779462814331
8690,9,9,0.9999340772628784
8691,0,0,0.9999865293502808
8692,1,1,0.9999030828475952
8693,2,2,0.9999972581863403
8694,3,3,0.9999967813491821
8695,4,4,0.9999938011169434
8696,5,5,0.9999998807907104
8697,6,6,0.9999998807907104
8698,7,7,0.9986383318901062
8699,8,8,0.9999210834503174
8700,9,9,0.9996720552444458
8701,3,3,0.9999991655349731
8702,5,5,0.9999657869338989
8703,3,3,0.9999904632568359
8704,2,2,0.9999525547027588
8705,9,9,0.9999716281890869
8706,3,3,0.9999885559082031
8707,2,2,1.0
8708,1,1,0.9999698400497437
8709,4,4,0.9999996423721313
8710,5,5,0.9999796152114868
8711,5,5,0.9999995231628418
8712,2,2,0.999998927116394
8713,3,3,0.9999958276748657
8714,2,2,0.9999165534973145
8715,1,1,0.999953031539917
8716,3,3,0.9999983310699463
8717,9,9,0.9999328851699829
8718,7,7,0.9999240636825562
8719,2,2,0.9999974966049194
8720,1,1,0.9999083280563354
8721,2,2,0.9999949932098389
8722,8,8,0.9996044039726257
8723,9,9,0.9999265670776367
8724,1,1,0.999872088432312
8725,8,8,0.9999964237213135
8726,8,8,0.9999792575836182
8727,7,7,0.9997735619544983
8728,8,8,0.9999706745147705
8729,1,1,0.9998534917831421
8730,0,0,0.9999971389770508
8731,0,0,0.9999966621398926
8732,6,6,0.9999986886978149
8733,7,7,0.9998987913131714
8734,7,7,0.999976396560669
8735,8,8,0.9986035227775574
8736,7,7,0.9958215951919556
8737,5,5,0.9999991655349731
8738,0,0,0.9995946288108826
8739,6,6,0.9999949932098389
8740,1,1,0.9999418258666992
8741,5,5,0.9999805688858032
8742,7,7,0.9843660593032837
8743,4,4,0.9999970197677612
8744,6,6,0.9999818801879883
8745,1,1,0.9999239444732666
8746,2,2,1.0
8747,5,5,0.9999983310699463
8748,0,0,0.999971866607666
8749,7,7,0.9998421669006348
8750,9,9,0.999958872795105
8751,9,9,0.9999954700469971
8752,0,0,0.999783456325531
8753,3,3,0.9999990463256836
8754,4,4,0.9999991655349731
8755,4,4,0.9999992847442627
8756,8,8,0.9997273087501526
8757,4,4,0.9999997615814209
8758,1,1,0.9999192953109741
8759,8,8,0.998670220375061
8760,6,6,0.9999973773956299
8761,5,5,0.9999986886978149
8762,9,9,0.9999380111694336
8763,0,0,0.9999936819076538
8764,0,0,0.9999794960021973
8765,0,0,0.9999847412109375
8766,3,3,1.0
8767,7,7,0.9998570680618286
8768,1,1,0.9999184608459473
8769,6,6,0.9999961853027344
8770,4,4,0.9999991655349731
8771,6,6,0.9999998807907104
8772,0,0,0.9999898672103882
8773,4,4,0.9999998807907104
8774,5,5,0.9999966621398926
8775,4,4,0.9999961853027344
8776,1,1,0.9998939037322998
8777,3,3,0.999998927116394
8778,8,8,0.9991973042488098
8779,6,6,0.9999943971633911
8780,3,3,0.9999994039535522
8781,9,9,0.9992693066596985
8782,9,9,0.9996129870414734
8783,5,5,0.9999948740005493
8784,9,9,0.9999804496765137
8785,3,3,0.9999995231628418
8786,7,7,0.9999943971633911
8787,8,8,0.9989582300186157
8788,5,5,0.9999849796295166
8789,6,6,1.0
8790,4,4,0.9999998807907104
8791,7,7,0.9999790191650391
8792,6,6,0.9999998807907104
8793,2,2,0.9999903440475464
8794,2,2,0.9999977350234985
8795,0,0,0.9999253749847412
8796,9,9,0.9999874830245972
8797,4,4,0.9999998807907104
8798,0,0,1.0
8799,1,1,0.999932050704956
8800,2,2,1.0
8801,3,3,1.0
8802,4,4,1.0
8803,5,5,0.9999998807907104
8804,6,6,0.9999970197677612
8805,7,7,0.9995119571685791
8806,8,8,0.9981448650360107
8807,9,9,0.9998093247413635
8808,0,0,0.9999997615814209
8809,1,1,0.9998899698257446
8810,2,2,0.9999847412109375
8811,3,3,1.0
8812,4,4,0.9999994039535522
8813,5,5,1.0
8814,6,6,0.9999994039535522
8815,7,7,0.999967098236084
8816,8,8,0.9991422891616821
8817,9,9,0.9999176263809204
8818,0,0,0.9999985694885254
8819,1,1,0.9993415474891663
8820,2,2,0.9999980926513672
8821,3,3,0.9999995231628418
8822,4,4,0.9999998807907104
8823,5,5,0.9999994039535522
8824,6,6,0.9999991655349731
8825,7,7,0.9989628791809082
8826,8,8,0.9320662021636963
8827,9,9,0.9997791647911072
8828,6,6,0.9999991655349731
8829,4,4,0.9998973608016968
8830,2,2,0.9999997615814209
8831,6,6,0.9999992847442627
8832,4,4,0.9999998807907104
8833,7,7,0.9999145269393921
8834,5,5,1.0
8835,5,5,1.0
8836,4,4,0.9999998807907104
8837,7,7,0.9998993873596191
8838,2,2,1.0
8839,9,9,0.999963641166687
8840,3,3,0.9999997615814209
8841,9,9,0.9999791383743286
8842,3,3,1.0
8843,8,8,0.9991200566291809
8844,2,2,0.9999984502792358
8845,0,0,0.9999886751174927
8846,9,9,0.9999710321426392
8847,5,5,0.9999334812164307
8848,6,6,0.9999641180038452
8849,0,0,0.9999934434890747
8850,1,1,0.9998980760574341
8851,0,0,0.9999810457229614
8852,6,6,1.0
8853,5,5,0.9999988079071045
8854,3,3,1.0
8855,5,5,1.0
8856,3,3,1.0
8857,8,8,0.9998825788497925
8858,0,0,0.9999979734420776
8859,0,0,0.9999953508377075
8860,3,3,1.0
8861,4,4,0.999997615814209
8862,1,1,0.9997910857200623
8863,5,5,0.9999790191650391
8864,3,3,1.0
8865,0,0,0.9999995231628418
8866,8,8,0.9998123049736023
8867,3,3,1.0
8868,0,0,0.9999953508377075
8869,6,6,0.9999866485595703
8870,2,2,0.9999998807907104
8871,7,7,0.9999933242797852
8872,8,8,0.9999394416809082
8873,1,1,0.9995138645172119
8874,7,7,0.9998911619186401
8875,1,1,0.9999244213104248
8876,3,3,0.9999998807907104
8877,8,8,0.9999816417694092
8878,5,5,0.9999983310699463
8879,4,4,0.9999990463256836
8880,2,2,1.0
8881,0,0,0.9999988079071045
8882,9,9,0.9983513355255127
8883,7,7,0.9999973773956299
8884,6,6,0.9999994039535522
8885,7,7,0.9999876022338867
8886,4,4,0.9999943971633911
8887,1,1,0.9992183446884155
8888,6,6,0.9999998807907104
8889,2,2,0.999995231628418
8890,6,6,0.9999984502792358
8891,7,7,0.999994158744812
8892,1,1,0.9998781681060791
8893,9,9,0.9999808073043823
8894,8,8,0.9999921321868896
8895,0,0,0.9999990463256836
8896,6,6,0.9999890327453613
8897,9,9,0.9980089068412781
8898,4,4,0.9999971389770508
8899,9,9,0.9998959302902222
8900,9,9,0.9995137453079224
8901,6,6,0.9999527931213379
8902,2,2,1.0
8903,3,3,1.0
8904,7,7,0.9999629259109497
8905,1,1,0.9998600482940674
8906,9,9,0.9992107152938843
8907,2,2,1.0
8908,2,2,0.9999818801879883
8909,5,5,1.0
8910,3,3,0.9999994039535522
8911,7,7,0.9997290968894958
8912,8,8,0.9995993971824646
8913,0,0,0.9996453523635864
8914,1,1,0.9998243451118469
8915,2,2,1.0
8916,3,3,0.9999997615814209
8917,4,4,0.9999558925628662
8918,7,7,0.999968409538269
8919,8,8,0.9999977350234985
8920,9,9,0.999964714050293
8921,0,0,0.9999517202377319
8922,1,1,0.9996967315673828
8923,2,2,0.9999852180480957
8924,3,3,0.9999998807907104
8925,4,4,1.0
8926,7,7,0.999983549118042
8927,8,8,0.999975323677063
8928,9,9,0.999944806098938
8929,0,0,0.9999978542327881
8930,1,1,0.9997699856758118
8931,7,7,0.9991076588630676
8932,8,8,0.9999909400939941
8933,9,9,0.9999616146087646
8934,8,8,0.99998939037323
8935,9,9,0.9999933242797852
8936,2,2,1.0
8937,6,6,0.9999998807907104
8938,1,1,0.9994491934776306
8939,3,3,0.9999998807907104
8940,5,5,0.9999998807907104
8941,4,4,0.9999988079071045
8942,8,8,0.9995643496513367
8943,2,2,0.9999978542327881
8944,6,6,0.9997772574424744
8945,4,4,0.9999985694885254
8946,3,3,0.9999998807907104
8947,4,4,0.9999997615814209
8948,5,5,0.9999383687973022
8949,9,9,0.9999815225601196
8950,2,2,0.999997615814209
8951,0,0,0.9997914433479309
8952,3,3,0.999900221824646
8953,9,9,0.9999297857284546
8954,4,4,0.999968409538269
8955,9,9,0.9999936819076538
8956,7,7,0.9998956918716431
8957,3,3,0.9999991655349731
8958,8,8,0.9998341798782349
8959,7,7,0.9998425245285034
8960,4,4,0.9999997615814209
8961,4,4,0.9999978542327881
8962,9,9,0.9998893737792969
8963,8,8,0.9981355667114258
8964,5,5,0.9999971389770508
8965,8,8,0.9999920129776001
8966,2,2,0.9999990463256836
8967,6,6,0.9999384880065918
8968,6,6,0.9999996423721313
8969,2,2,0.9999998807907104
8970,3,3,0.9999998807907104
8971,1,1,0.9996533393859863
8972,3,3,0.9999991655349731
8973,2,2,0.9999980926513672
8974,7,7,0.9999960660934448
8975,3,3,0.9999804496765137
8976,1,1,0.9996034502983093
8977,9,9,0.9999818801879883
8978,0,0,0.9999988079071045
8979,1,1,0.9992876648902893
8980,1,1,0.9995315074920654
8981,3,3,0.9999977350234985
8982,5,5,0.9998601675033569
8983,0,0,0.9999536275863647
8984,7,7,0.9944747090339661
8985,8,8,0.9999983310699463
8986,1,1,0.9992353916168213
8987,5,5,0.9999996423721313
8988,1,1,0.9997692704200745
8989,4,4,1.0
8990,6,6,0.999987006187439
8991,0,0,0.9999996423721313
8992,0,0,0.9999982118606567
8993,4,4,0.999998927116394
8994,9,9,0.9999650716781616
8995,1,1,0.9994809031486511
8996,6,6,0.9999990463256836
8997,6,6,0.9999978542327881
8998,9,9,0.9998570680618286
8999,0,0,0.9999582767486572
9000,7,7,0.999993085861206
9001,6,6,0.9999967813491821
9002,1,1,0.9979409575462341
9003,1,1,0.9990752935409546
9004,0,0,0.9999599456787109
9005,1,1,0.9996615648269653
9006,2,2,0.999910831451416
9007,3,3,0.9999985694885254
9008,4,4,0.9999964237213135
9009,7,7,0.8345077037811279
9010,2,2,0.9996901750564575
9011,3,3,0.9999961853027344
9012,4,4,0.9960647225379944
9013,5,5,0.9999932050704956
9014,6,6,0.9990906715393066
9015,7,2,0.6316040754318237
9016,0,0,0.9992282390594482
9017,1,1,0.9997151494026184
9018,2,2,0.9999840259552002
9019,7,7,0.976635217666626
9020,8,8,0.9999786615371704
9021,6,6,1.0
9022,3,3,0.9999302625656128
9023,9,9,0.9995904564857483
9024,7,7,0.9999016523361206
9025,1,1,0.9812085628509521
9026,9,9,0.999727189540863
9027,3,3,0.9999970197677612
9028,9,9,0.9984437823295593
9029,6,6,0.9999908208847046
9030,1,1,0.9998822212219238
9031,7,7,0.999998927116394
9032,2,2,0.998589813709259
9033,4,4,0.999997615814209
9034,4,4,0.9999642372131348
9035,5,5,0.9999768733978271
9036,7,7,0.999645471572876
9037,0,0,0.9999723434448242
9038,0,0,0.9989293217658997
9039,1,1,0.9991905093193054
9040,6,6,0.9996970891952515
9041,6,6,0.9999943971633911
9042,8,8,0.9999990463256836
9043,2,2,0.9990087747573853
9044,7,7,0.9996204376220703
9045,7,7,0.9999877214431763
9046,2,2,0.999336302280426
9047,4,4,0.9999935626983643
9048,2,2,0.9999992847442627
9049,1,1,0.9993485808372498
9050,6,6,0.9999505281448364
9051,1,1,0.9879603385925293
9052,0,0,0.9999487400054932
9053,6,6,0.999998927116394
9054,9,9,0.967381477355957
9055,8,8,0.9999452829360962
9056,3,3,0.9999897480010986
9057,9,9,0.9983898401260376
9058,6,6,0.999994158744812
9059,3,3,0.9998917579650879
9060,0,0,0.9999998807907104
9061,1,1,0.9865416288375854
9062,2,2,0.999909520149231
9063,3,3,0.9999963045120239
9064,4,4,0.9999998807907104
9065,5,5,0.9999998807907104
9066,6,6,0.9999997615814209
9067,7,7,0.9999994039535522
9068,8,8,0.9997372031211853
9069,9,9,0.9990135431289673
9070,0,0,0.9999878406524658
9071,1,1,0.8940309286117554
9072,2,2,0.9997361302375793
9073,3,3,0.9999994039535522
9074,4,4,0.9999871253967285
9075,5,5,0.9999997615814209
9076,6,6,0.9999994039535522
9077,7,7,0.999998927116394
9078,8,8,0.9999940395355225
9079,9,9,0.9998695850372314
9080,0,0,0.9999998807907104
9081,1,1,0.9991601705551147
9082,2,2,0.9989614486694336
9083,3,3,0.9999994039535522
9084,4,4,0.9998905658721924
9085,5,5,0.9999938011169434
9086,6,6,0.9999991655349731
9087,7,7,0.9999990463256836
9088,8,8,0.9998550415039062
9089,9,9,0.9999570846557617
9090,1,1,0.9997521042823792
9091,6,6,0.9999994039535522
9092,8,8,0.999948263168335
9093,9,9,0.9998762607574463
9094,9,9,0.9997687935829163
9095,0,0,0.9999964237213135
9096,1,1,0.9998586177825928
9097,2,2,0.9999959468841553
9098,4,4,0.9999985694885254
9099,4,4,0.9999997615814209
9100,3,3,0.9999996423721313
9101,7,7,0.9999966621398926
9102,4,4,0.9999781847000122
9103,4,4,0.999962568283081
9104,4,4,0.9999864101409912
9105,0,0,0.9999397993087769
9106,3,3,0.9999997615814209
9107,8,8,0.9999992847442627
9108,7,7,1.0
9109,5,5,1.0
9110,8,8,0.9982441663742065
9111,2,2,0.9999983310699463
9112,1,1,0.9968484044075012
9113,7,7,0.9999876022338867
9114,5,5,1.0
9115,3,3,0.9999994039535522
9116,8,8,0.9999978542327881
9117,5,5,0.9999761581420898
9118,2,2,0.9999572038650513
9119,5,5,1.0
9120,1,1,0.9999382495880127
9121,1,1,0.9998897314071655
9122,6,6,0.9999977350234985
9123,2,2,0.9954778552055359
9124,1,1,0.9998229146003723
9125,3,3,1.0
9126,8,8,0.9997441172599792
9127,6,6,0.9999599456787109
9128,4,4,0.9955846667289734
9129,2,2,0.9999593496322632
9130,6,6,0.9999772310256958
9131,2,2,0.999934196472168
9132,5,5,0.9999984502792358
9133,5,5,1.0
9134,0,0,0.9999986886978149
9135,2,2,0.9999995231628418
9136,8,8,0.999985933303833
9137,0,0,0.9999936819076538
9138,6,6,0.9999996423721313
9139,8,8,0.9999409914016724
9140,1,1,0.9999366998672485
9141,7,7,0.9999955892562866
9142,9,9,0.9998736381530762
9143,1,1,0.9999598264694214
9144,9,9,0.9999809265136719
9145,2,2,0.999996542930603
9146,6,6,0.999996542930603
9147,7,7,0.9999995231628418
9148,6,6,0.9999904632568359
9149,6,6,0.9999854564666748
9150,8,8,0.9986018538475037
9151,7,7,0.9999158382415771
9152,4,4,0.9999972581863403
9153,9,9,0.999402642250061
9154,2,2,0.9998754262924194
9155,1,1,0.9995861649513245
9156,3,3,0.9999997615814209
9157,3,3,0.9999997615814209
9158,0,0,0.9998422861099243
9159,5,5,0.9999994039535522
9160,5,5,1.0
9161,8,8,0.9999852180480957
9162,0,0,0.999963641166687
9163,3,3,0.9998694658279419
9164,7,7,0.9999998807907104
9165,9,9,0.9992530941963196
9166,7,7,0.9999998807907104
9167,0,0,0.9999961853027344
9168,2,2,0.991860568523407
9169,7,7,0.9999651908874512
9170,9,9,0.9994446635246277
9171,1,1,0.9997739195823669
9172,7,7,0.9997778534889221
9173,8,8,0.9999924898147583
9174,0,0,0.9999871253967285
9175,3,3,0.9999926090240479
9176,5,5,0.9999998807907104
9177,3,3,0.9999992847442627
9178,6,6,0.9999998807907104
9179,0,0,0.9999942779541016
9180,1,1,0.9987097978591919
9181,2,2,0.9999972581863403
9182,3,3,0.9999998807907104
9183,4,4,0.999596893787384
9184,5,5,0.9999972581863403
9185,6,6,0.9999915361404419
9186,7,7,0.9997643828392029
9187,8,8,0.9998154044151306
9188,9,9,0.9998410940170288
9189,0,0,0.9999980926513672
9190,1,1,0.9998703002929688
9191,2,2,0.9999858140945435
9192,3,3,0.9999995231628418
9193,4,4,0.9999948740005493
9194,5,5,0.9999045133590698
9195,6,6,0.9999538660049438
9196,7,7,0.9999731779098511
9197,8,8,0.9996832609176636
9198,9,9,0.9995793700218201
9199,0,0,0.9999004602432251
9200,1,1,0.9996945858001709
9201,2,2,0.999984622001648
9202,3,3,0.9998519420623779
9203,4,4,0.9999860525131226
9204,7,7,0.9998723268508911
9205,8,8,0.9992881417274475
9206,9,9,0.999839186668396
9207,6,6,0.9999446868896484
9208,4,4,0.809004008769989
9209,2,2,0.999937891960144
9210,6,6,0.999808132648468
9211,4,4,0.9899424314498901
9212,7,7,0.9999701976776123
9213,8,8,0.9999659061431885
9214,9,9,0.9991926550865173
9215,2,2,0.9999785423278809
9216,9,9,0.9995290040969849
9217,3,3,0.9999897480010986
9218,9,9,0.999862551689148
9219,3,3,0.9999909400939941
9220,0,0,0.9999836683273315
9221,0,0,0.9999969005584717
9222,1,1,0.9979040622711182
9223,0,0,0.9999927282333374
9224,4,4,0.9999561309814453
9225,2,2,0.9997941851615906
9226,6,6,0.9999949932098389
9227,3,3,0.9997259974479675
9228,5,5,0.9999949932098389
9229,3,3,0.9999991655349731
9230,0,0,0.9999977350234985
9231,3,3,0.9999991655349731
9232,4,4,0.9999972581863403
9233,1,1,0.9999268054962158
9234,5,5,0.9999979734420776
9235,3,3,0.9999998807907104
9236,0,0,0.999976634979248
9237,8,8,0.9999420642852783
9238,3,3,0.9999969005584717
9239,0,0,0.9999746084213257
9240,6,6,0.9998231530189514
9241,1,1,0.9996848106384277
9242,7,7,0.9999840259552002
9243,8,8,0.9990265369415283
9244,0,0,0.9999818801879883
9245,9,9,0.999675989151001
9246,2,2,0.9999954700469971
9247,6,6,0.9999847412109375
9248,7,7,0.9998323917388916
9249,1,1,0.9997574687004089
9250,9,9,0.9999134540557861
9251,6,6,0.9999854564666748
9252,9,9,0.9991294741630554
9253,4,4,0.9983375072479248
9254,9,9,0.9999222755432129
9255,9,9,0.9998561143875122
9256,6,6,0.9995697140693665
9257,7,7,0.995968222618103
9258,1,1,0.9997876286506653
9259,2,2,0.9990468621253967
9260,5,5,0.9999988079071045
9261,3,3,0.9999997615814209
9262,7,7,0.9999576807022095
9263,8,8,0.9999643564224243
9264,0,0,0.9999953508377075
9265,1,1,0.9983343482017517
9266,2,2,0.9999700784683228
9267,4,4,0.9999970197677612
9268,5,5,0.9999994039535522
9269,6,6,0.9999955892562866
9270,7,7,0.9999724626541138
9271,8,8,0.9999994039535522
9272,9,9,0.9999949932098389
9273,0,0,0.9999977350234985
9274,1,1,0.99965500831604
9275,3,3,0.9998651742935181
9276,4,4,0.9999998807907104
9277,5,5,0.9999995231628418
9278,6,6,1.0
9279,7,7,0.9999971389770508
9280,8,8,0.9974040389060974
9281,0,0,0.9996606111526489
9282,1,1,0.9995177984237671
9283,3,3,0.9999016523361206
9284,4,4,0.9999998807907104
9285,7,7,0.999998927116394
9286,8,8,1.0
9287,9,9,0.999923825263977
9288,7,7,0.9999912977218628
9289,5,5,0.9999967813491821
9290,5,5,0.9998941421508789
9291,1,1,0.9994760155677795
9292,9,9,0.999934196472168
9293,9,9,0.9993815422058105
9294,7,7,0.9999991655349731
9295,1,1,0.9995958209037781
9296,0,0,0.9999921321868896
9297,0,0,0.9999871253967285
9298,5,5,0.9999998807907104
9299,9,9,0.9999678134918213
9300,7,7,0.9999998807907104
9301,1,1,0.9987732768058777
9302,7,7,0.9999957084655762
9303,2,2,0.9998356103897095
9304,2,2,0.9999871253967285
9305,3,3,0.9999904632568359
9306,6,6,1.0
9307,8,8,0.9999896287918091
9308,3,3,0.999849796295166
9309,2,2,0.9962922930717468
9310,0,0,0.9999619722366333
9311,0,0,0.9999957084655762
9312,6,6,0.9999991655349731
9313,1,1,0.999659538269043
9314,7,7,0.999976396560669
9315,5,5,0.9999779462814331
9316,8,8,0.9916491508483887
9317,6,6,0.9999954700469971
9318,2,2,0.9989122152328491
9319,9,9,0.9997128844261169
9320,4,4,0.9999278783798218
9321,8,8,0.9999957084655762
9322,8,8,0.9999469518661499
9323,7,7,0.9999994039535522
9324,1,1,0.9998049139976501
9325,0,0,0.9999884366989136
9326,8,8,0.9994475245475769
9327,7,7,0.9999977350234985
9328,7,7,0.9999933242797852
9329,5,5,1.0
9330,8,8,0.9998190999031067
9331,5,5,0.999750554561615
9332,3,3,0.9999880790710449
9333,4,4,0.9999853372573853
9334,6,6,0.9999997615814209
9335,1,1,0.9994039535522461
9336,1,1,0.9978736639022827
9337,5,5,0.9999887943267822
9338,5,5,0.9999998807907104
9339,0,0,0.9999947547912598
9340,7,7,0.9999592304229736
9341,2,2,0.9991849064826965
9342,3,3,0.9998694658279419
9343,6,6,0.9999990463256836
9344,4,4,0.9999589920043945
9345,1,1,0.999828577041626
9346,2,2,0.9693140983581543
9347,4,4,0.9999873638153076
9348,1,1,0.9998449087142944
9349,5,5,0.9999997615814209
9350,4,4,0.9999498128890991
9351,2,2,0.9998482465744019
9352,0,0,0.999998927116394
9353,4,4,0.9999819993972778
9354,8,8,0.9996815919876099
9355,6,6,1.0
9356,1,1,0.9979694485664368
9357,9,9,0.999887228012085
9358,0,0,0.9999955892562866
9359,2,2,0.9999996423721313
9360,5,5,0.9999994039535522
9361,6,6,0.9999985694885254
9362,9,9,0.9995396137237549
9363,3,3,0.9999920129776001
9364,6,6,0.9999957084655762
9365,3,3,0.9999997615814209
9366,6,6,0.9999736547470093
9367,0,0,1.0
9368,1,1,0.9998831748962402
9369,2,2,0.999993085861206
9370,3,3,0.9999998807907104
9371,4,4,0.9999998807907104
9372,5,5,0.9999344348907471
9373,6,6,0.9999998807907104
9374,7,7,0.9999996423721313
9375,8,8,0.9997957348823547
9376,9,9,0.9999897480010986
9377,0,0,0.9999949932098389
9378,1,1,0.9994215965270996
9379,2,2,0.9999995231628418
9380,3,3,0.9999997615814209
9381,4,4,0.9999978542327881
9382,5,5,0.9999666213989258
9383,6,6,0.9999998807907104
9384,7,7,0.9999779462814331
9385,8,8,0.9964221715927124
9386,9,9,0.9998871088027954
9387,0,0,0.9999862909317017
9388,1,1,0.9998712539672852
9389,2,2,1.0
9390,3,3,0.9999940395355225
9391,5,5,0.9999871253967285
9392,6,6,0.9999995231628418
9393,7,7,0.9999967813491821
9394,8,8,0.9995018243789673
9395,1,1,0.9995144605636597
9396,0,0,0.999996542930603
9397,9,9,0.9999890327453613
9398,5,5,0.9999922513961792
9399,7,7,0.9999995231628418
9400,5,5,0.9999853372573853
9401,1,1,0.9996498823165894
9402,8,8,0.9999754428863525
9403,6,6,0.9999998807907104
9404,9,9,0.9999953508377075
9405,0,0,0.9999994039535522
9406,4,4,0.999976634979248
9407,1,1,0.9985451698303223
9408,9,9,0.999997615814209
9409,3,3,0.9999996423721313
9410,8,8,0.9971575736999512
9411,4,4,0.9999818801879883
9412,4,4,0.9999990463256836
9413,7,7,0.9999568462371826
9414,0,0,0.9999991655349731
9415,1,1,0.9997367262840271
9416,9,9,0.9999872446060181
9417,2,2,0.9999984502792358
9418,8,8,0.999996542930603
9419,7,7,0.9999966621398926
9420,8,8,0.9999963045120239
9421,2,2,0.9968178272247314
9422,5,5,0.999988317489624
9423,9,9,0.9997683167457581
9424,6,6,0.9999998807907104
9425,0,0,0.9999129772186279
9426,6,6,0.9999158382415771
9427,5,5,0.9999754428863525
9428,5,5,0.9999949932098389
9429,3,3,0.9999995231628418
9430,3,3,0.9999986886978149
9431,3,3,0.9999988079071045
9432,9,9,0.9999839067459106
9433,8,8,0.9999713897705078
9434,1,1,0.9994150400161743
9435,1,1,0.9990383386611938
9436,0,0,0.9997543692588806
9437,6,6,0.9999998807907104
9438,1,1,0.9998257756233215
9439,0,0,0.999997615814209
9440,0,0,0.9999946355819702
9441,6,6,0.9999897480010986
9442,2,2,0.9999998807907104
9443,1,1,0.9996107220649719
9444,1,1,0.9990923404693604
9445,3,3,1.0
9446,2,2,0.9936144351959229
9447,7,7,0.9998880624771118
9448,7,7,0.9996906518936157
9449,8,8,0.9999874830245972
9450,8,8,0.9981485605239868
9451,7,7,0.9999958276748657
9452,8,8,0.9999920129776001
9453,4,4,0.9999998807907104
9454,6,6,0.9999983310699463
9455,0,0,0.999998927116394
9456,2,2,0.9994726777076721
9457,0,0,0.9999932050704956
9458,7,7,0.9999856948852539
9459,0,0,0.9999996423721313
9460,3,3,1.0
9461,6,6,0.999994158744812
9462,8,8,0.9999991655349731
9463,7,7,0.999908447265625
9464,1,1,0.9997439980506897
9465,5,5,0.9999957084655762
9466,9,9,0.9993608593940735
9467,9,9,0.9999873638153076
9468,3,3,0.9999994039535522
9469,7,7,0.9991002082824707
9470,2,2,0.9999995231628418
9471,4,4,0.9999966621398926
9472,9,9,0.9999953508377075
9473,4,4,0.9999743700027466
9474,3,3,0.9999954700469971
9475,6,6,0.9999997615814209
9476,2,2,0.9999998807907104
9477,2,2,0.9999868869781494
9478,5,5,0.9999585151672363
9479,3,3,0.9999955892562866
9480,2,2,0.9999994039535522
9481,5,5,0.9999892711639404
9482,5,5,0.9999973773956299
9483,9,9,0.9995706677436829
9484,4,4,0.9999971389770508
9485,1,1,0.9997949004173279
9486,7,7,0.9999940395355225
9487,2,2,0.9999665021896362
9488,0,0,0.9999871253967285
9489,1,1,0.9999094009399414
9490,2,2,0.9928656816482544
9491,3,3,0.9815111756324768
9492,4,4,0.9965144991874695
9493,5,5,0.9999996423721313
9494,6,6,0.9999991655349731
9495,7,7,0.9999421834945679
9496,8,8,0.9999808073043823
9497,9,9,0.9967765212059021
9498,0,0,0.9999992847442627
9499,1,1,0.9986764788627625
9500,2,2,0.9993488192558289
9501,3,3,0.9967716336250305
9502,4,4,0.9999892711639404
9503,5,5,0.9999986886978149
9504,6,6,0.9999997615814209
9505,7,7,0.9023471474647522
9506,8,8,0.9999990463256836
9507,9,9,0.9990869760513306
9508,0,0,0.9989905953407288
9509,1,1,0.9999239444732666
9510,2,2,0.9999990463256836
9511,3,3,0.9999991655349731
9512,4,4,0.997042715549469
9513,5,5,0.9999920129776001
9514,6,6,0.9999992847442627
9515,7,7,0.9998791217803955
9516,8,8,0.9999988079071045
9517,9,9,0.9416646957397461
9518,1,1,0.9998323917388916
9519,0,0,0.9999960660934448
9520,1,1,0.9999324083328247
9521,2,2,0.9999991655349731
9522,7,7,0.9997194409370422
9523,5,5,0.9999997615814209
9524,3,3,0.9999938011169434
9525,4,4,0.9999923706054688
9526,4,4,0.9998149275779724
9527,0,0,0.9998200535774231
9528,0,0,0.9999971389770508
9529,6,6,0.9999998807907104
9530,9,9,0.7381372451782227
9531,6,6,0.9999393224716187
9532,6,6,0.9999991655349731
9533,5,5,0.9999104738235474
9534,7,7,0.9998829364776611
9535,2,2,0.9999969005584717
9536,3,3,0.9992318153381348
9537,4,4,0.9998342990875244
9538,4,4,0.9526575803756714
9539,9,9,0.9136188626289368
9540,1,1,0.945623517036438
9541,4,4,0.99921715259552
9542,0,0,0.9999583959579468
9543,7,7,0.9999842643737793
9544,9,9,0.9865951538085938
9545,5,5,0.9999926090240479
9546,7,7,0.9999655485153198
9547,2,2,0.9999998807907104
9548,3,3,0.9999953508377075
9549,1,1,0.9996359348297119
9550,4,4,0.9982465505599976
9551,4,4,0.9998900890350342
9552,0,0,0.9996852874755859
9553,9,9,0.997391939163208
9554,9,9,0.9946317672729492
9555,6,6,0.9999996423721313
9556,1,1,0.9998761415481567
9557,8,8,0.9996838569641113
9558,3,3,0.9999996423721313
9559,3,3,0.9999411106109619
9560,7,7,0.9989593029022217
9561,3,3,0.9999842643737793
9562,9,9,0.9981745481491089
9563,8,8,0.9983521699905396
9564,8,8,0.9990565180778503
9565,4,4,0.9999997615814209
9566,7,7,0.999983549118042
9567,7,7,0.9997387528419495
9568,6,6,0.9999995231628418
9569,2,2,0.9997374415397644
9570,1,1,0.9997665286064148
9571,9,9,0.9895578026771545
9572,8,8,0.9999079704284668
9573,7,7,0.9999945163726807
9574,8,8,0.9999549388885498
9575,8,8,0.9999796152114868
9576,7,7,0.9982023239135742
9577,2,2,0.9999723434448242
9578,2,2,0.9999127388000488
9579,3,3,0.9999988079071045
9580,9,9,0.9979142546653748
9581,3,3,0.999992847442627
9582,3,3,0.9999977350234985
9583,5,5,0.9999942779541016
9584,5,5,0.999995231628418
9585,0,0,0.9998791217803955
9586,7,7,0.999972939491272
9587,9,9,0.9120766520500183
9588,5,5,0.9999998807907104
9589,6,6,1.0
9590,5,5,1.0
9591,1,1,0.9995630383491516
9592,4,4,0.9994981288909912
9593,1,1,0.9999111890792847
9594,1,1,0.9987635612487793
9595,2,2,0.9904946088790894
9596,8,8,0.9952396154403687
9597,2,2,0.9999972581863403
9598,6,6,1.0
9599,1,1,0.9967807531356812
9600,5,5,0.9999985694885254
9601,0,0,0.9999897480010986
9602,1,1,0.9995923638343811
9603,2,2,0.9999303817749023
9604,3,3,1.0
9605,4,4,0.9999659061431885
9606,5,5,0.9998515844345093
9607,6,6,0.9776657819747925
9608,7,7,0.9998520612716675
9609,8,8,0.9999945163726807
9610,9,9,0.9997140765190125
9611,0,0,0.9998248219490051
9612,1,1,0.993267297744751
9613,2,2,0.9931136965751648
9614,3,3,0.9999985694885254
9615,4,4,0.9999454021453857
9616,5,5,0.9999984502792358
9617,6,6,0.998230516910553
9618,7,7,0.9996688365936279
9619,8,8,0.9999057054519653
9620,9,9,0.893215537071228
9621,0,0,0.9998699426651001
9622,1,1,0.9803187251091003
9623,2,2,0.9895095825195312
9624,3,3,0.9999649524688721
9625,4,4,0.9846958518028259
9626,5,5,0.9999592304229736
9627,6,5,0.5906232595443726
9628,7,7,0.9997407793998718
9629,8,8,0.8843569755554199
9630,8,8,0.9983230233192444
9631,0,0,0.9999117851257324
9632,6,6,0.9347628951072693
9633,0,0,0.9999696016311646
9634,0,2,0.5958060026168823
9635,2,2,0.9999908208847046
9636,3,3,0.9990108013153076
9637,7,7,0.9988675117492676
9638,9,9,0.861003577709198
9639,4,4,0.9987614154815674
9640,7,7,0.9999305009841919
9641,1,1,0.996980607509613
9642,9,7,0.8958593010902405
9643,1,1,0.9928394556045532
9644,7,7,0.9838353395462036
9645,1,1,0.9993636012077332
9646,4,4,0.9996228218078613
9647,0,0,0.9999997615814209
9648,0,0,0.9999995231628418
9649,1,1,0.9983192086219788
9650,7,7,0.9995468258857727
9651,5,5,0.9997629523277283
9652,7,7,0.9939302206039429
9653,1,1,0.9985452890396118
9654,3,3,0.9999802112579346
9655,3,3,0.9996040463447571
9656,3,3,0.9999983310699463
9657,1,1,0.9995688796043396
9658,6,6,0.9984110593795776
9659,9,9,0.9996997117996216
9660,7,7,0.9999237060546875
9661,1,1,0.9996165037155151
9662,3,3,0.9999934434890747
9663,0,0,0.9811418652534485
9664,2,2,0.867466926574707
9665,6,6,0.9992601275444031
9666,0,0,0.9939606189727783
9667,8,8,0.9998358488082886
9668,9,9,0.9998036026954651
9669,4,7,0.6509316563606262
9670,3,3,0.9999916553497314
9671,5,5,0.9999843835830688
9672,4,4,0.9996179342269897
9673,8,8,0.9999939203262329
9674,1,1,0.9996452331542969
9675,5,5,0.9999808073043823
9676,9,9,0.9653514623641968
9677,0,0,0.8224592208862305
9678,6,6,0.9989651441574097
9679,6,1,0.5391940474510193
9680,3,3,0.9999971389770508
9681,8,8,0.9993746876716614
9682,1,1,0.9993461966514587
9683,4,4,0.9997953772544861
9684,7,7,0.999997615814209
9685,5,5,0.9999752044677734
9686,2,2,0.9857437014579773
9687,0,0,0.9995213747024536
9688,0,0,0.9995631575584412
9689,1,1,0.9996504783630371
9690,7,7,0.9983491897583008
9691,8,8,0.9981904625892639
9692,9,7,0.8713588118553162
9693,6,6,0.7911269068717957
9694,8,8,0.9459061622619629
9695,8,8,0.9995346069335938
9696,2,2,0.9984631538391113
9697,3,3,0.9998205304145813
9698,6,1,0.7903424501419067
9699,1,1,0.9988784193992615
9700,2,2,0.7054033279418945
9701,9,9,0.9970792531967163
9702,5,5,0.9999990463256836
9703,2,2,0.9999661445617676
9704,0,0,0.9999995231628418
9705,1,1,0.9998741149902344
9706,2,2,0.9999972581863403
9707,3,3,0.9999998807907104
9708,4,4,0.9993576407432556
9709,5,5,0.9999159574508667
9710,6,6,0.9992513060569763
9711,7,7,0.9997016787528992
9712,8,8,0.964169442653656
9713,9,9,0.9994943141937256
9714,0,0,0.9941562414169312
9715,1,1,0.9997974038124084
9716,2,2,0.9999703168869019
9717,3,3,0.9999978542327881
9718,4,4,0.9999749660491943
9719,5,5,0.9986894726753235
9720,6,6,0.9978557229042053
9721,7,7,0.9998341798782349
9722,8,8,0.9997817873954773
9723,9,9,0.9995899796485901
9724,0,0,0.999823272228241
9725,1,1,0.9978513717651367
9726,2,2,0.9997739195823669
9727,3,3,0.9999985694885254
9728,4,4,0.999457061290741
9729,5,6,0.9751459360122681
9730,6,6,0.973660409450531
9731,7,7,0.9968135952949524
9732,8,8,0.9996649026870728
9733,9,9,0.9933597445487976
9734,7,7,0.9998173117637634
9735,4,4,0.9729280471801758
9736,6,6,0.9939461350440979
9737,1,1,0.9993662238121033
9738,4,4,0.9999665021896362
9739,0,0,0.9991243481636047
9740,9,9,0.999785840511322
9741,9,9,0.9990216493606567
9742,3,3,0.9677019715309143
9743,7,7,0.9989597797393799
9744,8,8,0.9981070756912231
9745,4,4,0.9970773458480835
9746,7,7,0.9994557499885559
9747,5,5,0.9999675750732422
9748,8,8,0.9998218417167664
9749,5,5,0.9379029870033264
9750,3,3,0.9999644756317139
9751,2,2,0.9994032382965088
9752,2,2,0.9999940395355225
9753,0,0,0.9999935626983643
9754,5,5,0.8191183805465698
9755,8,8,0.991689145565033
9756,6,6,0.9997401833534241
9757,0,0,0.999988317489624
9758,3,3,0.99991774559021
9759,8,8,0.9991717338562012
9760,1,1,0.9978569149971008
9761,0,0,0.9998573064804077
9762,3,3,0.9820948243141174
9763,0,0,0.9998589754104614
9764,4,4,0.9994643330574036
9765,7,7,0.9998910427093506
9766,4,4,0.9999918937683105
9767,9,9,0.9998121857643127
9768,2,2,0.8518788814544678
9769,9,9,0.997406542301178
9770,5,5,0.5871721506118774
9771,7,7,0.9993458390235901
9772,1,1,0.9996970891952515
9773,7,7,0.9988932013511658
9774,1,1,0.9985619187355042
9775,6,6,0.999948263168335
9776,6,6,0.9992768168449402
9777,5,5,0.8514694571495056
9778,6,6,0.9993898868560791
9779,2,2,0.8979674577713013
9780,8,8,0.9765892624855042
9781,7,7,0.9878107905387878
9782,6,6,0.9890053868293762
9783,4,4,0.999987006187439
9784,9,9,0.9997966885566711
9785,9,9,0.9999314546585083
9786,5,5,0.9999827146530151
9787,3,3,0.9999951124191284
9788,7,7,0.9997014403343201
9789,4,4,0.99781334400177
9790,3,3,0.9999978542327881
9791,0,0,0.9999171495437622
9792,4,9,0.5659868121147156
9793,6,6,0.9888584613800049
9794,6,6,0.9989230036735535
9795,1,1,0.9853641390800476
9796,1,1,0.9991915822029114
9797,3,3,0.9999760389328003
9798,2,2,0.9999997615814209
9799,1,1,0.9996793270111084
9800,0,0,0.9996194839477539
9801,0,0,0.9999995231628418
9802,1,1,0.9998327493667603
9803,2,2,0.999534010887146
9804,3,3,0.9999998807907104
9805,4,4,0.9999969005584717
9806,7,7,0.9999513626098633
9807,8,8,0.9999985694885254
9808,9,9,0.9998821020126343
9809,0,0,0.9999929666519165
9810,1,1,0.9998204112052917
9811,2,2,0.8767141699790955
9812,3,3,0.9999988079071045
9813,4,4,0.9999948740005493
9814,5,5,0.9999982118606567
9815,6,6,0.9997743964195251
9816,7,7,0.9987761378288269
9817,8,8,0.9977675676345825
9818,0,0,0.9999767541885376
9819,1,1,0.9997928738594055
9820,2,2,0.995715320110321
9821,3,3,1.0
9822,4,4,0.9999996423721313
9823,7,7,0.999951958656311
9824,8,8,0.9991463422775269
9825,9,9,0.9998857975006104
9826,0,0,0.9999356269836426
9827,8,8,0.9999850988388062
9828,3,3,0.99964439868927
9829,9,9,0.99764484167099
9830,5,5,0.9999219179153442
9831,5,5,0.9983460903167725
9832,2,2,0.9805039167404175
9833,6,6,0.9993970394134521
9834,8,8,0.9948866963386536
9835,4,4,0.9999942779541016
9836,1,1,0.9999212026596069
9837,7,7,0.9994027614593506
9838,1,1,0.9998917579650879
9839,2,7,0.4549619257450104
9840,3,3,0.9993916749954224
9841,5,5,0.9999667406082153
9842,6,6,0.999900221824646
9843,9,9,0.984734296798706
9844,1,1,0.9993925094604492
9845,1,1,0.9997870326042175
9846,1,1,0.9998601675033569
9847,2,2,0.9537373185157776
9848,1,1,0.9998582601547241
9849,2,2,0.7691691517829895
9850,0,0,0.9441561102867126
9851,7,7,0.9999068975448608
9852,7,7,0.9989297986030579
9853,5,5,0.9998766183853149
9854,8,8,0.9999185800552368
9855,2,2,0.9953870177268982
9856,9,9,0.9835419654846191
9857,8,8,0.9977405071258545
9858,6,6,0.9944561123847961
9859,7,7,0.9999333620071411
9860,3,3,0.9999997615814209
9861,4,4,0.9999998807907104
9862,6,6,0.9979408383369446
9863,8,8,0.9966872334480286
9864,7,7,0.9993603825569153
9865,0,0,0.9998722076416016
9866,4,4,0.9999994039535522
9867,2,2,0.9970231652259827
9868,7,7,0.99962317943573
9869,7,7,0.9999886751174927
9870,5,5,0.9999991655349731
9871,4,4,0.9999880790710449
9872,3,3,0.9999990463256836
9873,4,4,0.9904873967170715
9874,2,2,0.9784682393074036
9875,8,8,0.9986342787742615
9876,1,1,0.9997243285179138
9877,5,5,0.9999566078186035
9878,1,1,0.9997588992118835
9879,0,0,0.9254997968673706
9880,2,2,0.9997618794441223
9881,3,3,0.999997615814209
9882,3,3,0.9999723434448242
9883,5,5,0.9402584433555603
9884,7,7,0.9978882670402527
9885,0,0,0.9999287128448486
9886,6,6,0.9988038539886475
9887,8,8,0.9884554147720337
9888,6,6,0.9354634881019592
9889,3,3,0.9999750852584839
9890,9,9,0.9946678876876831
9891,9,9,0.9399510025978088
9892,8,8,0.8893498182296753
9893,2,2,0.9956153631210327
9894,7,7,0.9989113807678223
9895,7,7,0.99985671043396
9896,1,1,0.9997109770774841
9897,0,0,0.9999948740005493
9898,1,1,0.9997326731681824
9899,7,7,0.9999353885650635
9900,8,8,0.9997307658195496
9901,9,9,0.9999868869781494
9902,0,0,0.9995527863502502
9903,1,1,0.9992615580558777
9904,2,2,0.9543873071670532
9905,3,3,0.9969215989112854
9906,4,4,0.9992075562477112
9907,5,5,0.9999287128448486
9908,6,6,0.999992847442627
9909,7,7,0.9998958110809326
9910,8,8,0.99992835521698
9911,0,0,0.9999368190765381
9912,1,1,0.9987567663192749
9913,2,2,0.977903425693512
9914,3,3,0.9999732971191406
9915,4,4,0.9998051524162292
9916,7,7,0.9999295473098755
9917,8,8,0.9999929666519165
9918,9,9,0.9998372793197632
9919,7,7,0.9987951517105103
9920,8,8,0.9999696016311646
9921,6,6,0.9999872446060181
9922,4,4,0.7991164326667786
9923,1,1,0.9997585415840149
9924,9,9,0.9987123012542725
9925,3,3,0.9993855953216553
9926,8,8,0.9981022477149963
9927,4,4,0.9999871253967285
9928,4,4,0.9999994039535522
9929,7,7,0.9999706745147705
9930,0,0,0.9999955892562866
9931,1,1,0.9993908405303955
9932,9,9,0.9999351501464844
9933,2,2,0.9999978542327881
9934,8,8,0.9999963045120239
9935,7,7,0.9994531273841858
9936,8,8,0.9999902248382568
9937,2,2,0.999985933303833
9938,6,6,0.999992847442627
9939,0,0,0.9999899864196777
9940,6,6,0.9999332427978516
9941,5,5,0.9999947547912598
9942,3,3,0.9999997615814209
9943,3,3,0.9999915361404419
9944,3,3,0.9999775886535645
9945,9,9,0.9998069405555725
9946,1,1,0.9997804760932922
9947,4,4,0.9998074173927307
9948,0,0,0.9999617338180542
9949,6,6,0.9999985694885254
9950,1,1,0.9995784163475037
9951,0,0,0.9999575614929199
9952,0,0,0.9999796152114868
9953,6,6,0.9999442100524902
9954,2,2,0.9999454021453857
9955,1,1,0.9987080097198486
9956,1,1,0.9996660947799683
9957,7,7,0.9995689988136292
9958,7,7,0.9997965693473816
9959,8,8,0.9978522062301636
9960,4,4,0.9999934434890747
9961,6,6,0.9999998807907104
9962,0,0,0.9999896287918091
9963,7,7,0.9999121427536011
9964,0,0,0.9998099207878113
9965,3,3,0.9998816251754761
9966,6,6,0.9999998807907104
9967,8,8,0.9999774694442749
9968,7,7,0.9997842907905579
9969,1,1,0.9992554783821106
9970,5,5,0.999763548374176
9971,2,2,0.9999862909317017
9972,4,4,0.9999353885650635
9973,9,9,0.999948263168335
9974,4,4,0.9998818635940552
9975,3,3,0.9825907349586487
9976,6,6,0.9973983764648438
9977,4,4,0.9999533891677856
9978,1,1,0.9992473125457764
9979,7,7,0.9999570846557617
9980,2,2,0.99998939037323
9981,6,6,0.9961681962013245
9982,5,5,0.9970620274543762
9983,0,0,0.9999984502792358
9984,1,1,0.9998000264167786
9985,2,2,0.9960965514183044
9986,3,3,0.9999771118164062
9987,4,4,0.9999866485595703
9988,5,5,0.9999992847442627
9989,6,6,0.9999947547912598
9990,7,7,0.9999430179595947
9991,8,8,0.9999078512191772
9992,9,9,0.9995697140693665
9993,0,0,0.999849796295166
9994,1,1,0.9998385906219482
9995,2,2,0.9998922348022461
9996,3,3,0.9999325275421143
9997,4,4,0.9996286630630493
9998,5,5,0.9999772310256958
9999,6,6,0.999967098236084
