index,true,pred,confidence
0,7,7,0.9999841451644897
1,2,2,0.9999986886978149
2,1,1,0.9992583394050598
3,0,0,0.9985446929931641
4,4,4,0.9999949932098389
5,1,1,0.9997105002403259
6,4,4,0.9992658495903015
7,9,9,0.9960514903068542
8,5,5,0.8418917059898376
9,9,9,0.9997455477714539
10,0,0,0.9999469518661499
11,6,6,0.9999502897262573
12,9,9,0.999663233757019
13,0,0,0.9999990463256836
14,1,1,0.9989463686943054
15,5,5,0.9875734448432922
16,9,9,0.9997461438179016
17,7,7,0.999964714050293
18,3,3,0.741208553314209
19,4,4,0.9997932314872742
20,9,9,0.9936920404434204
21,6,6,0.9993313550949097
22,6,6,0.9999414682388306
23,5,5,0.9999992847442627
24,4,4,0.9997020363807678
25,0,0,0.9959514141082764
26,7,7,0.9979078769683838
27,4,4,0.9999998807907104
28,0,0,0.9999607801437378
29,1,1,0.9985494017601013
30,3,3,0.9999982118606567
31,1,1,0.9986812472343445
32,3,3,0.999998927116394
33,4,4,0.9999082088470459
34,7,7,0.9999393224716187
35,2,2,0.9999983310699463
36,7,7,0.9998506307601929
37,1,1,0.999609649181366
38,2,2,0.9999617338180542
39,1,1,0.9995324611663818
40,1,1,0.9849581718444824
41,7,7,0.992635190486908
42,4,4,0.9998588562011719
43,2,2,0.9980168342590332
44,3,3,0.9997356534004211
45,5,5,0.9973402619361877
46,1,1,0.9974564909934998
47,2,2,0.999849796295166
48,4,4,0.9999929666519165
49,4,4,1.0
50,6,6,0.9994926452636719
51,3,3,0.9999972581863403
52,5,5,0.9999997615814209
53,5,5,0.9994720816612244
54,6,6,0.9999973773956299
55,0,0,0.9999779462814331
56,4,4,0.9999998807907104
57,1,1,0.9981768131256104
58,9,9,0.999992847442627
59,5,5,0.9970325231552124
60,7,7,0.9999938011169434
61,8,8,0.9998782873153687
62,9,5,0.9180532693862915
63,3,3,0.9996359348297119
64,7,7,0.9999716281890869
65,4,4,0.9872544407844543
66,6,6,0.9997410178184509
67,4,4,0.9999021291732788
68,3,3,0.9999979734420776
69,0,0,0.999969482421875
70,7,7,0.9998193383216858
71,0,0,0.9999983310699463
72,2,2,1.0
73,9,9,0.9610246419906616
74,1,1,0.9995918869972229
75,7,7,0.9999821186065674
76,3,3,0.9999943971633911
77,2,2,0.9988499879837036
78,9,9,0.9005593657493591
79,7,7,0.9936652183532715
80,7,7,0.9979470372200012
81,6,6,0.9999709129333496
82,2,2,0.9999984502792358
83,7,7,0.9999768733978271
84,8,8,0.9994120597839355
85,4,4,0.9999986886978149
86,7,7,0.999739944934845
87,3,2,0.5081017017364502
88,6,6,1.0
89,1,1,0.9984142780303955
90,3,3,0.9999998807907104
91,6,6,0.9999985694885254
92,9,9,0.6579957008361816
93,3,3,0.9999908208847046
94,1,1,0.9929792284965515
95,4,6,0.5034701228141785
96,1,1,0.9963043928146362
97,7,7,0.9999872446060181
98,6,6,0.9999227523803711
99,9,9,0.9999955892562866
100,6,6,0.9999489784240723
101,0,0,0.9999814033508301
102,5,5,0.9999940395355225
103,4,4,1.0
104,9,9,0.9988920092582703
105,9,9,0.999862790107727
106,2,2,0.9999938011169434
107,1,1,0.9947649240493774
108,9,9,0.9995649456977844
109,4,4,0.9999831914901733
110,8,8,0.9999849796295166
111,7,7,0.9596087336540222
112,3,3,0.9999748468399048
113,9,9,0.9999645948410034
114,7,7,0.999969482421875
115,4,4,0.8910410404205322
116,4,4,0.9987670183181763
117,4,4,0.9999997615814209
118,9,9,0.9957748055458069
119,2,2,0.9982348680496216
120,5,5,0.9999957084655762
121,4,4,0.9729419350624084
122,7,7,0.9994404911994934
123,6,6,0.9999990463256836
124,7,7,0.9994407296180725
125,9,9,0.9992352724075317
126,0,0,0.9999982118606567
127,5,5,1.0
128,8,8,0.9999977350234985
129,5,5,0.9999992847442627
130,6,6,0.9999841451644897
131,6,6,0.9999687671661377
132,5,5,0.999975323677063
133,7,7,0.9999964237213135
134,8,8,0.9999839067459106
135,1,1,0.9996623992919922
136,0,0,0.999941349029541
137,1,1,0.9994012117385864
138,6,6,0.9999997615814209
139,4,4,0.9997783303260803
140,6,6,0.9997513890266418
141,7,7,0.9999995231628418
142,3,3,0.9999758005142212
143,1,1,0.9995697140693665
144,7,7,0.9994957447052002
145,1,1,0.998846173286438
146,8,8,0.9999823570251465
147,2,2,0.9999970197677612
148,0,0,0.9999103546142578
149,2,2,0.9964960217475891
150,9,9,0.9998953342437744
151,9,8,0.5922175049781799
152,5,5,0.9999992847442627
153,5,5,0.9994333386421204
154,1,1,0.9986448884010315
155,5,5,0.9999984502792358
156,6,6,0.9999998807907104
157,0,0,0.99994957447052
158,3,3,0.979923665523529
159,4,4,0.9989277720451355
160,4,4,0.9989305138587952
161,6,6,0.999897837638855
162,5,5,1.0
163,4,4,1.0
164,6,6,0.9999991655349731
165,5,5,0.9999607801437378
166,4,4,0.9999809265136719
167,5,5,0.9984205961227417
168,1,1,0.9980185031890869
169,4,4,0.999716579914093
170,4,4,0.9999829530715942
171,7,7,0.8021569848060608
172,2,2,0.999901294708252
173,3,3,0.9999409914016724
174,2,2,0.9999740123748779
175,7,7,0.7772254347801208
176,1,1,0.9943115711212158
177,8,8,0.9924992918968201
178,1,1,0.9997738003730774
179,8,8,0.9998795986175537
180,1,1,0.9996904134750366
181,8,8,0.9999992847442627
182,5,5,0.9999678134918213
183,0,0,0.9999990463256836
184,8,8,0.7289778590202332
185,9,9,0.983026921749115
186,2,2,0.9999786615371704
187,5,5,0.9999314546585083
188,0,0,0.9987534284591675
189,1,1,0.9984696507453918
190,1,1,0.9970242381095886
191,1,1,0.9959562420845032
192,0,0,0.9999759197235107
193,9,9,0.9530590176582336
194,0,0,0.9992832541465759
195,3,3,0.8948662877082825
196,1,1,0.999572217464447
197,6,6,0.9999227523803711
198,4,4,0.9999749660491943
199,2,2,0.9985654950141907
200,3,3,0.9999821186065674
201,6,6,0.9999988079071045
202,1,1,0.9996418952941895
203,1,1,0.9974985718727112
204,1,1,0.9988653659820557
205,3,3,0.999919056892395
206,9,9,0.9979097247123718
207,5,5,0.9988250136375427
208,2,2,0.9999955892562866
209,9,9,0.9919143915176392
210,4,4,0.9999995231628418
211,5,5,0.9154610633850098
212,9,9,0.9998860359191895
213,3,3,0.9998319149017334
214,9,9,0.8233600854873657
215,0,0,0.9999808073043823
216,3,3,0.9999986886978149
217,6,6,0.994796097278595
218,5,5,0.9999886751174927
219,5,5,0.9999932050704956
220,7,7,0.9990344047546387
221,2,2,0.9957310557365417
222,2,2,0.9998453855514526
223,7,7,0.9965798258781433
224,1,1,0.9958875775337219
225,2,2,0.9981427192687988
226,8,8,0.9990967512130737
227,4,4,0.9977719187736511
228,1,1,0.9972450733184814
229,7,7,0.9957278966903687
230,3,3,0.9999610185623169
231,3,3,0.9999827146530151
232,8,8,0.9994530081748962
233,8,8,0.9999961853027344
234,7,7,0.9968444108963013
235,9,9,0.998529314994812
236,2,2,0.9999994039535522
237,2,2,0.9999984502792358
238,4,4,0.9999996423721313
239,1,1,0.9993010759353638
240,5,5,0.9999322891235352
241,9,9,0.7928833365440369
242,8,8,0.9280884265899658
243,7,7,0.9995985627174377
244,2,2,0.997660756111145
245,3,3,0.9951664209365845
246,0,0,1.0
247,4,4,0.8186527490615845
248,4,4,0.9999964237213135
249,2,2,0.9996607303619385
250,4,4,0.9990007281303406
251,1,1,0.9978082776069641
252,9,9,0.9999351501464844
253,5,5,0.9998248219490051
254,7,7,0.9998162388801575
255,7,7,0.9961166381835938
256,2,2,0.9999247789382935
257,8,8,0.9942073822021484
258,2,2,0.9999325275421143
259,6,6,0.9964584708213806
260,8,8,0.9999915361404419
261,5,5,0.9999681711196899
262,7,7,0.9999951124191284
263,7,7,0.9987958669662476
264,9,9,0.9973961114883423
265,1,1,0.997570812702179
266,8,8,0.9433527588844299
267,1,1,0.998997151851654
268,8,8,0.9999991655349731
269,0,0,0.9995511174201965
270,3,3,0.9999899864196777
271,0,0,0.9999071359634399
272,1,1,0.9996108412742615
273,9,9,0.9980295300483704
274,9,9,0.9994997978210449
275,4,4,0.9997900128364563
276,1,1,0.9999568462371826
277,8,8,0.999954342842102
278,2,2,0.9999899864196777
279,1,1,0.9995310306549072
280,2,2,0.9997426867485046
281,9,9,0.9998206496238708
282,7,7,0.9955207109451294
283,5,5,0.9998834133148193
284,9,9,0.9998069405555725
285,2,2,0.9999995231628418
286,6,6,0.9997614026069641
287,4,4,0.9991340041160583
288,1,1,0.9988442659378052
289,5,5,0.9999065399169922
290,8,6,0.519726574420929
291,2,2,0.999902606010437
292,9,9,0.9905298352241516
293,2,2,0.9999985694885254
294,0,0,0.999863862991333
295,4,4,0.9999089241027832
296,0,0,0.9999991655349731
297,0,0,0.9993072748184204
298,2,2,0.9999964237213135
299,8,8,0.9999957084655762
300,4,4,0.9994252920150757
301,7,7,0.9995730519294739
302,1,1,0.9994828701019287
303,2,2,0.9995570778846741
304,4,4,0.9999246597290039
305,0,0,0.9999995231628418
306,2,2,0.999984622001648
307,7,7,0.9994675517082214
308,4,4,0.9998635053634644
309,3,3,0.9999984502792358
310,3,3,0.9999912977218628
311,0,0,0.9999914169311523
312,0,0,0.9999808073043823
313,3,3,0.9999997615814209
314,1,1,0.9988295435905457
315,9,9,0.9983729124069214
316,6,6,0.977371335029602
317,5,5,0.999164342880249
318,2,2,0.9977982044219971
319,5,5,0.9999970197677612
320,9,9,0.7314104437828064
321,2,2,0.812290370464325
322,9,9,0.9989328980445862
323,3,3,0.9999924898147583
324,0,0,0.9756540060043335
325,4,4,0.9920276999473572
326,2,2,0.933774471282959
327,0,0,0.9999328851699829
328,7,7,0.9999221563339233
329,1,1,0.9998190999031067
330,1,1,0.9991557598114014
331,2,2,0.9998760223388672
332,1,1,0.9998295307159424
333,5,5,0.9977573752403259
334,3,3,0.9999974966049194
335,3,3,0.9998998641967773
336,9,9,0.9996436834335327
337,7,7,0.9897415637969971
338,8,8,0.9993723034858704
339,6,6,0.98453289270401
340,5,5,0.8959993124008179
341,6,6,0.9990133047103882
342,1,1,0.9997547268867493
343,3,3,0.9999998807907104
344,8,8,0.9999243021011353
345,1,1,0.9994921684265137
346,0,0,0.9999932050704956
347,5,5,0.99998939037323
348,1,1,0.9998726844787598
349,3,3,0.9998831748962402
350,1,1,0.9970359802246094
351,5,5,0.9999996423721313
352,5,5,0.9896296858787537
353,6,6,0.9991002082824707
354,1,1,0.9998255372047424
355,8,8,0.9986042380332947
356,5,5,0.9999991655349731
357,1,1,0.9973320960998535
358,7,7,0.9903281331062317
359,9,9,0.6082671284675598
360,4,4,0.9999468326568604
361,6,6,1.0
362,2,2,0.9993783235549927
363,2,2,0.9998507499694824
364,5,5,0.9999998807907104
365,0,0,0.9999057054519653
366,6,6,0.9997872710227966
367,5,5,0.9999879598617554
368,6,6,0.9983622431755066
369,3,3,0.9999114274978638
370,7,7,0.9999198913574219
371,2,2,0.9999954700469971
372,0,0,0.9999948740005493
373,8,8,0.9999959468841553
374,8,8,0.9999974966049194
375,5,5,1.0
376,4,4,0.9979923963546753
377,1,1,0.9995148181915283
378,1,1,0.994695246219635
379,4,4,0.9999996423721313
380,0,0,0.9999918937683105
381,3,3,0.9923844337463379
382,3,3,0.9999990463256836
383,7,7,0.9997718930244446
384,6,6,0.9999954700469971
385,1,1,0.9982821941375732
386,6,6,0.999672532081604
387,2,2,0.9998462200164795
388,1,1,0.9995414018630981
389,9,9,0.9965459704399109
390,2,2,0.9999910593032837
391,8,8,0.999427080154419
392,6,6,0.9999959468841553
393,1,1,0.9995137453079224
394,9,9,0.9987719655036926
395,5,5,0.9999697208404541
396,2,2,0.9999978542327881
397,5,5,0.9997327923774719
398,4,4,0.999974250793457
399,4,4,0.999995231628418
400,2,2,0.99607253074646
401,8,8,0.9988805651664734
402,3,3,0.9999984502792358
403,8,8,0.9997809529304504
404,2,2,0.9991133809089661
405,4,4,0.999997615814209
406,5,5,0.9989705085754395
407,0,0,0.9999978542327881
408,3,3,0.9985274076461792
409,1,1,0.9896008372306824
410,7,7,0.9999932050704956
411,7,7,0.9874106049537659
412,5,5,0.9721238017082214
413,7,7,0.9999494552612305
414,9,9,0.9997908473014832
415,7,7,0.9986521601676941
416,1,1,0.998875081539154
417,9,9,0.9888890981674194
418,2,2,0.9999947547912598
419,1,1,0.9994755387306213
420,4,4,0.9989669322967529
421,2,2,0.9998047947883606
422,9,9,0.999882698059082
423,2,2,0.9999880790710449
424,0,0,0.9999573230743408
425,4,4,0.9999923706054688
426,9,9,0.9989305138587952
427,1,1,0.9989097118377686
428,4,4,0.9999970197677612
429,8,8,0.9999996423721313
430,1,1,0.9997511506080627
431,8,8,0.9998559951782227
432,4,4,0.9975607395172119
433,5,5,0.9999996423721313
434,9,9,0.9996881484985352
435,8,8,0.9813148379325867
436,8,8,0.9999666213989258
437,3,3,0.999900221824646
438,7,7,0.99922776222229
439,6,6,0.9954734444618225
440,0,0,0.9999933242797852
441,0,0,0.9997764229774475
442,3,3,0.9999988079071045
443,0,0,0.9982801675796509
444,2,2,0.922324001789093
445,6,6,0.8560595512390137
446,6,6,0.9997337460517883
447,4,4,0.9955022931098938
448,9,9,0.8083828091621399
449,3,5,0.708717942237854
450,3,3,0.9977797865867615
451,3,3,0.9999967813491821
452,2,2,0.9999943971633911
453,3,3,0.9999979734420776
454,9,9,0.9999293088912964
455,1,1,0.9998370409011841
456,2,2,0.9993937015533447
457,6,6,0.9955315589904785
458,8,8,0.9999998807907104
459,0,0,0.9999939203262329
460,5,5,0.9983295798301697
461,6,6,1.0
462,6,6,0.9986972212791443
463,6,6,0.9999992847442627
464,3,3,0.9993269443511963
465,8,8,0.9996401071548462
466,8,8,0.9998583793640137
467,2,2,0.9999377727508545
468,7,7,0.9636861085891724
469,5,5,0.9999361038208008
470,8,8,0.9997474551200867
471,9,9,0.9887479543685913
472,6,6,0.9999992847442627
473,1,1,0.9931025505065918
474,8,8,0.9996867179870605
475,4,4,0.999998927116394
476,1,1,0.9997351765632629
477,2,2,0.9999992847442627
478,5,5,0.9982264637947083
479,9,9,0.9300069808959961
480,1,1,0.9855403304100037
481,9,9,0.9999862909317017
482,7,7,0.9999969005584717
483,5,5,0.9989022016525269
484,4,4,0.9999704360961914
485,0,0,0.9987977743148804
486,8,8,0.9999983310699463
487,9,9,0.9997313618659973
488,9,9,0.9964941143989563
489,1,1,0.9993638396263123
490,0,0,0.9970178604125977
491,5,5,0.999854564666748
492,2,2,0.9992938041687012
493,3,3,1.0
494,7,7,0.9999669790267944
495,8,8,0.8333415985107422
496,9,9,0.99996018409729
497,4,8,0.6035392880439758
498,0,0,0.9999154806137085
499,6,6,0.997593343257904
500,3,3,0.9999982118606567
501,9,9,0.9999972581863403
502,5,5,0.9999066591262817
503,2,2,1.0
504,1,1,0.9988945126533508
505,3,3,0.9999707937240601
506,1,1,0.9989909529685974
507,3,3,0.9993008375167847
508,6,6,0.9909159541130066
509,5,5,0.9996135830879211
510,7,7,0.9911277294158936
511,4,4,0.9260587692260742
512,2,2,0.9999953508377075
513,2,2,0.9999924898147583
514,6,6,0.9999513626098633
515,3,3,0.9948965907096863
516,2,2,0.9999996423721313
517,6,6,0.9999945163726807
518,5,5,0.9999992847442627
519,4,4,0.9936887621879578
520,8,8,0.9963353872299194
521,9,9,0.9979224801063538
522,7,7,0.9999769926071167
523,1,1,0.99957674741745
524,3,3,0.9988313317298889
525,0,0,0.9999790191650391
526,3,3,0.9999909400939941
527,8,8,0.9999922513961792
528,3,3,0.999988317489624
529,1,1,0.9995604157447815
530,9,9,0.9997044205665588
531,3,3,0.9999096393585205
532,4,4,0.9923437237739563
533,4,4,0.9999997615814209
534,6,6,0.9997932314872742
535,4,4,0.9999990463256836
536,2,2,0.9999107122421265
537,1,1,0.9997004270553589
538,8,8,0.9975153207778931
539,2,2,0.9999964237213135
540,5,5,0.9999963045120239
541,4,4,0.9999998807907104
542,8,8,0.6992541551589966
543,8,8,0.999954342842102
544,4,4,0.9999918937683105
545,0,0,0.9999234676361084
546,0,0,0.9999992847442627
547,2,2,0.9997859597206116
548,3,3,0.9999977350234985
549,2,2,0.9999991655349731
550,7,7,0.9961131811141968
551,7,7,0.9916506409645081
552,0,0,0.9873068332672119
553,8,8,0.9989480376243591
554,7,7,0.9999700784683228
555,4,4,0.999961256980896
556,4,4,0.9999998807907104
557,7,7,0.997021496295929
558,9,9,0.999953031539917
559,6,6,0.9996107220649719
560,9,9,0.9997091889381409
561,0,0,0.9972038269042969
562,9,9,0.9987753033638
563,8,8,0.9999732971191406
564,0,0,0.9999330043792725
565,4,4,0.9994181394577026
566,6,6,0.9992992877960205
567,0,0,0.9985998272895813
568,6,6,0.9999715089797974
569,3,3,0.9999908208847046
570,5,5,0.9999872446060181
571,4,4,0.5134859681129456
572,8,8,0.9998779296875
573,3,3,0.9999911785125732
574,3,3,0.9999998807907104
575,9,9,0.9995394945144653
576,3,3,0.9999555349349976
577,3,3,0.999995231628418
578,3,3,0.9987978935241699
579,7,7,0.9998980760574341
580,8,8,0.9989585876464844
581,0,0,0.9999474287033081
582,8,8,0.5807064175605774
583,2,2,0.6665412187576294
584,1,1,0.9970806241035461
585,7,7,0.999968409538269
586,0,0,0.9997602105140686
587,6,6,0.9999922513961792
588,5,5,0.9999817609786987
589,4,4,0.9990299940109253
590,3,3,1.0
591,8,8,0.8902043104171753
592,0,0,0.9999878406524658
593,9,9,0.611178457736969
594,6,6,0.9999340772628784
595,3,3,0.9999988079071045
596,8,8,0.9999638795852661
597,0,0,0.9972876310348511
598,9,9,0.9998897314071655
599,9,9,0.999747097492218
600,6,6,0.9999991655349731
601,8,8,0.9964610934257507
602,6,6,0.9999983310699463
603,8,8,0.9997262358665466
604,5,5,0.9999994039535522
605,7,7,0.9876954555511475
606,8,8,0.9999972581863403
607,6,6,0.9999997615814209
608,0,0,0.9999843835830688
609,2,2,0.9999362230300903
610,4,4,0.9999722242355347
611,0,0,0.9997231364250183
612,2,2,0.9999998807907104
613,2,2,0.9943299293518066
614,3,3,0.9977375268936157
615,1,1,0.999605119228363
616,9,9,0.9998478889465332
617,7,7,0.9998934268951416
618,5,5,0.9952630996704102
619,1,8,0.7782388925552368
620,0,0,0.9991071820259094
621,8,8,0.9999818801879883
622,4,4,0.999990701675415
623,6,6,0.9999957084655762
624,2,2,0.9985700845718384
625,6,6,0.9931929707527161
626,7,7,0.9999891519546509
627,9,9,0.9980474710464478
628,3,3,0.9999767541885376
629,2,2,0.9631482362747192
630,9,9,0.9998983144760132
631,8,8,0.9996737241744995
632,2,2,0.9999693632125854
633,2,2,1.0
634,9,9,0.9999982118606567
635,2,2,0.9995328187942505
636,7,7,0.9999856948852539
637,3,3,0.9998704195022583
638,5,5,0.9998880624771118
639,9,9,0.9935659766197205
640,1,1,0.9985248446464539
641,8,8,0.9993343949317932
642,0,0,0.971980631351471
643,2,2,0.9999953508377075
644,0,0,0.9999847412109375
645,5,5,0.9982925057411194
646,2,1,0.7726377844810486
647,1,1,0.99834144115448
648,3,3,0.9999994039535522
649,7,7,0.9995806813240051
650,6,6,0.9980529546737671
651,7,7,0.999871015548706
652,1,1,0.9998314380645752
653,2,2,0.999996542930603
654,5,5,0.9988769888877869
655,8,8,0.9974236488342285
656,0,0,0.999998927116394
657,3,3,0.9999996423721313
658,7,7,0.9979275465011597
659,2,2,0.8978646993637085
660,4,4,0.9999979734420776
661,0,0,0.9989159107208252
662,9,9,0.999994158744812
663,1,1,0.9997875094413757
664,8,8,0.9999698400497437
665,6,6,0.9999979734420776
666,7,7,0.9997320771217346
667,7,7,0.9736132621765137
668,4,4,0.9999814033508301
669,3,3,0.9999842643737793
670,4,4,0.9999459981918335
671,9,9,0.9999778270721436
672,1,1,0.9997860789299011
673,9,9,0.999000608921051
674,5,5,0.710218608379364
675,1,1,0.9993515610694885
676,7,7,0.988154411315918
677,3,3,0.9999890327453613
678,9,9,0.9998288154602051
679,7,7,0.9994113445281982
680,6,6,1.0
681,9,9,0.9999457597732544
682,1,1,0.9981536269187927
683,3,3,0.9999899864196777
684,7,7,0.942688524723053
685,8,8,0.997621476650238
686,3,3,0.9999873638153076
687,3,3,0.9999982118606567
688,6,6,0.9895941019058228
689,7,7,0.8324980139732361
690,2,2,0.9997565150260925
691,8,8,0.9991753697395325
692,5,5,0.9995074272155762
693,8,8,0.9985746145248413
694,5,5,0.999454915523529
695,1,1,0.9996148347854614
696,1,1,0.9214717745780945
697,4,4,0.9999998807907104
698,4,4,0.9978868365287781
699,3,3,0.9999434947967529
700,1,1,0.9991582632064819
701,0,0,0.9999233484268188
702,7,7,0.9954919219017029
703,7,7,0.9998846054077148
704,0,0,0.9997647404670715
705,7,7,0.9985419511795044
706,9,9,0.9999796152114868
707,4,4,0.9854496717453003
708,4,4,0.9997809529304504
709,8,8,0.9999421834945679
710,5,5,1.0
711,5,5,0.9999866485595703
712,4,4,0.947349488735199
713,0,0,0.999450147151947
714,8,8,0.9999927282333374
715,2,2,0.9995593428611755
716,1,1,0.5851880311965942
717,0,0,0.9973192811012268
718,8,8,0.9999723434448242
719,4,4,0.9999997615814209
720,5,5,0.9968744516372681
721,0,0,0.9999537467956543
722,4,4,0.9999998807907104
723,0,0,0.970146894454956
724,6,6,0.9999514818191528
725,1,1,0.9991975426673889
726,7,7,0.666002631187439
727,3,3,0.9999954700469971
728,2,2,0.9970099925994873
729,6,6,0.9998782873153687
730,7,7,0.9999903440475464
731,2,2,0.9998291730880737
732,6,6,0.9999998807907104
733,9,9,0.9999828338623047
734,3,3,0.9999951124191284
735,1,1,0.9978578686714172
736,4,4,0.999219536781311
737,6,6,0.9999653100967407
738,2,2,0.9999476671218872
739,5,5,0.9992430210113525
740,4,4,0.7460088133811951
741,2,2,0.9997304081916809
742,0,0,0.9999915361404419
743,6,6,0.9996825456619263
744,2,2,0.9999984502792358
745,1,1,0.9999474287033081
746,7,7,0.9991257786750793
747,3,3,0.9999980926513672
748,4,4,0.9559306502342224
749,1,1,0.9979552030563354
750,0,0,0.9999873638153076
751,5,5,0.9999910593032837
752,4,4,0.9999980926513672
753,3,3,0.999962329864502
754,1,1,0.9997603297233582
755,1,1,0.9983963370323181
756,7,7,0.9982574582099915
757,4,4,0.9999728202819824
758,9,9,0.9992972612380981
759,9,9,0.996381402015686
760,4,4,0.9973414540290833
761,8,8,0.9215855598449707
762,4,4,0.999976634979248
763,0,0,0.9999362230300903
764,2,2,0.9999699592590332
765,4,4,0.9998229146003723
766,5,5,0.9999974966049194
767,1,1,0.9986488223075867
768,1,1,0.9986162185668945
769,6,6,0.9997026324272156
770,4,4,0.9999988079071045
771,7,7,0.9988194108009338
772,1,1,0.9987994432449341
773,9,9,0.9999246597290039
774,4,4,0.9259440898895264
775,2,2,0.9999938011169434
776,4,4,0.9999873638153076
777,1,1,0.9863285422325134
778,5,5,0.9999998807907104
779,5,5,0.9999570846557617
780,3,3,0.9999994039535522
781,8,8,0.9997269511222839
782,3,3,0.9999721050262451
783,1,1,0.9988792538642883
784,4,4,0.999994158744812
785,5,5,0.9985791444778442
786,6,6,0.9987508058547974
787,8,8,0.9999963045120239
788,9,9,0.9999251365661621
789,4,4,0.9918848276138306
790,1,1,0.998482882976532
791,5,5,0.9999830722808838
792,3,3,1.0
793,8,8,0.9999996423721313
794,0,0,0.9999819993972778
795,3,3,0.9997381567955017
796,2,2,0.9999904632568359
797,5,5,0.9905635118484497
798,1,1,0.9985390901565552
799,2,2,0.9999982118606567
800,8,8,0.9930114150047302
801,3,3,0.9999985694885254
802,4,4,0.9997561573982239
803,4,4,0.9999954700469971
804,0,0,0.9999969005584717
805,8,8,0.999997615814209
806,8,8,1.0
807,3,3,0.999998927116394
808,3,3,0.9999343156814575
809,1,1,0.9966517090797424
810,7,7,0.999964714050293
811,3,3,0.9999940395355225
812,5,5,0.9999995231628418
813,9,9,0.6384440064430237
814,6,6,0.9998231530189514
815,3,3,0.9999591112136841
816,2,2,0.9995904564857483
817,6,6,0.9999994039535522
818,1,1,0.9630388617515564
819,3,3,0.9999998807907104
820,6,6,0.9999924898147583
821,0,0,0.9999475479125977
822,7,7,0.9999966621398926
823,2,2,0.9994382262229919
824,1,1,0.999215841293335
825,7,7,0.9948546886444092
826,1,1,0.9996393918991089
827,4,4,0.9949949979782104
828,2,2,0.9985780715942383
829,4,4,0.9794498682022095
830,2,2,0.9946773052215576
831,1,1,0.999346911907196
832,7,7,0.9998962879180908
833,9,9,0.9831515550613403
834,6,6,0.9999291896820068
835,1,1,0.9994930028915405
836,1,1,0.999681830406189
837,2,2,0.9999879598617554
838,4,4,0.9999991655349731
839,8,8,0.9537659287452698
840,1,1,0.9997631907463074
841,7,7,0.999995231628418
842,7,7,0.9738373756408691
843,4,4,1.0
844,8,8,0.9977849721908569
845,0,0,0.9998656511306763
846,7,7,0.9353979825973511
847,3,3,0.9999871253967285
848,1,1,0.9994938373565674
849,3,3,0.9999998807907104
850,1,1,0.9997944235801697
851,0,0,0.9998494386672974
852,7,7,0.9989485144615173
853,7,7,0.9993768334388733
854,0,0,0.9999967813491821
855,3,3,0.9999927282333374
856,5,5,0.9998451471328735
857,5,5,0.9998912811279297
858,2,2,0.9999898672103882
859,7,7,0.9998648166656494
860,6,6,0.9999921321868896
861,6,6,0.9999780654907227
862,9,9,0.9997712969779968
863,2,2,0.9959076642990112
864,8,8,0.9998570680618286
865,3,3,0.9999803304672241
866,5,5,0.9969015121459961
867,2,2,0.9999871253967285
868,2,2,0.9998430013656616
869,5,5,0.9999957084655762
870,6,6,0.9979420304298401
871,0,0,0.9999388456344604
872,8,8,0.9972923398017883
873,2,2,0.9999141693115234
874,9,9,0.9239488244056702
875,2,2,0.9998107552528381
876,8,8,1.0
877,8,8,0.9673328399658203
878,8,8,0.9997641444206238
879,8,8,0.9997860789299011
880,7,7,0.9971643090248108
881,4,4,0.9846346974372864
882,9,4,0.3939354121685028
883,3,3,0.9933813810348511
884,0,0,0.9999949932098389
885,6,6,0.9996558427810669
886,6,6,0.9999973773956299
887,3,3,0.9999991655349731
888,2,2,0.9999926090240479
889,1,1,0.9993358254432678
890,3,3,0.9999738931655884
891,2,2,0.9999990463256836
892,2,2,0.9999961853027344
893,9,9,0.9987793564796448
894,3,3,0.9987553358078003
895,0,0,0.9636182188987732
896,0,0,0.999977707862854
897,5,5,0.9999997615814209
898,7,7,0.9983929991722107
899,8,8,0.9999988079071045
900,1,1,0.9801135063171387
901,4,4,0.9999961853027344
902,4,4,0.9959793090820312
903,6,6,0.9999750852584839
904,0,0,0.9999891519546509
905,2,2,0.9999992847442627
906,9,9,0.9999496936798096
907,1,1,0.9982117414474487
908,4,4,0.9999790191650391
909,7,7,0.9998487234115601
910,4,4,0.9999994039535522
911,7,7,0.9998948574066162
912,3,3,1.0
913,9,9,0.9998096823692322
914,8,8,0.999977707862854
915,8,8,0.9997814297676086
916,4,4,0.9999556541442871
917,7,7,0.9996609687805176
918,1,1,0.9974256157875061
919,2,2,0.9999673366546631
920,1,1,0.9993484616279602
921,2,2,0.9999960660934448
922,2,2,0.9999657869338989
923,3,3,0.9999996423721313
924,2,2,0.9563251733779907
925,3,3,0.9999991655349731
926,2,2,0.976070761680603
927,3,3,0.9999997615814209
928,9,9,0.998428463935852
929,1,1,0.9971484541893005
930,7,7,0.9983293414115906
931,4,4,0.9761399626731873
932,0,0,0.9999198913574219
933,3,3,0.9999970197677612
934,5,5,0.9999667406082153
935,5,5,0.9999803304672241
936,8,8,0.5515242218971252
937,6,6,1.0
938,3,5,0.5127894878387451
939,2,2,0.9998900890350342
940,6,6,0.9941283464431763
941,7,7,0.9999674558639526
942,6,6,0.9999542236328125
943,6,6,0.9992515444755554
944,3,3,0.9997459053993225
945,2,2,0.9999948740005493
946,7,7,0.9967711567878723
947,8,8,0.7178940773010254
948,1,1,0.9989822506904602
949,1,1,0.9989351630210876
950,7,7,0.9958502054214478
951,5,5,0.9988516569137573
952,6,6,0.9999005794525146
953,4,4,0.9999734163284302
954,9,9,0.9999361038208008
955,5,5,0.9996687173843384
956,1,1,0.9929692149162292
957,3,3,0.9986621141433716
958,3,3,0.9957723021507263
959,4,4,0.9985697269439697
960,7,7,0.9995088577270508
961,8,8,0.9999809265136719
962,9,9,0.9881761074066162
963,1,1,0.9975637197494507
964,1,1,0.9960343241691589
965,6,6,0.6820495128631592
966,9,9,0.9957932233810425
967,1,1,0.9995244741439819
968,4,4,0.9996280670166016
969,4,4,0.9915830492973328
970,5,5,0.9999953508377075
971,4,4,0.9999986886978149
972,0,0,0.9999988079071045
973,6,6,0.9999921321868896
974,2,2,1.0
975,2,2,0.9997428059577942
976,3,3,0.9955993890762329
977,1,1,0.9979420304298401
978,5,5,0.9999439716339111
979,1,1,0.9984492063522339
980,2,2,0.9999949932098389
981,0,0,0.9996172189712524
982,3,3,0.9992585778236389
983,8,8,0.9998459815979004
984,1,1,0.9988558292388916
985,2,2,0.9999878406524658
986,6,6,0.9997363686561584
987,7,7,0.9999985694885254
988,1,1,0.9898890852928162
989,6,6,0.9999510049819946
990,2,2,0.9998576641082764
991,3,3,0.9995038509368896
992,9,9,0.9987095594406128
993,0,0,0.9999337196350098
994,1,1,0.9020646810531616
995,2,2,0.9962581396102905
996,2,2,0.9999990463256836
997,0,0,0.9999809265136719
998,8,8,0.997849702835083
999,9,9,0.9914644360542297
1000,9,9,0.998933732509613
1001,0,0,0.9999004602432251
1002,2,2,0.9988565444946289
1003,5,5,0.9989204406738281
1004,1,1,0.9982132911682129
1005,9,9,0.9999322891235352
1006,7,7,0.9998231530189514
1007,8,8,0.999961256980896
1008,1,1,0.9988362193107605
1009,0,0,0.9999991655349731
1010,4,4,0.9999436140060425
1011,1,1,0.9994975328445435
1012,7,7,0.9979385733604431
1013,9,9,0.9991777539253235
1014,6,6,0.7197490930557251
1015,4,4,0.9983243346214294
1016,2,2,0.9999972581863403
1017,6,6,0.9999575614929199
1018,8,8,0.9995365142822266
1019,1,1,0.9989416003227234
1020,3,3,0.9990930557250977
1021,7,7,0.982824981212616
1022,5,5,0.9999492168426514
1023,4,4,0.999953031539917
1024,4,4,0.9987836480140686
1025,1,1,0.9998226761817932
1026,8,8,0.9657047986984253
1027,1,1,0.9998689889907837
1028,3,3,0.9999997615814209
1029,8,8,0.9998444318771362
1030,1,1,0.9997013211250305
1031,2,2,0.9999874830245972
1032,5,5,0.9821663498878479
1033,8,8,0.4447786808013916
1034,0,0,0.999972939491272
1035,6,6,0.9999996423721313
1036,2,2,0.9999420642852783
1037,1,1,0.9993851184844971
1038,1,1,0.9980989098548889
1039,7,7,0.4127797782421112
1040,1,1,0.9978651404380798
1041,5,5,0.9999998807907104
1042,3,3,0.9999827146530151
1043,4,4,0.999962568283081
1044,6,6,0.9965329170227051
1045,9,9,0.6174265146255493
1046,5,5,0.999895453453064
1047,0,0,0.9997020363807678
1048,9,9,0.9999723434448242
1049,2,2,0.9999985694885254
1050,2,2,0.9227757453918457
1051,4,4,0.9998525381088257
1052,8,8,0.9996917247772217
1053,2,2,0.9999871253967285
1054,1,1,0.9953458905220032
1055,7,7,0.9994468092918396
1056,2,2,0.9876706600189209
1057,4,4,0.9999985694885254
1058,9,9,0.9995272159576416
1059,4,4,0.9999864101409912
1060,4,4,0.9999985694885254
1061,0,0,0.9978224039077759
1062,3,3,0.9986779093742371
1063,9,9,0.9996358156204224
1064,2,2,0.9997429251670837
1065,2,2,0.9999910593032837
1066,3,3,0.9984208345413208
1067,3,3,0.9997068047523499
1068,8,8,0.9975525736808777
1069,3,3,0.9999706745147705
1070,5,5,0.9999997615814209
1071,7,7,0.999320387840271
1072,3,3,0.9905531406402588
1073,5,5,0.9999961853027344
1074,8,8,0.9999998807907104
1075,1,1,0.9969775676727295
1076,2,2,0.9998749494552612
1077,4,4,0.9993840456008911
1078,4,4,0.9999743700027466
1079,6,6,0.9986090064048767
1080,4,4,0.9995388984680176
1081,9,9,0.9971882700920105
1082,5,5,0.9988476037979126
1083,1,1,0.9978663325309753
1084,0,0,0.9999991655349731
1085,6,6,0.9994675517082214
1086,9,9,0.9997127652168274
1087,5,5,0.9999935626983643
1088,9,9,0.9996488094329834
1089,5,5,0.9988853335380554
1090,9,9,0.9966771602630615
1091,7,7,0.9999306201934814
1092,3,3,0.9999830722808838
1093,8,8,0.9995850920677185
1094,0,0,0.999956488609314
1095,3,3,0.9999872446060181
1096,7,7,0.9999953508377075
1097,1,1,0.9983900785446167
1098,3,3,0.9999572038650513
1099,6,6,0.9997485280036926
1100,7,7,0.9999614953994751
1101,8,8,0.9998321533203125
1102,5,5,0.9999998807907104
1103,9,9,0.9997536540031433
1104,7,7,0.9999057054519653
1105,9,9,0.9999897480010986
1106,6,6,0.999998927116394
1107,9,9,0.9695525169372559
1108,6,6,0.9996515512466431
1109,3,3,0.9999997615814209
1110,7,7,0.9999109506607056
1111,4,4,0.999994158744812
1112,4,6,0.7663372755050659
1113,5,5,0.999998927116394
1114,3,3,0.9514944553375244
1115,5,5,0.9999628067016602
1116,4,4,0.9996758699417114
1117,7,7,0.9968172311782837
1118,8,8,0.9998216032981873
1119,7,7,0.987565815448761
1120,8,8,0.9999583959579468
1121,0,0,0.9981903433799744
1122,7,7,0.9972188472747803
1123,6,6,0.9999963045120239
1124,8,8,0.9887903928756714
1125,8,8,0.9999982118606567
1126,7,7,0.9990598559379578
1127,3,3,0.9999562501907349
1128,3,3,0.9993370175361633
1129,1,1,0.9991707801818848
1130,9,9,0.9994125366210938
1131,5,5,0.9999935626983643
1132,2,2,0.9999939203262329
1133,7,7,0.9945419430732727
1134,3,3,1.0
1135,5,5,0.9999192953109741
1136,1,1,0.9993308782577515
1137,1,1,0.9956591129302979
1138,2,2,0.9043357968330383
1139,1,1,0.9994762539863586
1140,4,4,0.9999939203262329
1141,7,7,0.9991174340248108
1142,4,4,0.9999736547470093
1143,7,7,0.9517821073532104
1144,5,5,0.999968409538269
1145,4,4,0.9999969005584717
1146,5,5,0.9997742772102356
1147,4,4,0.8329547047615051
1148,0,0,0.9999268054962158
1149,8,8,0.9999852180480957
1150,3,3,0.9999810457229614
1151,6,6,0.9989584684371948
1152,9,9,0.999839186668396
1153,6,6,0.9946438074111938
1154,0,0,0.9999803304672241
1155,2,2,0.999968409538269
1156,7,7,0.9985994696617126
1157,4,4,0.9998743534088135
1158,4,4,1.0
1159,4,4,0.9987504482269287
1160,4,4,0.9999761581420898
1161,6,6,0.9998817443847656
1162,6,6,0.9999932050704956
1163,4,4,0.9999793767929077
1164,7,7,0.9996678829193115
1165,9,9,0.9998794794082642
1166,3,3,0.994972825050354
1167,4,4,0.980032205581665
1168,5,5,0.9999674558639526
1169,5,5,0.9988491535186768
1170,8,8,0.9999996423721313
1171,7,7,0.9994704127311707
1172,3,3,0.9999996423721313
1173,7,7,0.9684944748878479
1174,2,2,0.9999996423721313
1175,7,7,0.9999096393585205
1176,0,0,0.9999110698699951
1177,2,2,0.9999817609786987
1178,4,4,0.9457533359527588
1179,1,1,0.996542751789093
1180,1,1,0.9992363452911377
1181,6,6,0.8772969245910645
1182,6,6,0.9666835069656372
1183,9,9,0.9999126195907593
1184,2,2,0.9995554089546204
1185,8,8,0.9997221827507019
1186,7,7,0.9999951124191284
1187,2,2,0.9999988079071045
1188,0,0,0.9997598528862
1189,1,1,0.9963351488113403
1190,5,5,0.999988317489624
1191,0,0,0.9906801581382751
1192,9,9,0.9046079516410828
1193,1,1,0.999388575553894
1194,7,7,0.9910646677017212
1195,0,0,0.9999479055404663
1196,6,6,0.9999932050704956
1197,0,0,0.9993365406990051
1198,8,8,0.9995765089988708
1199,6,6,0.999985933303833
1200,8,8,0.9996968507766724
1201,1,1,0.9990645051002502
1202,8,8,0.9988672733306885
1203,0,0,0.9999874830245972
1204,3,3,0.999997615814209
1205,3,3,0.9999996423721313
1206,7,7,0.9645717144012451
1207,2,2,0.9999982118606567
1208,3,3,0.9983626008033752
1209,6,6,0.9474290609359741
1210,2,2,0.999967098236084
1211,1,1,0.9988963603973389
1212,6,6,0.9924662709236145
1213,1,1,0.9999562501907349
1214,1,1,0.9992902278900146
1215,3,3,0.9999980926513672
1216,7,7,0.9830284118652344
1217,9,9,0.9950767159461975
1218,0,0,0.9998800754547119
1219,8,8,0.9999834299087524
1220,0,0,0.9999902248382568
1221,5,5,0.9999996423721313
1222,4,4,0.9999994039535522
1223,0,0,0.9999674558639526
1224,2,2,0.988058865070343
1225,8,8,0.9999909400939941
1226,7,7,0.8458855152130127
1227,2,2,0.9999731779098511
1228,9,9,0.9924628734588623
1229,8,8,0.9996908903121948
1230,4,4,0.9999819993972778
1231,0,0,0.9994582533836365
1232,9,4,0.8592807650566101
1233,5,5,0.9999841451644897
1234,8,8,0.9995303153991699
1235,5,5,0.9999406337738037
1236,1,1,0.9988784193992615
1237,2,2,0.999992847442627
1238,1,1,0.9997130036354065
1239,3,3,0.999251663684845
1240,1,1,0.9912247061729431
1241,7,7,0.9989675283432007
1242,4,9,0.6149771213531494
1243,5,5,0.9992361068725586
1244,7,7,0.9880380630493164
1245,2,2,0.9999994039535522
1246,0,0,0.9999713897705078
1247,9,9,0.7493249773979187
1248,8,8,0.9992907047271729
1249,8,8,0.9999977350234985
1250,6,6,0.9989810585975647
1251,2,2,0.9999955892562866
1252,5,5,0.999567449092865
1253,4,4,0.9999990463256836
1254,1,1,0.9996947050094604
1255,9,9,0.9999712705612183
1256,2,2,0.9988296627998352
1257,1,1,0.9993516802787781
1258,5,5,0.9980119466781616
1259,8,8,0.9987892508506775
1260,7,1,0.6440059542655945
1261,0,0,0.9999502897262573
1262,2,2,0.9996445178985596
1263,4,4,0.9998804330825806
1264,4,4,0.9988194108009338
1265,3,3,0.9999969005584717
1266,6,6,0.9999982118606567
1267,8,8,0.9999994039535522
1268,8,8,0.9999986886978149
1269,2,2,0.9998650550842285
1270,4,4,0.9968339800834656
1271,0,0,1.0
1272,5,5,0.9999969005584717
1273,0,0,0.9939883947372437
1274,4,4,0.8859122395515442
1275,4,4,0.9995224475860596
1276,7,7,0.9999979734420776
1277,9,9,0.9994072914123535
1278,3,3,0.9999996423721313
1279,4,4,0.9989950060844421
1280,1,1,0.9994732737541199
1281,5,5,0.9972570538520813
1282,9,9,0.9997299313545227
1283,7,7,0.9891949892044067
1284,3,3,1.0
1285,5,5,0.9999970197677612
1286,8,8,0.9999620914459229
1287,8,8,0.9998070597648621
1288,0,0,0.9967177510261536
1289,5,5,0.9957719445228577
1290,3,3,0.9617033004760742
1291,3,3,0.999997615814209
1292,6,6,0.9993543028831482
1293,6,6,0.9999961853027344
1294,0,0,0.9999774694442749
1295,1,1,0.9997718930244446
1296,6,6,0.9972635507583618
1297,0,0,0.9999955892562866
1298,3,3,0.9999953508377075
1299,5,3,0.48464030027389526
1300,4,4,0.9999974966049194
1301,4,4,0.9984720349311829
1302,1,1,0.9985517859458923
1303,2,2,0.9999960660934448
1304,9,9,0.9999865293502808
1305,1,1,0.9999008178710938
1306,4,4,0.9999973773956299
1307,6,6,0.999969482421875
1308,9,9,0.99989914894104
1309,9,9,0.9998875856399536
1310,3,3,0.9979230761528015
1311,9,9,0.9991675615310669
1312,8,8,0.9987269043922424
1313,4,4,0.9999866485595703
1314,4,4,0.9999815225601196
1315,3,3,0.999983549118042
1316,1,1,0.9998486042022705
1317,3,3,0.9999986886978149
1318,1,1,0.9995065927505493
1319,8,8,0.8756029605865479
1320,8,8,0.9991565942764282
1321,7,7,0.9974476099014282
1322,9,9,0.9996988773345947
1323,4,4,0.9999096393585205
1324,8,8,0.9988954067230225
1325,8,8,0.9963749051094055
1326,7,7,0.6699599623680115
1327,9,9,0.9995691180229187
1328,7,7,0.9470345973968506
1329,1,1,0.9993025064468384
1330,4,4,0.9998036026954651
1331,5,5,0.9883831143379211
1332,6,6,0.9999836683273315
1333,0,0,0.9999991655349731
1334,5,5,0.9999213218688965
1335,2,2,0.9996911287307739
1336,2,2,0.9999394416809082
1337,2,2,0.9987347722053528
1338,1,1,0.9995068311691284
1339,5,5,0.9996527433395386
1340,5,5,0.9999891519546509
1341,2,2,0.9999984502792358
1342,4,4,0.999998927116394
1343,9,9,0.9998564720153809
1344,6,6,0.9976584911346436
1345,2,2,0.9998701810836792
1346,7,7,0.9995226860046387
1347,7,7,0.9993701577186584
1348,2,2,0.9999408721923828
1349,2,2,0.9975702166557312
1350,1,1,0.9996713399887085
1351,1,1,0.9997749924659729
1352,2,2,0.9978566765785217
1353,8,8,0.9999960660934448
1354,3,3,0.9999700784683228
1355,7,7,0.9915581941604614
1356,2,2,0.990885317325592
1357,4,4,0.9800955057144165
1358,1,1,0.9987307190895081
1359,7,7,0.999901533126831
1360,1,1,0.9986292123794556
1361,7,7,0.9999374151229858
1362,6,6,0.9999998807907104
1363,7,7,0.9999675750732422
1364,8,8,0.9294588565826416
1365,2,2,0.9999332427978516
1366,7,7,0.9999634027481079
1367,3,3,0.9999997615814209
1368,1,1,0.9948712587356567
1369,7,7,0.9999867677688599
1370,5,5,0.9994194507598877
1371,8,8,0.9999995231628418
1372,2,2,0.9999457597732544
1373,6,6,0.9999997615814209
1374,2,2,0.9999996423721313
1375,2,2,0.9999983310699463
1376,5,5,0.9999983310699463
1377,6,6,0.9996041655540466
1378,5,5,0.9996500015258789
1379,0,0,0.9998899698257446
1380,9,9,0.9987152814865112
1381,2,2,0.9999817609786987
1382,4,4,1.0
1383,3,3,0.9999592304229736
1384,3,3,0.9997947812080383
1385,9,9,0.9976868629455566
1386,7,7,0.9998371601104736
1387,6,6,0.9999985694885254
1388,6,6,0.9999822378158569
1389,8,8,0.9999915361404419
1390,0,0,0.9999833106994629
1391,4,4,0.9998924732208252
1392,1,1,0.996509850025177
1393,5,3,0.9538788199424744
1394,8,8,0.8782081007957458
1395,2,2,0.9273228645324707
1396,9,9,0.9998156428337097
1397,1,1,0.9991962313652039
1398,8,8,0.9982295632362366
1399,0,0,0.9999991655349731
1400,6,6,0.9995914101600647
1401,7,7,0.9996755123138428
1402,2,2,0.9988096952438354
1403,1,1,0.9094322919845581
1404,0,0,0.9997984766960144
1405,5,5,0.9990943670272827
1406,5,5,0.9989286065101624
1407,2,2,0.9999997615814209
1408,0,0,0.9997615218162537
1409,2,2,0.9991850256919861
1410,2,2,0.999976396560669
1411,0,0,0.999672532081604
1412,2,2,0.9998500347137451
1413,4,4,0.9987720847129822
1414,9,9,0.8419004678726196
1415,8,8,0.9996840953826904
1416,0,0,0.9999704360961914
1417,9,9,0.9992801547050476
1418,9,9,0.9999775886535645
1419,4,4,0.9999998807907104
1420,6,6,0.9999974966049194
1421,5,5,0.9999983310699463
1422,4,4,0.9999610185623169
1423,9,9,0.999183714389801
1424,1,1,0.9995288848876953
1425,8,8,0.6572103500366211
1426,3,3,0.9999996423721313
1427,4,4,0.9935963153839111
1428,9,9,0.99611496925354
1429,9,9,0.9961525797843933
1430,1,1,0.99907386302948
1431,2,2,0.9999723434448242
1432,2,2,0.9999983310699463
1433,8,8,0.9977871179580688
1434,1,1,0.9994049072265625
1435,9,9,0.989546000957489
1436,6,6,0.9985290765762329
1437,4,4,0.9991962313652039
1438,0,6,0.5242284536361694
1439,9,9,0.9833186864852905
1440,4,4,0.9670494794845581
1441,8,8,0.9889739751815796
1442,3,3,0.9999982118606567
1443,8,8,0.9999979734420776
1444,6,6,0.9994407296180725
1445,0,0,0.9993496537208557
1446,2,2,0.9999240636825562
1447,5,5,0.9923227429389954
1448,1,1,0.9996539354324341
1449,9,9,0.9999902248382568
1450,6,6,0.9999815225601196
1451,2,2,0.9967613816261292
1452,9,9,0.999995231628418
1453,4,4,0.9271792769432068
1454,0,0,0.9998533725738525
1455,9,9,0.9817875623703003
1456,6,6,0.9999939203262329
1457,0,0,0.9999998807907104
1458,6,6,0.9997840523719788
1459,2,2,0.5511993169784546
1460,5,5,1.0
1461,4,4,0.9999978542327881
1462,2,2,0.9899521470069885
1463,3,3,0.9998769760131836
1464,8,8,0.9993674159049988
1465,4,4,0.975898265838623
1466,5,5,0.9735532402992249
1467,5,5,0.9997504353523254
1468,0,0,0.9999771118164062
1469,3,3,0.9998595714569092
1470,8,8,0.9999929666519165
1471,5,5,0.9999809265136719
1472,3,3,0.9999717473983765
1473,5,5,0.9999806880950928
1474,8,8,0.9999066591262817
1475,6,6,0.9991852641105652
1476,5,5,0.9996770620346069
1477,7,7,0.9994922876358032
1478,6,6,0.9999656677246094
1479,3,3,0.9999986886978149
1480,3,3,0.9999585151672363
1481,9,9,0.9998290538787842
1482,6,6,0.9830819964408875
1483,1,1,0.9986562728881836
1484,1,1,0.9977796673774719
1485,2,2,0.9999997615814209
1486,9,9,0.9998791217803955
1487,0,0,0.9998306035995483
1488,4,4,0.9999815225601196
1489,3,3,0.9999992847442627
1490,3,3,0.9999654293060303
1491,6,6,0.9999997615814209
1492,9,9,0.9992104768753052
1493,5,5,0.9999617338180542
1494,7,7,0.9425848126411438
1495,3,3,0.9993089437484741
1496,7,7,0.9895184636116028
1497,7,7,0.9998782873153687
1498,7,7,0.999987006187439
1499,8,8,0.9999977350234985
1500,7,7,0.9839471578598022
1501,9,9,0.9995110034942627
1502,8,8,0.9859268665313721
1503,3,3,0.9999822378158569
1504,0,0,0.999625563621521
1505,7,7,0.9971039891242981
1506,2,2,1.0
1507,7,7,0.9983964562416077
1508,9,9,0.9831147193908691
1509,4,4,0.9996905326843262
1510,5,5,0.9998670816421509
1511,4,4,0.9999896287918091
1512,9,9,0.9999121427536011
1513,3,3,0.9999899864196777
1514,2,2,0.9972249269485474
1515,1,1,0.999580442905426
1516,4,4,0.9845939874649048
1517,0,0,0.9999691247940063
1518,2,2,0.9999547004699707
1519,3,3,0.9999995231628418
1520,7,7,0.9914945363998413
1521,5,5,0.9999980926513672
1522,7,7,0.6969212293624878
1523,8,8,0.9919409155845642
1524,8,8,0.9999698400497437
1525,5,5,0.9986128807067871
1526,0,0,0.9990315437316895
1527,1,1,0.9731685519218445
1528,1,1,0.9997279047966003
1529,4,4,1.0
1530,8,8,0.9912505149841309
1531,3,3,0.9997283816337585
1532,9,9,0.9999270439147949
1533,0,0,0.9037365317344666
1534,0,0,0.9992480874061584
1535,0,0,0.9999685287475586
1536,6,6,0.9998550415039062
1537,6,6,0.9999397993087769
1538,2,2,0.9999407529830933
1539,3,3,0.9999971389770508
1540,7,7,0.9998239874839783
1541,8,8,0.9997730851173401
1542,4,4,0.9999897480010986
1543,7,7,0.9955053329467773
1544,7,7,0.9999909400939941
1545,9,9,0.9999936819076538
1546,2,2,0.999790370464325
1547,4,4,0.9999774694442749
1548,1,1,0.998847246170044
1549,4,4,0.9965969920158386
1550,5,5,0.9998999834060669
1551,2,2,0.997526228427887
1552,4,4,0.9984394907951355
1553,9,9,0.41959089040756226
1554,9,9,0.9716713428497314
1555,1,1,0.9997567534446716
1556,8,8,0.9999960660934448
1557,4,4,0.9996190071105957
1558,0,0,0.9997228980064392
1559,9,9,0.8720332980155945
1560,8,8,0.9999567270278931
1561,4,4,0.9998413324356079
1562,8,8,0.9996331930160522
1563,7,7,0.9998917579650879
1564,7,7,0.9998149275779724
1565,0,0,0.999951958656311
1566,7,7,0.9983774423599243
1567,8,8,0.9999998807907104
1568,8,8,0.9999499320983887
1569,6,6,0.9994162321090698
1570,0,0,0.9951381087303162
1571,4,4,0.9991214871406555
1572,8,8,0.9998893737792969
1573,8,8,0.999993085861206
1574,2,2,0.9999998807907104
1575,4,4,0.9998952150344849
1576,7,7,0.9964020252227783
1577,6,6,0.9999974966049194
1578,6,6,0.9999991655349731
1579,6,6,0.9995918869972229
1580,4,4,0.9999916553497314
1581,7,7,0.9932913780212402
1582,1,1,0.9988328814506531
1583,8,8,0.99933260679245
1584,8,8,0.9864031076431274
1585,2,2,0.9999901056289673
1586,3,3,0.9999023675918579
1587,6,6,0.9979528188705444
1588,3,3,0.9999998807907104
1589,0,0,0.9999996423721313
1590,0,0,0.9999638795852661
1591,3,3,0.9996616840362549
1592,7,7,0.9998236298561096
1593,6,6,0.9933822154998779
1594,9,9,0.9904409646987915
1595,7,7,0.9669182896614075
1596,9,9,0.9987686276435852
1597,9,9,0.9934865236282349
1598,5,5,0.9999983310699463
1599,4,4,0.9999994039535522
1600,3,3,0.9991125464439392
1601,3,3,0.99997878074646
1602,6,6,0.999923825263977
1603,1,1,0.9987573623657227
1604,2,2,0.9999382495880127
1605,3,3,0.9999961853027344
1606,7,7,0.9998592138290405
1607,3,3,0.9998040795326233
1608,3,3,1.0
1609,2,2,0.9998801946640015
1610,0,0,0.9999997615814209
1611,3,3,0.9608554244041443
1612,3,3,0.999777615070343
1613,8,8,0.9999599456787109
1614,4,4,0.9991644620895386
1615,3,3,0.9999998807907104
1616,6,6,0.9999427795410156
1617,3,3,0.9914504885673523
1618,5,5,0.9996724128723145
1619,0,0,0.9998366832733154
1620,2,2,0.9882537126541138
1621,0,0,0.7305925488471985
1622,9,9,0.9999823570251465
1623,0,0,0.9999409914016724
1624,7,7,0.9998875856399536
1625,4,4,1.0
1626,6,6,0.9989627599716187
1627,9,9,0.9999797344207764
1628,3,3,0.9999997615814209
1629,5,5,0.9999996423721313
1630,1,1,0.9995811581611633
1631,9,9,0.9995276927947998
1632,6,6,0.9999582767486572
1633,1,1,0.9999521970748901
1634,4,4,0.9848077297210693
1635,5,5,0.9999738931655884
1636,4,4,0.9999814033508301
1637,5,5,0.9759710431098938
1638,0,0,0.9999587535858154
1639,5,5,0.9999939203262329
1640,9,9,0.9995375871658325
1641,5,5,0.9788795113563538
1642,2,2,0.9993714690208435
1643,1,1,0.9998781681060791
1644,2,2,0.9997057318687439
1645,9,9,0.999518632888794
1646,1,1,0.9995825886726379
1647,9,9,0.9995386600494385
1648,9,9,0.9995964169502258
1649,4,4,0.9993792772293091
1650,0,0,0.9965053796768188
1651,8,8,0.999992847442627
1652,4,4,0.9997816681861877
1653,5,5,0.999984860420227
1654,2,2,0.9931935667991638
1655,9,9,0.9994633793830872
1656,2,2,0.9999982118606567
1657,1,1,0.9984355568885803
1658,2,2,0.999955415725708
1659,1,1,0.9993587136268616
1660,7,7,0.9988656044006348
1661,3,3,0.9998975992202759
1662,6,6,0.9999958276748657
1663,8,8,0.9999918937683105
1664,8,8,0.999950647354126
1665,4,4,0.9994128942489624
1666,9,9,0.9998419284820557
1667,1,1,0.998082160949707
1668,9,9,0.9998828172683716
1669,8,8,0.9999827146530151
1670,5,5,0.9999881982803345
1671,7,7,0.9986854195594788
1672,5,5,0.9996477365493774
1673,1,1,0.9991716146469116
1674,1,1,0.9995570778846741
1675,8,8,0.999990701675415
1676,6,6,0.7868449091911316
1677,5,5,0.9999582767486572
1678,2,2,0.9993323683738708
1679,4,4,1.0
1680,4,4,0.9999829530715942
1681,3,3,0.9859764575958252
1682,2,2,0.9989527463912964
1683,3,3,0.9999978542327881
1684,5,5,0.9999761581420898
1685,6,6,0.9999998807907104
1686,8,8,0.9909766912460327
1687,8,8,0.9973492622375488
1688,6,6,0.9994291663169861
1689,2,2,0.9908662438392639
1690,3,3,0.9998682737350464
1691,1,1,0.7623844742774963
1692,0,0,0.9999998807907104
1693,5,5,0.9999856948852539
1694,8,8,0.9937631487846375
1695,9,9,0.9833723902702332
1696,2,2,0.9999386072158813
1697,9,9,0.9968727231025696
1698,6,6,0.9999980926513672
1699,7,7,0.9999798536300659
1700,0,0,0.9999992847442627
1701,4,4,0.9879422783851624
1702,8,8,0.9994639754295349
1703,7,7,0.9899405837059021
1704,1,1,0.9997217059135437
1705,7,7,0.9998810291290283
1706,4,4,0.9998624324798584
1707,1,1,0.9985547661781311
1708,0,0,0.9999295473098755
1709,9,5,0.6384866833686829
1710,7,7,0.9992809891700745
1711,2,2,0.999933123588562
1712,0,0,0.9999302625656128
1713,0,0,0.9999961853027344
1714,9,9,0.9998664855957031
1715,1,1,0.9988669157028198
1716,7,7,0.8671076893806458
1717,8,8,0.9988580942153931
1718,7,7,0.9997774958610535
1719,8,8,0.9999979734420776
1720,4,4,1.0
1721,7,7,0.8442113995552063
1722,2,2,0.9978308081626892
1723,0,0,0.9999939203262329
1724,4,4,0.9999984502792358
1725,6,6,0.992580771446228
1726,0,0,0.9999821186065674
1727,3,3,0.9999741315841675
1728,1,1,0.9991631507873535
1729,1,1,0.999541163444519
1730,3,3,0.9964088797569275
1731,3,3,0.9999997615814209
1732,9,9,0.9987102746963501
1733,6,6,0.999605119228363
1734,7,7,0.9999996423721313
1735,4,4,0.9989797472953796
1736,1,1,0.9996209144592285
1737,5,5,0.707390546798706
1738,3,3,0.9999996423721313
1739,0,0,0.9999494552612305
1740,8,8,0.9994731545448303
1741,7,7,0.9992048144340515
1742,3,3,0.9999997615814209
1743,9,9,0.9994750618934631
1744,6,6,0.9999912977218628
1745,9,9,0.9999375343322754
1746,3,3,0.9999462366104126
1747,5,5,0.9981092214584351
1748,0,0,0.9667656421661377
1749,2,2,0.9998846054077148
1750,7,7,0.9980900883674622
1751,4,4,0.9961152076721191
1752,5,5,0.9999850988388062
1753,1,1,0.9987297654151917
1754,7,7,0.9893474578857422
1755,5,5,0.9994534850120544
1756,8,8,0.9999867677688599
1757,0,0,0.9998806715011597
1758,8,8,0.999987006187439
1759,8,8,0.9993076324462891
1760,1,1,0.9978058934211731
1761,5,5,0.9995903372764587
1762,0,0,0.9999809265136719
1763,3,3,0.9999939203262329
1764,0,0,0.9999545812606812
1765,3,3,0.9999994039535522
1766,1,1,0.9992415904998779
1767,4,4,0.9974454641342163
1768,0,0,0.9997331500053406
1769,3,3,0.9994151592254639
1770,7,7,0.9999417066574097
1771,2,2,0.9996522665023804
1772,7,7,0.9999992847442627
1773,1,1,0.8788317441940308
1774,8,8,0.9951481223106384
1775,0,0,0.9999808073043823
1776,7,7,0.9990770816802979
1777,0,0,0.9996359348297119
1778,4,4,0.9999206066131592
1779,3,3,0.9995226860046387
1780,1,1,0.9983484745025635
1781,9,9,0.9986074566841125
1782,8,8,0.9514705538749695
1783,7,7,0.9993482232093811
1784,7,7,0.9998514652252197
1785,1,1,0.9945201277732849
1786,4,4,0.9998476505279541
1787,9,9,0.9999740123748779
1788,9,9,0.9994818568229675
1789,3,3,0.999358594417572
1790,2,2,0.9479871988296509
1791,1,1,0.9995249509811401
1792,7,7,0.9999932050704956
1793,9,9,0.9999935626983643
1794,0,0,0.9968309998512268
1795,2,2,0.9999992847442627
1796,0,0,0.9999943971633911
1797,3,3,0.9999750852584839
1798,3,3,0.9999997615814209
1799,7,7,0.999424934387207
1800,6,6,0.9999226331710815
1801,9,9,0.9999470710754395
1802,2,2,0.9999516010284424
1803,3,3,0.9999959468841553
1804,3,3,1.0
1805,7,7,0.999953031539917
1806,7,7,0.9987185001373291
1807,0,0,0.999997615814209
1808,0,0,0.9615791440010071
1809,7,7,0.9655115604400635
1810,5,5,0.9999895095825195
1811,2,2,0.998924195766449
1812,9,9,0.9999569654464722
1813,8,8,0.9963445067405701
1814,7,7,0.9999439716339111
1815,4,4,0.999981164932251
1816,4,4,0.9941818118095398
1817,2,2,0.9999651908874512
1818,6,6,0.9999507665634155
1819,6,6,0.9999819993972778
1820,1,1,0.9995483756065369
1821,9,9,0.9999877214431763
1822,6,6,0.9950233697891235
1823,8,8,0.9751992225646973
1824,2,2,0.999811589717865
1825,9,9,0.99397212266922
1826,0,0,0.9999915361404419
1827,8,8,0.9999946355819702
1828,3,3,0.9988569021224976
1829,1,1,0.9995868802070618
1830,1,1,0.999601423740387
1831,6,6,0.9998953342437744
1832,3,3,0.9999997615814209
1833,5,5,0.9996463060379028
1834,1,1,0.9999159574508667
1835,1,1,0.9987806677818298
1836,1,1,0.9997389912605286
1837,3,3,0.9999963045120239
1838,1,1,0.9992116689682007
1839,2,2,0.9996837377548218
1840,3,3,1.0
1841,0,0,0.9999860525131226
1842,2,2,0.9999228715896606
1843,0,0,0.9998596906661987
1844,1,1,0.9987564086914062
1845,3,3,0.9999996423721313
1846,5,5,0.9986338019371033
1847,5,5,0.9926429390907288
1848,7,7,0.9989161491394043
1849,4,4,0.9980645775794983
1850,8,8,0.999806821346283
1851,9,9,0.9998594522476196
1852,6,6,0.9998250603675842
1853,9,9,0.9910715222358704
1854,6,6,0.9999939203262329
1855,8,8,0.9997053742408752
1856,3,3,0.9999322891235352
1857,6,6,0.9999998807907104
1858,6,6,0.9999963045120239
1859,8,8,0.984670877456665
1860,5,5,0.9996784925460815
1861,1,1,0.9983154535293579
1862,4,4,0.995245635509491
1863,2,2,0.9999983310699463
1864,4,4,0.9999879598617554
1865,4,4,0.998875081539154
1866,5,5,0.9999936819076538
1867,1,1,0.999804675579071
1868,1,1,0.995665967464447
1869,9,9,0.9998664855957031
1870,0,0,0.9999967813491821
1871,2,2,0.9591541886329651
1872,4,4,0.9996858835220337
1873,9,9,0.9999974966049194
1874,5,5,0.9993844032287598
1875,7,7,0.9999871253967285
1876,1,1,0.999882698059082
1877,8,8,0.9995379447937012
1878,8,3,0.7101771235466003
1879,5,5,0.9999772310256958
1880,6,6,0.9696037173271179
1881,9,9,0.9999345541000366
1882,8,8,0.9999995231628418
1883,7,7,0.998948872089386
1884,1,1,0.9994633793830872
1885,1,1,0.9916270971298218
1886,6,6,0.9998025298118591
1887,7,7,0.9999978542327881
1888,6,6,0.9970932006835938
1889,3,3,0.9999996423721313
1890,2,2,1.0
1891,2,2,0.9999996423721313
1892,0,0,1.0
1893,8,8,0.9999985694885254
1894,9,9,0.9820809960365295
1895,2,2,0.9999954700469971
1896,5,5,0.9999175071716309
1897,1,1,0.9996769428253174
1898,0,0,0.9842901825904846
1899,8,8,0.9999746084213257
1900,1,1,0.9338079690933228
1901,9,4,0.4873073399066925
1902,5,5,0.9999079704284668
1903,7,7,0.6403911709785461
1904,9,9,0.9997001886367798
1905,6,6,0.9999990463256836
1906,9,9,0.9978364109992981
1907,0,0,0.9909951090812683
1908,6,6,0.9998212456703186
1909,1,1,0.9855850338935852
1910,5,5,0.9999463558197021
1911,5,5,0.9407160878181458
1912,8,8,0.9991456270217896
1913,3,3,0.9996142387390137
1914,8,8,0.9999918937683105
1915,2,2,0.9995811581611633
1916,6,6,0.999392032623291
1917,5,5,0.9999964237213135
1918,0,0,0.9999357461929321
1919,7,7,0.9998656511306763
1920,4,4,0.9961563944816589
1921,6,6,0.9999992847442627
1922,1,1,0.9996415376663208
1923,3,3,1.0
1924,4,4,0.9914199113845825
1925,7,7,0.9996005892753601
1926,3,3,0.9999699592590332
1927,2,2,0.998870313167572
1928,3,3,0.9999946355819702
1929,4,4,0.9994243383407593
1930,2,2,0.9999997615814209
1931,5,5,0.9996123909950256
1932,2,2,0.999839186668396
1933,7,7,0.9997468590736389
1934,1,1,0.9992824196815491
1935,7,7,0.999944806098938
1936,2,2,0.9999961853027344
1937,6,6,0.9996829032897949
1938,4,4,0.9988235831260681
1939,1,1,0.998839795589447
1940,5,5,0.9999563694000244
1941,7,7,0.9919943809509277
1942,8,8,0.9994814991950989
1943,6,6,0.9996829032897949
1944,0,0,0.9999010562896729
1945,1,1,0.9996217489242554
1946,8,8,0.9999697208404541
1947,2,2,0.9998792409896851
1948,5,5,0.9998757839202881
1949,7,7,0.5895870327949524
1950,7,7,0.9998791217803955
1951,6,6,0.999415397644043
1952,9,9,0.9922365546226501
1953,3,3,0.9999760389328003
1954,5,5,0.9974462985992432
1955,8,8,0.9997370839118958
1956,4,4,0.9774854183197021
1957,2,2,1.0
1958,4,4,0.9999994039535522
1959,0,0,0.9990113973617554
1960,8,8,0.9999880790710449
1961,8,8,0.9972673654556274
1962,3,3,0.999998927116394
1963,4,4,0.9997158646583557
1964,9,9,0.9998656511306763
1965,2,2,0.9985290765762329
1966,7,7,0.9999972581863403
1967,5,5,0.999991774559021
1968,8,8,0.9972363710403442
1969,6,6,0.9987302422523499
1970,5,5,0.9999815225601196
1971,6,6,0.9999256134033203
1972,0,0,0.9999960660934448
1973,8,8,0.9998917579650879
1974,6,6,0.9999862909317017
1975,7,7,0.9999784231185913
1976,3,3,0.9999006986618042
1977,6,6,0.9999301433563232
1978,4,4,0.9999697208404541
1979,9,9,0.9989307522773743
1980,4,4,0.9999997615814209
1981,6,6,0.9992246627807617
1982,6,6,0.9695964455604553
1983,3,3,0.9999593496322632
1984,2,2,0.9997661709785461
1985,4,4,0.999997615814209
1986,1,1,0.9993268251419067
1987,0,0,0.9996604919433594
1988,1,1,0.998552143573761
1989,4,4,0.9914458990097046
1990,6,6,0.999904990196228
1991,2,2,0.9994325041770935
1992,9,9,0.9818149209022522
1993,1,1,0.9982865452766418
1994,1,1,0.9984820485115051
1995,0,0,0.9999982118606567
1996,6,6,0.9990774393081665
1997,3,3,1.0
1998,9,9,0.9997169375419617
1999,5,5,0.999357283115387
2000,6,6,0.9993017911911011
2001,5,5,0.9998824596405029
2002,6,6,0.9999935626983643
2003,5,5,0.9999984502792358
2004,8,8,0.9997063279151917
2005,4,4,0.9999769926071167
2006,6,6,0.9999223947525024
2007,4,4,0.9999977350234985
2008,3,3,0.9999948740005493
2009,9,9,0.9997009038925171
2010,1,1,0.9974084496498108
2011,3,3,0.999735414981842
2012,4,4,0.9999760389328003
2013,1,1,0.9983331561088562
2014,9,9,0.9997647404670715
2015,1,1,0.9988095760345459
2016,7,7,0.9865612387657166
2017,1,1,0.999880313873291
2018,1,7,0.5964608788490295
2019,9,9,0.9963074922561646
2020,3,3,0.9999954700469971
2021,5,5,0.9999978542327881
2022,4,4,0.9998512268066406
2023,0,0,0.948688268661499
2024,7,7,0.737135112285614
2025,3,3,0.9941427111625671
2026,6,6,0.9999961853027344
2027,1,1,0.9944769740104675
2028,7,7,0.9897239208221436
2029,5,5,0.9984719157218933
2030,5,5,0.9999924898147583
2031,3,3,0.9999998807907104
2032,3,3,0.9999996423721313
2033,0,0,0.9993755221366882
2034,1,1,0.9984384179115295
2035,5,3,0.823164701461792
2036,7,7,0.9999758005142212
2037,5,5,0.999426007270813
2038,8,8,0.9992510676383972
2039,6,6,0.9998908042907715
2040,5,6,0.9055279493331909
2041,1,1,0.9980770349502563
2042,0,0,0.9999874830245972
2043,4,8,0.7740232944488525
2044,2,2,0.9998397827148438
2045,3,3,0.9999980926513672
2046,4,4,0.9999345541000366
2047,6,6,0.9999830722808838
2048,7,7,0.9782478213310242
2049,9,9,0.9977499842643738
2050,8,8,0.9998134970664978
2051,1,1,0.9996066689491272
2052,8,8,0.9990887641906738
2053,4,4,0.9616366028785706
2054,9,9,0.9915607571601868
2055,2,2,0.9994410872459412
2056,8,8,0.9974289536476135
2057,6,6,0.9997352957725525
2058,2,2,0.9987502098083496
2059,7,7,0.9854242205619812
2060,0,0,0.9997891783714294
2061,0,0,0.9997683167457581
2062,6,6,0.9999997615814209
2063,7,7,0.9781461954116821
2064,5,5,0.9999878406524658
2065,8,8,0.9999428987503052
2066,6,6,0.9999830722808838
2067,0,0,0.9942254424095154
2068,9,9,0.9988152980804443
2069,3,3,0.9999998807907104
2070,7,9,0.783149003982544
2071,1,1,0.9982746839523315
2072,3,3,0.9999997615814209
2073,5,5,0.9997429251670837
2074,4,4,0.9999828338623047
2075,3,3,0.9998526573181152
2076,3,3,0.9999995231628418
2077,5,5,0.9999052286148071
2078,5,5,0.9999759197235107
2079,6,6,0.9994558691978455
2080,3,3,0.9999840259552002
2081,0,0,0.9997639060020447
2082,2,2,0.9999560117721558
2083,3,3,0.9999852180480957
2084,4,4,0.9538832902908325
2085,2,2,0.9999780654907227
2086,3,3,0.9999914169311523
2087,0,0,0.9998764991760254
2088,9,9,0.999859094619751
2089,9,9,0.9993923902511597
2090,4,4,0.9898779392242432
2091,7,7,0.9999995231628418
2092,2,2,0.9999934434890747
2093,8,8,0.4842238128185272
2094,4,4,0.9983431100845337
2095,7,7,0.9999525547027588
2096,0,0,0.9999792575836182
2097,6,6,0.9995442032814026
2098,2,2,0.9147115349769592
2099,8,8,0.9981516003608704
2100,5,5,0.9999128580093384
2101,2,2,0.9996827840805054
2102,8,8,0.9999899864196777
2103,5,5,0.9990828037261963
2104,7,7,0.9996997117996216
2105,3,3,0.9940277338027954
2106,0,0,0.9994031190872192
2107,8,8,0.9866532683372498
2108,2,2,0.999915599822998
2109,3,3,0.9222869873046875
2110,2,2,0.9999973773956299
2111,8,8,0.9999967813491821
2112,2,2,0.9999914169311523
2113,5,5,0.9998540878295898
2114,5,5,0.9999920129776001
2115,7,7,0.9999991655349731
2116,6,6,0.9997890591621399
2117,4,4,0.9999794960021973
2118,6,0,0.5448300242424011
2119,8,8,0.9958451390266418
2120,4,4,0.9999996423721313
2121,8,8,0.9845854640007019
2122,2,2,0.9998244643211365
2123,7,7,0.9811385273933411
2124,4,4,0.9999996423721313
2125,5,5,0.9996989965438843
2126,2,2,0.9999951124191284
2127,0,0,0.99997878074646
2128,3,3,0.9999996423721313
2129,9,8,0.4962265193462372
2130,4,9,0.6767415404319763
2131,6,6,0.9854269027709961
2132,7,7,0.9998161196708679
2133,2,2,0.9999969005584717
2134,5,5,0.9999881982803345
2135,6,6,0.5446313619613647
2136,1,1,0.9965330362319946
2137,1,1,0.9997102618217468
2138,2,2,0.992794930934906
2139,3,3,1.0
2140,6,6,0.9999814033508301
2141,7,7,0.999981164932251
2142,8,8,0.9963560104370117
2143,7,7,0.9980675578117371
2144,6,6,0.9998602867126465
2145,4,4,0.9999692440032959
2146,8,8,0.9999607801437378
2147,9,9,0.9929942488670349
2148,4,4,0.5956587791442871
2149,8,8,0.9947172999382019
2150,6,6,0.9999330043792725
2151,3,3,0.9999986886978149
2152,8,8,0.9999675750732422
2153,3,3,0.9999829530715942
2154,1,1,0.9997425675392151
2155,0,0,0.9999371767044067
2156,6,6,0.9999853372573853
2157,2,2,0.9999557733535767
2158,2,2,0.9999490976333618
2159,5,5,0.9998688697814941
2160,6,6,0.9995179176330566
2161,9,9,0.947877824306488
2162,5,5,0.9794439077377319
2163,8,8,0.9999974966049194
2164,1,1,0.999693751335144
2165,4,4,0.9999997615814209
2166,1,1,0.9939860105514526
2167,7,7,0.9999327659606934
2168,8,8,0.9998743534088135
2169,4,4,0.9999005794525146
2170,6,6,1.0
2171,1,1,0.9990230798721313
2172,8,8,0.9999657869338989
2173,4,4,0.9999949932098389
2174,3,3,0.999121367931366
2175,1,1,0.9749867916107178
2176,2,2,0.9999547004699707
2177,8,8,0.9999992847442627
2178,0,0,0.9999918937683105
2179,8,8,0.9741688370704651
2180,5,5,0.9999797344207764
2181,9,9,0.9999798536300659
2182,1,2,0.5072147846221924
2183,4,4,0.999998927116394
2184,2,2,0.9999986886978149
2185,0,0,0.9877089262008667
2186,2,2,0.8995400667190552
2187,7,7,0.9999353885650635
2188,0,0,0.9994490742683411
2189,9,9,0.8799848556518555
2190,0,0,0.9996953010559082
2191,2,2,0.9999829530715942
2192,5,5,0.9996071457862854
2193,7,7,0.997780978679657
2194,6,6,0.9997938275337219
2195,7,7,0.986796498298645
2196,9,9,0.9997872710227966
2197,4,4,0.9997707009315491
2198,2,2,0.9997275471687317
2199,6,6,0.9993205070495605
2200,2,2,0.9999843835830688
2201,4,4,0.9999997615814209
2202,4,4,0.9999927282333374
2203,8,8,0.9999982118606567
2204,0,0,0.9999674558639526
2205,4,4,0.9999445676803589
2206,4,4,0.9990206956863403
2207,5,5,0.9999998807907104
2208,8,8,0.9999170303344727
2209,0,0,0.9998921155929565
2210,6,6,0.9999324083328247
2211,8,8,0.9999990463256836
2212,9,9,0.9991745352745056
2213,8,8,0.9999994039535522
2214,5,5,0.9999771118164062
2215,6,6,0.958746612071991
2216,9,9,0.9996880292892456
2217,0,0,0.9999954700469971
2218,4,4,0.9997711777687073
2219,8,8,0.9999983310699463
2220,7,7,0.9999909400939941
2221,1,1,0.994662880897522
2222,3,3,0.999711811542511
2223,4,4,0.9999985694885254
2224,5,5,0.4991094768047333
2225,8,8,0.9971164464950562
2226,0,0,0.999933123588562
2227,9,9,0.9987990856170654
2228,1,1,0.9973975419998169
2229,3,3,0.9999960660934448
2230,3,3,0.9999998807907104
2231,6,6,0.9999992847442627
2232,9,9,0.9925687909126282
2233,8,8,0.9999945163726807
2234,7,7,0.9989451766014099
2235,1,1,0.999339759349823
2236,0,0,0.9999194145202637
2237,5,5,0.9693339467048645
2238,7,7,0.9998064637184143
2239,1,1,0.9983708262443542
2240,7,7,0.9999994039535522
2241,5,5,0.9999634027481079
2242,2,2,0.9993776679039001
2243,7,7,0.9996114373207092
2244,9,9,0.9995940327644348
2245,1,1,0.984099268913269
2246,8,8,0.9994858503341675
2247,5,5,0.9999926090240479
2248,2,2,0.998571515083313
2249,4,4,1.0
2250,9,9,0.9888794422149658
2251,4,4,0.9999865293502808
2252,7,7,0.9992843270301819
2253,2,2,0.9999990463256836
2254,2,2,0.9999933242797852
2255,3,3,0.9999878406524658
2256,4,4,1.0
2257,9,9,0.999944806098938
2258,1,1,0.9465566873550415
2259,9,9,0.9999439716339111
2260,2,2,0.9999994039535522
2261,1,1,0.9993842840194702
2262,7,7,0.9996065497398376
2263,9,9,0.9999035596847534
2264,4,4,0.9999972581863403
2265,4,4,0.9998003840446472
2266,1,1,0.4148249328136444
2267,6,6,0.9999879598617554
2268,7,7,0.9996243715286255
2269,2,2,0.9999939203262329
2270,7,7,0.9979434609413147
2271,8,8,0.9999977350234985
2272,8,8,0.9985805749893188
2273,1,1,0.9988828301429749
2274,9,9,0.9997044205665588
2275,7,7,0.9994844198226929
2276,1,1,0.8550755977630615
2277,1,1,0.9927182197570801
2278,7,7,0.9999840259552002
2279,5,5,0.9964748024940491
2280,3,3,0.631973147392273
2281,3,3,0.9999938011169434
2282,5,5,0.9993839263916016
2283,1,1,0.9998075366020203
2284,3,3,0.9999288320541382
2285,7,7,0.9999865293502808
2286,6,6,0.9999203681945801
2287,1,1,0.9993294477462769
2288,3,3,0.999907374382019
2289,8,8,0.9999493360519409
2290,7,7,0.9997708201408386
2291,5,5,0.9997695088386536
2292,9,9,0.9992550015449524
2293,9,6,0.8174881339073181
2294,0,0,0.9998735189437866
2295,0,0,0.9999886751174927
2296,2,2,0.9996529817581177
2297,8,8,0.9999978542327881
2298,8,8,0.9273778796195984
2299,2,2,0.9996330738067627
2300,3,3,0.9995787739753723
2301,7,7,0.9998793601989746
2302,1,1,0.9986690282821655
2303,3,3,0.9999984502792358
2304,0,0,0.9999356269836426
2305,3,3,0.9999344348907471
2306,4,4,0.9999426603317261
2307,4,4,0.9999951124191284
2308,3,3,0.9389936923980713
2309,8,8,0.9949840307235718
2310,9,9,0.9998190999031067
2311,2,2,0.9997503161430359
2312,3,3,0.9998949766159058
2313,9,9,0.9999133348464966
2314,7,7,0.9925866723060608
2315,1,1,0.9973083734512329
2316,1,1,0.9996321201324463
2317,7,7,0.9999196529388428
2318,0,0,0.7415316700935364
2319,4,4,1.0
2320,9,9,0.999702513217926
2321,6,6,0.9999980926513672
2322,5,5,0.9999938011169434
2323,9,9,0.9999010562896729
2324,1,1,0.9996640682220459
2325,7,7,0.9999983310699463
2326,0,0,0.9920814037322998
2327,2,2,0.9999657869338989
2328,0,0,0.9999687671661377
2329,0,0,0.9993852376937866
2330,4,4,0.9999932050704956
2331,6,6,0.9999997615814209
2332,7,7,0.9999580383300781
2333,0,0,0.9765491485595703
2334,7,7,0.9979968667030334
2335,1,1,0.9998418092727661
2336,4,4,0.9999998807907104
2337,6,6,0.9999992847442627
2338,4,4,0.9999381303787231
2339,5,5,0.8599128127098083
2340,4,4,1.0
2341,9,9,0.9977025389671326
2342,9,9,0.9996911287307739
2343,1,1,0.9739239811897278
2344,7,7,0.9999978542327881
2345,9,9,0.998989999294281
2346,5,5,1.0
2347,3,3,0.9999982118606567
2348,3,3,0.9996225833892822
2349,8,8,0.9999998807907104
2350,2,2,0.9999998807907104
2351,3,3,0.999984622001648
2352,6,6,0.9999969005584717
2353,2,2,0.9999946355819702
2354,2,2,0.9999982118606567
2355,1,1,0.8282241821289062
2356,1,1,0.9988239407539368
2357,1,1,0.9998024106025696
2358,1,1,0.9901061654090881
2359,1,1,0.9996294975280762
2360,6,6,0.999991774559021
2361,9,9,0.9802345633506775
2362,8,8,0.9992082715034485
2363,4,4,0.9960749745368958
2364,3,3,0.9999954700469971
2365,7,7,0.9999656677246094
2366,1,1,0.9999252557754517
2367,6,6,0.9998764991760254
2368,4,4,0.9999982118606567
2369,5,5,0.9915463328361511
2370,0,0,0.9999922513961792
2371,4,4,0.9940484762191772
2372,7,7,0.9989951252937317
2373,4,4,0.9999943971633911
2374,2,2,0.9956827163696289
2375,4,4,0.9999996423721313
2376,0,0,0.9980579018592834
2377,7,7,0.9976468682289124
2378,0,0,0.9999781847000122
2379,1,1,0.9993942975997925
2380,9,9,0.7416964173316956
2381,8,8,0.9998884201049805
2382,8,8,0.996414303779602
2383,6,6,0.9999902248382568
2384,0,0,0.9999712705612183
2385,0,0,0.9994315505027771
2386,4,4,0.9827480912208557
2387,9,9,0.9453637003898621
2388,6,6,0.9998346567153931
2389,8,8,0.9999971389770508
2390,2,2,0.9999985694885254
2391,2,2,0.9999998807907104
2392,3,3,0.9999321699142456
2393,8,8,0.9999746084213257
2394,4,4,0.9990454316139221
2395,8,8,0.884598970413208
2396,2,2,0.9999972581863403
2397,2,2,0.9997568726539612
2398,1,1,0.9767772555351257
2399,7,7,0.9998410940170288
2400,5,5,0.9975534081459045
2401,4,4,0.9999990463256836
2402,4,4,0.9999488592147827
2403,0,0,0.9999294281005859
2404,4,4,0.9985532164573669
2405,3,3,0.9996660947799683
2406,9,9,0.5943037271499634
2407,7,7,0.9999991655349731
2408,3,3,0.9998626708984375
2409,1,1,0.9927797913551331
2410,0,0,0.999962568283081
2411,1,1,0.9994414448738098
2412,2,2,0.9999455213546753
2413,5,5,0.999967098236084
2414,9,9,0.7258718013763428
2415,2,2,0.9993298053741455
2416,1,1,0.9972375631332397
2417,0,0,0.99949049949646
2418,1,1,0.9996023774147034
2419,8,8,0.9989207983016968
2420,9,9,0.9999692440032959
2421,1,1,0.9991579055786133
2422,6,6,0.9634597301483154
2423,8,8,0.9999867677688599
2424,3,3,0.9999929666519165
2425,8,8,0.9993436932563782
2426,9,9,0.9635343551635742
2427,3,3,0.9999992847442627
2428,6,6,0.9999918937683105
2429,2,2,0.9997804760932922
2430,8,8,0.9999083280563354
2431,3,3,0.9999958276748657
2432,2,2,0.9999492168426514
2433,2,2,0.9997010827064514
2434,1,1,0.999313235282898
2435,0,0,0.9999511241912842
2436,4,4,1.0
2437,2,2,0.9546664357185364
2438,9,9,0.999599039554596
2439,2,2,0.9999991655349731
2440,4,4,0.9999996423721313
2441,3,3,0.989972710609436
2442,7,7,0.9998331069946289
2443,9,9,0.9999645948410034
2444,1,1,0.9985564351081848
2445,5,5,0.9999978542327881
2446,2,2,0.9999997615814209
2447,4,4,0.7717928290367126
2448,9,9,0.9826924800872803
2449,0,0,0.9995373487472534
2450,3,3,0.9990839958190918
2451,8,8,0.9999992847442627
2452,5,5,0.9999390840530396
2453,3,3,0.9999785423278809
2454,6,6,0.758076548576355
2455,0,0,0.9871959686279297
2456,9,9,0.998977780342102
2457,4,4,0.9976626634597778
2458,6,6,0.9999996423721313
2459,2,2,0.9940296411514282
2460,5,5,0.9987654685974121
2461,0,0,0.9999767541885376
2462,2,0,0.98711758852005
2463,7,7,0.9969192743301392
2464,4,4,0.9999912977218628
2465,6,6,0.9999998807907104
2466,6,6,0.9995429515838623
2467,8,8,0.9999959468841553
2468,6,6,0.9999998807907104
2469,6,6,0.9997764229774475
2470,8,8,0.9999998807907104
2471,6,6,0.9999923706054688
2472,9,9,0.9945854544639587
2473,1,1,0.9797956943511963
2474,7,7,0.9972418546676636
2475,2,2,0.9999606609344482
2476,5,5,0.999657154083252
2477,9,9,0.9996100068092346
2478,9,9,0.9994922876358032
2479,0,0,0.9994224309921265
2480,7,7,0.9180716276168823
2481,2,2,0.9993879795074463
2482,7,7,0.9997269511222839
2483,6,6,0.9999935626983643
2484,7,7,0.999861478805542
2485,0,0,0.9999992847442627
2486,6,6,0.9999998807907104
2487,5,5,0.9999979734420776
2488,2,4,0.8516190052032471
2489,4,4,0.9999980926513672
2490,7,7,0.9848340749740601
2491,2,2,0.9997983574867249
2492,0,0,0.9967747330665588
2493,9,9,0.9999644756317139
2494,9,9,0.9996015429496765
2495,2,2,1.0
2496,2,2,0.9999688863754272
2497,9,9,0.9987221360206604
2498,4,4,0.9999996423721313
2499,4,4,0.9999979734420776
2500,2,2,0.9992647767066956
2501,3,3,0.9999998807907104
2502,3,3,0.9999995231628418
2503,2,2,1.0
2504,1,1,0.9977235198020935
2505,7,7,1.0
2506,0,0,0.9999419450759888
2507,7,7,0.8269993662834167
2508,6,6,0.992344081401825
2509,4,4,0.9997296929359436
2510,1,1,0.9964883327484131
2511,3,3,0.99994957447052
2512,8,8,0.999138355255127
2513,7,7,0.9988235831260681
2514,4,4,0.9987403750419617
2515,5,5,0.9998785257339478
2516,9,9,0.8634840250015259
2517,2,2,0.9999054670333862
2518,5,5,0.9999985694885254
2519,1,1,0.9989200830459595
2520,8,8,0.9999840259552002
2521,7,7,0.9976748824119568
2522,3,3,0.9998244643211365
2523,7,7,0.5505085587501526
2524,1,1,0.9996503591537476
2525,5,5,0.9953169822692871
2526,5,5,0.9975795149803162
2527,0,0,0.9999732971191406
2528,9,9,0.9969152212142944
2529,1,1,0.9999196529388428
2530,4,4,0.9996718168258667
2531,0,0,0.999982476234436
2532,6,6,0.842130184173584
2533,3,3,0.9980704188346863
2534,3,3,0.8594359755516052
2535,6,6,0.9989936947822571
2536,0,0,0.9999887943267822
2537,4,4,0.9990034699440002
2538,9,9,0.9999665021896362
2539,7,7,0.982854962348938
2540,5,5,0.9982340335845947
2541,1,1,0.9993864297866821
2542,6,6,0.9999995231628418
2543,8,8,0.9916127920150757
2544,9,9,0.9985657334327698
2545,5,5,0.9997727274894714
2546,5,5,0.9999589920043945
2547,7,7,0.9999772310256958
2548,9,9,0.9636682868003845
2549,3,3,0.9999945163726807
2550,8,8,0.9998065829277039
2551,3,3,0.998263418674469
2552,8,8,0.9999830722808838
2553,1,1,0.9997337460517883
2554,5,5,0.9999982118606567
2555,3,3,0.9999997615814209
2556,5,5,0.9974489808082581
2557,0,0,0.9997534155845642
2558,5,5,0.9999914169311523
2559,5,5,0.9950833320617676
2560,3,3,0.9999781847000122
2561,8,8,0.9999982118606567
2562,6,6,0.999459445476532
2563,7,7,0.9996102452278137
2564,7,7,0.9958821535110474
2565,7,7,0.9999997615814209
2566,3,3,0.9997796416282654
2567,7,7,0.999688982963562
2568,0,0,0.9999998807907104
2569,5,5,0.9991748929023743
2570,9,9,0.9993671774864197
2571,0,0,0.9980701804161072
2572,2,2,0.999995231628418
2573,5,5,0.9797388315200806
2574,5,5,0.9481098651885986
2575,3,3,0.9999995231628418
2576,1,1,0.9962133765220642
2577,7,7,0.9985260367393494
2578,7,7,0.7308614253997803
2579,8,8,0.9999988079071045
2580,6,6,0.9998822212219238
2581,5,5,0.9999881982803345
2582,9,9,0.5563203692436218
2583,3,3,0.999998927116394
2584,8,8,0.9999892711639404
2585,9,9,0.9999204874038696
2586,5,5,0.9999802112579346
2587,3,3,0.9999715089797974
2588,7,7,0.9999997615814209
2589,9,0,0.6800532937049866
2590,1,1,0.9997783303260803
2591,7,7,0.9999551773071289
2592,0,0,0.9999778270721436
2593,0,0,0.9999840259552002
2594,3,3,0.999997615814209
2595,7,7,0.9999959468841553
2596,2,2,0.9992006421089172
2597,5,3,0.970425009727478
2598,8,8,0.9977025389671326
2599,1,1,0.9995883107185364
2600,8,8,0.9999978542327881
2601,6,6,0.9998935461044312
2602,2,2,0.9998592138290405
2603,9,9,0.9960846900939941
2604,5,5,0.9992455244064331
2605,7,7,0.9998984336853027
2606,5,5,0.9999955892562866
2607,7,7,0.9845149517059326
2608,8,8,0.9999703168869019
2609,6,6,0.9999334812164307
2610,2,2,0.9984330534934998
2611,5,5,0.9980225563049316
2612,1,1,0.9967271089553833
2613,4,4,0.9999996423721313
2614,8,8,0.999969482421875
2615,4,4,0.9999998807907104
2616,5,5,0.9999738931655884
2617,8,8,0.9989140033721924
2618,3,3,0.9990724325180054
2619,0,0,0.9999158382415771
2620,6,6,0.9999604225158691
2621,2,2,1.0
2622,7,7,0.9999967813491821
2623,3,3,0.9999982118606567
2624,3,3,0.9999521970748901
2625,2,2,0.9998152852058411
2626,1,1,0.9994837045669556
2627,0,0,0.9999455213546753
2628,7,7,0.9999706745147705
2629,3,3,0.9998544454574585
2630,4,4,0.9999959468841553
2631,0,0,0.9773577451705933
2632,3,3,0.9999998807907104
2633,9,9,0.9998037219047546
2634,3,3,0.9999997615814209
2635,2,2,0.9970846772193909
2636,8,8,0.986902117729187
2637,9,9,0.999990701675415
2638,0,0,0.9998842477798462
2639,3,3,0.9999918937683105
2640,8,8,0.9999853372573853
2641,0,0,0.999996542930603
2642,7,7,0.9898263216018677
2643,6,6,0.9999715089797974
2644,5,5,0.9999924898147583
2645,4,4,0.9853225946426392
2646,7,7,0.9998749494552612
2647,3,3,0.999997615814209
2648,9,9,0.7426849007606506
2649,0,0,0.9807573556900024
2650,8,8,0.9998314380645752
2651,6,6,0.9996477365493774
2652,2,2,0.999866247177124
2653,5,5,0.9999991655349731
2654,6,1,0.6184733510017395
2655,1,1,0.9989627599716187
2656,0,0,0.9999974966049194
2657,0,0,0.999985933303833
2658,4,4,0.9943916201591492
2659,4,4,0.9963233470916748
2660,0,0,0.9999701976776123
2661,1,1,0.9992565512657166
2662,2,2,1.0
2663,3,3,0.9999861717224121
2664,2,2,0.999998927116394
2665,7,7,0.9999598264694214
2666,7,7,0.9999979734420776
2667,8,8,0.9986342787742615
2668,5,5,0.9999481439590454
2669,2,2,0.9999997615814209
2670,5,5,0.9993259906768799
2671,7,7,0.9875044226646423
2672,6,6,0.9998942613601685
2673,9,9,0.9997277855873108
2674,1,1,0.9984373450279236
2675,4,4,1.0
2676,1,1,0.9965460896492004
2677,6,6,0.999982476234436
2678,4,4,0.9590728282928467
2679,2,2,0.9999949932098389
2680,4,4,0.9998397827148438
2681,3,3,0.9996939897537231
2682,5,5,0.9999988079071045
2683,4,4,0.9996505975723267
2684,3,3,0.9999897480010986
2685,9,9,0.999430239200592
2686,5,5,0.9579408764839172
2687,0,0,0.9999691247940063
2688,1,1,0.9992517828941345
2689,5,5,0.9799150824546814
2690,3,3,0.9999947547912598
2691,8,8,0.9999966621398926
2692,9,9,0.9989510774612427
2693,1,1,0.9989290833473206
2694,9,9,0.9993738532066345
2695,7,7,0.9919834733009338
2696,9,9,0.9988425374031067
2697,5,5,0.9999783039093018
2698,5,5,0.9995649456977844
2699,2,2,0.9997984766960144
2700,7,7,0.996740996837616
2701,4,4,0.9999880790710449
2702,6,6,0.9999990463256836
2703,0,0,0.9998149275779724
2704,1,1,0.997802197933197
2705,1,1,0.607623815536499
2706,1,1,0.9940525889396667
2707,0,0,0.9999977350234985
2708,4,4,0.996121346950531
2709,4,4,0.999570906162262
2710,7,7,0.9981285929679871
2711,6,6,0.9999994039535522
2712,3,3,0.9999885559082031
2713,0,0,0.9972647428512573
2714,0,0,0.999880313873291
2715,4,4,0.9980156421661377
2716,3,3,0.999976634979248
2717,0,0,0.9999881982803345
2718,6,6,0.9996435642242432
2719,1,1,0.9995216131210327
2720,9,9,0.8756412267684937
2721,6,6,0.9984011054039001
2722,1,1,0.99791020154953
2723,3,3,0.9999911785125732
2724,8,8,0.9999147653579712
2725,1,1,0.9999099969863892
2726,2,2,0.9999722242355347
2727,5,5,0.9999282360076904
2728,6,6,0.9999861717224121
2729,2,2,0.9998736381530762
2730,7,7,0.9914734363555908
2731,3,3,0.999998927116394
2732,6,6,0.9744821190834045
2733,0,0,0.9999889135360718
2734,1,1,0.8015291094779968
2735,9,9,0.9802819490432739
2736,7,7,0.9964073300361633
2737,6,6,0.9999711513519287
2738,6,6,0.9998853206634521
2739,8,8,0.9985530972480774
2740,9,9,0.9895229935646057
2741,2,2,0.9999948740005493
2742,9,9,0.9869842529296875
2743,5,5,0.9260227680206299
2744,8,8,0.9999940395355225
2745,3,3,0.9999035596847534
2746,1,1,0.9989039897918701
2747,0,0,0.9997664093971252
2748,0,0,0.9997497200965881
2749,7,7,0.999997615814209
2750,6,6,0.9933630228042603
2751,6,6,0.9992781281471252
2752,2,2,0.9999996423721313
2753,1,1,0.8305635452270508
2754,6,6,0.9996984004974365
2755,9,9,0.9988069534301758
2756,3,3,0.9999384880065918
2757,1,1,0.9986844658851624
2758,8,8,0.8897156119346619
2759,6,6,0.9999992847442627
2760,9,9,0.6280174255371094
2761,0,0,0.9999206066131592
2762,6,6,0.9999877214431763
2763,0,0,0.9999234676361084
2764,0,0,0.9999490976333618
2765,0,0,0.9999511241912842
2766,6,6,0.9997813105583191
2767,3,3,0.9999885559082031
2768,5,5,0.9999967813491821
2769,9,9,0.9885613322257996
2770,3,3,0.7797121405601501
2771,4,4,0.8499847054481506
2772,5,5,0.9995866417884827
2773,5,5,0.9999988079071045
2774,8,8,0.9999996423721313
2775,5,5,0.9999912977218628
2776,3,3,0.9999922513961792
2777,0,0,0.9884343147277832
2778,4,4,0.9898157119750977
2779,0,0,0.9999932050704956
2780,2,2,0.9938127994537354
2781,9,9,0.9999624490737915
2782,6,6,0.9994055032730103
2783,8,8,0.9995812773704529
2784,2,2,0.9998565912246704
2785,3,3,0.9999786615371704
2786,1,1,0.9820606708526611
2787,2,2,0.9999293088912964
2788,1,1,0.9964569211006165
2789,1,1,0.9994400143623352
2790,5,5,0.9999996423721313
2791,6,6,0.9997914433479309
2792,9,9,0.9999262094497681
2793,8,8,0.9857327938079834
2794,0,0,0.9997300505638123
2795,6,6,0.9999909400939941
2796,6,6,0.9988007545471191
2797,5,5,0.9999980926513672
2798,5,5,0.9999998807907104
2799,3,3,0.9999963045120239
2800,8,8,0.9979552030563354
2801,6,6,0.9992020726203918
2802,2,2,0.9999113082885742
2803,1,1,0.9886055588722229
2804,4,4,0.9999740123748779
2805,5,5,0.999920129776001
2806,4,4,0.9999151229858398
2807,3,3,0.9999594688415527
2808,7,7,0.9945409893989563
2809,8,8,0.9999971389770508
2810,5,5,0.9459832906723022
2811,0,0,0.9998527765274048
2812,9,9,0.9799505472183228
2813,3,3,0.9999940395355225
2814,5,5,0.9913082718849182
2815,1,1,0.9962450861930847
2816,1,1,0.9994688630104065
2817,0,0,0.9988777041435242
2818,4,4,0.985714852809906
2819,4,4,0.9998708963394165
2820,7,7,0.9997269511222839
2821,0,0,0.9812016487121582
2822,1,1,0.9993657469749451
2823,7,7,0.8542562127113342
2824,0,0,0.9999902248382568
2825,1,1,0.9913655519485474
2826,6,6,0.9999995231628418
2827,1,1,0.9965347051620483
2828,4,4,0.9977599382400513
2829,5,5,0.9999954700469971
2830,6,6,0.9999959468841553
2831,6,6,0.9932689070701599
2832,5,5,0.9999668598175049
2833,7,7,0.9999995231628418
2834,8,8,0.9995653033256531
2835,4,4,0.999995231628418
2836,4,7,0.5883451104164124
2837,7,7,0.9999732971191406
2838,2,2,0.9995941519737244
2839,5,5,0.9999909400939941
2840,3,3,0.9999799728393555
2841,7,7,0.9999963045120239
2842,0,0,1.0
2843,7,7,0.9675310254096985
2844,7,7,0.9999340772628784
2845,9,9,0.9966073036193848
2846,6,6,0.9999254941940308
2847,4,4,0.9915382862091064
2848,2,2,0.9999793767929077
2849,8,8,0.9999234676361084
2850,5,5,0.9806209206581116
2851,7,7,0.9964746832847595
2852,8,8,0.999718964099884
2853,3,3,0.9973823428153992
2854,9,9,0.9888408780097961
2855,5,5,0.9999740123748779
2856,8,8,0.9999179840087891
2857,9,9,0.9997326731681824
2858,9,9,0.9996638298034668
2859,8,8,0.9999885559082031
2860,6,6,0.9934606552124023
2861,2,2,0.9996644258499146
2862,8,8,0.9992367029190063
2863,9,9,0.9794154167175293
2864,2,2,0.9979466795921326
2865,3,3,0.9999983310699463
2866,6,6,0.9998227953910828
2867,1,1,0.9896266460418701
2868,1,1,0.9984986782073975
2869,8,8,0.9965734481811523
2870,9,9,0.9998254179954529
2871,3,3,0.999998927116394
2872,4,4,0.9997914433479309
2873,0,0,0.9979920387268066
2874,7,7,0.99988853931427
2875,9,9,0.9871408939361572
2876,6,6,0.9996476173400879
2877,4,4,0.9101815223693848
2878,1,1,0.9982738494873047
2879,4,4,0.999736487865448
2880,1,1,0.9997406601905823
2881,3,3,1.0
2882,4,4,0.9994868040084839
2883,9,9,0.9996277093887329
2884,3,3,0.9999998807907104
2885,1,1,0.9861884713172913
2886,4,4,0.9999856948852539
2887,7,7,0.9999356269836426
2888,7,7,0.9983078241348267
2889,4,4,1.0
2890,7,7,0.99937903881073
2891,2,2,0.9985476136207581
2892,9,9,0.9999992847442627
2893,3,3,0.9999971389770508
2894,0,0,0.9990500807762146
2895,8,8,1.0
2896,8,8,0.6055814027786255
2897,8,8,0.9998530149459839
2898,4,4,0.9997393488883972
2899,0,0,0.9999905824661255
2900,4,4,0.9991421699523926
2901,4,4,0.9959537982940674
2902,1,1,0.9953315854072571
2903,5,5,0.9999998807907104
2904,2,2,0.9999985694885254
2905,8,8,0.9999988079071045
2906,3,3,0.999994158744812
2907,4,4,0.6738288998603821
2908,9,9,0.9999806880950928
2909,5,5,0.999879002571106
2910,2,2,0.9899454712867737
2911,8,8,0.9984331727027893
2912,1,1,0.9987599849700928
2913,5,5,0.9998200535774231
2914,3,3,0.9998286962509155
2915,7,7,0.9967679977416992
2916,9,9,0.9974521994590759
2917,4,4,0.9989063739776611
2918,2,2,0.9999998807907104
2919,5,5,0.9961993098258972
2920,6,6,0.999933123588562
2921,3,3,0.9982536435127258
2922,5,5,0.9999986886978149
2923,9,9,0.9992928504943848
2924,3,3,0.9999393224716187
2925,5,5,0.9901022911071777
2926,9,9,0.9900632500648499
2927,3,7,0.8749560713768005
2928,1,1,0.9999233484268188
2929,9,9,0.9998770952224731
2930,5,5,0.8831738829612732
2931,3,3,0.9999974966049194
2932,0,0,0.999988317489624
2933,6,6,0.9992152452468872
2934,9,9,0.9999821186065674
2935,8,8,0.999998927116394
2936,4,4,0.9999990463256836
2937,0,0,0.9998793601989746
2938,4,4,0.9966358542442322
2939,9,0,0.4908137023448944
2940,2,2,0.9999099969863892
2941,9,9,0.9999532699584961
2942,0,0,0.999996542930603
2943,1,1,0.985325038433075
2944,0,0,0.9939093589782715
2945,3,3,0.9974486231803894
2946,1,1,0.9996145963668823
2947,6,6,0.9999943971633911
2948,5,5,0.9999573230743408
2949,8,8,0.999909520149231
2950,1,1,0.9989148378372192
2951,5,5,0.9998906850814819
2952,3,3,0.9964220523834229
2953,3,3,0.9746599793434143
2954,0,0,0.9995366334915161
2955,3,3,0.9999884366989136
2956,5,5,0.9954949617385864
2957,5,5,0.9993834495544434
2958,9,9,0.9990575909614563
2959,2,2,0.9377452731132507
2960,8,8,0.9991720914840698
2961,7,7,0.9988735318183899
2962,0,0,0.999988317489624
2963,4,4,1.0
2964,9,9,0.9830633997917175
2965,1,1,0.9993447661399841
2966,9,9,0.9964368343353271
2967,7,7,0.9999656677246094
2968,7,7,0.9914208650588989
2969,5,5,0.99837327003479
2970,5,5,0.7161107659339905
2971,2,2,0.9999963045120239
2972,0,0,0.9314660429954529
2973,9,9,0.9999551773071289
2974,1,1,0.9997097849845886
2975,8,8,0.9999815225601196
2976,6,6,0.9996241331100464
2977,2,2,0.9983130693435669
2978,3,3,0.9999992847442627
2979,9,9,0.7281849980354309
2980,6,6,0.9999971389770508
2981,2,2,0.9993209838867188
2982,1,1,0.9992021918296814
2983,9,9,0.9999585151672363
2984,1,1,0.9989138841629028
2985,3,3,0.9999669790267944
2986,5,5,0.9938627481460571
2987,5,5,0.9998687505722046
2988,0,0,0.9999287128448486
2989,3,3,0.9998072981834412
2990,8,8,0.9999977350234985
2991,3,3,0.9998857975006104
2992,3,3,0.9999960660934448
2993,7,7,0.8979030251502991
2994,6,6,0.9997549653053284
2995,6,6,0.7641466856002808
2996,0,0,0.9999992847442627
2997,1,1,0.9996675252914429
2998,4,4,0.9976997971534729
2999,0,0,0.9999997615814209
3000,6,6,0.9990467429161072
3001,9,9,0.9974578022956848
3002,8,8,0.9999896287918091
3003,1,1,0.9993409514427185
3004,2,2,0.999358594417572
3005,9,9,0.53880375623703
3006,9,9,0.9999512434005737
3007,5,5,0.9999771118164062
3008,9,9,0.9999274015426636
3009,7,7,0.9980704188346863
3010,3,3,0.9999901056289673
3011,7,7,0.9999675750732422
3012,8,8,0.9953832030296326
3013,0,0,0.9999526739120483
3014,1,1,0.9976490139961243
3015,3,3,1.0
3016,0,0,0.9999085664749146
3017,4,4,0.9999171495437622
3018,6,6,0.9999855756759644
3019,1,1,0.9982625842094421
3020,0,0,0.9998205304145813
3021,2,2,0.9909892678260803
3022,5,5,0.9999970197677612
3023,8,8,0.9447991251945496
3024,4,4,1.0
3025,4,4,0.9999949932098389
3026,1,1,0.9998635053634644
3027,1,1,0.9990524649620056
3028,5,5,1.0
3029,4,4,0.999765932559967
3030,6,6,0.8586035966873169
3031,6,6,1.0
3032,0,0,0.9998021721839905
3033,6,6,0.9997078776359558
3034,9,9,0.9974811673164368
3035,2,2,0.9999725818634033
3036,6,6,0.9999972581863403
3037,2,2,0.9999873638153076
3038,7,7,0.9997828602790833
3039,1,1,0.9888529777526855
3040,7,7,0.9982616305351257
3041,9,9,0.9999668598175049
3042,4,4,0.9999825954437256
3043,0,0,0.9999312162399292
3044,0,0,0.9999765157699585
3045,3,3,0.9999421834945679
3046,8,8,0.9999984502792358
3047,2,2,0.9999938011169434
3048,2,2,0.9985005855560303
3049,3,3,0.9999960660934448
3050,1,1,0.9998793601989746
3051,6,6,0.999942421913147
3052,0,0,0.9999903440475464
3053,5,5,1.0
3054,7,7,0.9991536140441895
3055,7,7,0.9990915060043335
3056,9,9,0.9999239444732666
3057,2,2,0.9999996423721313
3058,6,6,0.9999786615371704
3059,7,7,0.9904926419258118
3060,9,3,0.2755171060562134
3061,7,7,0.9999679327011108
3062,8,8,0.9902488589286804
3063,6,6,0.9998922348022461
3064,8,8,0.9999722242355347
3065,8,8,0.9982841610908508
3066,4,4,0.9999392032623291
3067,6,6,0.9999785423278809
3068,8,8,0.9990973472595215
3069,4,4,0.9999984502792358
3070,1,1,0.9993582367897034
3071,2,2,0.9999912977218628
3072,8,8,0.9999958276748657
3073,1,2,0.9680228233337402
3074,3,3,0.9999988079071045
3075,9,9,0.9999958276748657
3076,4,4,0.9999995231628418
3077,0,0,0.9886542558670044
3078,3,3,0.9768580198287964
3079,7,7,0.999809205532074
3080,3,3,1.0
3081,2,2,0.9999687671661377
3082,3,3,0.999992847442627
3083,3,3,0.9999939203262329
3084,7,7,0.9993531107902527
3085,3,3,0.9999434947967529
3086,4,4,0.99936443567276
3087,0,0,0.9999514818191528
3088,6,6,0.9999216794967651
3089,2,2,0.9999840259552002
3090,0,0,0.9999746084213257
3091,8,8,0.9999532699584961
3092,1,1,0.9995717406272888
3093,5,5,0.9999814033508301
3094,3,3,0.9999638795852661
3095,5,5,0.9999501705169678
3096,4,4,1.0
3097,1,1,0.9997645020484924
3098,7,7,0.999977707862854
3099,1,1,0.9994304776191711
3100,5,5,0.9901959300041199
3101,7,7,0.9996784925460815
3102,5,5,0.9810645580291748
3103,7,7,0.9948433637619019
3104,3,3,0.9999990463256836
3105,2,2,0.9999836683273315
3106,2,2,0.9993975162506104
3107,7,7,0.9999821186065674
3108,3,3,0.9944818019866943
3109,7,7,0.975904643535614
3110,3,3,0.999996542930603
3111,7,7,0.9971627593040466
3112,8,8,0.999972939491272
3113,5,5,0.9999940395355225
3114,4,4,0.8613529801368713
3115,5,5,0.9640369415283203
3116,2,2,0.9999958276748657
3117,5,5,0.9997766613960266
3118,6,6,0.9999912977218628
3119,5,5,0.9999998807907104
3120,3,3,0.9999667406082153
3121,6,6,0.9998295307159424
3122,7,7,0.9999322891235352
3123,4,4,0.9999775886535645
3124,1,1,0.9975989460945129
3125,7,7,0.9998303651809692
3126,1,1,0.9998279809951782
3127,5,5,0.999414324760437
3128,2,2,0.9999796152114868
3129,3,3,0.9867973327636719
3130,6,6,0.9992671608924866
3131,3,3,0.9999992847442627
3132,1,1,0.8320608735084534
3133,4,4,0.9967193007469177
3134,2,2,0.9888818860054016
3135,6,6,0.9999856948852539
3136,7,7,0.9982399940490723
3137,4,4,0.9999368190765381
3138,3,3,0.9999791383743286
3139,8,8,0.9998202919960022
3140,0,0,0.9999485015869141
3141,6,6,0.9999842643737793
3142,2,2,0.9991357922554016
3143,1,1,0.9990881681442261
3144,6,6,0.9999982118606567
3145,5,5,0.999998927116394
3146,3,3,0.9784366488456726
3147,9,9,0.9999934434890747
3148,1,1,0.9987581968307495
3149,9,9,0.9998928308486938
3150,3,3,0.9999752044677734
3151,2,2,0.9811528921127319
3152,1,1,0.9991090893745422
3153,8,8,0.9997124075889587
3154,4,4,0.999924898147583
3155,4,4,0.9999973773956299
3156,6,6,0.9999457597732544
3157,5,5,0.6677526831626892
3158,8,8,0.9998958110809326
3159,6,6,0.9999678134918213
3160,9,9,0.9941502213478088
3161,7,7,0.9955084323883057
3162,7,7,0.9999194145202637
3163,8,8,0.9996979236602783
3164,6,6,0.9998185038566589
3165,9,9,0.9999058246612549
3166,7,7,0.9145002961158752
3167,3,3,0.9994568228721619
3168,9,9,0.9999886751174927
3169,4,4,0.9999972581863403
3170,0,0,0.9999998807907104
3171,5,5,0.9974397420883179
3172,4,4,0.998285710811615
3173,6,6,0.9974631071090698
3174,4,4,0.9999995231628418
3175,1,1,0.9987744688987732
3176,2,2,0.9999535083770752
3177,3,3,0.9999984502792358
3178,0,0,0.9999998807907104
3179,0,0,0.9999926090240479
3180,2,2,0.9999951124191284
3181,6,6,0.9999841451644897
3182,6,6,1.0
3183,5,5,0.9999985694885254
3184,7,7,0.9997981190681458
3185,0,0,0.9897734522819519
3186,8,8,0.9998247027397156
3187,6,6,0.9999884366989136
3188,4,4,0.9999985694885254
3189,7,7,0.9906608462333679
3190,9,9,0.9995375871658325
3191,0,0,0.9969779253005981
3192,7,7,0.9999563694000244
3193,3,3,0.999101996421814
3194,4,4,0.9999268054962158
3195,2,2,0.9999964237213135
3196,1,1,0.9896413683891296
3197,8,8,0.9999665021896362
3198,8,8,0.9999992847442627
3199,5,5,0.9999996423721313
3200,9,9,0.9999923706054688
3201,2,2,1.0
3202,7,7,0.9998651742935181
3203,1,1,0.995196521282196
3204,8,8,0.9999831914901733
3205,8,8,0.9973326921463013
3206,8,8,0.9973077774047852
3207,2,2,0.9987848401069641
3208,7,7,0.9998335838317871
3209,6,6,0.9996426105499268
3210,0,0,0.9997159838676453
3211,1,1,0.9917166829109192
3212,2,2,0.9999277591705322
3213,7,7,0.9519218802452087
3214,1,1,0.9998177886009216
3215,0,0,0.9999958276748657
3216,8,8,0.9997230172157288
3217,3,3,0.9999998807907104
3218,6,6,0.9972758889198303
3219,0,0,0.9977926015853882
3220,5,5,0.9999992847442627
3221,3,3,0.9999994039535522
3222,6,6,0.9995455145835876
3223,2,2,0.9999998807907104
3224,8,8,0.9978234767913818
3225,7,9,0.4751487672328949
3226,0,0,1.0
3227,1,1,0.9974936246871948
3228,4,4,0.9971370697021484
3229,2,2,0.9998047947883606
3230,1,1,0.9987547397613525
3231,1,1,0.9985383749008179
3232,4,4,0.9999604225158691
3233,4,4,0.9999693632125854
3234,4,4,0.9999995231628418
3235,4,4,0.9997898936271667
3236,7,7,0.9836978316307068
3237,1,1,0.9987571239471436
3238,6,6,0.9987553358078003
3239,2,2,0.9958295226097107
3240,9,9,0.9991027116775513
3241,9,9,0.9999649524688721
3242,0,0,0.9999991655349731
3243,0,0,0.9991425275802612
3244,1,1,0.9993447661399841
3245,8,8,0.9975156784057617
3246,8,8,0.9990501999855042
3247,4,4,0.9997770190238953
3248,3,3,0.9999983310699463
3249,4,4,0.9999997615814209
3250,2,2,0.9669799208641052
3251,0,0,0.9993890523910522
3252,6,6,0.9983476400375366
3253,1,1,0.9996258020401001
3254,6,6,0.9874591827392578
3255,1,1,0.9996787309646606
3256,2,2,0.9999634027481079
3257,2,2,0.9999955892562866
3258,2,2,0.9999945163726807
3259,1,1,0.9974852800369263
3260,2,2,0.9993942975997925
3261,3,3,0.9999812841415405
3262,7,7,0.9799759387969971
3263,8,8,0.9999593496322632
3264,1,1,0.9985265731811523
3265,0,0,0.9999984502792358
3266,0,0,0.7414877414703369
3267,2,2,0.9999772310256958
3268,1,1,0.9992247819900513
3269,6,6,0.984887957572937
3270,6,6,0.9999350309371948
3271,0,0,0.999977707862854
3272,1,1,0.999360978603363
3273,6,6,0.9998154044151306
3274,2,2,0.9999817609786987
3275,5,5,0.9992434978485107
3276,1,1,0.9993963241577148
3277,7,7,0.9985047578811646
3278,4,4,0.9999985694885254
3279,8,8,0.9999285936355591
3280,2,2,0.9977070093154907
3281,1,1,0.9980818033218384
3282,4,4,0.9999799728393555
3283,3,3,0.999963641166687
3284,8,8,0.999991774559021
3285,3,3,0.9998995065689087
3286,9,9,0.9999908208847046
3287,9,9,0.9996435642242432
3288,4,4,0.8558799028396606
3289,8,8,0.9993268251419067
3290,3,3,0.9999948740005493
3291,4,4,0.9995474219322205
3292,7,7,0.9999841451644897
3293,2,2,0.9999991655349731
3294,7,7,0.9999983310699463
3295,5,5,0.9999934434890747
3296,7,7,0.9949722290039062
3297,0,0,0.9990680813789368
3298,4,4,0.9999960660934448
3299,3,3,0.9999935626983643
3300,3,3,0.9990524649620056
3301,2,2,0.9999995231628418
3302,6,6,0.9987908005714417
3303,7,7,0.9773115515708923
3304,6,6,0.9998233914375305
3305,0,0,0.9932476282119751
3306,0,0,0.9999783039093018
3307,6,6,0.9999986886978149
3308,7,7,0.999157190322876
3309,7,7,0.9996364116668701
3310,0,0,0.9998267292976379
3311,5,5,0.9999833106994629
3312,5,5,0.9993471503257751
3313,8,8,0.9999909400939941
3314,1,1,0.9997331500053406
3315,0,0,0.9999979734420776
3316,7,7,0.9812343716621399
3317,0,0,0.9986660480499268
3318,2,2,0.9999735355377197
3319,8,8,0.9999517202377319
3320,1,1,0.9996426105499268
3321,5,5,0.997641921043396
3322,0,0,0.9999362230300903
3323,8,8,0.9997480511665344
3324,8,8,0.999997615814209
3325,0,0,0.9999920129776001
3326,3,3,0.9992444515228271
3327,2,2,0.9999957084655762
3328,7,7,0.994506299495697
3329,7,7,0.998635470867157
3330,2,2,0.9103531837463379
3331,6,6,0.9988903403282166
3332,4,4,0.9998354911804199
3333,7,7,0.986546516418457
3334,5,5,0.9993500113487244
3335,5,5,0.9998679161071777
3336,5,5,0.9980137348175049
3337,2,2,0.9829461574554443
3338,9,9,0.9992300271987915
3339,2,2,0.9991673231124878
3340,8,8,0.9999886751174927
3341,4,4,0.9997932314872742
3342,6,6,0.9902380108833313
3343,8,8,0.9731507301330566
3344,6,6,0.9912407994270325
3345,5,5,0.998176097869873
3346,0,0,0.9999191761016846
3347,0,0,0.9999994039535522
3348,8,8,0.999998927116394
3349,7,7,0.9999709129333496
3350,6,6,0.9999673366546631
3351,1,1,0.9984570741653442
3352,7,7,0.9999723434448242
3353,1,1,0.9988730549812317
3354,1,1,0.9997517466545105
3355,2,2,1.0
3356,7,7,0.9999986886978149
3357,4,4,1.0
3358,0,0,0.9998781681060791
3359,0,0,0.9999052286148071
3360,7,7,0.9992319345474243
3361,7,7,0.9966991543769836
3362,6,6,0.9999998807907104
3363,3,3,0.9999881982803345
3364,8,8,0.9991744160652161
3365,6,6,0.944739043712616
3366,4,4,0.9999648332595825
3367,2,2,0.9994982481002808
3368,0,0,0.9999983310699463
3369,9,9,0.8746778964996338
3370,4,4,0.9999995231628418
3371,0,0,0.9999678134918213
3372,5,5,0.9999986886978149
3373,7,7,0.9999984502792358
3374,8,8,0.9999264478683472
3375,2,2,0.9970935583114624
3376,7,7,0.991195797920227
3377,4,4,0.995184600353241
3378,7,7,0.999994158744812
3379,1,1,0.9997188448905945
3380,1,1,0.9996194839477539
3381,3,3,0.998504638671875
3382,6,6,0.9999293088912964
3383,6,6,0.999846339225769
3384,2,2,0.998262345790863
3385,9,9,0.9999954700469971
3386,1,1,0.9993733763694763
3387,9,9,0.9999606609344482
3388,4,4,0.9913773536682129
3389,8,8,0.9998252987861633
3390,3,3,0.9999967813491821
3391,6,6,0.999849796295166
3392,9,9,0.9995898604393005
3393,5,5,0.9999953508377075
3394,9,9,0.9971092343330383
3395,6,6,0.999995231628418
3396,2,2,0.999996542930603
3397,4,4,1.0
3398,6,6,0.999883770942688
3399,7,7,0.9999970197677612
3400,7,7,0.9999871253967285
3401,0,0,0.9999951124191284
3402,6,6,0.9998875856399536
3403,6,6,0.9999899864196777
3404,9,9,0.9963860511779785
3405,4,4,0.9996353387832642
3406,8,8,0.9999445676803589
3407,3,3,0.9999874830245972
3408,5,5,0.9999885559082031
3409,3,3,0.999997615814209
3410,4,4,0.9999841451644897
3411,9,9,0.9988368153572083
3412,0,0,0.9999736547470093
3413,0,0,0.9999148845672607
3414,5,5,0.9991809725761414
3415,2,2,0.9978647828102112
3416,5,5,0.999997615814209
3417,0,0,0.9999916553497314
3418,7,7,0.9993147850036621
3419,1,1,0.9985116124153137
3420,1,1,0.9994146823883057
3421,1,1,0.9995631575584412
3422,6,6,0.687517523765564
3423,7,7,0.9994382262229919
3424,6,6,0.9999175071716309
3425,7,7,0.9719997048377991
3426,9,9,0.9998825788497925
3427,6,6,0.9873730540275574
3428,6,6,0.9997017979621887
3429,4,4,0.9963082075119019
3430,1,1,0.9978078007698059
3431,4,4,0.9999935626983643
3432,3,3,0.999808132648468
3433,1,1,0.9995645880699158
3434,1,1,0.9995132684707642
3435,2,2,0.9999459981918335
3436,2,2,0.9996108412742615
3437,4,4,0.9992784857749939
3438,1,1,0.9995792508125305
3439,0,0,0.9999736547470093
3440,8,8,0.9999856948852539
3441,7,7,0.9769402742385864
3442,6,6,0.9985339641571045
3443,3,3,0.999996542930603
3444,4,4,0.9999808073043823
3445,0,0,0.999998927116394
3446,0,0,0.9944339394569397
3447,6,6,0.9999985694885254
3448,3,3,0.9993131160736084
3449,3,3,0.9999988079071045
3450,0,0,0.987291693687439
3451,7,7,0.6576600074768066
3452,1,1,0.999041736125946
3453,7,7,0.9898446798324585
3454,1,1,0.9996943473815918
3455,1,1,0.999624490737915
3456,3,3,0.9999970197677612
3457,1,1,0.5267829298973083
3458,0,0,0.9999634027481079
3459,9,9,0.9999969005584717
3460,9,9,0.9841927886009216
3461,7,7,0.9999885559082031
3462,5,5,0.9999998807907104
3463,4,4,0.9999998807907104
3464,1,1,0.9983717799186707
3465,4,4,0.9999761581420898
3466,8,8,0.9997168183326721
3467,9,9,0.9996575117111206
3468,5,5,0.9999970197677612
3469,3,3,0.9996603727340698
3470,5,5,0.9999984502792358
3471,1,1,0.9998656511306763
3472,9,9,0.999911904335022
3473,8,8,0.9998300075531006
3474,2,7,0.47482216358184814
3475,3,3,0.9940600991249084
3476,3,3,0.998621940612793
3477,9,9,0.9956809282302856
3478,9,9,0.9999551773071289
3479,0,0,0.9990412592887878
3480,1,1,0.999778687953949
3481,0,0,0.9999740123748779
3482,2,2,0.9999997615814209
3483,9,9,0.9999322891235352
3484,3,3,0.9999991655349731
3485,9,9,0.9999351501464844
3486,3,3,0.9999996423721313
3487,3,3,0.9999988079071045
3488,6,6,0.999861478805542
3489,2,2,0.9999765157699585
3490,4,4,0.8618242144584656
3491,9,9,0.9984234571456909
3492,8,8,0.9720461964607239
3493,3,3,1.0
3494,7,7,0.9921044111251831
3495,4,4,0.9993284940719604
3496,0,0,0.9998997449874878
3497,4,4,0.9999847412109375
3498,7,7,0.9948047995567322
3499,8,8,0.9999969005584717
3500,4,4,1.0
3501,9,9,0.999863862991333
3502,8,8,0.9987456798553467
3503,9,9,0.9986628293991089
3504,9,9,0.996522068977356
3505,7,7,0.999804675579071
3506,5,5,0.9999990463256836
3507,9,9,0.9999889135360718
3508,2,2,0.9999963045120239
3509,8,8,0.9998350143432617
3510,2,2,0.9999954700469971
3511,2,2,0.9986075758934021
3512,0,0,0.9999223947525024
3513,2,2,0.9999836683273315
3514,2,2,0.9999346733093262
3515,3,3,0.9999995231628418
3516,8,8,0.9991536140441895
3517,4,4,1.0
3518,6,6,0.9992863535881042
3519,8,8,0.9997112154960632
3520,6,6,0.6785887479782104
3521,8,8,0.9996631145477295
3522,2,2,0.9995741248130798
3523,4,4,0.999956488609314
3524,6,6,0.9999819993972778
3525,7,7,0.9992252588272095
3526,9,9,0.99977046251297
3527,3,3,0.9999990463256836
3528,3,3,0.9999973773956299
3529,9,9,0.9965468049049377
3530,4,4,0.9953516721725464
3531,3,3,0.9999940395355225
3532,1,1,0.9972302317619324
3533,4,4,0.8649774789810181
3534,4,6,0.41836076974868774
3535,7,7,0.9999971389770508
3536,0,0,0.9999254941940308
3537,5,5,0.9999390840530396
3538,9,9,0.9999877214431763
3539,6,6,0.9999455213546753
3540,0,0,0.9970033764839172
3541,4,4,0.9999990463256836
3542,4,4,0.9998118281364441
3543,4,4,0.9995927214622498
3544,4,4,0.9999750852584839
3545,6,6,0.9999996423721313
3546,1,1,0.9994438290596008
3547,2,2,0.999980092048645
3548,3,3,0.9999951124191284
3549,3,3,0.9993343949317932
3550,6,6,0.9972752928733826
3551,4,4,0.9999934434890747
3552,5,5,0.9995576739311218
3553,9,9,0.9990915060043335
3554,6,6,0.9999953508377075
3555,8,8,0.889969527721405
3556,5,5,0.999847412109375
3557,6,6,0.999745786190033
3558,5,0,0.9580298662185669
3559,8,8,0.9896161556243896
3560,6,6,0.9999998807907104
3561,4,4,0.9491682052612305
3562,1,1,0.9997069239616394
3563,8,8,0.9978321194648743
3564,6,6,0.9899851083755493
3565,5,5,0.9986910223960876
3566,2,2,0.9999990463256836
3567,8,8,0.9909539818763733
3568,4,4,0.9989356398582458
3569,5,5,0.9999992847442627
3570,5,5,0.9999974966049194
3571,4,4,0.9746661186218262
3572,7,7,0.999977707862854
3573,7,7,0.9966715574264526
3574,0,0,0.9637991189956665
3575,7,7,0.9999951124191284
3576,8,8,0.9995342493057251
3577,2,2,0.9997268319129944
3578,2,2,0.9999822378158569
3579,3,3,0.9999574422836304
3580,7,7,0.8863559365272522
3581,0,0,0.9997876286506653
3582,1,1,0.998492956161499
3583,8,8,0.9998530149459839
3584,0,0,0.9999966621398926
3585,7,7,0.9993972778320312
3586,1,1,0.9967368245124817
3587,9,9,0.9997368454933167
3588,8,8,0.9999703168869019
3589,7,7,0.998847246170044
3590,5,5,0.9999774694442749
3591,5,5,0.9998984336853027
3592,9,9,0.996656060218811
3593,1,1,0.9999208450317383
3594,7,7,0.9999980926513672
3595,5,5,0.999992847442627
3596,4,4,0.9999998807907104
3597,9,9,0.7393362522125244
3598,1,1,0.9905029535293579
3599,2,2,0.9187168478965759
3600,2,2,0.9990063309669495
3601,1,1,0.9393311738967896
3602,6,6,0.9999998807907104
3603,6,6,1.0
3604,7,7,0.989345371723175
3605,1,1,0.9990731477737427
3606,1,1,0.9460356831550598
3607,4,4,0.9999039173126221
3608,0,0,0.9999990463256836
3609,7,7,0.9998502731323242
3610,4,4,0.9999954700469971
3611,2,2,0.9999833106994629
3612,4,4,0.9999997615814209
3613,0,0,0.9996968507766724
3614,6,6,0.9999945163726807
3615,4,4,0.9998724460601807
3616,7,7,0.9997015595436096
3617,6,6,0.9995192289352417
3618,9,9,0.9773731231689453
3619,5,5,0.9999927282333374
3620,3,3,0.9999971389770508
3621,4,4,0.9999997615814209
3622,6,6,0.9999979734420776
3623,5,5,0.9997068047523499
3624,0,0,0.997083842754364
3625,1,1,0.9990723133087158
3626,8,3,0.5946762561798096
3627,8,8,0.9994148015975952
3628,2,2,0.9999986886978149
3629,8,8,0.8971213698387146
3630,3,3,0.9999978542327881
3631,5,5,0.9999998807907104
3632,7,7,0.9999693632125854
3633,8,8,0.9999839067459106
3634,0,0,0.9999016523361206
3635,8,8,0.9967999458312988
3636,5,5,0.9999922513961792
3637,7,7,0.9955642223358154
3638,1,1,0.9996210336685181
3639,1,1,0.9996004700660706
3640,0,0,0.9963520765304565
3641,1,1,0.9986594915390015
3642,3,3,1.0
3643,7,7,0.9986845850944519
3644,8,8,0.998820960521698
3645,5,5,0.9998088479042053
3646,0,0,0.9983001351356506
3647,7,7,0.9993982315063477
3648,1,1,0.9994803071022034
3649,1,1,0.9986974596977234
3650,0,0,0.9999030828475952
3651,1,1,0.9991983771324158
3652,1,1,0.9996180534362793
3653,4,4,0.9965376853942871
3654,5,5,0.9939022064208984
3655,2,2,0.9999967813491821
3656,7,7,0.9999865293502808
3657,6,6,0.9999861717224121
3658,2,2,0.9999505281448364
3659,3,3,0.9999998807907104
3660,0,0,0.9999617338180542
3661,2,2,0.9999890327453613
3662,8,8,0.9070285558700562
3663,5,5,0.9999077320098877
3664,9,9,0.9996504783630371
3665,6,6,0.9999927282333374
3666,9,9,0.9982863068580627
3667,7,7,0.9998605251312256
3668,2,2,0.9999984502792358
3669,1,1,0.9979839324951172
3670,3,3,0.9999969005584717
3671,6,6,0.9999963045120239
3672,4,4,0.9982138872146606
3673,1,1,0.9998910427093506
3674,8,8,0.9551405906677246
3675,2,2,0.9999964237213135
3676,4,4,0.9999899864196777
3677,0,0,0.9999991655349731
3678,5,5,0.9999352693557739
3679,1,1,0.9994725584983826
3680,0,0,0.9997788071632385
3681,2,2,0.9968143105506897
3682,2,2,0.9992934465408325
3683,6,6,0.9997654557228088
3684,4,4,0.9999841451644897
3685,4,4,0.9999903440475464
3686,3,3,0.9994945526123047
3687,9,9,0.9994927644729614
3688,6,6,0.9990678429603577
3689,1,1,0.9997542500495911
3690,6,6,0.9998956918716431
3691,5,5,0.9999998807907104
3692,7,7,0.9999997615814209
3693,9,9,0.9999760389328003
3694,2,2,0.9999443292617798
3695,0,0,0.9995371103286743
3696,2,2,0.999881386756897
3697,6,6,0.9999819993972778
3698,0,0,0.9968366622924805
3699,1,1,0.999030590057373
3700,4,4,0.9999973773956299
3701,3,3,0.9999442100524902
3702,5,5,0.9560938477516174
3703,2,2,0.999981164932251
3704,8,8,0.9999991655349731
3705,8,8,0.9978296160697937
3706,0,0,0.9707385301589966
3707,8,8,0.9999827146530151
3708,8,8,0.9999998807907104
3709,9,9,0.9993201494216919
3710,0,0,0.9996541738510132
3711,9,9,0.9995797276496887
3712,6,6,0.9999973773956299
3713,7,7,0.999231219291687
3714,6,6,0.9999932050704956
3715,3,3,0.9999943971633911
3716,9,9,0.9961153268814087
3717,3,3,0.9999446868896484
3718,4,4,0.9614127278327942
3719,7,7,0.9994882345199585
3720,7,7,0.9999853372573853
3721,7,7,0.9966886639595032
3722,4,4,0.9999527931213379
3723,9,9,0.9946656227111816
3724,0,0,0.9731253385543823
3725,6,6,0.9998574256896973
3726,4,4,0.7652190327644348
3727,8,8,0.9771960973739624
3728,4,4,0.9964607357978821
3729,2,2,0.9971609115600586
3730,7,7,0.9046239852905273
3731,2,2,0.9999945163726807
3732,8,8,0.9998369216918945
3733,1,1,0.9995288848876953
3734,0,0,0.9999977350234985
3735,0,0,1.0
3736,7,7,0.9977418184280396
3737,8,8,0.9998780488967896
3738,3,3,0.9999990463256836
3739,3,3,0.9917741417884827
3740,3,3,1.0
3741,1,1,0.9992712140083313
3742,3,3,0.9446993470191956
3743,7,7,0.9991720914840698
3744,6,6,0.9991782307624817
3745,1,1,0.9990052580833435
3746,3,3,0.9999502897262573
3747,1,1,0.9988394379615784
3748,6,6,0.9965852499008179
3749,6,6,0.9990454316139221
3750,5,5,0.9999995231628418
3751,7,7,0.9561933875083923
3752,4,4,1.0
3753,7,7,0.9997723698616028
3754,5,5,0.9993558526039124
3755,9,9,0.9682471752166748
3756,5,5,0.8307207226753235
3757,8,8,0.9906666874885559
3758,4,4,0.9999903440475464
3759,9,9,0.9999566078186035
3760,9,9,0.9990058541297913
3761,1,1,0.9905982613563538
3762,6,8,0.9146637320518494
3763,5,5,0.9999542236328125
3764,0,0,0.9999301433563232
3765,1,1,0.9984732270240784
3766,3,3,0.9963338375091553
3767,7,7,0.8681663870811462
3768,0,0,0.9999808073043823
3769,3,3,0.9999680519104004
3770,4,4,1.0
3771,8,8,0.999988317489624
3772,2,2,0.9991276860237122
3773,2,2,0.9998492002487183
3774,0,0,0.9995160102844238
3775,2,2,0.9998961687088013
3776,5,5,0.9995526671409607
3777,1,1,0.9961467981338501
3778,5,5,0.87924724817276
3779,1,1,0.9991853833198547
3780,4,4,0.9891811013221741
3781,8,8,0.9999511241912842
3782,8,8,0.9950578212738037
3783,9,9,0.9999418258666992
3784,1,1,0.9996860027313232
3785,2,2,0.9964092373847961
3786,1,1,0.9988008737564087
3787,3,3,0.9984355568885803
3788,5,5,0.9999998807907104
3789,1,1,0.905877947807312
3790,0,0,0.9997311234474182
3791,9,9,0.9923425316810608
3792,4,4,0.9999948740005493
3793,4,4,0.9999669790267944
3794,8,8,0.9856423735618591
3795,3,3,0.9993693232536316
3796,2,2,0.9763472080230713
3797,5,5,0.9999994039535522
3798,9,9,0.9990252256393433
3799,7,7,0.9984248876571655
3800,6,6,0.9990090131759644
3801,6,6,0.9999929666519165
3802,2,2,1.0
3803,0,0,0.9999558925628662
3804,0,0,0.9990302324295044
3805,0,0,0.9999866485595703
3806,5,5,0.9998469352722168
3807,8,8,0.9999998807907104
3808,7,8,0.9114037752151489
3809,1,1,0.9989163875579834
3810,5,5,0.9990398287773132
3811,2,2,0.9918428659439087
3812,3,3,0.9999847412109375
3813,8,8,1.0
3814,5,5,0.9999994039535522
3815,1,1,0.9998877048492432
3816,8,8,0.9999871253967285
3817,2,2,0.9999603033065796
3818,0,0,0.9973556995391846
3819,4,4,1.0
3820,9,9,0.9994025230407715
3821,9,9,0.9874210357666016
3822,6,6,0.9999992847442627
3823,2,2,0.9999939203262329
3824,3,3,0.9999982118606567
3825,3,3,0.9999980926513672
3826,5,5,0.9999767541885376
3827,6,6,0.9999948740005493
3828,4,4,0.9999997615814209
3829,8,8,0.9999961853027344
3830,0,0,0.9999946355819702
3831,9,9,0.8749127388000488
3832,2,2,0.9999964237213135
3833,8,8,0.9954400062561035
3834,3,3,0.9998288154602051
3835,6,6,0.9996498823165894
3836,7,7,0.9999995231628418
3837,5,5,0.9999768733978271
3838,7,7,0.9808971881866455
3839,2,2,0.9985163807868958
3840,9,9,0.9963913559913635
3841,4,4,1.0
3842,9,9,0.9999594688415527
3843,1,1,0.9991173148155212
3844,2,2,0.9999157190322876
3845,8,8,0.9999959468841553
3846,6,6,0.9991125464439392
3847,0,0,0.9999899864196777
3848,7,7,0.9998692274093628
3849,0,0,0.9999998807907104
3850,9,9,0.5141301155090332
3851,1,1,0.9883741140365601
3852,1,1,0.9989099502563477
3853,6,6,0.9990143775939941
3854,7,7,0.9999979734420776
3855,5,5,0.9999558925628662
3856,9,9,0.9699503779411316
3857,9,9,0.9999469518661499
3858,1,1,0.99785977602005
3859,9,9,0.998015284538269
3860,5,5,0.9999979734420776
3861,9,9,0.998349666595459
3862,2,2,0.9967719912528992
3863,5,5,0.9994643330574036
3864,0,0,0.9955912828445435
3865,4,4,1.0
3866,1,1,0.9991511106491089
3867,0,0,0.9996519088745117
3868,8,8,0.9998356103897095
3869,9,9,0.7967280149459839
3870,0,0,0.9996449947357178
3871,8,8,0.7890799641609192
3872,9,9,0.9999597072601318
3873,8,8,0.9999145269393921
3874,9,9,0.9949228167533875
3875,4,4,0.999994158744812
3876,2,2,0.9983701109886169
3877,5,5,0.9999886751174927
3878,7,7,0.9994387030601501
3879,9,9,0.9996174573898315
3880,8,8,0.9997285008430481
3881,9,9,0.9995778203010559
3882,8,8,0.9999988079071045
3883,0,0,0.9999821186065674
3884,9,9,0.9969053864479065
3885,9,9,0.9998809099197388
3886,6,6,0.9999996423721313
3887,8,8,0.9999985694885254
3888,9,9,0.9994858503341675
3889,9,9,0.9998519420623779
3890,5,5,0.9999606609344482
3891,9,9,0.9991530179977417
3892,8,8,0.9999996423721313
3893,5,5,0.9996215105056763
3894,1,1,0.9990807771682739
3895,0,0,0.9998598098754883
3896,3,3,0.9999909400939941
3897,3,3,0.9962761402130127
3898,5,5,0.9999526739120483
3899,2,2,0.9991458654403687
3900,1,1,0.9997087121009827
3901,6,6,0.9999680519104004
3902,5,5,0.9694297909736633
3903,0,0,0.9999841451644897
3904,2,2,0.9999474287033081
3905,8,8,0.99980229139328
3906,1,2,0.6713326573371887
3907,5,5,0.9999996423721313
3908,6,6,0.9999164342880249
3909,2,2,0.9971502423286438
3910,3,3,0.9999998807907104
3911,0,0,0.9999524354934692
3912,2,2,0.9999966621398926
3913,2,2,0.9997267127037048
3914,6,6,0.9999927282333374
3915,4,4,0.9999994039535522
3916,3,3,0.9996423721313477
3917,5,5,0.9999639987945557
3918,5,5,0.9991763234138489
3919,1,1,0.9994714856147766
3920,7,7,0.9999991655349731
3921,2,2,0.998830258846283
3922,1,1,0.9987730383872986
3923,6,6,0.9998624324798584
3924,9,9,0.9951841235160828
3925,1,1,0.9998871088027954
3926,9,9,0.9981409311294556
3927,9,9,0.9996705055236816
3928,5,5,0.999284565448761
3929,5,5,0.9999614953994751
3930,1,1,0.9999570846557617
3931,6,6,0.9999773502349854
3932,2,2,0.9999992847442627
3933,2,2,1.0
3934,8,8,1.0
3935,6,6,0.9999957084655762
3936,7,7,0.9999916553497314
3937,1,1,0.998684823513031
3938,4,4,0.9999879598617554
3939,6,6,0.9997171759605408
3940,0,0,0.9991783499717712
3941,4,4,0.996574878692627
3942,0,0,0.9972186088562012
3943,3,3,0.9979056119918823
3944,3,3,0.9999961853027344
3945,2,2,0.9999802112579346
3946,2,2,0.9997041821479797
3947,3,3,0.999998927116394
3948,6,6,0.9999986886978149
3949,8,8,0.9999181032180786
3950,9,9,0.9893481731414795
3951,8,8,0.9955552220344543
3952,5,5,0.9998878240585327
3953,3,3,0.9987518787384033
3954,8,8,0.9999982118606567
3955,5,5,0.9999868869781494
3956,4,4,0.9999992847442627
3957,5,5,0.9999761581420898
3958,2,2,0.9999549388885498
3959,0,0,0.9999891519546509
3960,5,5,0.9999980926513672
3961,6,6,0.999916672706604
3962,3,3,0.9992368221282959
3963,2,2,0.9999939203262329
3964,8,8,0.9999364614486694
3965,3,3,1.0
3966,9,9,0.9999982118606567
3967,9,9,0.8972330689430237
3968,5,5,0.9799464344978333
3969,7,7,0.9985671043395996
3970,9,9,0.9953051805496216
3971,4,4,0.9647213220596313
3972,6,6,0.9994688630104065
3973,7,7,0.9999651908874512
3974,1,1,0.9935646653175354
3975,3,3,0.999987006187439
3976,7,7,0.7302366495132446
3977,3,3,0.9996393918991089
3978,6,6,0.999618411064148
3979,6,6,0.999990701675415
3980,0,0,0.9999617338180542
3981,9,9,0.9999749660491943
3982,0,0,0.9999958276748657
3983,1,1,0.9995310306549072
3984,9,9,0.9941060543060303
3985,9,9,0.7180868983268738
3986,2,2,0.9994871616363525
3987,8,8,0.999788224697113
3988,8,8,0.9664924144744873
3989,0,0,0.9911245703697205
3990,1,1,0.9990990161895752
3991,6,6,0.9998874664306641
3992,9,9,0.9999551773071289
3993,7,7,0.9998867511749268
3994,5,5,0.9999921321868896
3995,3,3,0.9860661625862122
3996,4,4,0.999954104423523
3997,7,7,0.9561141729354858
3998,4,4,0.9991926550865173
3999,9,9,0.9999969005584717
4000,9,9,0.9607909321784973
4001,4,4,0.986564040184021
4002,3,3,0.9982819557189941
4003,6,6,0.9999933242797852
4004,3,3,0.9999992847442627
4005,1,1,0.9984789490699768
4006,1,1,0.9998339414596558
4007,7,7,0.9602450132369995
4008,6,6,0.9999961853027344
4009,9,9,0.9995794892311096
4010,1,1,0.9987313151359558
4011,8,8,0.9998196959495544
4012,4,4,0.999996542930603
4013,1,1,0.9998940229415894
4014,1,1,0.9993482232093811
4015,9,9,0.9960085153579712
4016,9,9,0.9988592863082886
4017,4,4,0.9274749159812927
4018,3,3,0.8728007078170776
4019,6,6,0.9998356103897095
4020,8,8,0.9999985694885254
4021,1,1,0.9996657371520996
4022,6,6,0.9992620348930359
4023,0,0,0.9999628067016602
4024,4,4,0.9999994039535522
4025,1,1,0.9985028505325317
4026,3,3,0.9999995231628418
4027,7,7,0.8436594605445862
4028,7,7,0.9999678134918213
4029,4,4,0.970919668674469
4030,9,9,0.9887223243713379
4031,5,5,0.9966229200363159
4032,1,1,0.9962840676307678
4033,0,0,0.9999979734420776
4034,0,0,0.9984484910964966
4035,1,1,0.9997043013572693
4036,1,1,0.999413013458252
4037,6,6,0.9994605183601379
4038,2,2,0.9998655319213867
4039,1,1,0.9993889331817627
4040,9,9,0.9999090433120728
4041,8,8,0.9999946355819702
4042,4,4,0.9999997615814209
4043,0,0,0.9999951124191284
4044,3,3,0.9999282360076904
4045,6,6,0.9999750852584839
4046,4,4,0.9999945163726807
4047,9,9,0.9996193647384644
4048,0,0,0.9995960593223572
4049,7,7,0.9999985694885254
4050,1,1,0.9939677715301514
4051,6,6,0.9999483823776245
4052,5,5,0.9967862367630005
4053,7,7,0.8889980912208557
4054,5,5,0.9999771118164062
4055,2,2,0.9995038509368896
4056,5,5,0.9997406601905823
4057,1,1,0.9995375871658325
4058,8,8,0.9999251365661621
4059,5,5,0.9999864101409912
4060,4,4,0.9994496703147888
4061,7,7,0.999446451663971
4062,0,0,0.9994707703590393
4063,6,6,0.9460897445678711
4064,7,7,0.9999948740005493
4065,0,0,0.9680209159851074
4066,2,2,0.9999991655349731
4067,5,5,0.9998887777328491
4068,8,8,0.9999840259552002
4069,1,1,0.9991506338119507
4070,0,0,0.9999954700469971
4071,4,4,0.999933123588562
4072,5,5,0.9997723698616028
4073,7,7,0.9999997615814209
4074,1,1,0.9982907176017761
4075,8,8,0.9904001355171204
4076,5,5,0.9999585151672363
4077,1,1,0.9992167949676514
4078,9,2,0.5122654438018799
4079,0,0,0.999957799911499
4080,0,0,0.9999948740005493
4081,6,6,0.9999635219573975
4082,0,0,0.9999992847442627
4083,7,7,0.9999997615814209
4084,3,3,0.9987998008728027
4085,1,1,0.999637246131897
4086,8,8,0.9997594952583313
4087,3,3,0.999982476234436
4088,9,9,0.9994489550590515
4089,7,7,0.9995274543762207
4090,0,0,0.9999399185180664
4091,0,0,0.9999668598175049
4092,8,8,0.9615735411643982
4093,9,9,0.9660914540290833
4094,5,5,0.9999697208404541
4095,9,9,0.9999432563781738
4096,8,8,0.9972987771034241
4097,3,3,0.9999992847442627
4098,2,2,0.9999971389770508
4099,7,7,0.9723718166351318
4100,2,2,0.9967074394226074
4101,9,9,0.9999128580093384
4102,7,7,0.9999985694885254
4103,2,2,0.999957799911499
4104,1,1,0.9998984336853027
4105,1,1,0.9994713664054871
4106,3,3,0.9999873638153076
4107,7,7,0.9999692440032959
4108,5,5,0.9999964237213135
4109,3,3,0.9997555613517761
4110,1,1,0.9993447661399841
4111,9,9,0.9988118410110474
4112,8,8,0.9824060201644897
4113,2,2,0.9998699426651001
4114,2,2,0.998105525970459
4115,2,2,0.9999934434890747
4116,8,8,0.9967554211616516
4117,8,8,0.9985910058021545
4118,5,5,0.9999969005584717
4119,7,7,0.9997192025184631
4120,3,3,0.9999986886978149
4121,8,8,0.9998131394386292
4122,9,9,0.9999985694885254
4123,8,8,0.9998668432235718
4124,8,8,0.9951459765434265
4125,6,6,0.9993489384651184
4126,8,8,0.9713159799575806
4127,2,2,0.9999992847442627
4128,3,3,0.9997534155845642
4129,9,9,0.996460497379303
4130,7,7,0.9998149275779724
4131,5,5,0.9997542500495911
4132,6,6,0.9999450445175171
4133,2,2,0.9999667406082153
4134,9,9,0.9988431930541992
4135,2,2,0.999788224697113
4136,8,8,0.9999727010726929
4137,8,8,0.8643565773963928
4138,1,1,0.9997815489768982
4139,6,6,0.9999988079071045
4140,8,8,0.9999984502792358
4141,8,8,0.9985979199409485
4142,7,7,0.9987251162528992
4143,9,9,0.9973135590553284
4144,1,1,0.9995782971382141
4145,8,8,0.9664589166641235
4146,0,0,0.9769778251647949
4147,1,1,0.9970904588699341
4148,7,7,0.9994958639144897
4149,2,2,0.9997451901435852
4150,0,0,0.9999995231628418
4151,7,7,0.9998534917831421
4152,5,5,0.9984434247016907
4153,1,1,0.9997369647026062
4154,9,9,0.9989320635795593
4155,0,0,0.9999997615814209
4156,2,2,0.9991223216056824
4157,0,0,0.9996389150619507
4158,9,9,0.9994126558303833
4159,8,8,0.9999481439590454
4160,6,6,0.9999347925186157
4161,2,2,0.9999270439147949
4162,3,3,0.9999997615814209
4163,9,9,0.8149310946464539
4164,3,3,1.0
4165,8,8,0.9835470914840698
4166,0,0,0.9999978542327881
4167,2,2,0.963969349861145
4168,1,1,0.9996004700660706
4169,1,1,0.9997202754020691
4170,1,1,0.9993441700935364
4171,1,1,0.9870643615722656
4172,4,4,0.9999716281890869
4173,2,2,0.9999502897262573
4174,9,9,0.991999089717865
4175,7,7,0.999639630317688
4176,2,7,0.9865188002586365
4177,5,5,0.9983386993408203
4178,1,1,0.9799287915229797
4179,1,1,0.999651312828064
4180,2,2,0.9989622831344604
4181,1,1,0.9974439144134521
4182,9,9,0.9999610185623169
4183,9,9,0.999980092048645
4184,9,9,0.9991052746772766
4185,1,1,0.9720562100410461
4186,0,0,0.9999696016311646
4187,2,2,0.9999892711639404
4188,0,0,0.9999666213989258
4189,2,2,0.9993062019348145
4190,1,1,0.9981449842453003
4191,1,1,0.9993423819541931
4192,4,4,0.9999479055404663
4193,6,6,0.9999605417251587
4194,4,4,0.967656135559082
4195,1,1,0.9987894892692566
4196,5,5,0.989488422870636
4197,4,4,0.9990967512130737
4198,9,9,0.9995948672294617
4199,7,7,0.8076460361480713
4200,7,7,0.9999688863754272
4201,1,1,0.5020257830619812
4202,5,5,0.9999494552612305
4203,6,6,0.9999676942825317
4204,2,2,0.9998210072517395
4205,2,2,0.7555726170539856
4206,2,2,0.9999486207962036
4207,8,8,0.9135726690292358
4208,0,0,0.999891996383667
4209,6,6,0.9999494552612305
4210,9,9,0.999783456325531
4211,6,6,0.9949226975440979
4212,1,1,0.9769619703292847
4213,9,9,0.9994381070137024
4214,7,7,0.9999752044677734
4215,7,7,0.9999624490737915
4216,1,1,0.9808164238929749
4217,4,4,0.9999977350234985
4218,8,8,0.9998952150344849
4219,5,5,0.999997615814209
4220,3,3,0.9999994039535522
4221,4,4,0.9929720759391785
4222,3,3,0.9999998807907104
4223,4,4,0.9997499585151672
4224,9,9,0.9038093686103821
4225,7,7,0.9999290704727173
4226,5,5,0.999998927116394
4227,0,0,0.9999111890792847
4228,7,7,0.9999834299087524
4229,4,4,1.0
4230,8,8,0.9997941851615906
4231,8,8,0.9999815225601196
4232,1,1,0.9954437017440796
4233,5,5,0.9999847412109375
4234,3,3,0.9999988079071045
4235,9,9,0.9999184608459473
4236,5,5,1.0
4237,9,9,0.9999589920043945
4238,7,7,0.8484233617782593
4239,6,6,0.9960622191429138
4240,9,9,0.9999719858169556
4241,0,0,0.9999977350234985
4242,3,3,0.9999988079071045
4243,6,6,0.9994262456893921
4244,3,3,0.9993010759353638
4245,9,9,0.9999399185180664
4246,8,8,0.9999992847442627
4247,2,2,0.999998927116394
4248,2,2,0.48757773637771606
4249,1,1,0.998635470867157
4250,2,2,0.9999889135360718
4251,8,8,0.9999921321868896
4252,6,6,0.9999464750289917
4253,8,8,0.9999994039535522
4254,5,5,0.999946117401123
4255,5,5,0.9937307834625244
4256,3,3,0.9984601736068726
4257,9,9,0.9999669790267944
4258,4,4,0.9999667406082153
4259,9,9,0.9317205548286438
4260,2,2,0.9996359348297119
4261,5,5,0.9999836683273315
4262,1,1,0.9995537400245667
4263,5,5,0.9982130527496338
4264,1,1,0.9990272521972656
4265,4,4,0.9269780516624451
4266,4,4,0.9999122619628906
4267,1,1,0.9999167919158936
4268,4,4,0.9889721274375916
4269,4,4,0.9952129125595093
4270,3,3,0.999985933303833
4271,5,5,0.5922613739967346
4272,9,9,0.9994800686836243
4273,1,1,0.999015212059021
4274,2,2,0.9999678134918213
4275,2,2,0.9999418258666992
4276,3,3,0.9999983310699463
4277,3,3,0.9999685287475586
4278,0,0,0.9999995231628418
4279,2,2,0.9997901320457458
4280,9,9,0.9986546039581299
4281,0,0,0.9998292922973633
4282,0,0,0.9956159591674805
4283,9,9,0.9999830722808838
4284,9,5,0.5175865292549133
4285,6,6,0.998664379119873
4286,0,0,0.9999990463256836
4287,9,9,0.9919800758361816
4288,3,3,1.0
4289,2,2,0.9609084725379944
4290,8,8,0.9999973773956299
4291,4,4,0.999984622001648
4292,1,1,0.9995386600494385
4293,9,9,0.9998252987861633
4294,9,9,0.9998273253440857
4295,7,7,0.9991207718849182
4296,2,2,0.9999972581863403
4297,7,7,0.9896826148033142
4298,9,9,0.9999858140945435
4299,9,9,0.9774542450904846
4300,5,5,0.8034008741378784
4301,9,9,0.9994543194770813
4302,5,5,0.9998939037322998
4303,1,1,0.9986918568611145
4304,1,1,0.9993507266044617
4305,8,8,0.9996985197067261
4306,3,3,0.9255806803703308
4307,5,5,0.9999996423721313
4308,1,1,0.9393026828765869
4309,9,9,0.997398853302002
4310,5,5,0.9999940395355225
4311,3,3,0.9999969005584717
4312,5,5,0.9999591112136841
4313,4,4,0.9981928467750549
4314,9,9,0.9143039584159851
4315,5,5,0.9915452003479004
4316,9,9,0.9965543746948242
4317,3,3,0.9958974123001099
4318,1,1,0.9956982135772705
4319,9,9,0.9999874830245972
4320,0,0,0.999932050704956
4321,9,9,0.999909520149231
4322,7,7,0.999956488609314
4323,5,5,0.9997735619544983
4324,4,4,0.9999245405197144
4325,9,9,0.9971611499786377
4326,2,2,0.9999864101409912
4327,0,0,0.9999755620956421
4328,1,1,0.9999010562896729
4329,0,0,0.9999921321868896
4330,5,5,0.9781517386436462
4331,1,1,0.998058021068573
4332,4,4,0.999995231628418
4333,9,9,0.989057719707489
4334,3,3,0.9999949932098389
4335,3,3,0.9986018538475037
4336,6,6,0.9999436140060425
4337,1,1,0.9958394765853882
4338,5,5,0.9999103546142578
4339,2,2,0.9999589920043945
4340,5,5,0.9999037981033325
4341,2,2,0.9990524649620056
4342,2,2,0.9973777532577515
4343,0,0,0.9999595880508423
4344,9,9,0.9683693647384644
4345,2,2,0.9999998807907104
4346,6,6,0.9999960660934448
4347,6,6,0.9999892711639404
4348,0,0,0.9999333620071411
4349,1,1,0.9586355090141296
4350,2,2,0.9960869550704956
4351,0,0,0.9999785423278809
4352,3,3,0.9999806880950928
4353,0,0,0.999987006187439
4354,2,2,0.9997453093528748
4355,5,5,0.9998652935028076
4356,5,5,0.9749862551689148
4357,7,7,0.9999990463256836
4358,9,9,0.9985527396202087
4359,5,5,0.8962805867195129
4360,5,5,0.9162928462028503
4361,0,0,0.9999910593032837
4362,8,8,0.9999884366989136
4363,9,9,0.9916149377822876
4364,5,5,0.9999995231628418
4365,0,0,0.9999604225158691
4366,3,3,0.9999998807907104
4367,2,2,0.9999358654022217
4368,5,5,0.9915571212768555
4369,9,9,0.7607229948043823
4370,0,0,0.9960657954216003
4371,8,8,0.9998691082000732
4372,8,8,0.9999995231628418
4373,4,4,0.9999377727508545
4374,5,5,0.9977191090583801
4375,8,8,0.9999395608901978
4376,8,8,0.9998815059661865
4377,4,4,0.9999933242797852
4378,5,5,0.999984860420227
4379,4,4,0.9999195337295532
4380,8,8,0.9919573068618774
4381,5,5,0.9999958276748657
4382,4,4,0.9447489976882935
4383,9,9,0.999833345413208
4384,2,2,0.9647956490516663
4385,2,2,0.9999622106552124
4386,1,1,0.9993187189102173
4387,2,2,0.9987859129905701
4388,6,6,0.9999983310699463
4389,8,8,0.999794065952301
4390,8,8,0.9999319314956665
4391,7,7,0.999998927116394
4392,0,0,1.0
4393,3,3,0.9999402761459351
4394,6,6,0.9999992847442627
4395,6,6,0.9999723434448242
4396,4,4,0.9998359680175781
4397,3,3,0.9999768733978271
4398,8,8,0.9998070597648621
4399,8,8,0.9986360669136047
4400,7,7,0.9966500401496887
4401,2,2,0.992021918296814
4402,2,2,0.9999997615814209
4403,0,0,0.9999929666519165
4404,0,0,0.9999901056289673
4405,9,9,0.992671012878418
4406,3,3,0.9999985694885254
4407,9,9,0.9999442100524902
4408,9,9,0.9951058626174927
4409,1,1,0.9989898800849915
4410,9,9,0.9968299269676208
4411,8,8,0.9999988079071045
4412,6,6,0.9999942779541016
4413,6,6,0.9987809062004089
4414,4,4,0.9999921321868896
4415,2,2,0.9953628778457642
4416,6,6,0.9999682903289795
4417,9,9,0.9999359846115112
4418,2,2,0.9999985694885254
4419,8,8,0.9922173023223877
4420,5,5,0.9997003078460693
4421,4,4,0.9999946355819702
4422,5,5,0.9995326995849609
4423,7,7,0.9999675750732422
4424,9,9,0.9982829093933105
4425,9,9,0.9462167620658875
4426,9,9,0.9970040917396545
4427,2,2,0.9998651742935181
4428,1,1,0.9968066215515137
4429,8,8,0.9940126538276672
4430,3,3,1.0
4431,4,4,0.9985509514808655
4432,0,0,0.9994688630104065
4433,7,7,0.9965440630912781
4434,8,8,0.9999829530715942
4435,3,3,0.9966249465942383
4436,9,9,0.9999772310256958
4437,3,3,0.9968090653419495
4438,4,4,0.9798791408538818
4439,6,6,0.9995549321174622
4440,5,5,0.9998683929443359
4441,6,6,0.9999877214431763
4442,2,2,0.999916672706604
4443,3,3,0.5810043215751648
4444,9,9,0.9990314245223999
4445,2,2,0.9993483424186707
4446,6,6,0.9999977350234985
4447,0,0,0.9998825788497925
4448,0,0,0.9998406171798706
4449,6,6,0.9988918900489807
4450,1,1,0.998138427734375
4451,2,2,0.9994760155677795
4452,8,8,0.999832272529602
4453,7,7,0.9995125532150269
4454,9,9,0.9495713114738464
4455,8,8,0.999432384967804
4456,2,2,0.9999890327453613
4457,0,0,0.9999619722366333
4458,4,4,0.9999997615814209
4459,7,7,0.9999444484710693
4460,7,7,0.9970180988311768
4461,5,5,0.9996286630630493
4462,0,0,1.0
4463,5,5,0.9999580383300781
4464,6,6,0.9999998807907104
4465,4,4,0.9878002405166626
4466,6,6,0.9999831914901733
4467,7,7,0.9997255206108093
4468,4,4,0.9999887943267822
4469,3,3,0.9995747208595276
4470,0,0,0.9998214840888977
4471,7,7,0.999609649181366
4472,5,5,0.9995282888412476
4473,0,0,0.999847412109375
4474,7,7,0.9999954700469971
4475,4,4,0.9999494552612305
4476,2,2,0.9998669624328613
4477,0,0,0.7620765566825867
4478,8,8,0.9999685287475586
4479,9,9,0.9960530996322632
4480,9,9,0.9998681545257568
4481,4,4,0.9968425035476685
4482,2,2,0.9996352195739746
4483,4,4,0.9893893599510193
4484,6,6,0.9999914169311523
4485,7,7,0.9999926090240479
4486,8,8,0.9998494386672974
4487,7,7,0.9990398287773132
4488,6,6,0.9984695315361023
4489,9,9,0.997855007648468
4490,4,4,0.9999988079071045
4491,1,1,0.9964635968208313
4492,3,3,0.9999935626983643
4493,7,7,0.999815046787262
4494,3,3,0.9948341846466064
4495,0,0,0.9995612502098083
4496,8,8,0.9999970197677612
4497,8,8,0.7356463074684143
4498,7,7,0.9998989105224609
4499,6,6,0.9995173215866089
4500,9,9,0.9359772205352783
4501,3,3,0.9999985694885254
4502,9,9,0.9998904466629028
4503,2,2,0.9999828338623047
4504,2,2,0.9658474326133728
4505,9,9,0.8634690642356873
4506,2,2,0.9884663820266724
4507,1,1,0.8075835108757019
4508,8,8,0.9999862909317017
4509,3,3,0.9998879432678223
4510,2,2,0.9999991655349731
4511,9,9,0.9988833069801331
4512,6,6,0.9999790191650391
4513,8,8,0.9937454462051392
4514,4,4,0.9998101592063904
4515,0,0,0.9999794960021973
4516,1,1,0.9975836277008057
4517,2,2,0.9999985694885254
4518,8,8,0.9999063014984131
4519,4,4,0.9991300702095032
4520,5,5,0.9999922513961792
4521,2,2,0.9990469813346863
4522,7,7,0.9999719858169556
4523,8,8,0.9920904636383057
4524,1,1,0.9998631477355957
4525,1,1,0.9997187256813049
4526,3,3,0.9999327659606934
4527,0,0,0.9989737272262573
4528,3,3,0.9947718977928162
4529,5,5,0.999998927116394
4530,7,7,0.999940037727356
4531,0,0,0.9999896287918091
4532,3,3,1.0
4533,1,1,0.9945131540298462
4534,9,9,0.9999140501022339
4535,3,3,0.9999994039535522
4536,6,6,0.8854765295982361
4537,3,3,0.9999998807907104
4538,1,1,0.9963690042495728
4539,7,7,0.9999663829803467
4540,7,7,0.9900832176208496
4541,3,3,0.9999945163726807
4542,0,0,0.9999918937683105
4543,8,8,0.98009192943573
4544,4,4,0.9993801116943359
4545,8,8,0.9998964071273804
4546,2,2,0.9998641014099121
4547,6,6,0.99321448802948
4548,5,5,0.9955422282218933
4549,2,2,0.999477207660675
4550,9,9,0.9999629259109497
4551,7,7,0.995590090751648
4552,3,3,0.9999221563339233
4553,9,9,0.9999816417694092
4554,0,0,0.9999997615814209
4555,9,9,0.9995545744895935
4556,9,9,0.9988585710525513
4557,6,6,0.9999942779541016
4558,4,4,0.7463142275810242
4559,2,2,0.999940037727356
4560,9,9,0.99991774559021
4561,7,7,0.9958707690238953
4562,2,2,0.9999793767929077
4563,1,1,0.9967164397239685
4564,1,1,0.9977254271507263
4565,6,6,0.9990787506103516
4566,7,7,0.9962092638015747
4567,4,4,0.9963255524635315
4568,7,7,0.9979179501533508
4569,5,5,0.9999278783798218
4570,9,9,0.9990543723106384
4571,6,6,0.4370308518409729
4572,8,8,0.9999611377716064
4573,2,2,0.9991601705551147
4574,1,1,0.9923886656761169
4575,4,4,0.8744892477989197
4576,4,4,0.9999924898147583
4577,5,5,0.9998681545257568
4578,7,7,0.9694501161575317
4579,6,6,0.9989765882492065
4580,1,1,0.9999246597290039
4581,3,3,0.9999994039535522
4582,2,2,0.9999760389328003
4583,5,5,0.9999054670333862
4584,9,9,0.9993451237678528
4585,9,9,0.9989952445030212
4586,3,3,0.9999750852584839
4587,6,6,0.9999997615814209
4588,1,1,0.9987180233001709
4589,1,1,0.9976993203163147
4590,4,4,0.9999852180480957
4591,6,6,0.9999995231628418
4592,9,9,0.999997615814209
4593,7,7,0.9829223155975342
4594,2,2,0.9966335892677307
4595,1,1,0.9990293979644775
4596,5,5,0.9999991655349731
4597,1,1,0.998948872089386
4598,4,4,0.9871881008148193
4599,6,6,0.9998761415481567
4600,3,3,0.9999998807907104
4601,8,8,0.9999512434005737
4602,1,1,0.9997292160987854
4603,1,1,0.9993388056755066
4604,0,0,0.8282595872879028
4605,3,3,0.999934196472168
4606,1,1,0.9993129968643188
4607,6,6,0.9999831914901733
4608,8,8,0.99950110912323
4609,4,4,0.9999361038208008
4610,9,9,0.9998912811279297
4611,0,0,0.9999992847442627
4612,7,7,0.9999864101409912
4613,3,3,0.9999966621398926
4614,0,0,0.9995980858802795
4615,2,2,0.9937250018119812
4616,9,9,0.9998780488967896
4617,0,0,0.999974250793457
4618,6,6,0.9999966621398926
4619,6,6,0.9985693693161011
4620,6,6,0.9684705138206482
4621,3,3,1.0
4622,6,6,0.9999933242797852
4623,7,7,0.9999845027923584
4624,7,7,0.9995360374450684
4625,2,2,0.999626636505127
4626,8,8,0.9999465942382812
4627,6,6,0.9999998807907104
4628,0,0,0.9999998807907104
4629,8,8,1.0
4630,3,3,0.9913116693496704
4631,0,0,0.9999874830245972
4632,2,2,0.9997734427452087
4633,9,9,0.9920275807380676
4634,8,8,0.999982476234436
4635,3,3,0.9953988194465637
4636,2,2,0.9999994039535522
4637,5,5,0.9999996423721313
4638,3,3,1.0
4639,8,8,0.9979415535926819
4640,8,8,0.9988784193992615
4641,0,0,0.9999929666519165
4642,0,0,0.9994786381721497
4643,1,1,0.9746518135070801
4644,9,9,0.9999775886535645
4645,5,5,0.9999929666519165
4646,1,1,0.9926209449768066
4647,3,3,0.9999871253967285
4648,9,9,0.9998455047607422
4649,6,6,0.9999750852584839
4650,0,0,0.9999896287918091
4651,1,1,0.9997037053108215
4652,4,4,0.9920255541801453
4653,1,1,0.9994189739227295
4654,7,7,0.9999998807907104
4655,1,1,0.9974793791770935
4656,2,2,0.9556392431259155
4657,3,3,0.9825530052185059
4658,7,7,0.9999116659164429
4659,9,9,0.9990328550338745
4660,7,7,0.9964361190795898
4661,4,4,0.999984622001648
4662,9,9,0.9149792790412903
4663,9,9,0.9998960494995117
4664,3,3,0.9999985694885254
4665,9,9,0.9996861219406128
4666,2,2,0.9999842643737793
4667,8,8,0.9999947547912598
4668,2,2,0.997092604637146
4669,7,7,0.9998842477798462
4670,1,1,0.9998418092727661
4671,8,8,0.9997146725654602
4672,0,0,0.9956022500991821
4673,9,9,0.999022364616394
4674,1,1,0.9959482550621033
4675,0,0,0.9999469518661499
4676,1,1,0.9940336346626282
4677,7,7,0.9996950626373291
4678,7,7,0.9999973773956299
4679,9,9,0.9988093376159668
4680,6,6,1.0
4681,9,9,0.9871430993080139
4682,9,9,0.9999114274978638
4683,9,9,0.9998658895492554
4684,2,2,0.9998950958251953
4685,1,1,0.9990931749343872
4686,6,6,0.9998763799667358
4687,1,1,0.9993091821670532
4688,3,3,0.9999998807907104
4689,5,5,0.9999988079071045
4690,7,7,0.9979774355888367
4691,1,1,0.9997705817222595
4692,9,9,0.9935424327850342
4693,7,7,0.9999792575836182
4694,6,6,0.9999487400054932
4695,4,4,0.999880313873291
4696,5,5,0.9762283563613892
4697,7,7,0.9996939897537231
4698,6,6,0.9996734857559204
4699,6,6,0.9520444273948669
4700,9,9,0.9999892711639404
4701,9,9,0.9999408721923828
4702,6,6,0.9989609718322754
4703,3,3,0.9999985694885254
4704,6,6,0.9997525811195374
4705,2,2,0.9999961853027344
4706,9,9,0.9961508512496948
4707,8,8,0.9998672008514404
4708,1,1,0.9994851350784302
4709,2,2,0.9999473094940186
4710,2,2,0.9999463558197021
4711,5,5,0.9986794590950012
4712,5,5,0.999924898147583
4713,2,2,0.9994413256645203
4714,3,3,0.9999998807907104
4715,7,7,0.999887228012085
4716,2,2,0.9998041987419128
4717,1,1,0.9995768666267395
4718,0,0,0.9999576807022095
4719,1,1,0.9927113056182861
4720,0,0,0.9997290968894958
4721,4,4,0.9889938235282898
4722,5,5,0.9977412223815918
4723,2,2,0.999537467956543
4724,8,8,0.9863791465759277
4725,2,2,0.9996452331542969
4726,8,8,0.9999312162399292
4727,3,3,0.9999440908432007
4728,5,5,0.9998840093612671
4729,1,1,0.9993280172348022
4730,7,7,0.9999998807907104
4731,8,8,0.8083261847496033
4732,1,1,0.9998620748519897
4733,1,1,0.9979301691055298
4734,2,2,0.9999969005584717
4735,9,9,0.9896681308746338
4736,7,7,0.9999788999557495
4737,8,8,0.9905891418457031
4738,4,4,0.9995779395103455
4739,0,0,0.9892127513885498
4740,3,5,0.6026402115821838
4741,0,0,0.999985933303833
4742,7,7,0.999626636505127
4743,8,8,0.9866364598274231
4744,8,8,0.9992403984069824
4745,4,4,0.9996283054351807
4746,7,7,0.99986732006073
4747,7,7,0.999998927116394
4748,8,8,0.9999980926513672
4749,5,5,0.9997867941856384
4750,8,8,0.9999514818191528
4751,4,4,0.9959897398948669
4752,9,9,0.999921441078186
4753,8,8,0.9999676942825317
4754,1,1,0.9997319579124451
4755,3,3,0.9992685914039612
4756,8,8,0.9999569654464722
4757,0,0,0.9999978542327881
4758,3,3,1.0
4759,1,1,0.9191943407058716
4760,7,7,0.9977198243141174
4761,9,8,0.5292083621025085
4762,5,5,0.9999948740005493
4763,5,5,0.9828755855560303
4764,1,1,0.9991469383239746
4765,6,6,0.9999778270721436
4766,5,5,0.9999781847000122
4767,7,7,0.9999966621398926
4768,4,4,0.9999997615814209
4769,9,9,0.9999610185623169
4770,3,3,0.9999985694885254
4771,5,5,0.999221920967102
4772,4,4,0.9992535710334778
4773,7,7,0.9997738003730774
4774,1,1,0.9995989203453064
4775,2,2,0.9999997615814209
4776,0,0,0.9965086579322815
4777,8,8,0.9043111205101013
4778,1,1,0.9990556836128235
4779,6,6,0.9999997615814209
4780,0,0,0.9994884729385376
4781,7,7,0.9999954700469971
4782,3,3,0.9999991655349731
4783,4,4,0.5534543991088867
4784,7,7,0.999982476234436
4785,3,3,0.9999634027481079
4786,9,9,0.9999127388000488
4787,6,6,0.9999996423721313
4788,0,0,0.9754574298858643
4789,8,8,0.99989914894104
4790,6,6,0.9998518228530884
4791,4,4,0.9988582134246826
4792,8,8,0.9999994039535522
4793,7,7,0.9998102784156799
4794,7,7,0.9999430179595947
4795,9,9,0.9999934434890747
4796,3,3,0.9996559619903564
4797,8,8,0.9999967813491821
4798,6,6,0.9994922876358032
4799,9,9,0.9998831748962402
4800,7,7,0.9999815225601196
4801,2,2,0.9999262094497681
4802,3,3,0.9999707937240601
4803,4,4,0.9999959468841553
4804,0,0,0.9984292387962341
4805,2,2,0.9999994039535522
4806,1,1,0.9994814991950989
4807,8,8,0.9661238789558411
4808,3,3,0.9905216693878174
4809,5,5,0.9999996423721313
4810,5,5,0.9999457597732544
4811,7,7,0.9999978542327881
4812,2,2,0.9999070167541504
4813,4,4,0.9999417066574097
4814,6,6,0.9843632578849792
4815,7,7,0.9996758699417114
4816,2,2,0.9990260601043701
4817,8,8,0.9999995231628418
4818,3,3,0.9999998807907104
4819,0,0,0.9927452206611633
4820,8,8,0.9999977350234985
4821,7,7,0.9999998807907104
4822,8,8,0.9997556805610657
4823,9,4,0.840919554233551
4824,0,0,0.9999381303787231
4825,8,8,0.9998821020126343
4826,4,4,0.9999299049377441
4827,4,4,0.9994920492172241
4828,5,5,0.9997584223747253
4829,8,8,0.9999806880950928
4830,5,5,0.9999822378158569
4831,6,6,0.9994214773178101
4832,6,6,0.999950647354126
4833,3,3,0.9999725818634033
4834,0,0,0.999976634979248
4835,9,9,0.9998390674591064
4836,3,3,0.999977707862854
4837,7,7,0.9638970494270325
4838,6,6,0.9235467314720154
4839,8,8,0.9951371550559998
4840,9,9,0.9995853304862976
4841,3,3,0.9994124174118042
4842,4,4,0.998198926448822
4843,9,9,0.9999532699584961
4844,5,5,0.9998663663864136
4845,8,8,0.9997411370277405
4846,9,9,0.9998162388801575
4847,1,1,0.9983841180801392
4848,2,2,0.9998866319656372
4849,8,8,0.9999781847000122
4850,8,8,0.9999521970748901
4851,6,6,0.9995811581611633
4852,8,8,0.9984538555145264
4853,1,1,0.9998424053192139
4854,3,3,0.9998975992202759
4855,7,7,0.9999889135360718
4856,9,9,0.9996820688247681
4857,0,0,0.999843955039978
4858,1,1,0.9995840191841125
4859,1,1,0.999177873134613
4860,4,4,0.8367433547973633
4861,7,7,0.996822714805603
4862,0,0,0.9999995231628418
4863,8,8,0.9996424913406372
4864,1,1,0.9920658469200134
4865,7,7,0.9999997615814209
4866,4,4,0.9997574687004089
4867,5,5,0.9999796152114868
4868,7,7,0.996329128742218
4869,1,1,0.9980266690254211
4870,2,2,1.0
4871,1,1,0.991943359375
4872,1,1,0.999360978603363
4873,3,3,0.9997829794883728
4874,9,9,0.7734624743461609
4875,6,6,0.9999921321868896
4876,2,2,0.9998822212219238
4877,1,1,0.9987607002258301
4878,2,2,0.9999871253967285
4879,8,6,0.9021495580673218
4880,0,0,0.9926614761352539
4881,7,7,0.999975323677063
4882,6,6,0.9992125034332275
4883,6,6,0.9999568462371826
4884,9,9,0.9990600943565369
4885,3,3,0.9999943971633911
4886,7,7,0.955687940120697
4887,0,0,0.999991774559021
4888,5,5,0.9929240942001343
4889,2,2,0.9999969005584717
4890,8,8,0.9997521042823792
4891,0,0,0.9999910593032837
4892,5,5,1.0
4893,4,4,0.9922690987586975
4894,3,3,0.99998939037323
4895,8,8,0.9999872446060181
4896,4,4,0.9995531439781189
4897,6,6,0.9992873072624207
4898,6,6,0.9998975992202759
4899,2,2,0.9973509311676025
4900,7,7,0.998172402381897
4901,9,9,0.9998713731765747
4902,5,5,0.9980106949806213
4903,1,1,0.9985396862030029
4904,3,3,0.9999977350234985
4905,2,2,0.9997408986091614
4906,4,4,0.9999990463256836
4907,3,3,0.9934319853782654
4908,6,6,0.9999806880950928
4909,1,1,0.9968222379684448
4910,9,9,0.9998923540115356
4911,4,4,0.9972025156021118
4912,4,4,0.9999597072601318
4913,7,7,0.9998214840888977
4914,6,6,0.9999479055404663
4915,5,5,0.9970364570617676
4916,4,4,0.9999970197677612
4917,1,1,0.9983637928962708
4918,9,9,0.9393154978752136
4919,9,9,0.9995872378349304
4920,2,2,0.9999998807907104
4921,7,7,0.9760343432426453
4922,8,8,0.9999810457229614
4923,0,0,0.9998857975006104
4924,1,1,0.9793202877044678
4925,3,3,0.9999958276748657
4926,6,6,0.9999991655349731
4927,1,1,0.9996823072433472
4928,3,3,0.9999774694442749
4929,4,4,0.9671720266342163
4930,1,1,0.9968724846839905
4931,1,1,0.9995911717414856
4932,1,1,0.9995495676994324
4933,5,5,0.9999262094497681
4934,6,6,0.9741350412368774
4935,0,0,0.9999547004699707
4936,7,7,0.9966212511062622
4937,0,0,0.9999845027923584
4938,7,7,0.9998301267623901
4939,2,2,0.998914361000061
4940,3,3,1.0
4941,2,2,0.999751627445221
4942,5,5,0.9877548813819885
4943,2,2,0.9935598373413086
4944,2,2,0.9998370409011841
4945,9,9,0.9999465942382812
4946,4,4,0.9999940395355225
4947,9,9,0.9998718500137329
4948,8,8,0.9998613595962524
4949,1,1,0.9987175464630127
4950,2,2,0.9954729676246643
4951,1,1,0.9986379742622375
4952,6,6,0.9987508058547974
4953,1,1,0.9993798732757568
4954,2,2,0.9998101592063904
4955,7,7,0.9999970197677612
4956,8,8,0.7591612935066223
4957,0,0,0.999988317489624
4958,0,0,0.9999915361404419
4959,0,0,0.9999947547912598
4960,8,8,0.9967336654663086
4961,2,2,0.9999979734420776
4962,2,2,0.9999997615814209
4963,9,9,0.9914419054985046
4964,2,2,0.9999498128890991
4965,2,2,0.9999996423721313
4966,7,7,0.9984326958656311
4967,9,9,0.9991445541381836
4968,9,9,0.9993984699249268
4969,2,2,0.9999305009841919
4970,7,7,0.9986667633056641
4971,5,5,0.9989467263221741
4972,1,1,0.9992513060569763
4973,3,3,0.9999996423721313
4974,4,4,0.9939242005348206
4975,9,9,0.9999562501907349
4976,4,4,0.9999921321868896
4977,1,1,0.9987228512763977
4978,8,8,0.9951691031455994
4979,5,5,0.9999570846557617
4980,6,6,0.9999964237213135
4981,2,2,0.9998413324356079
4982,8,8,0.9951077699661255
4983,3,3,0.9999995231628418
4984,1,1,0.9986823201179504
4985,2,2,0.9999984502792358
4986,8,8,0.998488187789917
4987,4,4,0.998955249786377
4988,9,9,0.9999481439590454
4989,9,9,0.9814334511756897
4990,3,3,0.9979493021965027
4991,7,7,0.9992662072181702
4992,0,0,1.0
4993,7,7,0.9997414946556091
4994,7,7,0.999970555305481
4995,2,2,0.9958716034889221
4996,3,3,0.999994158744812
4997,2,2,0.9954421520233154
4998,4,4,0.99989914894104
4999,0,0,0.9999998807907104
5000,3,3,0.9999992847442627
5001,9,9,0.9997238516807556
5002,9,9,0.9999862909317017
5003,8,8,0.999966025352478
5004,4,4,0.9999998807907104
5005,1,1,0.9998712539672852
5006,0,0,0.9991635084152222
5007,6,6,0.999962329864502
5008,0,0,0.9998432397842407
5009,9,9,0.9998844861984253
5010,6,6,0.9999878406524658
5011,8,8,0.9997590184211731
5012,6,6,0.9999996423721313
5013,1,1,0.9998138546943665
5014,1,1,0.9999363422393799
5015,9,9,0.9996529817581177
5016,8,8,0.9999994039535522
5017,9,9,0.9999648332595825
5018,2,2,1.0
5019,3,3,0.9999819993972778
5020,5,5,0.999982476234436
5021,5,5,0.9999973773956299
5022,9,9,0.9998455047607422
5023,4,4,0.9999998807907104
5024,2,2,0.9999903440475464
5025,1,1,0.999873161315918
5026,9,9,0.9979530572891235
5027,4,4,0.9999450445175171
5028,3,3,0.9999997615814209
5029,9,9,0.9995511174201965
5030,6,6,0.9999972581863403
5031,0,0,0.9999339580535889
5032,4,4,0.9999995231628418
5033,0,0,0.9999459981918335
5034,6,6,0.9999955892562866
5035,0,0,0.9963704347610474
5036,1,1,0.9998430013656616
5037,2,2,0.9999990463256836
5038,3,3,0.9999934434890747
5039,4,4,0.9999994039535522
5040,7,7,0.9941260814666748
5041,8,8,0.9999983310699463
5042,9,9,0.9999687671661377
5043,0,0,0.9995570778846741
5044,1,1,0.9999212026596069
5045,2,2,0.9999997615814209
5046,3,3,0.9998314380645752
5047,4,4,0.9999996423721313
5048,7,7,0.997239351272583
5049,8,8,0.9989907145500183
5050,9,9,0.9998199343681335
5051,0,0,0.9971342086791992
5052,1,1,0.9998915195465088
5053,2,2,0.9999837875366211
5054,3,3,0.9999637603759766
5055,4,4,0.9999982118606567
5056,5,5,0.9965343475341797
5057,6,6,0.999821126461029
5058,7,7,0.9996424913406372
5059,8,8,0.9999955892562866
5060,9,9,0.9999816417694092
5061,8,8,0.9999743700027466
5062,3,3,0.9999831914901733
5063,4,4,0.9999979734420776
5064,7,7,0.9995119571685791
5065,8,8,0.9955111742019653
5066,6,6,0.9999730587005615
5067,3,3,0.97519850730896
5068,4,4,0.9953821301460266
5069,0,0,0.9998477697372437
5070,9,9,0.9999535083770752
5071,7,7,0.9999194145202637
5072,1,1,0.9997590184211731
5073,9,9,0.9999914169311523
5074,3,3,0.9999938011169434
5075,8,8,0.9999223947525024
5076,4,4,1.0
5077,7,7,0.999836802482605
5078,3,3,0.9999876022338867
5079,0,0,0.9998685121536255
5080,9,9,0.9999773502349854
5081,1,1,0.9994214773178101
5082,4,4,0.9999963045120239
5083,5,5,0.9895139932632446
5084,4,4,0.9999741315841675
5085,6,6,0.9999265670776367
5086,2,2,0.9999769926071167
5087,0,0,0.9995890259742737
5088,6,6,0.994506299495697
5089,2,2,0.9999891519546509
5090,1,1,0.9927969574928284
5091,1,1,0.9991212487220764
5092,1,1,0.9994097948074341
5093,1,1,0.9993559718132019
5094,7,7,0.9997556805610657
5095,2,2,0.9999996423721313
5096,4,4,0.9999990463256836
5097,7,7,0.9999897480010986
5098,5,5,0.9973903298377991
5099,2,2,0.9998437166213989
5100,9,9,0.9927338361740112
5101,4,4,0.9999895095825195
5102,5,5,0.9999960660934448
5103,8,8,0.9999994039535522
5104,4,4,0.9999996423721313
5105,2,2,0.9998651742935181
5106,9,9,0.9995200634002686
5107,7,7,0.9998039603233337
5108,0,0,0.9977625608444214
5109,0,0,0.9999783039093018
5110,7,7,0.9950254559516907
5111,5,5,0.9999386072158813
5112,1,1,0.9998610019683838
5113,1,1,0.9997979998588562
5114,7,7,0.9991132616996765
5115,6,6,0.9999854564666748
5116,6,6,0.999992847442627
5117,6,6,0.9999551773071289
5118,8,8,0.9999847412109375
5119,2,2,0.999976634979248
5120,2,2,0.9999301433563232
5121,7,7,0.9983862638473511
5122,7,7,0.9962827563285828
5123,4,4,0.9999998807907104
5124,0,0,0.9998904466629028
5125,2,2,0.9999754428863525
5126,4,4,0.9999936819076538
5127,2,2,0.9537320137023926
5128,1,1,0.9997467398643494
5129,8,8,0.9999958276748657
5130,9,9,0.9999384880065918
5131,6,6,0.9999836683273315
5132,1,1,0.9999407529830933
5133,0,0,0.9998272061347961
5134,5,5,0.9174051880836487
5135,9,9,0.9998654127120972
5136,6,6,0.999956488609314
5137,9,9,0.9994032382965088
5138,8,8,0.9972122311592102
5139,0,0,0.9998892545700073
5140,3,3,0.9890491962432861
5141,0,0,0.9991772770881653
5142,8,8,0.9999992847442627
5143,3,3,0.9999946355819702
5144,9,9,0.9995926022529602
5145,6,6,0.9998928308486938
5146,3,3,0.9998898506164551
5147,0,0,0.999967098236084
5148,1,1,0.9996200799942017
5149,2,2,0.9999963045120239
5150,3,3,0.9999997615814209
5151,4,4,0.9999983310699463
5152,5,5,0.9997245669364929
5153,6,6,0.9999997615814209
5154,7,7,0.9964959025382996
5155,0,0,0.9816389083862305
5156,1,1,0.9997426867485046
5157,2,2,0.9999988079071045
5158,3,3,0.9999998807907104
5159,4,4,0.9110286831855774
5160,5,5,0.9999969005584717
5161,6,6,1.0
5162,7,7,0.9975500702857971
5163,8,8,0.9999959468841553
5164,9,9,0.9972520470619202
5165,0,0,0.9925783276557922
5166,1,1,0.9998525381088257
5167,2,2,0.9999921321868896
5168,3,3,0.9999986886978149
5169,4,4,0.9999862909317017
5170,5,5,0.9999994039535522
5171,6,6,1.0
5172,7,7,0.9784733057022095
5173,8,8,0.9884957075119019
5174,5,5,0.999998927116394
5175,4,4,0.9999616146087646
5176,8,8,0.995173990726471
5177,7,7,0.9918137788772583
5178,4,4,0.9999738931655884
5179,7,7,0.9999996423721313
5180,7,7,0.9948028326034546
5181,3,3,0.9999998807907104
5182,9,9,0.9985169768333435
5183,8,8,0.9729127883911133
5184,8,8,0.9997366070747375
5185,3,3,0.9999997615814209
5186,1,1,0.9998757839202881
5187,5,5,0.9999253749847412
5188,8,8,0.9998338222503662
5189,2,2,0.9999990463256836
5190,7,7,0.9960075616836548
5191,4,4,1.0
5192,2,2,0.9999961853027344
5193,1,1,0.9992334842681885
5194,5,5,0.9944288730621338
5195,4,4,0.9999934434890747
5196,5,5,0.9999997615814209
5197,5,5,0.9999451637268066
5198,8,8,0.9996432065963745
5199,6,6,0.9983494281768799
5200,4,4,0.9995926022529602
5201,4,4,0.9802667498588562
5202,4,4,0.9999935626983643
5203,1,1,0.997645914554596
5204,8,8,0.9986617565155029
5205,7,7,0.9994617104530334
5206,5,5,0.9999996423721313
5207,5,5,0.9999608993530273
5208,1,1,0.9995430707931519
5209,8,8,0.9935013651847839
5210,9,9,0.9998341798782349
5211,1,1,0.9997232556343079
5212,3,3,0.9999299049377441
5213,6,6,0.9999997615814209
5214,3,3,1.0
5215,3,3,0.9999991655349731
5216,2,2,0.999998927116394
5217,2,2,0.9976803064346313
5218,6,6,0.9999969005584717
5219,9,9,0.9976205229759216
5220,9,9,0.9998034834861755
5221,6,6,0.999821126461029
5222,5,5,1.0
5223,5,5,0.9999996423721313
5224,3,3,0.9999992847442627
5225,3,3,0.9999868869781494
5226,8,8,0.9986904263496399
5227,1,1,0.9998449087142944
5228,6,6,0.9999139308929443
5229,5,5,0.9999103546142578
5230,6,6,0.9999995231628418
5231,8,8,0.99998939037323
5232,1,1,0.9998586177825928
5233,9,9,0.9995362758636475
5234,7,7,0.999503493309021
5235,6,6,0.9999998807907104
5236,8,8,0.9996050000190735
5237,3,3,0.9999760389328003
5238,7,7,0.9994922876358032
5239,4,4,0.999953031539917
5240,7,7,0.9995177984237671
5241,0,0,0.9999938011169434
5242,9,9,0.988324761390686
5243,0,0,0.9978323578834534
5244,0,0,0.9993940591812134
5245,3,3,0.9999899864196777
5246,7,7,0.886021614074707
5247,9,9,0.9990571141242981
5248,3,3,0.9999961853027344
5249,0,0,0.9995502829551697
5250,2,2,0.9998726844787598
5251,0,0,0.9991967082023621
5252,1,1,0.9993438124656677
5253,0,0,0.999942421913147
5254,1,1,0.9980306029319763
5255,0,0,0.9971586465835571
5256,4,4,1.0
5257,0,0,0.9998522996902466
5258,1,1,0.999908447265625
5259,0,0,0.9999881982803345
5260,4,4,0.9997634291648865
5261,7,7,0.928150475025177
5262,9,9,0.9886560440063477
5263,6,6,0.9999973773956299
5264,2,2,0.9999711513519287
5265,6,6,0.999484658241272
5266,2,2,0.999993085861206
5267,2,2,0.9999758005142212
5268,9,8,0.8766301274299622
5269,9,9,0.9146871566772461
5270,0,0,0.9999594688415527
5271,1,1,0.9999101161956787
5272,2,2,0.9999994039535522
5273,3,3,0.9999988079071045
5274,4,4,0.9999988079071045
5275,5,5,0.9999997615814209
5276,6,6,0.9999998807907104
5277,7,7,0.9999233484268188
5278,8,8,0.9969784021377563
5279,9,9,0.9999881982803345
5280,0,0,0.9999593496322632
5281,1,1,0.999786913394928
5282,2,2,0.9999998807907104
5283,3,3,0.9999954700469971
5284,4,4,0.9999997615814209
5285,5,5,0.9999992847442627
5286,6,6,0.9999392032623291
5287,7,7,0.9999897480010986
5288,8,8,0.9619138240814209
5289,9,9,0.9999735355377197
5290,0,0,0.9997839331626892
5291,1,1,0.9999140501022339
5292,2,2,0.9999959468841553
5293,3,3,1.0
5294,4,4,1.0
5295,5,5,0.9999985694885254
5296,6,6,0.9999362230300903
5297,7,7,0.9994408488273621
5298,8,8,0.9979251623153687
5299,9,9,0.9994951486587524
5300,8,8,0.9999710321426392
5301,0,0,0.9999927282333374
5302,5,5,0.9999988079071045
5303,6,6,0.9999996423721313
5304,6,6,0.999982476234436
5305,0,0,0.9999707937240601
5306,8,8,0.9999594688415527
5307,0,0,0.9999973773956299
5308,2,2,0.999923586845398
5309,3,3,0.9999997615814209
5310,7,7,0.99739670753479
5311,9,9,0.9983966946601868
5312,4,4,0.9999996423721313
5313,7,7,0.9999901056289673
5314,1,1,0.9993966817855835
5315,9,9,0.999923825263977
5316,1,1,0.99983811378479
5317,7,7,0.9996639490127563
5318,1,1,0.9998441934585571
5319,4,4,0.9999970197677612
5320,0,0,0.9999755620956421
5321,0,0,0.9999971389770508
5322,4,4,0.999980092048645
5323,1,1,0.999914288520813
5324,7,7,0.9955343008041382
5325,5,5,0.9999986886978149
5326,7,7,0.9998342990875244
5327,1,1,0.9998623132705688
5328,3,3,0.9999990463256836
5329,3,3,0.9999994039535522
5330,3,3,0.9999910593032837
5331,1,1,0.9994862079620361
5332,6,6,0.999976634979248
5333,9,9,0.9999607801437378
5334,7,7,0.9989427924156189
5335,4,4,0.9999918937683105
5336,3,3,0.9999997615814209
5337,0,0,0.9999992847442627
5338,2,2,0.9999995231628418
5339,5,5,0.9999022483825684
5340,2,2,0.9999994039535522
5341,6,6,0.9999997615814209
5342,0,0,0.9999954700469971
5343,8,8,0.998489260673523
5344,9,9,0.9999988079071045
5345,4,4,0.9999067783355713
5346,3,3,0.9999991655349731
5347,5,5,0.9999990463256836
5348,4,4,0.9999862909317017
5349,8,8,0.9999579191207886
5350,1,1,0.9995947480201721
5351,5,5,0.9999945163726807
5352,9,9,0.999992847442627
5353,0,0,0.9999855756759644
5354,6,6,0.9999909400939941
5355,4,4,1.0
5356,3,3,1.0
5357,6,6,0.9999862909317017
5358,3,3,0.9999985694885254
5359,3,3,0.9999450445175171
5360,8,8,0.9999284744262695
5361,1,1,0.9997479319572449
5362,4,4,0.9999997615814209
5363,7,7,0.9998695850372314
5364,5,5,1.0
5365,7,7,0.9999817609786987
5366,2,2,0.9999997615814209
5367,2,2,0.9999990463256836
5368,0,0,0.9999972581863403
5369,0,0,0.9999986886978149
5370,1,1,0.999811589717865
5371,7,7,0.9998840093612671
5372,7,7,0.9988728165626526
5373,9,9,0.999997615814209
5374,5,5,0.9999974966049194
5375,9,9,0.9998772144317627
5376,8,8,0.9999895095825195
5377,9,9,0.9999822378158569
5378,6,6,0.9999954700469971
5379,8,8,0.9996055960655212
5380,8,8,0.9988441467285156
5381,2,2,0.999998927116394
5382,3,3,0.9999794960021973
5383,6,6,0.9999997615814209
5384,1,1,0.9999455213546753
5385,2,2,0.9999998807907104
5386,9,9,0.9999892711639404
5387,8,8,0.9995835423469543
5388,9,9,0.9999823570251465
5389,5,5,0.999993085861206
5390,2,2,0.9999994039535522
5391,6,6,0.9999955892562866
5392,2,2,0.9999463558197021
5393,4,4,0.9999998807907104
5394,8,8,0.9993481040000916
5395,4,4,0.9999946355819702
5396,6,6,0.9999604225158691
5397,5,5,0.9999624490737915
5398,0,0,0.9996423721313477
5399,1,1,0.9997454285621643
5400,5,5,0.999984622001648
5401,6,6,0.9983035326004028
5402,7,7,0.9998589754104614
5403,8,8,0.9996544122695923
5404,9,9,0.9999904632568359
5405,0,0,0.9994947910308838
5406,1,1,0.9997343420982361
5407,2,2,0.9996743202209473
5408,3,3,0.999985933303833
5409,4,4,0.9909229874610901
5410,5,5,0.996364951133728
5411,6,6,0.9999986886978149
5412,7,7,0.9999988079071045
5413,8,8,0.9997766613960266
5414,9,9,0.9998914003372192
5415,0,0,0.9999474287033081
5416,1,1,0.9990078806877136
5417,2,2,0.9993056058883667
5418,3,3,0.9999995231628418
5419,4,4,0.9999998807907104
5420,5,5,0.9999649524688721
5421,6,6,0.9998449087142944
5422,7,7,0.9999983310699463
5423,8,8,0.9997885823249817
5424,9,9,0.9998121857643127
5425,7,7,0.9999889135360718
5426,4,4,1.0
5427,2,2,0.9999281167984009
5428,0,0,0.9999499320983887
5429,9,9,0.9990123510360718
5430,0,0,0.9999114274978638
5431,1,1,0.9997765421867371
5432,5,5,0.9999988079071045
5433,8,8,0.9999693632125854
5434,8,8,0.9999986886978149
5435,0,0,0.9999713897705078
5436,2,2,0.9999830722808838
5437,7,7,0.9999929666519165
5438,8,8,0.9998596906661987
5439,4,4,0.9999998807907104
5440,4,4,0.9999622106552124
5441,6,6,1.0
5442,1,1,0.9997692704200745
5443,0,0,0.9999566078186035
5444,4,4,0.9999994039535522
5445,5,5,0.9999973773956299
5446,3,3,0.9999995231628418
5447,9,9,0.9998612403869629
5448,4,4,0.9999990463256836
5449,2,2,0.986933171749115
5450,0,0,0.5473117232322693
5451,5,5,1.0
5452,0,0,0.9999881982803345
5453,1,1,0.9996551275253296
5454,3,3,0.9999942779541016
5455,2,2,0.9999967813491821
5456,9,9,0.999987006187439
5457,1,1,0.9441978931427002
5458,6,6,0.9999948740005493
5459,0,0,0.9988001585006714
5460,1,1,0.999855637550354
5461,1,1,0.9998469352722168
5462,8,8,0.9999920129776001
5463,0,0,0.9999698400497437
5464,4,4,0.9999997615814209
5465,7,7,0.9999996423721313
5466,7,7,0.9999939203262329
5467,6,6,0.9999985694885254
5468,3,3,0.999994158744812
5469,6,6,0.999930739402771
5470,0,0,0.9998006224632263
5471,7,7,0.9999561309814453
5472,3,3,0.9999998807907104
5473,5,5,0.9999995231628418
5474,4,4,0.9999988079071045
5475,2,2,0.9999978542327881
5476,4,4,0.9999998807907104
5477,1,1,0.999790608882904
5478,8,8,0.999996542930603
5479,3,3,1.0
5480,5,5,0.9999997615814209
5481,6,6,0.9999998807907104
5482,7,7,0.9999849796295166
5483,0,0,0.9998805522918701
5484,6,6,0.9999998807907104
5485,7,7,0.9999140501022339
5486,1,1,0.9998993873596191
5487,2,2,0.999998927116394
5488,5,5,0.9999972581863403
5489,8,8,0.9999957084655762
5490,1,1,0.999943733215332
5491,9,9,0.9999090433120728
5492,3,3,0.9999998807907104
5493,8,8,0.9999948740005493
5494,2,2,1.0
5495,8,8,0.9999929666519165
5496,7,7,0.9995229244232178
5497,6,6,0.9999998807907104
5498,7,7,0.9999949932098389
5499,1,1,0.9997305274009705
5500,4,4,1.0
5501,6,6,0.9999995231628418
5502,2,2,0.9998993873596191
5503,9,9,0.999980092048645
5504,3,3,0.9999884366989136
5505,0,0,0.9999843835830688
5506,1,1,0.9994975328445435
5507,2,2,0.9999667406082153
5508,3,3,0.9999998807907104
5509,4,4,0.9999985694885254
5510,5,5,0.9999912977218628
5511,6,6,0.9999996423721313
5512,7,7,0.9995890259742737
5513,0,0,0.9999988079071045
5514,1,1,0.9991421699523926
5515,2,2,1.0
5516,3,3,0.9999994039535522
5517,4,4,0.9999960660934448
5518,5,5,0.9999924898147583
5519,0,0,0.998009979724884
5520,1,1,0.9995279312133789
5521,2,2,0.9999997615814209
5522,8,8,0.9998712539672852
5523,9,9,0.9989157915115356
5524,1,1,0.9997604489326477
5525,4,4,0.9981315732002258
5526,0,0,0.9999983310699463
5527,9,9,0.998927652835846
5528,5,5,0.9999915361404419
5529,0,0,0.9999997615814209
5530,8,8,0.9998641014099121
5531,0,0,0.9999923706054688
5532,7,7,0.9982193112373352
5533,7,7,0.9988279938697815
5534,1,1,0.9997801184654236
5535,1,1,0.9997478127479553
5536,2,2,0.9996198415756226
5537,9,9,0.9985958933830261
5538,3,3,0.9999996423721313
5539,6,6,0.9999978542327881
5540,7,7,0.999752938747406
5541,2,2,0.9999263286590576
5542,3,3,0.9999997615814209
5543,8,8,0.9999600648880005
5544,1,1,0.9992460012435913
5545,2,2,0.9999958276748657
5546,9,9,0.993990957736969
5547,8,8,0.9995146989822388
5548,8,8,0.9999833106994629
5549,7,7,0.9998774528503418
5550,1,1,0.9989652633666992
5551,7,7,0.9999885559082031
5552,1,1,0.999600350856781
5553,1,1,0.9994494318962097
5554,0,0,0.9999997615814209
5555,3,3,0.9999995231628418
5556,4,4,0.9999105930328369
5557,2,2,0.9999072551727295
5558,6,6,0.9998563528060913
5559,4,4,0.9969642758369446
5560,7,7,0.9915781021118164
5561,4,4,0.9997546076774597
5562,2,2,0.9998852014541626
5563,7,7,0.9998471736907959
5564,4,4,0.9978982210159302
5565,9,9,0.9999542236328125
5566,1,1,0.9998070597648621
5567,0,0,0.9999840259552002
5568,6,6,0.999961256980896
5569,8,8,0.9998681545257568
5570,5,5,1.0
5571,5,5,0.9999998807907104
5572,5,5,0.9999998807907104
5573,3,3,0.9896075129508972
5574,5,5,0.9999995231628418
5575,9,9,0.9999619722366333
5576,7,7,0.9999186992645264
5577,4,4,0.9997804760932922
5578,8,8,0.9992426633834839
5579,5,5,0.9999970197677612
5580,9,9,0.9998852014541626
5581,6,6,0.9999597072601318
5582,9,9,0.9999034404754639
5583,3,3,0.9999418258666992
5584,0,0,0.9999967813491821
5585,3,3,0.9999996423721313
5586,8,8,0.9885956645011902
5587,9,9,0.9999744892120361
5588,1,1,0.999607264995575
5589,8,8,0.9999884366989136
5590,1,1,0.9977113008499146
5591,6,6,0.9999971389770508
5592,0,0,0.9999957084655762
5593,0,0,0.998213529586792
5594,1,1,0.9956862926483154
5595,2,2,0.9997863173484802
5596,3,3,0.9998261332511902
5597,4,4,0.9980039000511169
5598,5,5,1.0
5599,6,6,0.9999990463256836
5600,7,7,0.9673761129379272
5601,8,8,0.999624490737915
5602,9,9,0.9997976422309875
5603,0,0,0.9999961853027344
5604,1,1,0.9994833469390869
5605,2,2,1.0
5606,3,3,0.9999996423721313
5607,4,4,0.9980350136756897
5608,5,5,0.9994268417358398
5609,6,6,1.0
5610,7,7,0.9999991655349731
5611,8,8,0.9997937083244324
5612,9,9,0.9998786449432373
5613,0,0,0.999953031539917
5614,1,1,0.9978079199790955
5615,2,2,0.9999991655349731
5616,3,3,0.9999785423278809
5617,4,4,0.9695408344268799
5618,5,5,0.9999957084655762
5619,6,6,1.0
5620,7,7,0.9995384216308594
5621,8,8,0.9999904632568359
5622,9,9,0.9998776912689209
5623,3,3,0.9966651797294617
5624,5,5,0.9999978542327881
5625,3,3,0.9999998807907104
5626,2,2,0.9995430707931519
5627,9,9,0.9999779462814331
5628,3,3,0.9999991655349731
5629,2,2,0.9999909400939941
5630,1,1,0.9987003803253174
5631,4,4,0.9995259046554565
5632,5,5,0.9999967813491821
5633,5,5,0.9999964237213135
5634,2,2,0.9976183772087097
5635,3,3,0.9999983310699463
5636,2,2,0.997622549533844
5637,1,1,0.9984496831893921
5638,3,3,0.9999991655349731
5639,9,9,0.9957693815231323
5640,7,7,0.999569833278656
5641,2,2,0.9999475479125977
5642,1,1,0.9929288029670715
5643,2,2,0.9999964237213135
5644,8,8,0.9999744892120361
5645,9,9,0.9997745156288147
5646,1,1,0.9994062185287476
5647,8,8,0.9999526739120483
5648,8,8,0.9997569918632507
5649,7,7,0.950249195098877
5650,8,8,0.9999135732650757
5651,1,1,0.9997269511222839
5652,0,0,0.9999879598617554
5653,0,0,0.9995699524879456
5654,7,2,0.964377760887146
5655,7,7,0.9559091925621033
5656,8,8,0.9999978542327881
5657,7,7,0.9998992681503296
5658,5,5,0.9999970197677612
5659,0,0,0.9999914169311523
5660,6,6,0.9999960660934448
5661,1,1,0.9996520280838013
5662,5,5,0.9999680519104004
5663,7,7,0.9965769648551941
5664,4,4,0.9994783997535706
5665,6,6,0.9999958276748657
5666,1,1,0.9998747110366821
5667,2,2,0.9995586276054382
5668,5,5,1.0
5669,0,0,0.9999983310699463
5670,7,7,0.9999862909317017
5671,9,9,0.9999395608901978
5672,9,9,0.9999829530715942
5673,0,0,0.9999995231628418
5674,3,3,0.9999980926513672
5675,8,8,0.9999520778656006
5676,4,4,0.8766372799873352
5677,4,4,0.9918586611747742
5678,8,8,0.9224464297294617
5679,1,1,0.9998078942298889
5680,8,8,0.9999908208847046
5681,6,6,0.9999997615814209
5682,5,5,0.9999948740005493
5683,9,9,0.999853253364563
5684,0,0,0.9999998807907104
5685,0,0,0.9999996423721313
5686,0,0,1.0
5687,3,3,0.9999992847442627
5688,7,7,0.9909629225730896
5689,1,1,0.9998432397842407
5690,6,6,0.9999998807907104
5691,4,4,0.9997602105140686
5692,2,2,1.0
5693,6,6,0.9999969005584717
5694,6,6,0.9999998807907104
5695,0,0,0.9999986886978149
5696,4,4,0.9995324611663818
5697,5,5,0.999993085861206
5698,4,4,0.9179157614707947
5699,1,1,0.9995201826095581
5700,3,3,0.9999912977218628
5701,8,8,0.9999120235443115
5702,6,6,1.0
5703,3,3,0.9997615218162537
5704,9,9,0.9998929500579834
5705,9,9,0.9999661445617676
5706,5,5,0.9998800754547119
5707,9,9,0.9993621706962585
5708,3,3,0.9999943971633911
5709,7,7,0.9622267484664917
5710,8,8,0.9999814033508301
5711,5,5,0.9999996423721313
5712,6,6,1.0
5713,4,4,0.9999752044677734
5714,7,7,0.9702247977256775
5715,6,6,1.0
5716,2,2,0.9999998807907104
5717,2,2,0.9999793767929077
5718,0,0,0.9999591112136841
5719,9,9,0.9684295058250427
5720,4,4,0.9974418878555298
5721,0,0,0.9999721050262451
5722,1,1,0.999863862991333
5723,2,2,0.9999992847442627
5724,3,3,0.9999998807907104
5725,4,4,0.9999991655349731
5726,5,5,0.9999334812164307
5727,6,6,0.9999676942825317
5728,7,7,0.9999725818634033
5729,8,8,0.9998152852058411
5730,9,9,0.999725878238678
5731,0,0,0.9993323683738708
5732,1,1,0.9965567588806152
5733,2,2,0.9999992847442627
5734,3,3,0.9983955025672913
5735,5,5,0.9711242318153381
5736,6,6,0.9893016219139099
5737,0,0,0.9999226331710815
5738,1,1,0.9999337196350098
5739,2,2,0.9999793767929077
5740,3,3,0.999976396560669
5741,4,4,0.9998911619186401
5742,5,5,0.9998708963394165
5743,6,6,0.997694194316864
5744,8,8,0.9999877214431763
5745,7,7,0.900511622428894
5746,1,1,0.9970134496688843
5747,3,3,0.9999892711639404
5748,2,2,0.9999804496765137
5749,8,8,0.9746846556663513
5750,0,0,0.9999054670333862
5751,7,7,0.999969482421875
5752,5,5,0.9648382663726807
5753,9,9,0.9992204904556274
5754,9,9,0.9999853372573853
5755,6,6,1.0
5756,0,0,0.9999181032180786
5757,9,9,0.9301386475563049
5758,4,4,0.9999986886978149
5759,1,1,0.9977267384529114
5760,3,3,0.9999963045120239
5761,2,2,1.0
5762,1,1,0.9997749924659729
5763,2,2,0.9999960660934448
5764,3,3,0.9999984502792358
5765,8,8,0.9999970197677612
5766,3,3,0.9999995231628418
5767,2,2,1.0
5768,6,6,0.9999997615814209
5769,5,5,0.9969532489776611
5770,6,6,0.9999979734420776
5771,8,8,0.9997789263725281
5772,2,2,0.9987537860870361
5773,7,7,0.9999390840530396
5774,4,4,0.9999904632568359
5775,8,8,0.9999990463256836
5776,1,1,0.9998891353607178
5777,8,8,0.9970518350601196
5778,0,0,0.999212384223938
5779,5,5,0.9999997615814209
5780,3,3,0.999948263168335
5781,9,9,0.9997735619544983
5782,4,4,0.9999996423721313
5783,1,1,0.9999555349349976
5784,9,9,0.9996272325515747
5785,2,2,0.9999936819076538
5786,1,1,0.9998401403427124
5787,9,9,0.9998070597648621
5788,6,6,1.0
5789,7,7,0.9999744892120361
5790,9,9,0.9999644756317139
5791,0,0,0.9999352693557739
5792,4,4,0.9999996423721313
5793,6,6,0.9999992847442627
5794,1,1,0.9997596144676208
5795,7,7,0.9999864101409912
5796,3,3,0.9999997615814209
5797,8,8,0.9999716281890869
5798,7,7,0.999890923500061
5799,2,2,0.9999860525131226
5800,9,9,0.9998856782913208
5801,6,6,0.9989951252937317
5802,5,5,0.9940899014472961
5803,8,8,0.9995676875114441
5804,3,3,1.0
5805,9,9,0.9994831085205078
5806,0,0,0.9998630285263062
5807,5,5,0.9999607801437378
5808,7,7,0.9997242093086243
5809,1,1,0.9993909597396851
5810,6,6,0.9999980926513672
5811,1,1,0.9998016953468323
5812,0,0,0.9996052384376526
5813,9,9,0.9999982118606567
5814,3,3,0.9999974966049194
5815,3,3,0.9999572038650513
5816,4,4,1.0
5817,4,4,0.9999998807907104
5818,0,0,0.9999067783355713
5819,6,6,0.9998562335968018
5820,2,2,0.9997960925102234
5821,5,5,0.993611752986908
5822,4,4,0.9999951124191284
5823,2,2,0.9999262094497681
5824,3,3,0.9992660880088806
5825,4,4,0.9999998807907104
5826,6,6,0.9999997615814209
5827,0,0,0.9997135996818542
5828,0,0,0.9978294968605042
5829,2,2,0.9999998807907104
5830,0,0,0.9998489618301392
5831,1,1,0.9948006868362427
5832,4,4,0.9997696280479431
5833,5,5,0.9800973534584045
5834,6,6,0.999998927116394
5835,7,7,0.9990277290344238
5836,8,8,0.9999995231628418
5837,9,9,0.9994687438011169
5838,0,0,0.9999500513076782
5839,1,1,0.9989330172538757
5840,2,2,0.9998019337654114
5841,3,3,0.999891996383667
5842,4,4,0.9271399974822998
5843,5,5,0.9999508857727051
5844,6,6,0.9999997615814209
5845,7,7,0.9999707937240601
5846,8,8,0.9999961853027344
5847,0,0,0.9999969005584717
5848,1,1,0.9999772310256958
5849,2,2,0.9997050166130066
5850,3,3,1.0
5851,4,4,0.9999457597732544
5852,5,5,0.9999997615814209
5853,6,6,0.999937891960144
5854,7,7,0.9999481439590454
5855,8,8,0.9999469518661499
5856,9,9,0.9999874830245972
5857,8,8,0.9999111890792847
5858,7,7,0.9961541295051575
5859,1,1,0.9996320009231567
5860,3,3,1.0
5861,7,7,0.9997708201408386
5862,5,5,0.9999493360519409
5863,2,2,0.9999949932098389
5864,8,8,0.9999977350234985
5865,0,0,0.9999932050704956
5866,7,7,0.9999842643737793
5867,5,5,0.9999667406082153
5868,9,9,0.9999768733978271
5869,9,9,0.9999721050262451
5870,0,0,0.9998958110809326
5871,9,9,0.9999028444290161
5872,1,1,0.999686598777771
5873,1,1,0.9992948770523071
5874,5,5,0.9996669292449951
5875,8,8,0.9999934434890747
5876,8,8,0.9999936819076538
5877,6,6,0.9985791444778442
5878,3,3,0.989899218082428
5879,2,2,0.9999969005584717
5880,1,1,0.9995017051696777
5881,8,8,0.9999717473983765
5882,3,3,0.9999687671661377
5883,2,2,0.9999731779098511
5884,6,6,0.9999995231628418
5885,5,5,0.9996150732040405
5886,6,6,0.9999725818634033
5887,7,7,0.9817646741867065
5888,4,4,0.7661466002464294
5889,1,1,0.999419093132019
5890,0,0,0.9998509883880615
5891,5,5,0.9986425042152405
5892,3,3,0.9999938011169434
5893,1,1,0.9985142350196838
5894,9,9,0.9999887943267822
5895,2,2,0.9999797344207764
5896,1,1,0.9997175335884094
5897,9,9,0.9999520778656006
5898,6,6,0.9999998807907104
5899,0,0,0.9999527931213379
5900,4,4,0.9999998807907104
5901,6,6,0.9999814033508301
5902,1,1,0.9997970461845398
5903,7,7,0.9833580851554871
5904,3,3,0.9999443292617798
5905,8,8,0.9998226761817932
5906,7,7,0.999327540397644
5907,2,2,0.9999943971633911
5908,9,9,0.9999879598617554
5909,6,6,0.9999468326568604
5910,5,5,0.9999954700469971
5911,8,8,0.9999790191650391
5912,3,3,0.9999783039093018
5913,5,5,0.999991774559021
5914,7,7,0.999976634979248
5915,1,1,0.9992019534111023
5916,6,6,0.9999923706054688
5917,1,1,0.9999322891235352
5918,0,0,0.9994974136352539
5919,9,9,0.9998071789741516
5920,6,6,0.9999750852584839
5921,2,2,0.9999806880950928
5922,5,5,0.9982276558876038
5923,4,4,0.999674916267395
5924,2,2,0.9999994039535522
5925,3,3,0.9999994039535522
5926,4,4,0.9755008816719055
5927,4,4,0.9999991655349731
5928,6,6,0.999997615814209
5929,0,0,0.9999964237213135
5930,0,0,0.9999969005584717
5931,2,2,1.0
5932,0,0,0.9999986886978149
5933,1,1,0.9995914101600647
5934,2,2,0.9999456405639648
5935,3,3,0.999398946762085
5936,4,4,0.6419587135314941
5937,5,5,0.5097998380661011
5938,6,6,0.9999939203262329
5939,7,7,0.9968242645263672
5940,8,8,0.9999774694442749
5941,9,9,0.9999561309814453
5942,0,0,0.9999868869781494
5943,1,1,0.9936694502830505
5944,2,2,0.999998927116394
5945,3,3,0.999931812286377
5946,4,4,0.9999980926513672
5947,5,5,0.9994897842407227
5948,6,6,0.9999984502792358
5949,7,7,0.9996439218521118
5950,8,8,0.9998599290847778
5951,9,9,0.9999102354049683
5952,0,0,0.9999803304672241
5953,1,1,0.9992853999137878
5954,2,2,0.9999938011169434
5955,3,3,0.5534652471542358
5956,4,4,0.9999923706054688
5957,5,5,0.9999873638153076
5958,6,6,1.0
5959,7,7,0.9986310601234436
5960,8,8,0.9999352693557739
5961,9,9,0.9927937984466553
5962,8,8,0.9999898672103882
5963,6,6,0.999981164932251
5964,5,5,0.9997687935829163
5965,0,0,0.9999716281890869
5966,6,6,0.9999957084655762
5967,8,8,0.9998056292533875
5968,9,9,0.9999719858169556
5969,4,4,0.9999986886978149
5970,1,1,0.9989007711410522
5971,9,9,0.9999575614929199
5972,5,5,0.9235014915466309
5973,3,3,0.8209193348884583
5974,0,0,0.999954104423523
5975,4,4,0.9994999170303345
5976,8,8,0.9999566078186035
5977,9,9,0.9971445202827454
5978,1,1,0.998381495475769
5979,4,4,0.9999814033508301
5980,0,0,0.9997147917747498
5981,5,5,0.8699047565460205
5982,5,5,0.8696793913841248
5983,2,2,0.9999397993087769
5984,1,1,0.9991459846496582
5985,5,5,0.8957958817481995
5986,4,4,0.9998142123222351
5987,0,0,0.999992847442627
5988,7,7,0.9998099207878113
5989,6,6,0.9997692704200745
5990,0,0,0.9999945163726807
5991,1,1,0.9994951486587524
5992,7,7,0.9999186992645264
5993,0,0,0.9999920129776001
5994,6,6,0.9999990463256836
5995,8,8,0.9999551773071289
5996,9,9,0.9995373487472534
5997,5,5,0.6842030882835388
5998,1,1,0.986375093460083
5999,7,7,0.9999901056289673
6000,9,9,0.9852862358093262
6001,8,8,0.9995505213737488
6002,6,6,0.9999585151672363
6003,0,0,0.9997218251228333
6004,8,8,0.9910048246383667
6005,1,1,0.9984512329101562
6006,7,7,0.9946752786636353
6007,7,7,0.999955415725708
6008,1,1,0.9987381100654602
6009,3,3,0.999182403087616
6010,2,2,0.9999911785125732
6011,3,3,0.9508790969848633
6012,1,1,0.9993168115615845
6013,4,4,0.9999549388885498
6014,2,2,0.9999938011169434
6015,0,0,0.9999791383743286
6016,0,0,0.9999878406524658
6017,7,7,0.9999139308929443
6018,8,8,0.9999823570251465
6019,4,4,0.9990242719650269
6020,6,6,0.9995296001434326
6021,4,4,0.9976949095726013
6022,9,9,0.999933123588562
6023,3,3,0.959916353225708
6024,8,8,0.9999394416809082
6025,4,4,0.999995231628418
6026,7,7,0.9927403330802917
6027,2,2,0.9999064207077026
6028,5,5,0.9876410365104675
6029,6,6,0.999160885810852
6030,3,3,0.9998846054077148
6031,6,6,0.9999067783355713
6032,9,9,0.9999252557754517
6033,6,6,0.9999840259552002
6034,3,3,0.9999903440475464
6035,2,2,0.9999637603759766
6036,2,2,0.9999984502792358
6037,4,4,0.9998596906661987
6038,6,6,0.9999967813491821
6039,9,9,0.9998711347579956
6040,0,0,0.9999474287033081
6041,2,2,0.9999933242797852
6042,5,5,0.9418375492095947
6043,5,5,0.9992578625679016
6044,1,1,0.9994133710861206
6045,3,3,0.9999887943267822
6046,3,3,0.9999376535415649
6047,9,9,0.9999715089797974
6048,7,7,0.9983339905738831
6049,8,8,0.9999722242355347
6050,7,7,0.9998639822006226
6051,2,2,0.9950003027915955
6052,2,2,0.9997881054878235
6053,5,5,0.9956178665161133
6054,7,7,0.9997953772544861
6055,9,9,0.9999035596847534
6056,8,8,0.9999996423721313
6057,2,2,0.9999995231628418
6058,1,1,0.9992293119430542
6059,3,3,0.9499365091323853
6060,1,1,0.9996066689491272
6061,3,3,0.9999979734420776
6062,0,0,0.9997335076332092
6063,1,1,0.9747223854064941
6064,2,2,0.9999650716781616
6065,3,3,0.9571402668952942
6066,4,4,1.0
6067,5,5,0.9999995231628418
6068,6,6,0.9999996423721313
6069,7,7,0.9999169111251831
6070,8,8,0.9997621178627014
6071,9,9,0.9919087290763855
6072,0,0,0.9990216493606567
6073,1,1,0.9829366207122803
6074,2,2,0.9999839067459106
6075,3,3,0.999872088432312
6076,4,4,0.9999998807907104
6077,5,5,1.0
6078,6,6,1.0
6079,7,7,0.9998712539672852
6080,8,8,0.9981178045272827
6081,9,9,0.9292047023773193
6082,0,0,0.9999279975891113
6083,1,1,0.9927474856376648
6084,2,2,0.9999313354492188
6085,3,3,0.999413013458252
6086,4,4,0.9999996423721313
6087,5,5,0.9999778270721436
6088,6,6,0.9999978542327881
6089,7,7,0.999901294708252
6090,8,8,0.9991540908813477
6091,9,9,0.5148603320121765
6092,1,1,0.9965356588363647
6093,2,2,0.9981001019477844
6094,6,6,0.9999991655349731
6095,5,5,0.9999980926513672
6096,3,3,0.9999839067459106
6097,0,0,0.9999556541442871
6098,7,7,0.9999462366104126
6099,0,0,0.9999339580535889
6100,4,4,1.0
6101,1,1,0.9695167541503906
6102,4,4,0.9999998807907104
6103,3,3,0.999996542930603
6104,6,6,0.999997615814209
6105,7,7,0.99967360496521
6106,2,2,0.9999964237213135
6107,3,3,0.999954342842102
6108,1,1,0.9993571639060974
6109,2,2,0.9997397065162659
6110,1,1,0.9962608218193054
6111,2,2,0.9999874830245972
6112,9,9,0.940920352935791
6113,6,6,0.9998401403427124
6114,0,0,0.9999898672103882
6115,1,1,0.99370276927948
6116,3,3,0.9999802112579346
6117,0,0,0.9999953508377075
6118,2,2,0.9999632835388184
6119,7,7,0.9999837875366211
6120,5,5,0.9999830722808838
6121,7,7,0.9999470710754395
6122,6,6,0.9999996423721313
6123,2,2,0.9999943971633911
6124,9,9,0.9984844326972961
6125,1,1,0.9985686540603638
6126,9,9,0.9973629117012024
6127,0,0,1.0
6128,6,6,0.9999995231628418
6129,0,0,0.9999909400939941
6130,6,6,0.9999982118606567
6131,0,0,0.9999946355819702
6132,2,2,0.9999957084655762
6133,0,0,0.9999598264694214
6134,6,6,0.9999940395355225
6135,1,1,0.9998416900634766
6136,5,5,0.9999998807907104
6137,8,8,0.9999488592147827
6138,4,4,1.0
6139,3,3,0.9999591112136841
6140,0,0,0.9981048107147217
6141,1,1,0.9998635053634644
6142,5,5,0.9999995231628418
6143,4,4,0.9999996423721313
6144,4,4,0.9999988079071045
6145,8,8,0.9998183846473694
6146,5,5,0.9999998807907104
6147,7,7,0.9998290538787842
6148,5,5,0.9999997615814209
6149,7,7,0.9997010231018066
6150,8,8,0.9998675584793091
6151,3,3,0.999923586845398
6152,4,4,0.9999996423721313
6153,8,8,0.9999959468841553
6154,8,8,0.9999192953109741
6155,5,5,0.999996542930603
6156,2,2,0.9999990463256836
6157,9,9,0.9032255411148071
6158,7,7,0.9991918206214905
6159,1,1,0.9996190071105957
6160,3,3,0.9999868869781494
6161,8,8,0.9635211825370789
6162,1,1,0.9991014003753662
6163,0,0,0.9999333620071411
6164,7,7,0.9999843835830688
6165,5,5,0.9999293088912964
6166,9,8,0.5849297642707825
6167,6,6,1.0
6168,9,9,0.9905147552490234
6169,4,4,1.0
6170,7,7,0.9999711513519287
6171,7,7,0.9999610185623169
6172,9,9,0.9646473526954651
6173,9,9,0.9382534623146057
6174,3,3,0.9721553325653076
6175,4,4,0.9999990463256836
6176,4,4,1.0
6177,3,3,0.9997358918190002
6178,8,8,0.999860405921936
6179,6,6,0.999923825263977
6180,2,2,0.9999916553497314
6181,0,0,0.9999634027481079
6182,1,1,0.9999412298202515
6183,2,2,0.9999971389770508
6184,3,3,0.9999992847442627
6185,4,4,0.9999985694885254
6186,5,5,0.9999997615814209
6187,6,6,0.9999996423721313
6188,7,7,0.9966608285903931
6189,8,8,0.9999958276748657
6190,9,9,0.9999611377716064
6191,0,0,0.9999730587005615
6192,1,1,0.9998077750205994
6193,2,2,0.9999972581863403
6194,3,3,0.9999929666519165
6195,4,4,0.9999997615814209
6196,5,5,0.9999992847442627
6197,6,6,0.9999996423721313
6198,7,7,0.9997058510780334
6199,8,8,0.9999995231628418
6200,9,9,0.9996315240859985
6201,0,0,0.9999992847442627
6202,1,1,0.9997376799583435
6203,2,2,0.9999841451644897
6204,3,3,0.9999998807907104
6205,4,4,0.9999996423721313
6206,5,5,0.9999978542327881
6207,6,6,0.9999991655349731
6208,7,7,0.9993487000465393
6209,8,8,0.9999972581863403
6210,9,9,0.996856689453125
6211,0,0,0.9999774694442749
6212,8,8,0.9999979734420776
6213,3,3,0.9999715089797974
6214,9,9,0.999792754650116
6215,5,5,0.9998032450675964
6216,5,5,0.999998927116394
6217,2,2,0.9999996423721313
6218,6,6,1.0
6219,8,8,0.9999877214431763
6220,4,4,0.9999998807907104
6221,9,9,0.9999474287033081
6222,1,1,0.9998846054077148
6223,7,7,0.9984315037727356
6224,1,1,0.9998119473457336
6225,2,2,0.9999998807907104
6226,3,3,0.9999997615814209
6227,5,5,0.9981096982955933
6228,9,9,0.9999933242797852
6229,6,6,0.9999963045120239
6230,9,9,0.9999480247497559
6231,1,1,0.9998918771743774
6232,1,1,0.9997789263725281
6233,1,1,0.9995569586753845
6234,2,2,0.9999186992645264
6235,9,9,0.9999841451644897
6236,5,5,0.9999972581863403
6237,6,6,0.9999951124191284
6238,8,8,0.9999183416366577
6239,1,1,0.9993652701377869
6240,2,2,0.999988317489624
6241,0,0,0.9995212554931641
6242,7,7,0.9996360540390015
6243,7,7,0.9727655649185181
6244,5,5,0.9999871253967285
6245,8,8,0.9999990463256836
6246,2,2,1.0
6247,9,9,0.9996356964111328
6248,8,8,0.9999995231628418
6249,9,9,0.9998202919960022
6250,0,0,0.9998651742935181
6251,4,4,0.9999427795410156
6252,6,6,0.9999985694885254
6253,7,7,0.9995219707489014
6254,1,1,0.9997560381889343
6255,3,3,0.999996542930603
6256,4,4,0.999995231628418
6257,5,5,0.9999998807907104
6258,6,6,0.9999998807907104
6259,0,0,0.9999997615814209
6260,3,3,0.9999990463256836
6261,6,6,0.9999998807907104
6262,8,8,0.9999135732650757
6263,7,7,0.9997554421424866
6264,0,0,0.9999297857284546
6265,4,4,0.9999990463256836
6266,2,2,0.9997826218605042
6267,7,7,0.9988541603088379
6268,4,4,1.0
6269,7,7,0.9999970197677612
6270,5,5,0.9999998807907104
6271,4,4,0.9999788999557495
6272,3,3,0.9999775886535645
6273,4,4,1.0
6274,2,2,0.9999998807907104
6275,8,8,0.9999974966049194
6276,1,1,0.9998117089271545
6277,5,5,0.9999980926513672
6278,1,1,0.9996769428253174
6279,2,2,0.9999985694885254
6280,0,0,0.9999502897262573
6281,2,2,0.9999996423721313
6282,5,5,0.9999991655349731
6283,6,6,0.9999922513961792
6284,4,4,0.9999958276748657
6285,3,3,1.0
6286,0,0,0.9999501705169678
6287,0,0,0.9999943971633911
6288,0,0,0.9999853372573853
6289,3,3,0.9999991655349731
6290,3,3,0.9994910955429077
6291,5,5,0.9999861717224121
6292,7,7,0.999970555305481
6293,0,0,0.9999768733978271
6294,6,6,0.9999980926513672
6295,4,4,0.9999995231628418
6296,8,8,0.9999984502792358
6297,8,8,0.9999996423721313
6298,6,6,0.9999833106994629
6299,3,3,0.9999997615814209
6300,4,4,0.9999963045120239
6301,6,6,0.9999984502792358
6302,9,9,0.9994907379150391
6303,9,9,0.9997989535331726
6304,8,8,0.9998992681503296
6305,2,2,0.9999914169311523
6306,7,7,0.9977992177009583
6307,7,7,0.9999186992645264
6308,1,1,0.9997103810310364
6309,0,0,0.9999954700469971
6310,1,1,0.9997461438179016
6311,2,2,1.0
6312,3,3,0.9999959468841553
6313,4,4,1.0
6314,5,5,0.9999980926513672
6315,6,6,0.9999996423721313
6316,7,7,0.999477207660675
6317,8,8,0.9999691247940063
6318,9,9,0.9999897480010986
6319,0,0,0.9999973773956299
6320,1,1,0.999764621257782
6321,2,2,1.0
6322,3,3,0.9999992847442627
6323,4,4,1.0
6324,5,5,1.0
6325,6,6,1.0
6326,7,7,0.9999929666519165
6327,8,8,0.9999899864196777
6328,0,0,0.9995982050895691
6329,1,1,0.9997909665107727
6330,2,2,1.0
6331,3,3,0.9999978542327881
6332,4,4,1.0
6333,5,5,0.9999997615814209
6334,6,6,0.99998939037323
6335,7,7,0.9999996423721313
6336,8,8,0.9997430443763733
6337,2,2,0.9999991655349731
6338,1,1,0.9992105960845947
6339,7,7,0.9999836683273315
6340,2,2,0.9999988079071045
6341,5,5,1.0
6342,0,0,0.9999945163726807
6343,8,8,0.9999966621398926
6344,0,0,0.9996010661125183
6345,2,2,0.9999998807907104
6346,7,7,0.9999945163726807
6347,8,8,0.9999148845672607
6348,8,8,0.9999951124191284
6349,3,3,0.999994158744812
6350,6,6,0.9999997615814209
6351,0,0,0.9998737573623657
6352,2,2,0.9999995231628418
6353,7,7,0.9999971389770508
6354,6,6,0.9999996423721313
6355,6,6,0.9999988079071045
6356,1,1,0.9993776679039001
6357,2,2,1.0
6358,8,8,0.9999998807907104
6359,8,8,0.9995169639587402
6360,7,7,1.0
6361,7,7,0.9999980926513672
6362,4,4,0.9999947547912598
6363,7,7,0.9999996423721313
6364,7,7,0.9999992847442627
6365,3,3,0.9999991655349731
6366,7,7,0.9999942779541016
6367,4,4,0.9999992847442627
6368,5,5,0.9999991655349731
6369,4,4,0.9999877214431763
6370,3,3,0.9990824460983276
6371,3,3,0.999985933303833
6372,8,8,0.9999818801879883
6373,4,4,0.9999998807907104
6374,1,1,0.9998315572738647
6375,1,1,0.9994619488716125
6376,9,9,0.9945789575576782
6377,7,7,0.9999208450317383
6378,4,4,0.9999910593032837
6379,3,3,0.9998613595962524
6380,7,7,0.9996517896652222
6381,3,3,0.9999775886535645
6382,3,3,0.9999996423721313
6383,0,0,0.9999521970748901
6384,2,2,0.9999997615814209
6385,5,5,0.999997615814209
6386,5,5,0.9999983310699463
6387,6,6,0.9999992847442627
6388,6,6,0.999993085861206
6389,3,3,0.9999986886978149
6390,5,5,0.9999865293502808
6391,2,2,0.9982982277870178
6392,5,5,0.9921460747718811
6393,9,9,0.9696140289306641
6394,9,9,0.9999921321868896
6395,8,8,0.9999798536300659
6396,4,4,0.9999549388885498
6397,1,1,0.9995273351669312
6398,0,0,0.9969594478607178
6399,6,6,0.999995231628418
6400,0,0,0.8642427325248718
6401,9,9,0.9988118410110474
6402,6,6,0.9999337196350098
6403,8,8,0.9998534917831421
6404,8,8,0.9999855756759644
6405,5,5,0.9999997615814209
6406,6,6,0.9999406337738037
6407,1,1,0.9997779726982117
6408,1,1,0.9991118311882019
6409,9,9,0.9999743700027466
6410,8,8,0.999915599822998
6411,9,9,0.9992917776107788
6412,2,2,0.9999996423721313
6413,3,3,0.9999998807907104
6414,5,5,0.999997615814209
6415,5,5,1.0
6416,9,9,0.9999598264694214
6417,4,4,0.9990091323852539
6418,2,2,0.9955912828445435
6419,1,1,0.9997748732566833
6420,9,9,0.9917190074920654
6421,3,3,0.9986963868141174
6422,9,9,0.9999428987503052
6423,2,2,1.0
6424,0,0,0.9995545744895935
6425,6,6,0.9994449019432068
6426,0,0,0.9997014403343201
6427,4,4,0.999971866607666
6428,0,0,0.9962136149406433
6429,0,0,0.9999980926513672
6430,1,1,0.9996182918548584
6431,2,2,0.9999992847442627
6432,3,3,0.9999996423721313
6433,4,4,0.999998927116394
6434,7,7,0.9997658133506775
6435,8,8,0.999993085861206
6436,9,9,0.9999741315841675
6437,0,0,0.9999996423721313
6438,1,1,0.9996148347854614
6439,2,2,0.9999985694885254
6440,3,3,0.9999998807907104
6441,7,7,0.9999198913574219
6442,8,8,0.9999920129776001
6443,9,9,0.9998637437820435
6444,0,0,0.9999010562896729
6445,1,1,0.9998737573623657
6446,2,2,0.9999903440475464
6447,3,3,1.0
6448,4,4,1.0
6449,7,7,0.9999514818191528
6450,8,8,0.9998412132263184
6451,9,9,0.9999938011169434
6452,7,7,0.9999978542327881
6453,3,3,0.9999974966049194
6454,0,0,0.999970555305481
6455,3,3,0.9999910593032837
6456,1,1,0.9997401833534241
6457,8,8,0.9999947547912598
6458,7,7,0.9955058097839355
6459,6,6,0.9996951818466187
6460,4,4,0.9999922513961792
6461,0,0,0.9998600482940674
6462,2,2,1.0
6463,6,6,0.9999433755874634
6464,8,8,0.9999971389770508
6465,3,3,0.999994158744812
6466,2,2,0.9999995231628418
6467,8,8,0.9999732971191406
6468,1,1,0.9992496371269226
6469,2,2,0.9999959468841553
6470,0,0,0.9995265007019043
6471,7,7,0.9989864230155945
6472,1,1,0.999803364276886
6473,0,0,0.9999474287033081
6474,4,4,0.9999984502792358
6475,4,4,0.9999997615814209
6476,5,5,0.9999992847442627
6477,8,8,0.9964085221290588
6478,0,0,0.9999045133590698
6479,6,6,0.9999843835830688
6480,2,2,0.9999256134033203
6481,3,3,0.9999966621398926
6482,1,1,0.9998536109924316
6483,5,5,0.9999971389770508
6484,1,1,0.999267041683197
6485,8,8,0.9995471835136414
6486,5,5,0.9999964237213135
6487,9,9,0.9997591376304626
6488,4,4,0.9999990463256836
6489,0,0,0.9998574256896973
6490,7,7,0.9998563528060913
6491,5,5,0.9999878406524658
6492,8,8,0.9999328851699829
6493,8,8,0.9999399185180664
6494,3,3,0.9999750852584839
6495,8,8,0.8900744318962097
6496,9,9,0.9978101849555969
6497,2,2,0.9999982118606567
6498,6,6,0.9999992847442627
6499,2,2,0.9999579191207886
6500,5,5,0.9999980926513672
6501,3,3,0.9999977350234985
6502,1,1,0.9999170303344727
6503,7,7,0.9998525381088257
6504,3,3,0.9999955892562866
6505,9,9,0.8751798272132874
6506,1,1,0.9998549222946167
6507,9,9,0.9998941421508789
6508,9,9,0.9999771118164062
6509,6,6,0.9999983310699463
6510,0,0,0.9999772310256958
6511,3,3,0.9998475313186646
6512,9,9,0.9998476505279541
6513,2,2,0.9999998807907104
6514,8,8,0.9999094009399414
6515,1,1,0.999782383441925
6516,4,4,0.9999998807907104
6517,3,3,0.9999916553497314
6518,5,5,0.9999991655349731
6519,2,2,1.0
6520,9,9,0.9995286464691162
6521,2,2,0.9999973773956299
6522,5,5,0.999995231628418
6523,8,8,0.999785840511322
6524,9,9,0.9999788999557495
6525,5,5,0.9999991655349731
6526,0,0,0.9999083280563354
6527,1,1,0.9999411106109619
6528,2,2,0.9999985694885254
6529,4,4,1.0
6530,5,5,0.9999122619628906
6531,6,6,0.9999938011169434
6532,0,0,0.8602160215377808
6533,1,1,0.9997400641441345
6534,2,2,0.9999635219573975
6535,3,3,0.9999943971633911
6536,4,4,0.9999654293060303
6537,5,5,0.9999948740005493
6538,6,6,0.9827747941017151
6539,7,7,0.9999369382858276
6540,1,1,0.9943285584449768
6541,2,2,0.999885082244873
6542,3,3,0.999039351940155
6543,4,4,0.9999598264694214
6544,5,5,0.9992115497589111
6545,1,1,0.9997307658195496
6546,0,0,0.9391865134239197
6547,4,4,0.9999994039535522
6548,5,5,0.9999797344207764
6549,6,6,0.9999990463256836
6550,6,6,0.9999936819076538
6551,3,3,0.9999935626983643
6552,4,4,0.998415470123291
6553,4,4,0.9269598126411438
6554,2,2,0.8850588202476501
6555,8,8,0.9877709150314331
6556,1,1,0.9993749260902405
6557,0,0,0.9873185753822327
6558,6,5,0.5543493032455444
6559,4,4,0.9557501077651978
6560,9,9,0.5634181499481201
6561,7,7,0.42573291063308716
6562,2,2,0.9945894479751587
6563,3,3,0.999405026435852
6564,3,3,0.9988168478012085
6565,9,9,0.8183983564376831
6566,2,2,0.9999964237213135
6567,0,0,0.9994483590126038
6568,9,9,0.8767460584640503
6569,3,3,0.8454630374908447
6570,3,3,0.9991881251335144
6571,9,9,0.40953049063682556
6572,1,1,0.8483983278274536
6573,5,5,0.9987983703613281
6574,2,2,0.9855368733406067
6575,3,3,0.99151611328125
6576,7,1,0.9344587326049805
6577,7,7,0.8312337398529053
6578,8,8,0.8318709135055542
6579,4,4,0.9995085000991821
6580,0,0,0.9999696016311646
6581,2,2,0.9985686540603638
6582,4,4,0.9999986886978149
6583,0,0,0.9990168809890747
6584,2,2,0.9928790926933289
6585,4,4,0.9999997615814209
6586,7,7,0.9964763522148132
6587,8,8,0.9985185265541077
6588,0,0,0.999963641166687
6589,7,7,0.9566751718521118
6590,0,0,0.9973146319389343
6591,6,6,0.9999997615814209
6592,9,9,0.437786340713501
6593,3,3,0.9999717473983765
6594,2,2,0.9990226030349731
6595,8,8,0.999987006187439
6596,6,6,0.9997764229774475
6597,0,3,0.5985695719718933
6598,5,5,0.9831568598747253
6599,7,7,0.9691872000694275
6600,5,5,0.9999909400939941
6601,1,1,0.9998036026954651
6602,0,0,0.996828019618988
6603,8,8,0.999796450138092
6604,1,1,0.9994468092918396
6605,6,6,0.7850752472877502
6606,7,7,0.9986218214035034
6607,2,2,0.999395489692688
6608,9,9,0.9386650323867798
6609,7,7,0.9712146520614624
6610,9,9,0.9483981132507324
6611,5,5,0.9994319081306458
6612,8,8,0.9990501999855042
6613,6,6,0.9956022500991821
6614,2,2,0.9721015095710754
6615,6,6,0.9987144470214844
6616,2,2,0.9999146461486816
6617,8,8,0.9998772144317627
6618,1,1,0.995690643787384
6619,7,7,0.9998611211776733
6620,5,5,0.9999959468841553
6621,0,0,0.9992949962615967
6622,1,1,0.9972891807556152
6623,1,1,0.9604089856147766
6624,3,3,0.9999886751174927
6625,8,2,0.6592546701431274
6626,4,4,0.9999912977218628
6627,9,9,0.9464882612228394
6628,1,1,0.9978492259979248
6629,8,8,0.9999901056289673
6630,6,6,0.9999986886978149
6631,8,8,0.9864468574523926
6632,9,9,0.7631458640098572
6633,0,0,0.9999628067016602
6634,1,1,0.9998799562454224
6635,2,2,0.9999344348907471
6636,3,3,0.9999712705612183
6637,4,4,0.9990284442901611
6638,5,5,0.9999997615814209
6639,6,6,0.9999709129333496
6640,7,7,0.9999768733978271
6641,8,8,0.9202672839164734
6642,9,9,0.9866443276405334
6643,0,0,0.9999043941497803
6644,1,1,0.9988947510719299
6645,2,2,0.9998117089271545
6646,3,3,0.9999983310699463
6647,4,4,0.9999982118606567
6648,7,7,0.9994369149208069
6649,8,8,0.9999814033508301
6650,9,9,0.9998892545700073
6651,0,0,0.5283475518226624
6652,1,1,0.9998315572738647
6653,7,7,0.9997145533561707
6654,8,8,0.999980092048645
6655,9,9,0.9999731779098511
6656,9,9,0.9998816251754761
6657,8,8,0.9976981282234192
6658,9,9,0.9998412132263184
6659,8,8,0.9989355206489563
6660,4,4,0.9999988079071045
6661,1,1,0.9999487400054932
6662,7,7,0.9897722601890564
6663,7,7,0.9999394416809082
6664,3,3,0.9999992847442627
6665,3,3,0.9999946355819702
6666,7,7,0.999929666519165
6667,6,6,0.999782383441925
6668,6,6,0.9991000890731812
6669,6,6,0.9921220541000366
6670,1,1,0.9995611310005188
6671,9,9,0.9999114274978638
6672,0,0,0.9998517036437988
6673,1,1,0.999782383441925
6674,7,7,0.9999696016311646
6675,6,6,0.9997938275337219
6676,3,3,1.0
6677,2,2,0.9969009160995483
6678,1,1,0.9999021291732788
6679,7,7,0.9999027252197266
6680,1,1,0.9999035596847534
6681,3,3,0.9999871253967285
6682,9,9,0.9998828172683716
6683,1,1,0.99988853931427
6684,7,7,0.9997021555900574
6685,6,6,0.9995177984237671
6686,8,8,0.9967427849769592
6687,4,4,0.9999992847442627
6688,1,1,0.9999685287475586
6689,4,4,0.9995984435081482
6690,3,3,1.0
6691,6,6,0.9670826196670532
6692,9,9,0.9993841648101807
6693,6,6,0.999629020690918
6694,1,1,0.9999631643295288
6695,4,4,0.9999699592590332
6696,4,4,0.9999996423721313
6697,7,7,0.9998383522033691
6698,2,2,1.0
6699,4,4,0.9999926090240479
6700,4,4,0.9999443292617798
6701,0,0,0.9999825954437256
6702,1,1,0.9996356964111328
6703,2,2,0.9999386072158813
6704,3,3,0.9999946355819702
6705,4,4,1.0
6706,5,5,0.9993247985839844
6707,6,6,0.9999854564666748
6708,7,7,0.9779576659202576
6709,8,8,0.9984696507453918
6710,9,9,0.9999042749404907
6711,0,0,0.9999887943267822
6712,1,1,0.9996472597122192
6713,2,2,0.999984860420227
6714,3,3,0.9999998807907104
6715,4,4,0.9999985694885254
6716,5,5,0.9999756813049316
6717,6,6,0.9999918937683105
6718,9,9,0.9966843724250793
6719,0,0,0.9999215602874756
6720,1,1,0.9995710253715515
6721,2,2,0.9964520931243896
6722,3,3,0.9999955892562866
6723,4,4,0.9984930753707886
6724,7,7,0.9937268495559692
6725,8,8,0.9963823556900024
6726,1,1,0.9997660517692566
6727,3,3,0.9999998807907104
6728,5,5,0.9998993873596191
6729,1,1,0.999830961227417
6730,7,7,0.9962298274040222
6731,7,7,0.9947695136070251
6732,2,2,0.9999831914901733
6733,1,1,0.9995833039283752
6734,4,4,0.9999998807907104
6735,8,8,0.9990147352218628
6736,3,3,0.9999998807907104
6737,4,4,0.9996119141578674
6738,4,4,0.9999899864196777
6739,3,3,0.9999822378158569
6740,9,9,0.9655563831329346
6741,7,7,0.9943220615386963
6742,4,4,0.9999995231628418
6743,1,1,0.9992551207542419
6744,2,2,0.9972696900367737
6745,3,3,0.999721348285675
6746,5,5,0.9997974038124084
6747,9,9,0.9986792206764221
6748,1,1,0.9997089505195618
6749,6,6,0.9987937211990356
6750,0,0,0.9994162321090698
6751,1,1,0.9998492002487183
6752,0,0,0.9999926090240479
6753,0,0,0.9999227523803711
6754,2,2,0.9999998807907104
6755,8,8,0.9814085364341736
6756,7,7,0.9587554931640625
6757,1,1,0.9998071789741516
6758,1,1,0.9994385838508606
6759,4,4,0.9999252557754517
6760,0,0,0.9998955726623535
6761,4,4,0.9999901056289673
6762,7,7,0.9883759021759033
6763,3,3,0.9999855756759644
6764,6,6,0.9997122883796692
6765,8,8,0.9988293051719666
6766,0,0,0.9999395608901978
6767,3,3,1.0
6768,7,7,0.9977982044219971
6769,4,4,0.9942308664321899
6770,0,0,0.9999772310256958
6771,6,6,0.9999216794967651
6772,9,9,0.9999020099639893
6773,2,2,0.9992368221282959
6774,6,6,0.9999818801879883
6775,5,5,0.9999935626983643
6776,8,8,0.9995601773262024
6777,6,6,0.9999547004699707
6778,9,9,0.996806263923645
6779,0,0,0.999750554561615
6780,4,4,0.9993069171905518
6781,0,0,0.9999630451202393
6782,6,6,0.9998165965080261
6783,1,6,0.9400482773780823
6784,9,9,0.9998242259025574
6785,2,2,0.9984009861946106
6786,0,0,0.9998176693916321
6787,9,9,0.98386150598526
6788,5,5,0.9988901019096375
6789,1,1,0.9998106360435486
6790,3,3,0.9999972581863403
6791,7,7,0.9666112065315247
6792,6,6,0.9999945163726807
6793,9,9,0.9964571595191956
6794,3,3,0.9999996423721313
6795,0,0,0.9999135732650757
6796,2,2,0.8724656701087952
6797,2,2,0.993026852607727
6798,0,0,0.9999988079071045
6799,1,1,0.999535083770752
6800,2,2,0.9999997615814209
6801,3,3,0.999997615814209
6802,4,4,0.9999990463256836
6803,5,5,0.9999988079071045
6804,6,6,0.9999998807907104
6805,7,7,0.9997599720954895
6806,8,8,0.997775137424469
6807,9,9,0.9962058067321777
6808,0,0,0.9998397827148438
6809,1,1,0.9988704323768616
6810,2,2,0.9999990463256836
6811,3,3,0.9999850988388062
6812,4,4,0.9999960660934448
6813,5,5,0.9999997615814209
6814,6,6,0.9999996423721313
6815,7,7,0.999990701675415
6816,8,8,0.9999982118606567
6817,9,9,0.9956888556480408
6818,0,0,0.9999904632568359
6819,1,1,0.9998407363891602
6820,2,2,0.999998927116394
6821,3,3,0.9999973773956299
6822,4,4,0.9999992847442627
6823,5,5,0.999995231628418
6824,6,6,0.9999995231628418
6825,7,7,0.9999507665634155
6826,8,8,0.9999974966049194
6827,9,9,0.9956079125404358
6828,2,2,0.9999996423721313
6829,1,1,0.9997709393501282
6830,7,7,0.999911904335022
6831,2,2,0.999993085861206
6832,5,5,0.9999980926513672
6833,0,0,0.9999985694885254
6834,8,8,0.9999970197677612
6835,0,0,0.9999998807907104
6836,2,2,0.9999990463256836
6837,7,7,0.9996139407157898
6838,8,8,0.9999955892562866
6839,8,8,0.9999337196350098
6840,3,3,0.999997615814209
6841,0,0,0.9999680519104004
6842,6,6,0.9999998807907104
6843,0,0,0.9999037981033325
6844,2,2,0.9999997615814209
6845,7,7,0.9997734427452087
6846,6,6,0.9999998807907104
6847,6,6,0.9960992336273193
6848,1,1,0.9994931221008301
6849,2,2,0.9999797344207764
6850,8,8,0.9999992847442627
6851,8,8,0.9992850422859192
6852,7,7,0.9992421865463257
6853,7,7,0.9992687106132507
6854,4,4,0.9999397993087769
6855,7,7,0.9999997615814209
6856,7,7,0.994825005531311
6857,3,3,0.9999841451644897
6858,7,7,0.9999974966049194
6859,4,4,0.9999877214431763
6860,5,5,0.9999977350234985
6861,4,4,1.0
6862,3,3,0.999995231628418
6863,3,3,0.9999984502792358
6864,8,8,0.9999891519546509
6865,4,4,0.9999998807907104
6866,5,5,0.9999984502792358
6867,4,4,0.9999018907546997
6868,1,1,0.9998927116394043
6869,1,1,0.999854326248169
6870,9,9,0.9984601736068726
6871,7,7,0.9999613761901855
6872,4,4,0.9999804496765137
6873,3,3,0.9999847412109375
6874,7,7,0.9999668598175049
6875,3,3,0.9999995231628418
6876,3,3,0.9999788999557495
6877,0,0,0.9999780654907227
6878,2,2,0.9992167949676514
6879,5,5,0.9999983310699463
6880,5,5,0.9999278783798218
6881,6,6,1.0
6882,3,3,0.99998939037323
6883,1,1,0.9981118440628052
6884,5,5,0.9999837875366211
6885,2,2,0.9998522996902466
6886,5,5,0.9994878768920898
6887,9,9,0.9999256134033203
6888,9,9,0.9998422861099243
6889,8,8,0.9999983310699463
6890,4,4,0.9999994039535522
6891,1,1,0.9996991157531738
6892,0,0,0.9999874830245972
6893,6,6,0.9999809265136719
6894,0,0,0.9931841492652893
6895,9,9,0.9907671809196472
6896,6,6,0.9999979734420776
6897,8,8,0.9999985694885254
6898,8,8,0.9999922513961792
6899,5,5,0.9989368319511414
6900,6,6,0.9999973773956299
6901,1,1,0.9990371465682983
6902,1,1,0.9983397722244263
6903,9,9,0.9999253749847412
6904,8,8,0.999993085861206
6905,9,9,0.9685244560241699
6906,2,2,0.9999101161956787
6907,3,3,0.9999998807907104
6908,5,5,0.9999997615814209
6909,5,5,0.9999634027481079
6910,9,9,0.998793363571167
6911,4,4,1.0
6912,2,2,0.9993512034416199
6913,1,1,0.9996343851089478
6914,9,9,0.9983713030815125
6915,4,4,0.9999996423721313
6916,9,9,0.9995446801185608
6917,1,1,0.9998955726623535
6918,3,3,0.999990701675415
6919,9,9,0.9850179553031921
6920,2,2,0.9999994039535522
6921,0,0,0.9999935626983643
6922,6,6,0.9999179840087891
6923,0,0,0.9999496936798096
6924,4,4,0.9997724890708923
6925,0,0,0.9999957084655762
6926,6,6,0.9998669624328613
6927,0,0,0.9999898672103882
6928,1,1,0.9999151229858398
6929,2,2,0.9999951124191284
6930,3,3,0.9999995231628418
6931,4,4,0.9999988079071045
6932,5,5,0.9999992847442627
6933,6,6,0.9999998807907104
6934,7,7,0.9999420642852783
6935,8,8,0.9999995231628418
6936,9,9,0.9998229146003723
6937,0,0,0.9999305009841919
6938,1,1,0.9999344348907471
6939,2,2,0.9999898672103882
6940,3,3,0.9999523162841797
6941,4,4,0.9999996423721313
6942,5,5,0.9999836683273315
6943,6,6,0.9999245405197144
6944,7,7,0.9999020099639893
6945,8,8,0.999862790107727
6946,9,9,0.9998179078102112
6947,0,0,0.9999969005584717
6948,1,1,0.9998884201049805
6949,2,2,0.9999998807907104
6950,3,3,0.9999996423721313
6951,4,4,1.0
6952,5,5,0.9999619722366333
6953,6,6,0.9999823570251465
6954,7,7,0.8480153679847717
6955,8,8,0.9995697140693665
6956,9,9,0.9998658895492554
6957,3,3,0.9999948740005493
6958,8,8,0.9999971389770508
6959,0,0,0.9999680519104004
6960,7,7,0.9999816417694092
6961,1,1,0.9998781681060791
6962,0,0,0.999064028263092
6963,7,7,0.9999463558197021
6964,5,5,0.9998515844345093
6965,5,5,0.9999812841415405
6966,6,6,0.9999978542327881
6967,9,9,0.9981383085250854
6968,0,0,0.9998893737792969
6969,1,1,0.9998536109924316
6970,0,0,0.9995430707931519
6971,0,0,0.9948676824569702
6972,8,8,0.9999996423721313
6973,3,3,0.9999995231628418
6974,4,4,0.9999963045120239
6975,3,3,0.9999995231628418
6976,1,1,0.9994955062866211
6977,5,5,0.99998939037323
6978,0,0,0.9999842643737793
6979,0,0,0.999864935874939
6980,9,9,0.9967016577720642
6981,5,5,0.997312605381012
6982,3,3,1.0
6983,4,4,0.999971866607666
6984,9,9,0.999506950378418
6985,3,3,0.9999995231628418
6986,7,7,0.9995823502540588
6987,6,6,0.9999988079071045
6988,9,9,0.9999412298202515
6989,2,2,0.9999973773956299
6990,4,4,0.9999961853027344
6991,5,5,0.9999669790267944
6992,7,7,0.9999953508377075
6993,2,2,1.0
6994,6,6,0.9999779462814331
6995,4,4,0.9999998807907104
6996,9,9,0.9986396431922913
6997,4,4,0.9999852180480957
6998,9,9,0.999500036239624
6999,4,4,0.9999821186065674
7000,1,1,0.9991605281829834
7001,2,2,0.9998618364334106
7002,2,2,0.9999909400939941
7003,5,5,0.9997066855430603
7004,8,8,0.9999898672103882
7005,1,1,0.9997864365577698
7006,3,3,0.9999996423721313
7007,2,2,1.0
7008,9,9,0.9999594688415527
7009,4,4,0.9999980926513672
7010,3,3,0.999996542930603
7011,8,8,0.9999998807907104
7012,2,2,0.9999997615814209
7013,2,2,1.0
7014,1,1,0.9999326467514038
7015,2,2,0.9999984502792358
7016,8,8,0.9999916553497314
7017,6,6,0.9999992847442627
7018,5,5,0.9999947547912598
7019,1,1,0.9998984336853027
7020,6,6,0.9999988079071045
7021,7,7,0.9967779517173767
7022,2,2,1.0
7023,1,1,0.9998996257781982
7024,3,3,0.9999985694885254
7025,9,9,0.9989615678787231
7026,3,3,0.9999998807907104
7027,8,8,0.9999990463256836
7028,7,7,0.999830961227417
7029,5,5,0.9999467134475708
7030,7,7,0.9888442158699036
7031,0,0,0.9954063892364502
7032,7,7,0.9987024068832397
7033,4,4,0.9999397993087769
7034,8,8,0.9999996423721313
7035,8,8,0.9996469020843506
7036,5,5,0.9999998807907104
7037,0,0,0.9997664093971252
7038,6,6,0.9999994039535522
7039,6,6,0.9999984502792358
7040,3,3,0.9999978542327881
7041,7,7,0.9999790191650391
7042,6,6,0.9999990463256836
7043,9,9,0.9986565113067627
7044,9,9,0.9865264296531677
7045,4,4,0.999996542930603
7046,8,8,0.9998812675476074
7047,4,4,0.9999876022338867
7048,1,1,0.999620795249939
7049,0,0,0.9962168335914612
7050,6,6,0.9999336004257202
7051,6,6,0.9950085878372192
7052,0,0,0.9999598264694214
7053,1,1,0.9999110698699951
7054,2,2,0.999961256980896
7055,3,3,0.9999970197677612
7056,4,4,0.9999951124191284
7057,5,5,0.9999806880950928
7058,6,6,0.9999992847442627
7059,7,7,0.9984436631202698
7060,8,8,0.999955415725708
7061,9,9,0.9965468049049377
7062,0,0,0.9998342990875244
7063,1,1,0.9999432563781738
7064,2,2,0.9999926090240479
7065,3,3,0.9999895095825195
7066,4,4,1.0
7067,5,5,0.9999878406524658
7068,6,6,0.9999727010726929
7069,7,7,0.999900221824646
7070,8,8,0.9999407529830933
7071,9,9,0.9994127750396729
7072,0,0,0.9999226331710815
7073,1,1,0.9997513890266418
7074,2,2,0.9996801614761353
7075,3,3,0.9999868869781494
7076,4,4,1.0
7077,5,5,0.9999988079071045
7078,6,6,0.9999997615814209
7079,7,7,0.9982854723930359
7080,8,8,0.9998354911804199
7081,9,9,0.9800620675086975
7082,7,7,0.9999438524246216
7083,4,4,0.9999979734420776
7084,0,0,0.9961637258529663
7085,4,4,0.999993085861206
7086,0,0,0.9997630715370178
7087,1,1,0.999693751335144
7088,7,7,0.99989914894104
7089,9,9,0.9981948733329773
7090,5,5,0.999794065952301
7091,1,1,0.9998792409896851
7092,4,4,1.0
7093,2,2,0.999975323677063
7094,8,8,0.9981108903884888
7095,9,9,0.9981539845466614
7096,4,4,1.0
7097,3,3,0.999967098236084
7098,7,7,0.9960324168205261
7099,8,8,0.9998281002044678
7100,2,2,0.9997542500495911
7101,4,4,0.9999994039535522
7102,4,4,0.999971866607666
7103,3,3,0.9999980926513672
7104,3,3,0.9999793767929077
7105,6,6,0.9999988079071045
7106,9,9,0.9596244692802429
7107,9,9,0.988635778427124
7108,5,5,0.9999314546585083
7109,8,8,0.9999902248382568
7110,6,6,0.9999996423721313
7111,7,7,0.9998854398727417
7112,0,0,0.9999680519104004
7113,6,6,0.9999998807907104
7114,8,8,0.9999909400939941
7115,2,2,0.9999207258224487
7116,6,6,0.9999998807907104
7117,3,3,0.9999972581863403
7118,9,9,0.9958006739616394
7119,3,3,0.9999877214431763
7120,2,2,0.9999992847442627
7121,8,8,0.9961737990379333
7122,6,6,0.9999920129776001
7123,1,1,0.9998934268951416
7124,7,7,0.9990392923355103
7125,4,4,0.9999998807907104
7126,8,8,0.999950647354126
7127,8,8,0.9999933242797852
7128,9,9,0.9974449872970581
7129,0,0,0.9998699426651001
7130,3,3,0.9999940395355225
7131,3,3,0.9999992847442627
7132,9,9,0.9979617595672607
7133,0,0,0.9997771382331848
7134,5,5,0.999995231628418
7135,2,2,0.9999114274978638
7136,9,9,0.9994340538978577
7137,4,4,0.9999991655349731
7138,1,1,0.9993330836296082
7139,0,0,0.9997476935386658
7140,3,3,1.0
7141,7,7,0.9999375343322754
7142,5,5,0.9999980926513672
7143,8,8,0.9999970197677612
7144,7,7,0.9998607635498047
7145,7,7,0.9997419714927673
7146,8,8,0.9999120235443115
7147,2,2,0.9999990463256836
7148,9,9,0.9996696710586548
7149,7,7,0.9995583891868591
7150,1,1,0.9999004602432251
7151,2,2,0.9999760389328003
7152,6,6,0.9999951124191284
7153,4,4,0.9999984502792358
7154,2,2,0.9997475743293762
7155,5,5,0.9999914169311523
7156,2,2,0.9998169541358948
7157,3,3,0.9999922513961792
7158,6,6,0.999962329864502
7159,6,6,0.9999983310699463
7160,5,5,0.9996821880340576
7161,0,0,0.9991377592086792
7162,0,0,0.9994058609008789
7163,2,2,0.9999794960021973
7164,8,8,0.9999994039535522
7165,1,1,0.9999345541000366
7166,6,6,0.9999984502792358
7167,1,1,0.9997618794441223
7168,0,0,0.999257504940033
7169,4,4,0.9999991655349731
7170,3,3,0.9999388456344604
7171,1,1,0.9998069405555725
7172,6,6,0.9999990463256836
7173,1,1,0.9997053742408752
7174,9,9,0.9980999827384949
7175,0,0,0.9999892711639404
7176,1,1,0.9997127652168274
7177,4,4,0.9976416826248169
7178,5,5,0.9999512434005737
7179,6,6,0.9979363679885864
7180,7,7,0.999991774559021
7181,8,8,0.9995325803756714
7182,9,9,0.9987061023712158
7183,1,1,0.9978827834129333
7184,2,2,0.9999995231628418
7185,3,3,0.999997615814209
7186,4,4,0.9998248219490051
7187,5,5,0.999994158744812
7188,6,6,0.9998950958251953
7189,7,7,0.9995599389076233
7190,0,0,0.9978959560394287
7191,1,1,0.9995008707046509
7192,2,2,0.9999984502792358
7193,3,3,0.9999974966049194
7194,4,4,0.9999902248382568
7195,5,5,0.9978801012039185
7196,6,6,0.9979379773139954
7197,7,7,0.9999994039535522
7198,8,8,0.9985993504524231
7199,9,9,0.9999661445617676
7200,8,8,0.9712740182876587
7201,4,4,0.9999983310699463
7202,0,0,0.9997157454490662
7203,0,0,0.9999673366546631
7204,7,7,0.9975480437278748
7205,2,2,0.9999942779541016
7206,4,4,0.9999998807907104
7207,3,3,0.9999973773956299
7208,8,8,0.9921661615371704
7209,6,6,0.9976014494895935
7210,6,6,0.9970008730888367
7211,3,3,0.9991512298583984
7212,2,2,0.9984958171844482
7213,6,6,0.9999394416809082
7214,3,3,0.9999995231628418
7215,3,3,0.9999979734420776
7216,0,6,0.49456822872161865
7217,1,1,0.9998786449432373
7218,4,4,0.9999321699142456
7219,7,7,0.9999682903289795
7220,8,8,0.9997543692588806
7221,0,0,0.9999744892120361
7222,3,3,0.9999991655349731
7223,1,1,0.9991182684898376
7224,9,9,0.999992847442627
7225,0,0,0.9934252500534058
7226,1,1,0.9994662404060364
7227,9,9,0.9999275207519531
7228,1,1,0.9992150068283081
7229,2,2,0.9999897480010986
7230,7,7,0.9978773593902588
7231,0,0,0.9999819993972778
7232,1,1,0.9960136413574219
7233,3,3,0.9985062479972839
7234,8,8,0.9971640706062317
7235,2,2,0.9998703002929688
7236,9,9,0.9999603033065796
7237,2,2,0.999707043170929
7238,7,7,0.9948256015777588
7239,6,6,0.9999556541442871
7240,5,5,0.9992882609367371
7241,5,5,0.9998935461044312
7242,9,9,0.9999521970748901
7243,9,9,0.9999476671218872
7244,8,8,0.9999693632125854
7245,2,2,0.9997236132621765
7246,9,9,0.9999135732650757
7247,1,1,0.999504804611206
7248,3,3,0.9993637204170227
7249,2,2,0.9938554167747498
7250,3,3,0.9999998807907104
7251,4,4,1.0
7252,3,3,0.9999995231628418
7253,1,1,0.9998434782028198
7254,9,9,0.9999464750289917
7255,0,0,0.9999655485153198
7256,9,9,0.9999537467956543
7257,3,3,0.9999994039535522
7258,6,6,0.9941790103912354
7259,8,8,0.9877344965934753
7260,7,7,0.9998754262924194
7261,0,0,0.9998002648353577
7262,1,1,0.9999089241027832
7263,0,0,0.9998273849487305
7264,5,5,0.9999880790710449
7265,8,8,0.9942176342010498
7266,2,2,0.9999988079071045
7267,7,7,0.9919788837432861
7268,7,7,0.9928988218307495
7269,0,0,0.9999884366989136
7270,1,1,0.9998328685760498
7271,2,2,0.9981510043144226
7272,3,3,0.9996504783630371
7273,4,4,0.9998915195465088
7274,5,5,0.9999845027923584
7275,6,6,0.999987006187439
7276,7,7,0.9991734623908997
7277,8,8,0.9993752837181091
7278,9,9,0.9997099041938782
7279,0,0,0.9999784231185913
7280,1,1,0.9997767806053162
7281,2,2,0.999998927116394
7282,3,3,0.9999386072158813
7283,4,4,0.999881386756897
7284,5,5,0.9999957084655762
7285,6,6,0.9999935626983643
7286,7,7,0.9999470710754395
7287,8,8,0.9958886504173279
7288,9,9,0.9998414516448975
7289,0,0,0.9998067021369934
7290,1,1,0.9999223947525024
7291,2,2,0.9980589747428894
7292,3,3,0.999997615814209
7293,4,4,0.9996929168701172
7294,5,5,0.9999518394470215
7295,6,6,0.9999997615814209
7296,7,7,0.9998136162757874
7297,8,8,0.9989774227142334
7298,9,9,0.9996888637542725
7299,1,1,0.999942421913147
7300,7,7,0.9992942810058594
7301,4,4,0.9999361038208008
7302,8,8,0.9999459981918335
7303,1,1,0.9998562335968018
7304,5,5,0.9998776912689209
7305,6,6,0.9999998807907104
7306,5,5,0.9999938011169434
7307,7,7,0.9984976053237915
7308,2,2,0.9999500513076782
7309,8,8,0.9932946562767029
7310,6,6,0.9999896287918091
7311,3,3,0.999972939491272
7312,3,3,0.9999817609786987
7313,8,8,0.9999990463256836
7314,6,6,0.9999995231628418
7315,5,5,0.9999755620956421
7316,4,4,0.9999996423721313
7317,0,0,0.9961276650428772
7318,9,9,0.9999803304672241
7319,1,1,0.9993253946304321
7320,7,7,0.9966866374015808
7321,2,2,0.9999996423721313
7322,9,9,0.999909520149231
7323,1,1,0.9998111128807068
7324,5,5,0.9999871253967285
7325,1,1,0.9999022483825684
7326,3,3,0.9999995231628418
7327,2,2,0.9996716976165771
7328,2,2,0.999896764755249
7329,3,3,0.9999934434890747
7330,0,0,0.9981030225753784
7331,6,6,0.999997615814209
7332,4,4,0.9999572038650513
7333,3,3,0.99907386302948
7334,7,7,0.9972477555274963
7335,6,6,0.9992889165878296
7336,9,9,0.9999651908874512
7337,0,0,0.9983929991722107
7338,4,4,0.9997422099113464
7339,8,8,0.9998451471328735
7340,1,1,0.9999207258224487
7341,4,4,0.9996606111526489
7342,0,0,0.9999241828918457
7343,6,6,0.9999778270721436
7344,1,1,0.9999469518661499
7345,2,2,0.999976634979248
7346,6,6,1.0
7347,9,9,0.9999679327011108
7348,2,2,0.9994949102401733
7349,2,2,0.9999270439147949
7350,3,3,0.9999841451644897
7351,5,5,0.9999511241912842
7352,5,5,0.9997603297233582
7353,1,1,0.9998687505722046
7354,0,0,0.747211754322052
7355,7,7,0.9999872446060181
7356,7,7,0.9915428161621094
7357,9,9,0.9995805621147156
7358,6,6,0.9999992847442627
7359,2,2,0.9999518394470215
7360,9,9,0.999972939491272
7361,4,4,0.9999881982803345
7362,7,7,0.9999436140060425
7363,0,0,0.9991576671600342
7364,2,2,0.9995837807655334
7365,3,3,0.9999874830245972
7366,4,4,0.9999982118606567
7367,0,0,0.999215841293335
7368,0,0,0.9995837807655334
7369,8,8,0.9999853372573853
7370,8,8,0.998246431350708
7371,8,8,0.9999077320098877
7372,5,5,0.9999279975891113
7373,1,1,0.9997822642326355
7374,3,3,0.9999997615814209
7375,7,7,0.9983879327774048
7376,4,4,0.999993085861206
7377,9,9,0.9997003078460693
7378,8,8,0.9998331069946289
7379,8,8,0.9981639981269836
7380,9,9,0.9972875118255615
7381,0,0,0.9997679591178894
7382,9,9,0.9996417760848999
7383,8,8,0.9999840259552002
7384,9,9,0.9990594983100891
7385,0,0,0.9999597072601318
7386,2,2,0.9989621639251709
7387,6,6,0.9999691247940063
7388,5,5,0.9999703168869019
7389,6,6,0.9999991655349731
7390,7,7,0.9801132678985596
7391,4,4,0.9999467134475708
7392,7,7,0.978539228439331
7393,5,5,0.9999866485595703
7394,4,4,0.9999291896820068
7395,1,1,0.9994267225265503
7396,3,3,0.9999978542327881
7397,5,5,0.9999363422393799
7398,3,3,0.9999994039535522
7399,1,1,0.999764621257782
7400,2,2,0.9700132012367249
7401,3,3,0.9999794960021973
7402,4,4,0.9989687204360962
7403,5,5,0.9980042576789856
7404,6,6,0.9973599314689636
7405,1,1,0.9964956641197205
7406,2,2,0.9999964237213135
7407,3,3,0.9999910593032837
7408,4,4,0.9989018440246582
7409,6,6,0.9999998807907104
7410,0,0,0.9892401695251465
7411,1,1,0.9994876384735107
7412,2,2,0.9999978542327881
7413,4,4,0.9974170923233032
7414,5,5,0.9999738931655884
7415,6,6,0.999996542930603
7416,7,7,0.9993818998336792
7417,8,8,0.9999921321868896
7418,1,1,0.998387336730957
7419,7,7,0.963370680809021
7420,2,2,0.9995324611663818
7421,4,4,0.9999980926513672
7422,1,1,0.9999825954437256
7423,4,4,0.999876856803894
7424,1,1,0.9996790885925293
7425,4,4,0.9999703168869019
7426,9,9,0.9834517240524292
7427,6,6,0.9998345375061035
7428,8,8,0.9999902248382568
7429,4,4,0.9999970197677612
7430,5,5,0.9982048273086548
7431,3,3,0.9999986886978149
7432,7,7,0.898008406162262
7433,8,8,0.9960230588912964
7434,4,4,0.9765114188194275
7435,3,3,0.9999998807907104
7436,3,3,0.9999915361404419
7437,5,5,0.9998031258583069
7438,6,6,0.9999874830245972
7439,7,7,0.9908558130264282
7440,0,0,0.9999208450317383
7441,6,6,0.9998522996902466
7442,1,1,0.9998388290405273
7443,6,6,0.9999867677688599
7444,8,8,0.9993119239807129
7445,7,7,0.9798600077629089
7446,0,0,0.9959459900856018
7447,1,1,0.9998444318771362
7448,5,5,0.9999594688415527
7449,0,0,0.9998445510864258
7450,8,8,0.9957740902900696
7451,5,5,0.9940045475959778
7452,0,0,0.9997944235801697
7453,1,1,0.9997729659080505
7454,5,5,0.9999600648880005
7455,8,8,0.999829888343811
7456,4,4,0.9999784231185913
7457,2,2,0.9997522234916687
7458,3,3,0.9999997615814209
7459,9,9,0.9786932468414307
7460,7,7,0.9992094039916992
7461,6,6,0.9998949766159058
7462,9,9,0.9999442100524902
7463,1,1,0.9993305206298828
7464,9,9,0.9986683130264282
7465,0,0,0.9996991157531738
7466,6,6,0.9997472167015076
7467,7,7,0.9999915361404419
7468,1,1,0.9999606609344482
7469,2,2,0.9999973773956299
7470,3,3,0.9999992847442627
7471,9,9,0.9997352957725525
7472,2,2,0.9069375395774841
7473,4,4,0.9906648397445679
7474,5,5,0.9997338652610779
7475,5,5,0.999994158744812
7476,3,3,0.9999847412109375
7477,7,7,0.9860272407531738
7478,5,5,0.999893307685852
7479,3,3,0.9999758005142212
7480,1,1,0.9997362494468689
7481,8,8,0.9996546506881714
7482,2,2,0.998458981513977
7483,2,2,0.9949777722358704
7484,3,3,0.9999850988388062
7485,0,0,0.9997754693031311
7486,2,2,0.9997856020927429
7487,9,9,0.9986434578895569
7488,4,4,0.9999949932098389
7489,9,9,0.999779999256134
7490,7,7,0.9948480129241943
7491,0,0,0.999805748462677
7492,2,2,0.9996523857116699
7493,7,7,0.9983341097831726
7494,4,4,0.9998636245727539
7495,9,9,0.998862624168396
7496,9,9,0.9973413348197937
7497,2,2,0.999995231628418
7498,5,5,0.9953020811080933
7499,9,9,0.9992786049842834
7500,8,8,0.9999856948852539
7501,3,3,0.9999995231628418
7502,8,8,0.9999932050704956
7503,6,6,0.999700665473938
7504,7,7,0.9965662956237793
7505,0,0,0.998921275138855
7506,0,0,0.9998032450675964
7507,1,1,0.9998075366020203
7508,2,2,0.9999996423721313
7509,3,3,0.9999991655349731
7510,4,4,0.9999511241912842
7511,5,5,0.9997376799583435
7512,6,6,0.999993085861206
7513,7,7,0.9998522996902466
7514,8,8,0.9993911981582642
7515,9,9,0.9994322657585144
7516,0,0,0.9999810457229614
7517,1,1,0.9983179569244385
7518,2,2,0.9999563694000244
7519,3,3,0.9999947547912598
7520,4,4,0.9999492168426514
7521,5,5,0.9998852014541626
7522,6,6,0.9997184872627258
7523,7,7,0.9986408352851868
7524,8,8,0.9993410706520081
7525,9,9,0.9983381032943726
7526,0,0,0.9999654293060303
7527,1,1,0.9997022747993469
7528,2,2,0.9999901056289673
7529,3,3,0.9999951124191284
7530,4,4,0.9998065829277039
7531,5,5,0.9997420907020569
7532,6,6,0.9999653100967407
7533,7,7,0.9982860684394836
7534,8,8,0.999221920967102
7535,9,9,0.9996942281723022
7536,0,0,0.9999620914459229
7537,0,0,0.9994750618934631
7538,7,7,0.9961889386177063
7539,2,2,0.9999827146530151
7540,6,6,0.9999847412109375
7541,5,5,0.9995693564414978
7542,5,5,0.9999316930770874
7543,3,3,1.0
7544,7,7,0.9991464614868164
7545,8,8,0.9988149404525757
7546,6,6,0.9999679327011108
7547,6,6,0.9999959468841553
7548,6,6,0.9999970197677612
7549,6,6,0.9999552965164185
7550,4,4,0.9999911785125732
7551,3,3,0.9999929666519165
7552,8,8,0.7800388932228088
7553,8,8,0.9925399422645569
7554,3,3,0.9999953508377075
7555,0,0,0.9998726844787598
7556,1,1,0.995643138885498
7557,9,9,0.999813973903656
7558,0,0,0.9995217323303223
7559,5,5,0.9999960660934448
7560,4,4,0.9999675750732422
7561,1,1,0.999650239944458
7562,9,9,0.9982688426971436
7563,1,1,0.9994623064994812
7564,2,2,0.9999982118606567
7565,7,7,0.9878513216972351
7566,0,0,0.9999103546142578
7567,1,1,0.9998577833175659
7568,3,3,0.9999978542327881
7569,8,8,0.9872820973396301
7570,2,2,0.9999943971633911
7571,9,9,0.9986701011657715
7572,2,2,0.9998947381973267
7573,7,7,0.9941737055778503
7574,4,4,0.9326306581497192
7575,2,2,0.9999784231185913
7576,6,6,0.9999991655349731
7577,5,5,0.9999902248382568
7578,5,5,0.9996626377105713
7579,9,9,0.998803973197937
7580,9,9,0.990006148815155
7581,1,1,0.9999266862869263
7582,1,1,0.9996752738952637
7583,5,5,0.9997962117195129
7584,7,7,0.9951194524765015
7585,6,6,0.9999984502792358
7586,8,8,0.9999022483825684
7587,2,2,0.9999938011169434
7588,9,9,0.9989948868751526
7589,4,4,0.9999994039535522
7590,3,3,0.9999997615814209
7591,1,1,0.9999167919158936
7592,9,9,0.9988161325454712
7593,0,0,0.9999628067016602
7594,9,9,0.9993060827255249
7595,3,3,0.9999127388000488
7596,6,6,0.999996542930603
7597,8,8,0.999962329864502
7598,7,7,0.9999901056289673
7599,0,0,0.9998432397842407
7600,1,1,0.9998706579208374
7601,0,0,0.999963641166687
7602,5,5,0.9999898672103882
7603,8,8,0.9995087385177612
7604,2,2,0.999887228012085
7605,7,7,0.9982033967971802
7606,7,7,0.972657322883606
7607,0,0,0.9999932050704956
7608,1,1,0.9976128339767456
7609,2,2,0.9999979734420776
7610,3,3,0.9999918937683105
7611,4,4,0.9999995231628418
7612,5,5,0.9999033212661743
7613,6,6,0.9999995231628418
7614,7,7,0.9999966621398926
7615,8,8,0.9999747276306152
7616,9,9,0.9998577833175659
7617,0,0,0.9999998807907104
7618,1,1,0.9996957778930664
7619,2,2,0.9887758493423462
7620,3,3,0.9993259906768799
7621,4,4,0.9999998807907104
7622,5,5,0.999977707862854
7623,8,8,0.9999998807907104
7624,9,9,0.9999573230743408
7625,0,0,0.9999971389770508
7626,1,1,0.9979054927825928
7627,2,2,0.9973794221878052
7628,3,3,0.9999862909317017
7629,4,4,1.0
7630,5,5,0.9999672174453735
7631,6,6,0.9999680519104004
7632,7,7,0.999995231628418
7633,8,8,0.9999998807907104
7634,9,9,0.9952476620674133
7635,2,2,0.9999990463256836
7636,1,1,0.9985533356666565
7637,2,2,0.999880313873291
7638,1,1,0.9988523721694946
7639,3,3,0.9999997615814209
7640,9,9,0.9998811483383179
7641,9,9,0.998893678188324
7642,8,8,0.9999936819076538
7643,5,5,0.9994630217552185
7644,3,3,0.9999990463256836
7645,7,7,0.9999921321868896
7646,0,0,0.9998838901519775
7647,7,7,0.9999762773513794
7648,7,7,0.9998601675033569
7649,5,5,0.9998623132705688
7650,7,7,0.9994474053382874
7651,9,9,0.9847619533538818
7652,9,9,0.9996358156204224
7653,4,4,0.9999995231628418
7654,7,7,0.9999545812606812
7655,0,0,0.9999954700469971
7656,3,3,0.9998321533203125
7657,4,4,0.9972911477088928
7658,1,1,0.996771514415741
7659,5,5,0.9999955892562866
7660,8,8,0.9999929666519165
7661,1,1,0.9993292093276978
7662,4,4,0.9999675750732422
7663,8,8,0.9999918937683105
7664,4,4,0.9999992847442627
7665,1,1,0.9998096823692322
7666,8,8,0.9999998807907104
7667,6,6,0.9999895095825195
7668,6,6,0.9999724626541138
7669,4,4,0.9999969005584717
7670,6,6,0.9999966621398926
7671,0,0,0.9998124241828918
7672,5,5,0.9997091889381409
7673,5,5,0.9999074935913086
7674,3,3,0.9999997615814209
7675,3,3,0.9999934434890747
7676,5,5,0.9999350309371948
7677,7,7,0.99996018409729
7678,2,2,0.9999996423721313
7679,5,5,0.9996883869171143
7680,9,9,0.9993031024932861
7681,6,6,0.9999997615814209
7682,9,9,0.9998263716697693
7683,2,2,0.9824718832969666
7684,6,6,0.9999998807907104
7685,2,2,0.9999998807907104
7686,1,1,0.9998295307159424
7687,2,2,0.9997966885566711
7688,0,0,0.9999880790710449
7689,8,8,0.9996588230133057
7690,3,3,0.9999637603759766
7691,8,8,0.9999531507492065
7692,3,3,0.999869704246521
7693,0,0,0.9999982118606567
7694,8,8,0.9999305009841919
7695,7,7,0.9999796152114868
7696,4,4,0.9999985694885254
7697,9,9,0.9958773851394653
7698,5,5,0.9993257522583008
7699,0,0,0.999993085861206
7700,9,9,0.9993748068809509
7701,7,7,0.9999266862869263
7702,0,0,0.9998576641082764
7703,0,0,0.9999916553497314
7704,4,4,0.9994819760322571
7705,6,6,0.9999991655349731
7706,0,0,0.999997615814209
7707,9,9,0.9994704127311707
7708,1,1,0.9998138546943665
7709,6,6,0.9999971389770508
7710,2,2,0.9999717473983765
7711,7,7,0.9983476400375366
7712,6,6,0.9999948740005493
7713,8,8,0.9997655749320984
7714,3,3,0.9999990463256836
7715,5,5,0.9999773502349854
7716,2,2,0.9999966621398926
7717,1,1,0.9954362511634827
7718,8,8,0.9945585131645203
7719,3,3,0.9999992847442627
7720,8,8,0.9998880624771118
7721,6,6,0.9999980926513672
7722,1,1,0.9997561573982239
7723,0,0,0.9999997615814209
7724,2,2,0.9944414496421814
7725,1,1,0.9996757507324219
7726,4,4,0.9988042116165161
7727,0,0,0.9999388456344604
7728,1,1,0.996807336807251
7729,2,2,0.9999639987945557
7730,3,3,0.9999970197677612
7731,4,4,0.9999988079071045
7732,5,5,0.9914351105690002
7733,6,6,0.9999864101409912
7734,7,7,0.9996412992477417
7735,8,8,0.9857790470123291
7736,9,9,0.9960129261016846
7737,0,0,0.9999692440032959
7738,1,1,0.9925957322120667
7739,2,2,0.9999840259552002
7740,3,3,0.9999991655349731
7741,4,4,0.999998927116394
7742,5,5,0.9999978542327881
7743,6,6,0.9999810457229614
7744,7,7,0.9898548126220703
7745,8,8,0.9999829530715942
7746,9,9,0.9994868040084839
7747,0,0,0.9996880292892456
7748,1,1,0.9995922446250916
7749,2,2,0.9998356103897095
7750,3,3,0.9999988079071045
7751,4,4,0.9999995231628418
7752,5,5,0.9999998807907104
7753,6,6,0.9999954700469971
7754,7,7,0.998925507068634
7755,8,8,0.9993005990982056
7756,9,9,0.995415210723877
7757,7,7,0.9978790283203125
7758,6,6,0.9999991655349731
7759,4,4,1.0
7760,7,7,0.9999366998672485
7761,6,6,0.9999996423721313
7762,2,2,0.9999690055847168
7763,3,3,0.9999955892562866
7764,4,4,0.9999940395355225
7765,8,8,0.9997461438179016
7766,7,7,0.9999977350234985
7767,8,8,0.9999808073043823
7768,6,6,0.9999992847442627
7769,9,9,0.9993681311607361
7770,8,8,0.9999436140060425
7771,3,3,0.9999996423721313
7772,2,2,0.9999630451202393
7773,2,2,0.9998674392700195
7774,8,8,0.9998776912689209
7775,4,4,0.9999996423721313
7776,8,8,0.9999960660934448
7777,5,5,0.9998626708984375
7778,6,6,0.9999957084655762
7779,5,5,0.9999614953994751
7780,0,0,0.9999877214431763
7781,2,2,0.999722421169281
7782,0,0,0.9999125003814697
7783,1,1,0.9912358522415161
7784,1,1,0.9997933506965637
7785,2,2,0.9999895095825195
7786,9,9,0.9998286962509155
7787,6,6,1.0
7788,8,8,0.999363124370575
7789,2,2,0.9999945163726807
7790,1,1,0.9903786182403564
7791,0,0,0.999934196472168
7792,6,6,0.9999998807907104
7793,5,5,0.9999895095825195
7794,2,2,0.9999977350234985
7795,9,9,0.9992591738700867
7796,7,7,0.9986529350280762
7797,5,5,0.9970669150352478
7798,3,3,0.9999110698699951
7799,9,9,0.9995872378349304
7800,3,3,0.9937387704849243
7801,7,7,0.9998363256454468
7802,1,1,0.996329128742218
7803,8,8,0.9993626475334167
7804,3,3,0.9999842643737793
7805,8,8,0.9999969005584717
7806,1,1,0.9974446296691895
7807,9,9,0.9979211688041687
7808,5,5,0.999992847442627
7809,5,5,0.9999865293502808
7810,0,0,0.9999626874923706
7811,1,1,0.9924431443214417
7812,1,1,0.47889477014541626
7813,9,9,0.9845653176307678
7814,8,8,0.999900221824646
7815,2,2,0.9999622106552124
7816,6,6,0.9999982118606567
7817,0,0,0.999941349029541
7818,4,4,1.0
7819,5,5,0.9999994039535522
7820,0,0,0.9989295601844788
7821,3,3,0.987903892993927
7822,1,1,0.9944437146186829
7823,8,8,0.9983653426170349
7824,6,6,0.9999812841415405
7825,7,7,0.9917592406272888
7826,5,5,0.9999819993972778
7827,9,9,0.9999687671661377
7828,9,9,0.9994556307792664
7829,3,3,0.9999959468841553
7830,0,0,0.9999899864196777
7831,3,3,0.9999855756759644
7832,1,1,0.99970942735672
7833,4,4,0.9999998807907104
7834,4,4,0.9999980926513672
7835,0,0,0.9999959468841553
7836,4,4,1.0
7837,9,9,0.9975236058235168
7838,0,0,0.9896332025527954
7839,1,1,0.9530006647109985
7840,2,2,0.9952735304832458
7841,3,3,0.9993368983268738
7842,5,5,0.9983880519866943
7843,6,6,0.9999942779541016
7844,7,7,0.9996645450592041
7845,8,8,0.9638897180557251
7846,0,0,0.9996756315231323
7847,1,1,0.7565153241157532
7848,2,2,0.9997844099998474
7849,3,3,0.99660325050354
7850,5,5,0.9979827404022217
7851,6,6,0.9998660087585449
7852,7,7,0.9927656650543213
7853,8,8,0.9970843195915222
7854,9,9,0.9988308548927307
7855,0,0,0.9975047707557678
7856,1,1,0.8697412014007568
7857,2,2,0.9994907379150391
7858,3,3,0.9996516704559326
7859,5,5,0.9999454021453857
7860,6,6,0.9999217987060547
7861,7,7,0.9966499209403992
7862,8,8,0.9873615503311157
7863,9,9,0.9888535737991333
7864,9,9,0.9999750852584839
7865,7,7,0.9650659561157227
7866,0,0,0.9999475479125977
7867,9,9,0.9999048709869385
7868,0,0,0.994541347026825
7869,1,1,0.9976152181625366
7870,5,5,0.9995203018188477
7871,8,8,0.9994285702705383
7872,8,8,0.9967542290687561
7873,0,0,0.999398946762085
7874,9,9,0.9959331154823303
7875,3,3,0.9999794960021973
7876,2,2,0.9999816417694092
7877,7,7,0.9931414723396301
7878,8,8,0.999824583530426
7879,4,4,1.0
7880,6,6,0.9999995231628418
7881,1,1,0.9998793601989746
7882,0,0,0.9999749660491943
7883,4,4,0.9999946355819702
7884,9,9,0.9999840259552002
7885,4,4,0.9999914169311523
7886,2,2,0.9999982118606567
7887,0,0,0.9948115348815918
7888,5,5,0.9996724128723145
7889,0,0,0.9990221261978149
7890,1,1,0.999514102935791
7891,6,6,0.9999063014984131
7892,9,9,0.9995137453079224
7893,3,3,0.9999696016311646
7894,2,2,0.9999737739562988
7895,9,9,0.9996899366378784
7896,1,1,0.9917299151420593
7897,6,6,0.9995521903038025
7898,0,0,0.9837680459022522
7899,1,1,0.7553876042366028
7900,1,1,0.9342749118804932
7901,8,8,0.9973673224449158
7902,7,9,0.6293274760246277
7903,7,7,0.9270015954971313
7904,6,6,0.9998660087585449
7905,3,3,0.9976927042007446
7906,6,6,0.9999254941940308
7907,0,0,0.9986273050308228
7908,7,7,0.991445779800415
7909,2,2,0.9999933242797852
7910,4,4,0.9999984502792358
7911,1,1,0.9767257571220398
7912,7,7,0.9777922630310059
7913,0,0,0.9989070892333984
7914,6,6,0.9995051622390747
7915,7,7,0.6241238713264465
7916,1,1,0.9720379710197449
7917,2,2,0.9999958276748657
7918,5,5,0.9998087286949158
7919,8,8,0.9995644688606262
7920,1,1,0.9919779300689697
7921,8,8,0.9588102698326111
7922,2,2,0.9999865293502808
7923,8,8,0.9969828724861145
7924,7,7,0.9674965143203735
7925,6,6,0.9988831877708435
7926,8,8,0.9985730648040771
7927,7,7,0.8990835547447205
7928,1,1,0.5263049602508545
7929,6,6,0.9997655749320984
7930,2,2,0.9998069405555725
7931,9,9,0.9998503923416138
7932,3,3,0.9999958276748657
7933,0,0,0.9999926090240479
7934,1,1,0.9941259622573853
7935,2,2,0.9999904632568359
7936,3,3,0.9999899864196777
7937,4,4,0.9999988079071045
7938,5,5,0.9999991655349731
7939,6,6,0.9999972581863403
7940,7,7,0.9998152852058411
7941,8,8,0.9992115497589111
7942,9,9,0.9998370409011841
7943,0,0,0.9999872446060181
7944,1,1,0.9996795654296875
7945,2,2,0.9994397759437561
7946,3,3,0.9883856773376465
7947,4,4,0.9999997615814209
7948,5,5,0.9999972581863403
7949,6,6,0.9999985694885254
7950,7,7,0.999826967716217
7951,8,8,0.9980257749557495
7952,9,9,0.9997184872627258
7953,0,0,0.9999982118606567
7954,1,1,0.9993733763694763
7955,2,2,0.9999996423721313
7956,3,3,0.9999986886978149
7957,4,4,0.9999933242797852
7958,5,5,0.9999990463256836
7959,6,6,0.9999995231628418
7960,7,7,0.9987142086029053
7961,8,8,0.9999681711196899
7962,9,9,0.9998639822006226
7963,8,8,0.9999946355819702
7964,9,9,0.9858178496360779
7965,5,5,0.9999997615814209
7966,7,7,0.9990102052688599
7967,0,0,0.9999520778656006
7968,3,3,0.9999996423721313
7969,1,1,0.9996613264083862
7970,6,6,0.9999961853027344
7971,8,8,0.9948398470878601
7972,4,4,1.0
7973,1,1,0.9998794794082642
7974,5,5,0.9999998807907104
7975,6,6,0.9999980926513672
7976,4,4,0.9999998807907104
7977,2,2,0.9999996423721313
7978,7,7,0.989905059337616
7979,8,8,0.9999750852584839
7980,1,1,0.9998732805252075
7981,3,3,0.9999998807907104
7982,4,4,0.9999722242355347
7983,3,3,0.999995231628418
7984,4,4,0.999998927116394
7985,7,7,0.9163548350334167
7986,2,2,0.998072624206543
7987,0,0,0.9997307658195496
7988,5,5,0.9999992847442627
7989,0,0,0.9994848966598511
7990,1,1,0.889098584651947
7991,9,9,0.9169949293136597
7992,2,2,0.9999998807907104
7993,3,3,1.0
7994,2,2,0.9999927282333374
7995,3,3,1.0
7996,5,5,0.9999370574951172
7997,5,5,0.9999613761901855
7998,7,7,0.9999936819076538
7999,8,8,0.9858825206756592
8000,4,4,0.9992050528526306
8001,9,9,0.9999908208847046
8002,9,9,0.9995846152305603
8003,7,7,0.990520715713501
8004,1,1,0.9989317059516907
8005,1,1,0.9999145269393921
8006,9,9,0.9999884366989136
8007,0,0,0.999430239200592
8008,7,7,0.9968352913856506
8009,8,8,0.999995231628418
8010,3,3,0.9999644756317139
8011,4,4,0.9999233484268188
8012,8,8,0.9988908171653748
8013,6,6,0.9999982118606567
8014,3,3,0.9999939203262329
8015,8,8,0.9999988079071045
8016,0,0,0.9994237422943115
8017,9,9,0.9999910593032837
8018,6,6,0.9999991655349731
8019,2,2,0.9995282888412476
8020,1,1,0.9992146492004395
8021,0,0,0.9999575614929199
8022,1,1,0.994814395904541
8023,0,0,0.9980098605155945
8024,6,6,0.9999996423721313
8025,2,2,0.9999998807907104
8026,3,3,0.9999998807907104
8027,8,8,0.9999994039535522
8028,9,9,0.9989558458328247
8029,0,0,0.995297372341156
8030,7,7,0.9852761626243591
8031,2,2,0.999982476234436
8032,3,3,0.9999992847442627
8033,4,4,0.9999843835830688
8034,5,5,0.9999967813491821
8035,5,5,0.9999393224716187
8036,2,2,1.0
8037,8,8,0.9999507665634155
8038,5,5,0.9999994039535522
8039,4,4,0.9999997615814209
8040,6,6,0.9999994039535522
8041,6,6,0.9999974966049194
8042,6,6,0.9999885559082031
8043,7,7,0.9906184077262878
8044,9,9,0.9989180564880371
8045,1,1,0.9996845722198486
8046,8,8,0.9999905824661255
8047,2,2,0.99903404712677
8048,1,1,0.9997578263282776
8049,5,5,0.9999980926513672
8050,3,3,0.9999732971191406
8051,4,4,0.9999998807907104
8052,7,7,0.9996278285980225
8053,9,9,0.9994018077850342
8054,4,4,1.0
8055,0,0,0.9975624084472656
8056,0,0,0.999991774559021
8057,0,0,0.9999994039535522
8058,1,1,0.984552264213562
8059,2,2,0.6829380989074707
8060,3,3,0.9999949932098389
8061,4,4,0.6597597599029541
8062,5,5,0.9995937943458557
8063,6,6,0.9987465143203735
8064,7,7,0.9432768225669861
8065,8,0,0.4910321831703186
8066,9,9,0.9891272187232971
8067,0,0,0.9999376535415649
8068,1,1,0.9976791739463806
8069,2,2,0.9962348341941833
8070,3,3,1.0
8071,4,4,0.9853538274765015
8072,5,5,0.9998792409896851
8073,6,6,0.9999840259552002
8074,7,7,0.9987536668777466
8075,8,8,0.7389017343521118
8076,9,9,0.9972478747367859
8077,0,0,0.9999608993530273
8078,1,1,0.9696338772773743
8079,2,2,0.9969109892845154
8080,3,3,0.9999991655349731
8081,4,4,0.9132267832756042
8082,5,5,0.9999901056289673
8083,6,6,0.9999730587005615
8084,9,9,0.9978798627853394
8085,0,0,0.9996342658996582
8086,1,1,0.9997650980949402
8087,3,3,0.9999911785125732
8088,1,1,0.9995744824409485
8089,5,5,0.9999991655349731
8090,1,1,0.9984428286552429
8091,2,2,0.9999858140945435
8092,4,4,0.9961502552032471
8093,9,9,0.987636387348175
8094,2,2,0.9800808429718018
8095,4,4,0.9546812176704407
8096,6,6,0.9999703168869019
8097,8,8,0.9344058632850647
8098,0,0,0.9999529123306274
8099,1,1,0.9998774528503418
8100,1,1,0.9994853734970093
8101,9,9,0.9942989349365234
8102,2,2,0.9953977465629578
8103,6,6,0.9998642206192017
8104,6,6,0.9988973140716553
8105,8,8,0.8174445629119873
8106,7,7,0.8333030939102173
8107,4,4,0.9709553122520447
8108,2,2,0.9999797344207764
8109,9,9,0.9972432851791382
8110,7,7,0.9925732612609863
8111,0,0,0.9999704360961914
8112,2,2,0.9989919066429138
8113,1,1,0.999855637550354
8114,0,0,0.9997891783714294
8115,3,3,0.9806144833564758
8116,6,6,0.9999141693115234
8117,0,0,0.9999983310699463
8118,1,1,0.9998935461044312
8119,2,2,0.9999581575393677
8120,3,3,0.9999945163726807
8121,4,4,1.0
8122,5,5,0.999998927116394
8123,6,6,0.9999829530715942
8124,7,7,0.9998252987861633
8125,8,8,1.0
8126,9,9,0.9999979734420776
8127,0,0,0.999976634979248
8128,1,1,0.9870141744613647
8129,2,2,0.9999998807907104
8130,3,3,1.0
8131,4,4,0.9999984502792358
8132,5,5,0.9999959468841553
8133,6,6,0.9999980926513672
8134,7,7,0.9994736313819885
8135,8,8,0.9999880790710449
8136,9,9,0.99941086769104
8137,0,0,0.9999804496765137
8138,1,1,0.9948086738586426
8139,2,2,0.9999954700469971
8140,3,3,1.0
8141,4,4,0.9999880790710449
8142,5,5,0.9999427795410156
8143,6,6,0.9998958110809326
8144,7,7,0.9805137515068054
8145,8,8,0.9998205304145813
8146,9,9,0.9979223608970642
8147,8,8,0.9999412298202515
8148,6,6,0.9999990463256836
8149,5,5,0.9999918937683105
8150,9,9,0.9999164342880249
8151,7,7,0.9922589659690857
8152,0,0,0.9999924898147583
8153,2,2,0.9999630451202393
8154,3,3,1.0
8155,4,4,0.9999996423721313
8156,3,3,0.9999935626983643
8157,8,8,0.9999951124191284
8158,5,5,0.9999874830245972
8159,1,1,0.9997968077659607
8160,5,5,0.9709795713424683
8161,2,2,0.9999998807907104
8162,3,3,0.9999983310699463
8163,0,0,0.9999312162399292
8164,1,1,0.9996761083602905
8165,2,2,0.9979206919670105
8166,1,1,0.9992154836654663
8167,3,3,1.0
8168,2,2,0.9999979734420776
8169,6,6,0.9999991655349731
8170,5,5,0.9991746544837952
8171,3,3,0.9999867677688599
8172,0,0,0.999987006187439
8173,7,7,0.9996923208236694
8174,2,2,0.9999563694000244
8175,7,7,0.999840497970581
8176,4,4,1.0
8177,6,6,0.9999785423278809
8178,4,4,0.9999972581863403
8179,0,0,0.9999960660934448
8180,5,5,0.999923586845398
8181,9,9,0.88368159532547
8182,9,9,0.9891015887260437
8183,8,8,0.999645471572876
8184,9,9,0.995530903339386
8185,5,5,0.9999759197235107
8186,3,3,1.0
8187,1,1,0.9997933506965637
8188,7,7,0.9980292916297913
8189,4,4,1.0
8190,7,7,0.9994489550590515
8191,6,6,0.9999969005584717
8192,5,5,0.9999914169311523
8193,4,4,0.9999608993530273
8194,0,0,0.998256266117096
8195,0,0,0.9999994039535522
8196,6,6,0.9995214939117432
8197,6,6,0.9997945427894592
8198,2,2,0.9985706806182861
8199,0,0,0.9997798800468445
8200,6,6,0.9999736547470093
8201,3,3,0.9999977350234985
8202,7,7,0.9999128580093384
8203,7,7,0.9999527931213379
8204,4,4,0.9999995231628418
8205,4,4,0.9999983310699463
8206,3,3,1.0
8207,9,9,0.9986611604690552
8208,2,2,0.9961147308349609
8209,8,8,0.9998936653137207
8210,9,9,0.9999184608459473
8211,6,6,0.999998927116394
8212,0,0,0.9999731779098511
8213,9,9,0.9999518394470215
8214,5,5,0.9999969005584717
8215,3,3,0.9999996423721313
8216,8,8,0.9999722242355347
8217,8,8,0.9999185800552368
8218,7,7,0.9992338418960571
8219,1,1,0.999057948589325
8220,4,4,0.9999974966049194
8221,0,0,0.9999792575836182
8222,4,4,1.0
8223,8,8,0.9999898672103882
8224,5,5,1.0
8225,2,2,0.9997935891151428
8226,3,3,0.9999597072601318
8227,9,9,0.9998227953910828
8228,0,0,0.9989892840385437
8229,1,1,0.9993313550949097
8230,9,9,0.9992027878761292
8231,1,1,0.9997110962867737
8232,5,5,0.9994475245475769
8233,1,1,0.9998959302902222
8234,7,7,0.998023509979248
8235,4,4,1.0
8236,8,8,0.9994200468063354
8237,6,6,0.999916672706604
8238,2,2,0.9999986886978149
8239,1,1,0.9951812624931335
8240,6,6,0.9998341798782349
8241,8,8,0.998763918876648
8242,8,8,0.9949040412902832
8243,0,0,0.9979269504547119
8244,1,1,0.9544013738632202
8245,2,2,0.9947994947433472
8246,3,3,0.9987064599990845
8247,4,4,0.9999980926513672
8248,7,7,0.9998779296875
8249,8,8,0.9999821186065674
8250,9,9,0.9996618032455444
8251,0,0,0.9999736547470093
8252,1,1,0.9996525049209595
8253,2,2,0.9996449947357178
8254,3,3,0.9998980760574341
8255,4,4,0.9988197684288025
8256,6,6,0.9999716281890869
8257,7,7,0.996269702911377
8258,8,8,0.9995630383491516
8259,9,9,0.9890646934509277
8260,0,0,0.9998658895492554
8261,1,1,0.9991556406021118
8262,2,2,0.9999526739120483
8263,3,3,0.9999716281890869
8264,4,4,0.9999912977218628
8265,7,7,0.9997056126594543
8266,8,8,0.9999995231628418
8267,9,9,0.8332958221435547
8268,1,1,0.9999829530715942
8269,4,4,0.9999961853027344
8270,5,5,0.9945133924484253
8271,3,3,0.9999991655349731
8272,3,3,0.9999871253967285
8273,0,0,0.9945507645606995
8274,9,9,0.9999018907546997
8275,5,5,0.8843526244163513
8276,4,4,0.9999854564666748
8277,3,3,0.9758238196372986
8278,0,0,0.9305817484855652
8279,8,8,0.9836559295654297
8280,4,4,0.9999964237213135
8281,6,6,0.9924054741859436
8282,7,7,0.9605889320373535
8283,0,0,0.9996726512908936
8284,7,7,0.9998610019683838
8285,7,7,0.9971100687980652
8286,1,1,0.9995594620704651
8287,6,6,0.9992095232009888
8288,9,9,0.9985402822494507
8289,1,1,0.9997243285179138
8290,3,3,0.9999523162841797
8291,6,6,0.9999914169311523
8292,2,2,0.9999955892562866
8293,3,3,0.9998419284820557
8294,8,8,0.9999998807907104
8295,2,2,0.9999773502349854
8296,3,3,0.9997120499610901
8297,8,8,0.9999978542327881
8298,9,9,0.9964943528175354
8299,5,5,0.9993036985397339
8300,8,8,1.0
8301,8,8,0.9999967813491821
8302,7,7,0.999993085861206
8303,1,1,0.9999170303344727
8304,7,7,0.9992414712905884
8305,1,1,0.9997112154960632
8306,1,1,0.999708354473114
8307,0,0,0.9999951124191284
8308,3,3,0.9964183568954468
8309,4,4,0.9999854564666748
8310,2,2,0.9980031847953796
8311,6,6,0.9998742341995239
8312,4,4,0.9999996423721313
8313,7,7,0.9909886717796326
8314,4,4,0.9999839067459106
8315,2,2,0.997840404510498
8316,7,2,0.6714134812355042
8317,4,4,0.999953031539917
8318,2,2,0.9999606609344482
8319,9,9,0.9996381998062134
8320,2,2,0.9976534247398376
8321,7,7,0.9991320967674255
8322,9,9,0.977212131023407
8323,2,2,0.9957616925239563
8324,1,1,0.9998849630355835
8325,0,0,0.7462694644927979
8326,6,6,0.9807301759719849
8327,5,5,0.9987626075744629
8328,3,3,1.0
8329,4,4,0.9999914169311523
8330,8,8,0.9978959560394287
8331,5,5,0.9981368780136108
8332,9,9,0.7175092697143555
8333,6,6,0.9999990463256836
8334,9,9,0.9721383452415466
8335,0,0,0.9996346235275269
8336,6,6,0.9999985694885254
8337,3,3,0.9999347925186157
8338,0,0,0.9998170733451843
8339,8,8,0.9783227443695068
8340,1,1,0.9994363188743591
8341,6,6,0.9999991655349731
8342,0,0,0.9999511241912842
8343,0,0,0.9998905658721924
8344,1,1,0.9997538924217224
8345,2,2,0.9999994039535522
8346,3,3,0.9999998807907104
8347,4,4,0.9999752044677734
8348,5,5,0.9999997615814209
8349,6,6,0.9999985694885254
8350,7,7,0.9999898672103882
8351,0,0,0.9992203712463379
8352,1,1,0.9996131062507629
8353,2,2,0.999990701675415
8354,3,3,0.9999834299087524
8355,4,4,0.9999997615814209
8356,7,7,0.9999834299087524
8357,8,8,0.9988844990730286
8358,9,9,0.9754911065101624
8359,0,0,0.9998573064804077
8360,1,1,0.996846616268158
8361,2,2,0.9999961853027344
8362,3,3,0.999944806098938
8363,4,4,0.9999982118606567
8364,7,7,0.9996918439865112
8365,2,2,1.0
8366,5,5,0.9999982118606567
8367,1,1,0.9994556307792664
8368,6,6,0.9999996423721313
8369,4,4,0.9999911785125732
8370,3,3,0.9999998807907104
8371,9,9,0.9995367527008057
8372,9,9,0.9979841709136963
8373,0,0,0.9998835325241089
8374,9,9,0.9678966999053955
8375,7,7,0.9878486394882202
8376,1,1,0.7634032964706421
8377,6,6,0.9999489784240723
8378,4,4,0.9998058676719666
8379,3,3,0.9999895095825195
8380,6,6,0.9999994039535522
8381,2,2,0.9998193383216858
8382,0,0,0.7450712323188782
8383,9,9,0.942416787147522
8384,8,8,0.9999994039535522
8385,6,6,0.9999986886978149
8386,5,5,0.9998962879180908
8387,7,7,0.9946718811988831
8388,0,0,0.9997789263725281
8389,0,0,0.9992620348930359
8390,1,1,0.9995204210281372
8391,7,7,0.9896194338798523
8392,4,4,0.9999860525131226
8393,3,3,0.9998887777328491
8394,2,2,0.9999970197677612
8395,4,4,0.9999997615814209
8396,1,1,0.9905869364738464
8397,3,3,0.9999556541442871
8398,7,7,0.9968538880348206
8399,6,6,0.9999992847442627
8400,4,4,0.9999998807907104
8401,7,7,0.9993553757667542
8402,7,7,0.9990297555923462
8403,7,7,0.9996970891952515
8404,9,9,0.9993101358413696
8405,8,8,0.9999151229858398
8406,4,4,0.986989438533783
8407,3,3,1.0
8408,8,8,0.5561317205429077
8409,2,2,0.9999918937683105
8410,8,8,0.9994726777076721
8411,3,3,0.9999861717224121
8412,5,5,0.9999653100967407
8413,8,8,0.9955522418022156
8414,0,0,0.9999474287033081
8415,5,5,0.9999690055847168
8416,4,4,0.9999961853027344
8417,7,7,0.9999959468841553
8418,1,1,0.999669075012207
8419,3,3,0.9999910593032837
8420,1,1,0.999915599822998
8421,7,7,0.9986483454704285
8422,9,9,0.9998853206634521
8423,6,6,0.9999878406524658
8424,2,2,1.0
8425,0,0,0.9995877146720886
8426,9,9,0.999855637550354
8427,1,1,0.9996345043182373
8428,7,7,0.9999998807907104
8429,3,3,0.9999995231628418
8430,3,3,0.9999980926513672
8431,9,9,0.9998806715011597
8432,1,1,0.9998983144760132
8433,6,6,0.9999995231628418
8434,4,4,1.0
8435,3,3,0.999987006187439
8436,9,9,0.9999611377716064
8437,8,8,0.9999551773071289
8438,2,2,1.0
8439,1,1,0.9998770952224731
8440,8,8,0.9999345541000366
8441,6,6,0.9999998807907104
8442,4,4,0.9973025321960449
8443,1,1,0.9996616840362549
8444,5,5,0.9998385906219482
8445,5,5,0.9999990463256836
8446,6,6,0.9999947547912598
8447,5,5,0.9999990463256836
8448,0,0,0.9999996423721313
8449,1,1,0.9986659288406372
8450,2,2,1.0
8451,3,3,0.9999994039535522
8452,4,4,0.9995020627975464
8453,5,5,0.9999741315841675
8454,6,6,1.0
8455,7,7,0.9999606609344482
8456,8,8,0.9999947547912598
8457,9,9,0.9999904632568359
8458,0,0,0.999998927116394
8459,1,1,0.9895199537277222
8460,2,2,0.9999998807907104
8461,3,3,0.9999998807907104
8462,4,4,0.9998672008514404
8463,5,5,0.9999788999557495
8464,6,6,0.9999892711639404
8465,7,7,0.9988881945610046
8466,8,8,0.9999978542327881
8467,9,9,0.9999797344207764
8468,0,0,0.9999974966049194
8469,1,1,0.8068355321884155
8470,2,2,0.9999682903289795
8471,3,3,0.9999966621398926
8472,4,4,0.9999409914016724
8473,5,5,0.999994158744812
8474,6,6,0.9999994039535522
8475,7,7,0.9994871616363525
8476,8,8,0.9999918937683105
8477,9,9,0.9995478987693787
8478,6,6,0.9999986886978149
8479,9,9,0.9997867941856384
8480,7,7,0.9999934434890747
8481,0,0,1.0
8482,2,2,0.9998677968978882
8483,3,3,0.9999469518661499
8484,4,4,0.9999715089797974
8485,3,3,0.9997875094413757
8486,8,8,0.9952634572982788
8487,5,5,0.999998927116394
8488,1,1,0.9992127418518066
8489,3,3,0.9999927282333374
8490,0,0,0.99988853931427
8491,1,1,0.8961312770843506
8492,2,2,0.9999982118606567
8493,1,1,0.9707119464874268
8494,3,3,0.9999932050704956
8495,2,2,0.9970729351043701
8496,0,0,0.9999977350234985
8497,7,7,0.998244047164917
8498,2,2,0.9996943473815918
8499,6,6,0.9999997615814209
8500,4,4,0.9999995231628418
8501,0,0,0.9997759461402893
8502,5,5,0.9945405125617981
8503,9,9,0.9994511008262634
8504,9,9,0.9744418263435364
8505,8,8,0.9987508058547974
8506,9,9,0.9999544620513916
8507,5,5,0.9999698400497437
8508,3,3,0.9981843829154968
8509,1,1,0.43984487652778625
8510,7,7,0.993498682975769
8511,4,4,0.9999784231185913
8512,7,7,0.998551070690155
8513,0,0,0.9999021291732788
8514,0,0,0.9999990463256836
8515,6,6,0.9999778270721436
8516,6,6,0.9999955892562866
8517,6,6,0.9999948740005493
8518,3,3,0.9999991655349731
8519,7,7,0.993274450302124
8520,4,4,0.9480272531509399
8521,2,2,0.9999133348464966
8522,8,8,0.9874609112739563
8523,9,9,0.9972489476203918
8524,8,8,0.999969482421875
8525,7,7,0.9973674416542053
8526,1,1,0.9876642823219299
8527,4,4,0.3344288766384125
8528,0,0,0.9999997615814209
8529,4,4,0.9999792575836182
8530,8,8,0.9985746145248413
8531,5,5,0.9999419450759888
8532,2,2,0.999876856803894
8533,3,3,0.9999985694885254
8534,9,9,0.9999516010284424
8535,0,0,0.9999998807907104
8536,1,1,0.9978366494178772
8537,9,9,0.9999858140945435
8538,1,1,0.9738447666168213
8539,5,5,0.9983062744140625
8540,1,1,0.9970082640647888
8541,7,7,0.997858464717865
8542,6,6,0.9999223947525024
8543,1,1,0.9985585808753967
8544,2,2,0.9999432563781738
8545,1,1,0.9867282509803772
8546,6,6,0.999934196472168
8547,8,8,0.9999986886978149
8548,0,0,0.9999994039535522
8549,1,1,0.9912227392196655
8550,2,2,0.9999879598617554
8551,3,3,1.0
8552,4,4,0.9999959468841553
8553,5,5,0.999618649482727
8554,6,6,0.9999938011169434
8555,7,7,0.999998927116394
8556,8,8,0.9999982118606567
8557,9,9,0.9999728202819824
8558,0,0,0.9999833106994629
8559,1,1,0.9998359680175781
8560,2,2,1.0
8561,3,3,0.999997615814209
8562,4,4,0.9999997615814209
8563,5,5,0.999996542930603
8564,6,6,0.9999449253082275
8565,7,7,0.9984941482543945
8566,8,8,0.9999996423721313
8567,0,0,0.9999997615814209
8568,1,1,0.9995852112770081
8569,2,2,0.9999997615814209
8570,3,3,1.0
8571,5,5,0.9999548196792603
8572,6,6,0.9999997615814209
8573,7,7,0.9999997615814209
8574,8,8,0.9999992847442627
8575,1,1,0.999638557434082
8576,0,0,0.9999960660934448
8577,4,4,0.9999823570251465
8578,5,5,0.9999611377716064
8579,6,6,0.999998927116394
8580,6,6,0.9999918937683105
8581,3,3,0.9999992847442627
8582,4,4,0.9999991655349731
8583,4,4,0.9999980926513672
8584,2,2,0.999833345413208
8585,8,8,0.9999964237213135
8586,1,1,0.9999555349349976
8587,0,0,0.9999955892562866
8588,6,6,0.9999994039535522
8589,4,4,0.9999998807907104
8590,9,9,0.9999420642852783
8591,7,7,0.9998881816864014
8592,2,2,0.9999974966049194
8593,9,9,0.9996515512466431
8594,2,2,0.9995589852333069
8595,0,0,0.9999892711639404
8596,9,9,0.9995458722114563
8597,3,3,0.9999814033508301
8598,3,3,0.999984860420227
8599,9,9,0.9999301433563232
8600,1,1,0.9998843669891357
8601,5,5,0.9999202489852905
8602,2,2,0.9999995231628418
8603,3,3,0.9999072551727295
8604,1,1,0.9998114705085754
8605,6,6,0.9999979734420776
8606,7,7,0.9998494386672974
8607,3,3,0.9999004602432251
8608,7,7,0.9995755553245544
8609,8,8,0.9999949932098389
8610,4,4,0.9999916553497314
8611,0,0,0.9999747276306152
8612,2,2,0.9999997615814209
8613,4,4,0.9999997615814209
8614,0,0,0.9999243021011353
8615,2,2,0.9997649788856506
8616,4,4,0.9999572038650513
8617,7,7,0.999767005443573
8618,8,8,0.9999932050704956
8619,0,0,0.9999996423721313
8620,7,7,0.9998750686645508
8621,0,0,0.9999972581863403
8622,6,6,0.9999949932098389
8623,9,9,0.9993152618408203
8624,3,3,0.9999943971633911
8625,2,2,0.9999998807907104
8626,4,4,0.9999974966049194
8627,8,8,0.9999953508377075
8628,6,6,0.999916672706604
8629,0,0,0.9999819993972778
8630,5,5,0.9999911785125732
8631,7,7,0.9987761378288269
8632,5,5,0.9999901056289673
8633,1,1,0.9997135996818542
8634,0,0,0.999983549118042
8635,8,8,0.9999984502792358
8636,1,1,0.9961430430412292
8637,6,6,0.9999699592590332
8638,7,7,0.9998512268066406
8639,2,2,0.9999995231628418
8640,9,9,0.9996150732040405
8641,7,7,0.9999788999557495
8642,9,9,0.9999663829803467
8643,5,5,0.9999873638153076
8644,6,6,0.9999853372573853
8645,5,5,0.9999768733978271
8646,2,2,0.9999995231628418
8647,6,6,0.9999881982803345
8648,2,2,0.9999996423721313
8649,8,8,0.9999985694885254
8650,1,1,0.9970592260360718
8651,7,7,0.9999256134033203
8652,5,5,0.9999126195907593
8653,5,5,0.677912175655365
8654,7,7,0.9995855689048767
8655,3,3,0.9999997615814209
8656,5,5,0.9997275471687317
8657,0,0,0.9999946355819702
8658,1,1,0.9998961687088013
8659,1,1,0.9999103546142578
8660,3,3,0.9999998807907104
8661,8,8,0.9999921321868896
8662,4,4,1.0
8663,9,9,0.9998781681060791
8664,4,4,0.99993896484375
8665,5,5,0.9992296695709229
8666,1,1,0.9999072551727295
8667,8,8,0.9999566078186035
8668,6,6,0.9999852180480957
8669,8,8,0.9999998807907104
8670,9,9,0.9998295307159424
8671,0,0,0.9999897480010986
8672,1,1,0.9998712539672852
8673,2,2,0.9999947547912598
8674,3,3,0.9999939203262329
8675,4,4,1.0
8676,5,5,0.9999995231628418
8677,6,6,0.9999990463256836
8678,7,7,0.9986898303031921
8679,8,8,0.9998722076416016
8680,9,9,0.9999188184738159
8681,0,0,0.999943733215332
8682,1,1,0.9998569488525391
8683,2,2,0.9999990463256836
8684,3,3,0.9999369382858276
8685,4,4,0.9999995231628418
8686,5,5,0.9999793767929077
8687,6,6,0.9999995231628418
8688,7,7,0.9993582367897034
8689,8,8,0.9999953508377075
8690,9,9,0.9998264908790588
8691,0,0,0.9999945163726807
8692,1,1,0.9997910857200623
8693,2,2,0.9999902248382568
8694,3,3,0.9999997615814209
8695,4,4,0.9999998807907104
8696,5,5,0.9999997615814209
8697,6,6,0.9999998807907104
8698,7,7,0.999555766582489
8699,8,8,0.9999821186065674
8700,9,9,0.9981448650360107
8701,3,3,0.9999996423721313
8702,5,5,0.9999905824661255
8703,3,3,0.999997615814209
8704,2,2,0.9999990463256836
8705,9,9,0.9998706579208374
8706,3,3,0.9999874830245972
8707,2,2,0.9999995231628418
8708,1,1,0.9997974038124084
8709,4,4,0.9999992847442627
8710,5,5,0.9999914169311523
8711,5,5,0.9999951124191284
8712,2,2,0.9999997615814209
8713,3,3,0.9999856948852539
8714,2,2,0.9999943971633911
8715,1,1,0.9998007416725159
8716,3,3,0.9999984502792358
8717,9,9,0.9996305704116821
8718,7,7,0.9985465407371521
8719,2,2,0.9999994039535522
8720,1,1,0.9998575448989868
8721,2,2,0.9999980926513672
8722,8,8,0.999994158744812
8723,9,9,0.9997431635856628
8724,1,1,0.9998283386230469
8725,8,8,0.9999665021896362
8726,8,8,0.9999712705612183
8727,7,7,0.9997629523277283
8728,8,8,0.9998643398284912
8729,1,1,0.9987686276435852
8730,0,0,0.9999957084655762
8731,0,0,0.9999929666519165
8732,6,6,0.9999998807907104
8733,7,7,0.99952232837677
8734,7,7,0.9999284744262695
8735,8,8,0.9995290040969849
8736,7,7,0.989355206489563
8737,5,5,0.9999967813491821
8738,0,0,0.9995672106742859
8739,6,6,0.9999995231628418
8740,1,1,0.9998998641967773
8741,5,5,0.999977707862854
8742,7,2,0.6116505861282349
8743,4,4,0.9999998807907104
8744,6,6,0.9999912977218628
8745,1,1,0.9998571872711182
8746,2,2,0.9999997615814209
8747,5,5,0.9999971389770508
8748,0,0,0.9999223947525024
8749,7,7,0.9999312162399292
8750,9,9,0.9998950958251953
8751,9,9,0.9999573230743408
8752,0,0,0.9999279975891113
8753,3,3,0.9999980926513672
8754,4,4,0.9999998807907104
8755,4,4,1.0
8756,8,8,0.9994939565658569
8757,4,4,0.9999998807907104
8758,1,1,0.9998472929000854
8759,8,8,0.9997596144676208
8760,6,6,0.9999921321868896
8761,5,5,0.9999958276748657
8762,9,9,0.9998481273651123
8763,0,0,0.9999885559082031
8764,0,0,0.9999880790710449
8765,0,0,0.9999347925186157
8766,3,3,0.9999939203262329
8767,7,7,0.9998257756233215
8768,1,1,0.9998173117637634
8769,6,6,0.999994158744812
8770,4,4,0.9999992847442627
8771,6,6,0.9999970197677612
8772,0,0,0.9999788999557495
8773,4,4,1.0
8774,5,5,0.9999983310699463
8775,4,4,0.9999998807907104
8776,1,1,0.9995505213737488
8777,3,3,0.9999983310699463
8778,8,8,0.9999368190765381
8779,6,6,0.9999991655349731
8780,3,3,1.0
8781,9,9,0.9954833984375
8782,9,9,0.9991845488548279
8783,5,5,0.9999995231628418
8784,9,9,0.9999703168869019
8785,3,3,0.9999979734420776
8786,7,7,0.9999889135360718
8787,8,8,0.9996436834335327
8788,5,5,0.9998626708984375
8789,6,6,0.9999988079071045
8790,4,4,1.0
8791,7,7,0.9990295171737671
8792,6,6,0.9999998807907104
8793,2,2,0.9999991655349731
8794,2,2,0.9999997615814209
8795,0,0,0.9999152421951294
8796,9,9,0.9999418258666992
8797,4,4,1.0
8798,0,0,0.9999994039535522
8799,1,1,0.9992515444755554
8800,2,2,1.0
8801,3,3,0.9999998807907104
8802,4,4,1.0
8803,5,5,0.9999982118606567
8804,6,6,0.9999955892562866
8805,7,7,0.9994470477104187
8806,8,8,0.9977865219116211
8807,9,9,0.9993857145309448
8808,0,0,0.9999756813049316
8809,1,1,0.9998468160629272
8810,2,2,0.9999957084655762
8811,3,3,0.9999998807907104
8812,4,4,1.0
8813,5,5,1.0
8814,6,6,0.9999856948852539
8815,7,7,0.9998379945755005
8816,8,8,0.9993773102760315
8817,9,9,0.9998003840446472
8818,0,0,0.9999939203262329
8819,1,1,0.9998846054077148
8820,2,2,0.9999994039535522
8821,3,3,1.0
8822,4,4,1.0
8823,5,5,0.9999332427978516
8824,6,6,0.999996542930603
8825,7,7,0.9978933930397034
8826,8,8,0.996965229511261
8827,9,9,0.9985995888710022
8828,6,6,0.9999994039535522
8829,4,4,0.999998927116394
8830,2,2,0.9999994039535522
8831,6,6,0.9999990463256836
8832,4,4,0.9999996423721313
8833,7,7,0.9997736811637878
8834,5,5,0.9999988079071045
8835,5,5,1.0
8836,4,4,0.9999996423721313
8837,7,7,0.9998725652694702
8838,2,2,1.0
8839,9,9,0.9998372793197632
8840,3,3,1.0
8841,9,9,0.9999587535858154
8842,3,3,1.0
8843,8,8,0.9997132420539856
8844,2,2,0.9999995231628418
8845,0,0,0.999982476234436
8846,9,9,0.999763548374176
8847,5,5,0.9974834322929382
8848,6,6,0.9999808073043823
8849,0,0,0.9999469518661499
8850,1,1,0.9999517202377319
8851,0,0,0.9999936819076538
8852,6,6,0.9999974966049194
8853,5,5,0.9999802112579346
8854,3,3,1.0
8855,5,5,0.9999998807907104
8856,3,3,1.0
8857,8,8,0.9999021291732788
8858,0,0,0.9999964237213135
8859,0,0,0.9999672174453735
8860,3,3,1.0
8861,4,4,0.9999998807907104
8862,1,1,0.9997856020927429
8863,5,5,0.9999856948852539
8864,3,3,0.9999998807907104
8865,0,0,0.9999887943267822
8866,8,8,0.9998026490211487
8867,3,3,0.9999990463256836
8868,0,0,0.9999749660491943
8869,6,6,0.9999939203262329
8870,2,2,0.9999996423721313
8871,7,7,0.9999697208404541
8872,8,8,0.9999337196350098
8873,1,1,0.9993791580200195
8874,7,7,0.9995701909065247
8875,1,1,0.9998434782028198
8876,3,3,1.0
8877,8,8,0.9999808073043823
8878,5,5,0.9999921321868896
8879,4,4,0.9999998807907104
8880,2,2,1.0
8881,0,0,0.9999810457229614
8882,9,9,0.9896933436393738
8883,7,7,0.9999979734420776
8884,6,6,0.9999998807907104
8885,7,7,0.9983880519866943
8886,4,4,0.9999966621398926
8887,1,1,0.9998618364334106
8888,6,6,0.9999973773956299
8889,2,2,0.995274543762207
8890,6,6,0.9999263286590576
8891,7,7,0.9997654557228088
8892,1,1,0.999969482421875
8893,9,9,0.9999793767929077
8894,8,8,0.9999792575836182
8895,0,0,0.9999921321868896
8896,6,6,0.9999868869781494
8897,9,9,0.9888100028038025
8898,4,4,0.9999998807907104
8899,9,9,0.9997950196266174
8900,9,9,0.9998621940612793
8901,6,6,0.9999338388442993
8902,2,2,0.9999997615814209
8903,3,3,1.0
8904,7,7,0.9999654293060303
8905,1,1,0.999859094619751
8906,9,9,0.996705949306488
8907,2,2,0.9999884366989136
8908,2,2,0.9998975992202759
8909,5,5,0.9999998807907104
8910,3,3,0.9999998807907104
8911,7,7,0.9992824196815491
8912,8,8,0.9983065128326416
8913,0,0,0.9913352131843567
8914,1,1,0.9982249140739441
8915,2,2,0.9999991655349731
8916,3,3,0.9999995231628418
8917,4,4,0.9999980926513672
8918,7,7,0.9999912977218628
8919,8,8,0.9999983310699463
8920,9,9,0.9999879598617554
8921,0,0,0.9999598264694214
8922,1,1,0.9998736381530762
8923,2,2,0.9999746084213257
8924,3,3,0.9999996423721313
8925,4,4,1.0
8926,7,7,0.999995231628418
8927,8,8,0.9999833106994629
8928,9,9,0.9998681545257568
8929,0,0,0.9996720552444458
8930,1,1,0.9997087121009827
8931,7,7,0.9999322891235352
8932,8,8,0.9999443292617798
8933,9,9,0.9998130202293396
8934,8,8,0.9999934434890747
8935,9,9,0.9999954700469971
8936,2,2,0.9999995231628418
8937,6,6,0.9999997615814209
8938,1,1,0.9994698166847229
8939,3,3,0.9999997615814209
8940,5,5,0.9999924898147583
8941,4,4,0.999995231628418
8942,8,8,0.9999690055847168
8943,2,2,0.9999499320983887
8944,6,6,0.9999246597290039
8945,4,4,0.9999951124191284
8946,3,3,1.0
8947,4,4,0.9999998807907104
8948,5,5,0.9988328814506531
8949,9,9,0.999974250793457
8950,2,2,0.9999959468841553
8951,0,0,0.9997264742851257
8952,3,3,0.9986227750778198
8953,9,9,0.9995658993721008
8954,4,4,0.9999035596847534
8955,9,9,0.9998961687088013
8956,7,7,0.9991377592086792
8957,3,3,0.9999998807907104
8958,8,8,0.9999942779541016
8959,7,7,0.9999574422836304
8960,4,4,0.9999998807907104
8961,4,4,0.9999929666519165
8962,9,9,0.9995588660240173
8963,8,8,0.9993959665298462
8964,5,5,0.9999467134475708
8965,8,8,0.9999990463256836
8966,2,2,0.9999997615814209
8967,6,6,0.9999549388885498
8968,6,6,0.9999994039535522
8969,2,2,0.9999994039535522
8970,3,3,0.9999995231628418
8971,1,1,0.9995433688163757
8972,3,3,0.9999998807907104
8973,2,2,0.9999527931213379
8974,7,7,0.9999724626541138
8975,3,3,0.9999896287918091
8976,1,1,0.9987939596176147
8977,9,9,0.9999206066131592
8978,0,0,0.9999688863754272
8979,1,1,0.9998801946640015
8980,1,1,0.9999575614929199
8981,3,3,0.9999929666519165
8982,5,5,0.9995098114013672
8983,0,0,0.9988929629325867
8984,7,7,0.9998506307601929
8985,8,8,0.9999997615814209
8986,1,1,0.9999010562896729
8987,5,5,0.9999985694885254
8988,1,1,0.9997215867042542
8989,4,4,1.0
8990,6,6,0.9999982118606567
8991,0,0,0.9999955892562866
8992,0,0,0.9999974966049194
8993,4,4,0.999998927116394
8994,9,9,0.9998877048492432
8995,1,1,0.9998356103897095
8996,6,6,0.9999966621398926
8997,6,6,0.9999897480010986
8998,9,9,0.9999758005142212
8999,0,0,0.9993411898612976
9000,7,7,0.9999721050262451
9001,6,6,0.9999996423721313
9002,1,1,0.9994422793388367
9003,1,1,0.9996776580810547
9004,0,0,0.9997169375419617
9005,1,1,0.9999451637268066
9006,2,2,0.9999967813491821
9007,3,3,0.9999995231628418
9008,4,4,0.9999939203262329
9009,7,2,0.8632827401161194
9010,2,2,0.9998565912246704
9011,3,3,0.9999974966049194
9012,4,4,0.9773350954055786
9013,5,5,0.9994246959686279
9014,6,6,0.9986745119094849
9015,7,2,0.5794766545295715
9016,0,0,0.9746297597885132
9017,1,1,0.9999368190765381
9018,2,2,0.9999202489852905
9019,7,7,0.8864371180534363
9020,8,8,0.9999864101409912
9021,6,6,0.9999996423721313
9022,3,3,0.9999701976776123
9023,9,9,0.9993886947631836
9024,7,7,0.9887082576751709
9025,1,1,0.9630470871925354
9026,9,9,0.9998258948326111
9027,3,3,0.9999983310699463
9028,9,9,0.9944857954978943
9029,6,6,0.9999091625213623
9030,1,1,0.9998113512992859
9031,7,7,0.9999953508377075
9032,2,2,0.9998078942298889
9033,4,4,0.9999991655349731
9034,4,4,1.0
9035,5,5,0.9988999366760254
9036,7,7,0.9946709275245667
9037,0,0,0.9998780488967896
9038,0,0,0.9947351217269897
9039,1,1,0.999737560749054
9040,6,6,0.999594509601593
9041,6,6,0.9999914169311523
9042,8,8,0.9999929666519165
9043,2,2,0.997879147529602
9044,7,7,0.9974802136421204
9045,7,7,0.99998939037323
9046,2,2,0.999496340751648
9047,4,4,0.9999998807907104
9048,2,2,0.9999995231628418
9049,1,1,0.999901533126831
9050,6,6,0.9998800754547119
9051,1,1,0.9324092268943787
9052,0,0,0.9991336464881897
9053,6,6,0.9999986886978149
9054,9,9,0.9708591103553772
9055,8,8,0.9999974966049194
9056,3,3,0.999998927116394
9057,9,9,0.9639778137207031
9058,6,6,0.9999988079071045
9059,3,3,0.9999991655349731
9060,0,0,0.9999988079071045
9061,1,1,0.9365682005882263
9062,2,2,0.999982476234436
9063,3,3,0.9999903440475464
9064,4,4,1.0
9065,5,5,0.9999998807907104
9066,6,6,0.9999990463256836
9067,7,7,0.9999996423721313
9068,8,8,0.9999717473983765
9069,9,9,0.9996659755706787
9070,0,0,0.999953031539917
9071,1,8,0.7982451319694519
9072,2,2,0.999998927116394
9073,3,3,0.9999700784683228
9074,4,4,0.9999858140945435
9075,5,5,0.9999996423721313
9076,6,6,0.9999862909317017
9077,7,7,0.9999998807907104
9078,8,8,0.9999977350234985
9079,9,9,0.9999291896820068
9080,0,0,0.9999885559082031
9081,1,1,0.9964014291763306
9082,2,2,0.9999716281890869
9083,3,3,0.9999991655349731
9084,4,4,0.9998044371604919
9085,5,5,0.9999793767929077
9086,6,6,0.9999887943267822
9087,7,7,0.9999995231628418
9088,8,8,0.9999707937240601
9089,9,9,0.9994766116142273
9090,1,1,0.99962317943573
9091,6,6,0.9999997615814209
9092,8,8,0.9999767541885376
9093,9,9,0.9996317625045776
9094,9,9,0.9994458556175232
9095,0,0,0.9999892711639404
9096,1,1,0.9994214773178101
9097,2,2,0.9999994039535522
9098,4,4,0.9995336532592773
9099,4,4,0.999998927116394
9100,3,3,0.9999995231628418
9101,7,7,0.9999912977218628
9102,4,4,0.9999966621398926
9103,4,4,0.9937412142753601
9104,4,4,0.9999982118606567
9105,0,0,0.9998050332069397
9106,3,3,1.0
9107,8,8,0.9999955892562866
9108,7,7,1.0
9109,5,5,1.0
9110,8,8,0.9996718168258667
9111,2,2,0.9999996423721313
9112,1,1,0.8839653730392456
9113,7,7,0.9999988079071045
9114,5,5,0.9999964237213135
9115,3,3,0.9999988079071045
9116,8,8,0.9999880790710449
9117,5,5,0.9998513460159302
9118,2,2,0.9999829530715942
9119,5,5,0.9999986886978149
9120,1,1,0.9998149275779724
9121,1,1,0.999714195728302
9122,6,6,0.9999914169311523
9123,2,2,0.9996925592422485
9124,1,1,0.9998962879180908
9125,3,3,1.0
9126,8,8,0.999864935874939
9127,6,6,0.9999784231185913
9128,4,4,0.9814768433570862
9129,2,2,0.9999990463256836
9130,6,6,0.9997256398200989
9131,2,2,0.9999995231628418
9132,5,5,0.9999998807907104
9133,5,5,0.999996542930603
9134,0,0,0.9999493360519409
9135,2,2,0.9999998807907104
9136,8,8,0.9999804496765137
9137,0,0,0.9999724626541138
9138,6,6,0.9999996423721313
9139,8,8,0.999789297580719
9140,1,1,0.999464213848114
9141,7,7,0.9999973773956299
9142,9,9,0.9998648166656494
9143,1,1,0.9999277591705322
9144,9,9,0.9998584985733032
9145,2,2,0.9999983310699463
9146,6,6,0.9999982118606567
9147,7,7,1.0
9148,6,6,0.9999873638153076
9149,6,6,0.999969482421875
9150,8,8,0.9994102716445923
9151,7,7,0.9999997615814209
9152,4,4,0.9999994039535522
9153,9,9,0.9923034906387329
9154,2,2,0.9999992847442627
9155,1,1,0.9942736029624939
9156,3,3,0.9999996423721313
9157,3,3,0.9999998807907104
9158,0,0,0.9963884353637695
9159,5,5,0.9999991655349731
9160,5,5,1.0
9161,8,8,0.9999868869781494
9162,0,0,0.9998712539672852
9163,3,3,0.9971444010734558
9164,7,7,0.9999998807907104
9165,9,9,0.9990285634994507
9166,7,7,0.9999998807907104
9167,0,0,0.9999779462814331
9168,2,2,0.999813973903656
9169,7,7,0.9999991655349731
9170,9,9,0.9965270161628723
9171,1,1,0.9982499480247498
9172,7,7,0.9999991655349731
9173,8,8,0.9999668598175049
9174,0,0,0.9999741315841675
9175,3,3,0.9999662637710571
9176,5,5,1.0
9177,3,3,0.9999849796295166
9178,6,6,0.9999995231628418
9179,0,0,0.9998703002929688
9180,1,1,0.9997847676277161
9181,2,2,0.999969482421875
9182,3,3,1.0
9183,4,4,0.9999970197677612
9184,5,5,0.9999948740005493
9185,6,6,0.9999879598617554
9186,7,7,0.9998674392700195
9187,8,8,0.9999723434448242
9188,9,9,0.9964117407798767
9189,0,0,0.9999382495880127
9190,1,1,0.9999381303787231
9191,2,2,0.9999970197677612
9192,3,3,0.9999992847442627
9193,4,4,1.0
9194,5,5,0.9998213648796082
9195,6,6,0.9999926090240479
9196,7,7,0.9998817443847656
9197,8,8,0.9999516010284424
9198,9,9,0.9998412132263184
9199,0,0,0.9943745136260986
9200,1,1,0.9996566772460938
9201,2,2,0.9999920129776001
9202,3,3,0.999967098236084
9203,4,4,0.9999991655349731
9204,7,7,0.9999135732650757
9205,8,8,0.9960498213768005
9206,9,9,0.999885082244873
9207,6,6,0.9999372959136963
9208,4,4,0.9992491602897644
9209,2,2,0.9999977350234985
9210,6,6,0.9969792366027832
9211,4,4,0.9996448755264282
9212,7,7,0.999961256980896
9213,8,8,0.9999402761459351
9214,9,9,0.9996806383132935
9215,2,2,0.9999974966049194
9216,9,9,0.9991083741188049
9217,3,3,0.9999356269836426
9218,9,9,0.9978804588317871
9219,3,3,0.9999983310699463
9220,0,0,0.99998939037323
9221,0,0,0.999962568283081
9222,1,1,0.999880313873291
9223,0,0,0.9982701539993286
9224,4,4,0.999919056892395
9225,2,2,0.9999438524246216
9226,6,6,0.9999700784683228
9227,3,3,0.9998900890350342
9228,5,5,0.9999599456787109
9229,3,3,0.9999990463256836
9230,0,0,0.9999830722808838
9231,3,3,0.9999998807907104
9232,4,4,0.9999994039535522
9233,1,1,0.9998401403427124
9234,5,5,0.9999918937683105
9235,3,3,0.9999998807907104
9236,0,0,0.9999775886535645
9237,8,8,0.9999014139175415
9238,3,3,0.9999648332595825
9239,0,0,0.9998859167098999
9240,6,6,0.9991204142570496
9241,1,1,0.9999184608459473
9242,7,7,0.9999885559082031
9243,8,8,0.9998468160629272
9244,0,0,0.9999796152114868
9245,9,9,0.9993460774421692
9246,2,2,0.9999980926513672
9247,6,6,0.99974125623703
9248,7,7,0.999314546585083
9249,1,1,0.9999444484710693
9250,9,9,0.9996461868286133
9251,6,6,0.9999852180480957
9252,9,9,0.9982686042785645
9253,4,4,0.9999825954437256
9254,9,9,0.9986451268196106
9255,9,9,0.999200165271759
9256,6,6,0.999902606010437
9257,7,7,0.9960173964500427
9258,1,1,0.9999202489852905
9259,2,2,0.9999892711639404
9260,5,5,0.9999865293502808
9261,3,3,0.9999998807907104
9262,7,7,0.9995790123939514
9263,8,8,0.9999892711639404
9264,0,0,0.9999164342880249
9265,1,1,0.9987227320671082
9266,2,2,0.9998120665550232
9267,4,4,0.9999992847442627
9268,5,5,0.9999992847442627
9269,6,6,0.999998927116394
9270,7,7,0.9999250173568726
9271,8,8,0.9999992847442627
9272,9,9,0.9999680519104004
9273,0,0,0.9999829530715942
9274,1,1,0.9998025298118591
9275,3,3,0.9999629259109497
9276,4,4,1.0
9277,5,5,0.9999983310699463
9278,6,6,0.9999997615814209
9279,7,7,0.9999972581863403
9280,8,8,0.9901347756385803
9281,0,0,0.9976365566253662
9282,1,1,0.9985148310661316
9283,3,3,0.9999979734420776
9284,4,4,0.9999997615814209
9285,7,7,0.9999825954437256
9286,8,8,0.9999977350234985
9287,9,9,0.9994626641273499
9288,7,7,0.9999473094940186
9289,5,5,0.9999991655349731
9290,5,5,0.9999585151672363
9291,1,1,0.9990679621696472
9292,9,9,0.9999525547027588
9293,9,9,0.9979329109191895
9294,7,7,0.9999985694885254
9295,1,1,0.9997065663337708
9296,0,0,0.9998829364776611
9297,0,0,0.9999479055404663
9298,5,5,0.9999929666519165
9299,9,9,0.9999567270278931
9300,7,7,0.999997615814209
9301,1,1,0.9955472946166992
9302,7,7,0.9999914169311523
9303,2,2,0.999786913394928
9304,2,2,0.9996970891952515
9305,3,3,0.9999845027923584
9306,6,6,1.0
9307,8,8,0.9999992847442627
9308,3,3,0.9991113543510437
9309,2,2,0.996405839920044
9310,0,0,0.9994224309921265
9311,0,0,0.9999754428863525
9312,6,6,0.9999994039535522
9313,1,1,0.9993651509284973
9314,7,7,0.9999663829803467
9315,5,5,0.9999560117721558
9316,8,8,0.9941348433494568
9317,6,6,0.9999998807907104
9318,2,2,0.9976309537887573
9319,9,9,0.9995567202568054
9320,4,4,0.9993292093276978
9321,8,8,0.9999165534973145
9322,8,8,0.9999724626541138
9323,7,7,0.9999998807907104
9324,1,1,0.9986361861228943
9325,0,0,0.999909520149231
9326,8,8,0.9999212026596069
9327,7,7,0.9999959468841553
9328,7,7,0.9999963045120239
9329,5,5,0.9999996423721313
9330,8,8,0.9999772310256958
9331,5,5,0.9997106194496155
9332,3,3,0.9999668598175049
9333,4,4,0.9999881982803345
9334,6,6,0.9999990463256836
9335,1,1,0.9986675977706909
9336,1,1,0.9994088411331177
9337,5,5,0.9998596906661987
9338,5,5,0.9999703168869019
9339,0,0,0.9999818801879883
9340,7,7,0.9995627999305725
9341,2,2,0.9995725750923157
9342,3,3,0.9989804625511169
9343,6,6,0.9999991655349731
9344,4,4,0.9999978542327881
9345,1,1,0.9997374415397644
9346,2,2,0.999316930770874
9347,4,4,0.9999996423721313
9348,1,1,0.9998170733451843
9349,5,5,0.9999986886978149
9350,4,4,0.9998555183410645
9351,2,2,0.9999388456344604
9352,0,0,0.9999845027923584
9353,4,4,0.9999916553497314
9354,8,8,0.9999867677688599
9355,6,6,0.9999998807907104
9356,1,1,0.9983739852905273
9357,9,9,0.9996588230133057
9358,0,0,0.9999918937683105
9359,2,2,0.9999992847442627
9360,5,5,0.9999933242797852
9361,6,6,0.9999986886978149
9362,9,9,0.9999020099639893
9363,3,3,0.9999852180480957
9364,6,6,0.9999996423721313
9365,3,3,0.9999997615814209
9366,6,6,0.9999996423721313
9367,0,0,0.9999991655349731
9368,1,1,0.9997307658195496
9369,2,2,0.9999854564666748
9370,3,3,0.9999986886978149
9371,4,4,0.9999980926513672
9372,5,5,0.9999442100524902
9373,6,6,0.9999998807907104
9374,7,7,0.9999973773956299
9375,8,8,0.9994062185287476
9376,9,9,0.9999921321868896
9377,0,0,0.9999988079071045
9378,1,1,0.999039351940155
9379,2,2,0.9999992847442627
9380,3,3,0.9999961853027344
9381,4,4,0.9999959468841553
9382,5,5,0.9997825026512146
9383,6,6,0.9999991655349731
9384,7,7,0.9999904632568359
9385,8,8,0.9820173382759094
9386,9,9,0.9997901320457458
9387,0,0,0.9999892711639404
9388,1,1,0.9989991784095764
9389,2,2,1.0
9390,3,3,0.9999979734420776
9391,5,5,0.9999982118606567
9392,6,6,1.0
9393,7,7,0.9999969005584717
9394,8,8,0.9999957084655762
9395,1,1,0.9995841383934021
9396,0,0,0.9999979734420776
9397,9,9,0.9999290704727173
9398,5,5,0.9998080134391785
9399,7,7,1.0
9400,5,5,0.9999569654464722
9401,1,1,0.9992659687995911
9402,8,8,0.9999982118606567
9403,6,6,0.9999997615814209
9404,9,9,0.9999837875366211
9405,0,0,0.9999998807907104
9406,4,4,0.9999972581863403
9407,1,1,0.9978957176208496
9408,9,9,0.9999957084655762
9409,3,3,0.9999979734420776
9410,8,8,0.9999212026596069
9411,4,4,0.9999990463256836
9412,4,4,1.0
9413,7,7,0.9999282360076904
9414,0,0,0.9999935626983643
9415,1,1,0.9997265934944153
9416,9,9,0.9998899698257446
9417,2,2,0.9999991655349731
9418,8,8,0.9999904632568359
9419,7,7,0.9999983310699463
9420,8,8,0.9999988079071045
9421,2,2,0.999915599822998
9422,5,5,0.9995786547660828
9423,9,9,0.9971911311149597
9424,6,6,1.0
9425,0,0,0.9999549388885498
9426,6,6,0.9999798536300659
9427,5,5,0.9999904632568359
9428,5,5,0.9999938011169434
9429,3,3,0.9999988079071045
9430,3,3,0.999984622001648
9431,3,3,0.9999998807907104
9432,9,9,0.9999915361404419
9433,8,8,0.9973450303077698
9434,1,1,0.9998267292976379
9435,1,1,0.9996974468231201
9436,0,0,0.9999064207077026
9437,6,6,0.9999998807907104
9438,1,1,0.9984531402587891
9439,0,0,0.9999974966049194
9440,0,0,0.9999797344207764
9441,6,6,0.9999970197677612
9442,2,2,0.9999982118606567
9443,1,1,0.9989639520645142
9444,1,1,0.998816728591919
9445,3,3,0.9999996423721313
9446,2,2,0.9814414978027344
9447,7,7,0.9999085664749146
9448,7,7,0.9988771080970764
9449,8,8,0.9999984502792358
9450,8,8,0.9995100498199463
9451,7,7,0.999996542930603
9452,8,8,0.9999984502792358
9453,4,4,1.0
9454,6,6,0.9999990463256836
9455,0,0,0.9999984502792358
9456,2,2,0.9998469352722168
9457,0,0,0.9999948740005493
9458,7,7,0.9999595880508423
9459,0,0,0.9999988079071045
9460,3,3,0.9999991655349731
9461,6,6,1.0
9462,8,8,0.9999996423721313
9463,7,7,0.9965617060661316
9464,1,1,0.9997689127922058
9465,5,5,0.9999905824661255
9466,9,9,0.9993577599525452
9467,9,9,0.9999527931213379
9468,3,3,0.999998927116394
9469,7,7,0.9999641180038452
9470,2,2,0.9999831914901733
9471,4,4,0.9999996423721313
9472,9,9,0.9999780654907227
9473,4,4,0.999956488609314
9474,3,3,0.9999740123748779
9475,6,6,0.9999998807907104
9476,2,2,0.9999992847442627
9477,2,2,0.999988317489624
9478,5,5,0.9992007613182068
9479,3,3,0.999984622001648
9480,2,2,0.9999990463256836
9481,5,5,0.999984860420227
9482,5,5,0.999968409538269
9483,9,9,0.9997321963310242
9484,4,4,0.9999997615814209
9485,1,1,0.9994440674781799
9486,7,7,0.9999953508377075
9487,2,2,0.9999921321868896
9488,0,0,0.9999637603759766
9489,1,1,0.9973804354667664
9490,2,2,0.9998534917831421
9491,3,3,0.9998307228088379
9492,4,4,0.9995695948600769
9493,5,5,0.9999995231628418
9494,6,6,0.9999997615814209
9495,7,7,0.9999656677246094
9496,8,8,0.9999901056289673
9497,9,9,0.9885637760162354
9498,0,0,0.9999933242797852
9499,1,1,0.999521017074585
9500,2,2,0.9999645948410034
9501,3,3,0.9996047616004944
9502,4,4,0.9999991655349731
9503,5,5,0.9999868869781494
9504,6,6,0.9999992847442627
9505,7,7,0.6478549242019653
9506,8,8,0.9999921321868896
9507,9,9,0.9978571534156799
9508,0,0,0.9997668862342834
9509,1,1,0.9996540546417236
9510,2,2,0.9999991655349731
9511,3,3,0.999996542930603
9512,4,4,0.9998733997344971
9513,5,5,0.9999616146087646
9514,6,6,0.9999998807907104
9515,7,7,0.99994957447052
9516,8,8,0.9999996423721313
9517,9,9,0.9023811221122742
9518,1,1,0.9988806843757629
9519,0,0,0.9999827146530151
9520,1,1,0.9998001456260681
9521,2,2,0.9999971389770508
9522,7,7,0.9999862909317017
9523,5,5,0.9999998807907104
9524,3,3,0.9999874830245972
9525,4,4,0.9999983310699463
9526,4,4,0.9999475479125977
9527,0,0,0.9997811913490295
9528,0,0,0.9999884366989136
9529,6,6,0.9999988079071045
9530,9,8,0.8679593801498413
9531,6,6,0.9999929666519165
9532,6,6,0.9999972581863403
9533,5,5,0.9999210834503174
9534,7,7,0.9971562623977661
9535,2,2,0.9998472929000854
9536,3,3,0.9999855756759644
9537,4,4,0.9999942779541016
9538,4,4,0.8757877945899963
9539,9,9,0.9546231627464294
9540,1,1,0.833961546421051
9541,4,4,0.9997411370277405
9542,0,0,0.9995830655097961
9543,7,7,0.9999816417694092
9544,9,9,0.9346743822097778
9545,5,5,0.9999974966049194
9546,7,7,0.9999445676803589
9547,2,2,0.9999996423721313
9548,3,3,0.9999709129333496
9549,1,1,0.9984867572784424
9550,4,4,0.9999933242797852
9551,4,4,0.9999904632568359
9552,0,0,0.9995367527008057
9553,9,9,0.9855105876922607
9554,9,9,0.9949823021888733
9555,6,6,0.9999998807907104
9556,1,1,0.9987872242927551
9557,8,8,0.9999536275863647
9558,3,3,0.9999998807907104
9559,3,3,0.9999681711196899
9560,7,7,0.9888174533843994
9561,3,3,0.999998927116394
9562,9,9,0.9856104254722595
9563,8,8,0.9996895790100098
9564,8,8,0.9983377456665039
9565,4,4,0.9999998807907104
9566,7,7,0.9998966455459595
9567,7,7,0.9998769760131836
9568,6,6,0.9999996423721313
9569,2,2,0.999618411064148
9570,1,1,0.9998365640640259
9571,9,9,0.9934169054031372
9572,8,8,0.999479353427887
9573,7,7,0.9999862909317017
9574,8,8,0.9999971389770508
9575,8,8,0.9999933242797852
9576,7,7,0.9992347955703735
9577,2,2,0.9999958276748657
9578,2,2,0.9999880790710449
9579,3,3,0.9999978542327881
9580,9,9,0.9991814494132996
9581,3,3,1.0
9582,3,3,0.9999998807907104
9583,5,5,0.9999353885650635
9584,5,5,0.9999929666519165
9585,0,0,0.9998666048049927
9586,7,7,0.9995423555374146
9587,9,9,0.6814361810684204
9588,5,5,0.9999985694885254
9589,6,6,1.0
9590,5,5,0.9999996423721313
9591,1,1,0.9923157691955566
9592,4,4,0.9999885559082031
9593,1,1,0.9997023940086365
9594,1,1,0.9743768572807312
9595,2,2,0.9996272325515747
9596,8,8,0.9993582367897034
9597,2,2,0.9999938011169434
9598,6,6,1.0
9599,1,1,0.9978830218315125
9600,5,5,0.9999505281448364
9601,0,0,0.9999932050704956
9602,1,1,0.9987478256225586
9603,2,2,0.9999990463256836
9604,3,3,1.0
9605,4,4,0.9990548491477966
9606,5,5,0.998019814491272
9607,6,6,0.9164900779724121
9608,7,7,0.9997852444648743
9609,8,8,0.9999451637268066
9610,9,9,0.995002806186676
9611,0,0,0.997041642665863
9612,1,1,0.9984921216964722
9613,2,2,0.9325056076049805
9614,3,3,0.9999984502792358
9615,4,4,0.9999959468841553
9616,5,5,0.9999858140945435
9617,6,6,0.9999366998672485
9618,7,7,0.9964424967765808
9619,8,8,0.9999459981918335
9620,9,9,0.6089361310005188
9621,0,0,0.993914783000946
9622,1,1,0.9837856888771057
9623,2,2,0.9997010827064514
9624,3,3,0.9996442794799805
9625,4,4,0.9984152317047119
9626,5,5,0.9999492168426514
9627,6,6,0.950208306312561
9628,7,7,0.9975290894508362
9629,8,8,0.9949040412902832
9630,8,8,0.9998142123222351
9631,0,0,0.9995997548103333
9632,6,6,0.9926378726959229
9633,0,0,0.9999945163726807
9634,0,0,0.9905181527137756
9635,2,2,0.9999986886978149
9636,3,3,0.9957400560379028
9637,7,7,0.9869247674942017
9638,9,9,0.9908775687217712
9639,4,4,0.999336302280426
9640,7,7,0.9981118440628052
9641,1,1,0.9972692131996155
9642,9,7,0.8121386766433716
9643,1,1,0.9967668056488037
9644,7,7,0.973616898059845
9645,1,1,0.9996424913406372
9646,4,4,0.9995285272598267
9647,0,0,0.9999258518218994
9648,0,0,0.9996310472488403
9649,1,1,0.9998906850814819
9650,7,7,0.9999605417251587
9651,5,5,0.9963805079460144
9652,7,7,0.9805408120155334
9653,1,1,0.9982122182846069
9654,3,3,0.9999251365661621
9655,3,3,0.9793670773506165
9656,3,3,0.9999914169311523
9657,1,1,0.9994046688079834
9658,6,6,0.9971755743026733
9659,9,9,0.9989598989486694
9660,7,7,0.9998887777328491
9661,1,1,0.998006284236908
9662,3,3,0.999868631362915
9663,0,0,0.9992753863334656
9664,2,2,0.9761496186256409
9665,6,6,0.9967382550239563
9666,0,0,0.9997527003288269
9667,8,8,0.9999897480010986
9668,9,9,0.9998855590820312
9669,4,4,0.8565593957901001
9670,3,3,0.9999518394470215
9671,5,5,0.9999327659606934
9672,4,4,0.9997676014900208
9673,8,8,0.9999964237213135
9674,1,1,0.999605119228363
9675,5,5,0.9999802112579346
9676,9,9,0.9991812109947205
9677,0,0,0.996368408203125
9678,6,6,0.9992450475692749
9679,6,1,0.7384845614433289
9680,3,3,0.9999375343322754
9681,8,8,0.9999784231185913
9682,1,1,0.99959796667099
9683,4,4,0.9999951124191284
9684,7,7,0.9999946355819702
9685,5,5,0.99993896484375
9686,2,2,0.9998557567596436
9687,0,0,0.9994082450866699
9688,0,0,0.9998464584350586
9689,1,1,0.9993839263916016
9690,7,7,0.9977574944496155
9691,8,8,0.9996036887168884
9692,9,7,0.8308522701263428
9693,6,6,0.7552246451377869
9694,8,8,0.9980960488319397
9695,8,8,0.9986120462417603
9696,2,2,0.9985594153404236
9697,3,3,0.9998739957809448
9698,6,1,0.5949270129203796
9699,1,1,0.9991061091423035
9700,2,2,0.8644564151763916
9701,9,9,0.9990191459655762
9702,5,5,0.9999964237213135
9703,2,2,0.999971866607666
9704,0,0,0.9999450445175171
9705,1,1,0.9999117851257324
9706,2,2,0.999991774559021
9707,3,3,0.9999997615814209
9708,4,4,0.9999912977218628
9709,5,5,0.9993306398391724
9710,6,6,0.9980009198188782
9711,7,7,0.9955517649650574
9712,8,8,0.9360766410827637
9713,9,9,0.9997277855873108
9714,0,0,0.9530410170555115
9715,1,1,0.9996472597122192
9716,2,2,0.9999592304229736
9717,3,3,0.9999964237213135
9718,4,4,1.0
9719,5,5,0.9990217685699463
9720,6,6,0.9999231100082397
9721,7,7,0.9990732669830322
9722,8,8,0.9974406957626343
9723,9,9,0.9999382495880127
9724,0,0,0.9970285296440125
9725,1,1,0.9988158941268921
9726,2,2,0.998981773853302
9727,3,3,0.9999992847442627
9728,4,4,0.9999967813491821
9729,5,6,0.9789445400238037
9730,6,6,0.9989281296730042
9731,7,7,0.9947762489318848
9732,8,8,0.997552216053009
9733,9,9,0.9916806817054749
9734,7,7,0.9963775277137756
9735,4,4,0.9996321201324463
9736,6,6,0.9995747208595276
9737,1,1,0.9995753169059753
9738,4,4,0.9998887777328491
9739,0,0,0.9999363422393799
9740,9,9,0.9984403252601624
9741,9,9,0.99992835521698
9742,3,3,0.9916297793388367
9743,7,7,0.9998550415039062
9744,8,8,0.9985643029212952
9745,4,4,0.9981921315193176
9746,7,7,0.9979427456855774
9747,5,5,0.9997528195381165
9748,8,8,0.9957233667373657
9749,5,6,0.9114726185798645
9750,3,3,0.9999972581863403
9751,2,2,0.999721348285675
9752,2,2,0.9999778270721436
9753,0,0,0.9994499087333679
9754,5,5,0.729160487651825
9755,8,8,0.9995239973068237
9756,6,6,0.9989328980445862
9757,0,0,0.9999828338623047
9758,3,3,0.999951958656311
9759,8,8,0.9997480511665344
9760,1,1,0.9987778067588806
9761,0,0,0.9999148845672607
9762,3,3,0.9767624735832214
9763,0,0,0.9997435212135315
9764,4,4,0.9998273253440857
9765,7,7,0.9999486207962036
9766,4,4,0.9999986886978149
9767,9,9,0.999743640422821
9768,2,2,0.7895246744155884
9769,9,9,0.9998683929443359
9770,5,5,0.9396997094154358
9771,7,7,0.9985454082489014
9772,1,1,0.9999004602432251
9773,7,7,0.997606635093689
9774,1,1,0.9985628724098206
9775,6,6,0.9996590614318848
9776,6,6,0.9998377561569214
9777,5,5,0.8447226881980896
9778,6,6,0.9990110397338867
9779,2,2,0.980232834815979
9780,8,8,0.9932905435562134
9781,7,7,0.9601589441299438
9782,6,6,0.9977282881736755
9783,4,4,0.9999983310699463
9784,9,9,0.9996746778488159
9785,9,9,0.9998237490653992
9786,5,5,0.9999063014984131
9787,3,3,0.9999537467956543
9788,7,7,0.9946916699409485
9789,4,4,0.999848484992981
9790,3,3,0.999996542930603
9791,0,0,0.9999465942382812
9792,4,4,0.5376424789428711
9793,6,6,0.997011661529541
9794,6,6,0.9996969699859619
9795,1,1,0.9960904717445374
9796,1,1,0.9999163150787354
9797,3,3,0.99998939037323
9798,2,2,0.9999955892562866
9799,1,1,0.9999698400497437
9800,0,0,0.9995610117912292
9801,0,0,0.9999173879623413
9802,1,1,0.9998167157173157
9803,2,2,0.999776303768158
9804,3,3,0.9999997615814209
9805,4,4,1.0
9806,7,7,0.9996447563171387
9807,8,8,0.9999638795852661
9808,9,9,0.9986361861228943
9809,0,0,0.9997758269309998
9810,1,1,0.9997161030769348
9811,2,2,0.9177806973457336
9812,3,3,0.9999998807907104
9813,4,4,0.9999986886978149
9814,5,5,0.9999908208847046
9815,6,6,0.9998739957809448
9816,7,7,0.994885265827179
9817,8,8,0.9764283299446106
9818,0,0,0.999627947807312
9819,1,1,0.9998610019683838
9820,2,2,0.9987558126449585
9821,3,3,1.0
9822,4,4,1.0
9823,7,7,0.9999614953994751
9824,8,8,0.9995205402374268
9825,9,9,0.9996514320373535
9826,0,0,0.9994446635246277
9827,8,8,0.999671459197998
9828,3,3,0.9995655417442322
9829,9,9,0.9941727519035339
9830,5,5,0.9999302625656128
9831,5,5,0.9998003840446472
9832,2,2,0.9973055124282837
9833,6,6,0.9997780919075012
9834,8,8,0.9896650910377502
9835,4,4,0.9999901056289673
9836,1,1,0.9998995065689087
9837,7,7,0.9989662170410156
9838,1,1,0.9999223947525024
9839,2,2,0.921127438545227
9840,3,3,0.9997513890266418
9841,5,5,0.9997808337211609
9842,6,6,0.9998741149902344
9843,9,9,0.9957842230796814
9844,1,1,0.9988600015640259
9845,1,1,0.9999030828475952
9846,1,1,0.9999138116836548
9847,2,2,0.9985153079032898
9848,1,1,0.9998212456703186
9849,2,2,0.9991069436073303
9850,0,6,0.4586949646472931
9851,7,7,0.999961256980896
9852,7,7,0.9995995163917542
9853,5,5,0.9997501969337463
9854,8,8,0.9967814683914185
9855,2,2,0.9998635053634644
9856,9,9,0.9809236526489258
9857,8,8,0.9929313659667969
9858,6,6,0.9943563342094421
9859,7,7,0.9998447895050049
9860,3,3,0.9999994039535522
9861,4,4,1.0
9862,6,6,0.9971803426742554
9863,8,8,0.9979584217071533
9864,7,7,0.9989919066429138
9865,0,0,0.9997798800468445
9866,4,4,0.9999983310699463
9867,2,2,0.997878909111023
9868,7,7,0.9993065595626831
9869,7,7,0.9999567270278931
9870,5,5,0.9999312162399292
9871,4,4,1.0
9872,3,3,0.9999988079071045
9873,4,4,0.9998990297317505
9874,2,2,0.9984582662582397
9875,8,8,0.9926148653030396
9876,1,1,0.9998152852058411
9877,5,5,0.9997093081474304
9878,1,1,0.9994460940361023
9879,0,0,0.9926262497901917
9880,2,2,0.9997988343238831
9881,3,3,0.9999986886978149
9882,3,3,0.9999339580535889
9883,5,5,0.9840609431266785
9884,7,7,0.9982768297195435
9885,0,0,0.9998760223388672
9886,6,6,0.9993139505386353
9887,8,8,0.9582095146179199
9888,6,6,0.9785445928573608
9889,3,3,0.9999837875366211
9890,9,9,0.9977349042892456
9891,9,9,0.951911211013794
9892,8,8,0.9906208515167236
9893,2,2,0.9994945526123047
9894,7,7,0.9932743310928345
9895,7,7,0.9987805485725403
9896,1,1,0.999812662601471
9897,0,0,0.9998778104782104
9898,1,1,0.999313473701477
9899,7,7,0.9999401569366455
9900,8,8,0.9965130686759949
9901,9,9,0.9998142123222351
9902,0,0,0.9995077848434448
9903,1,1,0.9999349117279053
9904,2,8,0.8568820357322693
9905,3,3,0.998996913433075
9906,4,4,0.9975436329841614
9907,5,5,0.9990308284759521
9908,6,6,0.9999949932098389
9909,7,7,0.9995250701904297
9910,8,8,0.9980599284172058
9911,0,0,0.9997263550758362
9912,1,1,0.9996352195739746
9913,2,2,0.9723778963088989
9914,3,3,0.9998407363891602
9915,4,4,0.9999973773956299
9916,7,7,0.9978596568107605
9917,8,8,0.9999876022338867
9918,9,9,0.9999665021896362
9919,7,7,0.9993653893470764
9920,8,8,0.9999830722808838
9921,6,6,0.9999513626098633
9922,4,4,0.978968620300293
9923,1,1,0.9997839331626892
9924,9,9,0.9988118410110474
9925,3,3,0.9997302889823914
9926,8,8,0.9951177835464478
9927,4,4,0.9999982118606567
9928,4,4,0.9999898672103882
9929,7,7,0.9998416900634766
9930,0,0,0.9996868371963501
9931,1,1,0.9997668862342834
9932,9,9,0.999862790107727
9933,2,2,0.9999827146530151
9934,8,8,0.9999947547912598
9935,7,7,0.9993360638618469
9936,8,8,0.9997870326042175
9937,2,2,0.9999860525131226
9938,6,6,0.9999873638153076
9939,0,0,0.9996113181114197
9940,6,6,0.9999642372131348
9941,5,5,0.9991351962089539
9942,3,3,0.999987006187439
9943,3,3,0.999686598777771
9944,3,3,0.9998146891593933
9945,9,9,0.9990358352661133
9946,1,1,0.99982750415802
9947,4,4,0.9997894167900085
9948,0,0,0.9999619722366333
9949,6,6,0.9999449253082275
9950,1,1,0.9995373487472534
9951,0,0,0.999862551689148
9952,0,0,0.9999175071716309
9953,6,6,0.9999667406082153
9954,2,2,0.9999923706054688
9955,1,1,0.9997430443763733
9956,1,1,0.9998776912689209
9957,7,7,0.9994660019874573
9958,7,7,0.9967836141586304
9959,8,8,0.9998534917831421
9960,4,4,0.9999994039535522
9961,6,6,0.9999969005584717
9962,0,0,0.999948263168335
9963,7,7,0.9997414946556091
9964,0,0,0.9998143315315247
9965,3,3,0.9999904632568359
9966,6,6,0.9999982118606567
9967,8,8,0.9999352693557739
9968,7,7,0.9997418522834778
9969,1,1,0.999599277973175
9970,5,5,0.9986072182655334
9971,2,2,0.9998156428337097
9972,4,4,0.9999935626983643
9973,9,9,0.9999232292175293
9974,4,4,0.9999829530715942
9975,3,3,0.9962900876998901
9976,6,6,0.996517539024353
9977,4,4,0.9999322891235352
9978,1,1,0.9998818635940552
9979,7,7,0.9999278783798218
9980,2,2,0.9999911785125732
9981,6,6,0.9995558857917786
9982,5,5,0.9993706345558167
9983,0,0,0.9999781847000122
9984,1,1,0.9999765157699585
9985,2,2,0.9999872446060181
9986,3,3,0.9999762773513794
9987,4,4,0.9999997615814209
9988,5,5,0.9997690320014954
9989,6,6,0.9999940395355225
9990,7,7,0.9998447895050049
9991,8,8,0.9999594688415527
9992,9,9,0.9971394538879395
9993,0,0,0.9959195852279663
9994,1,1,0.9999293088912964
9995,2,2,0.9999995231628418
9996,3,3,0.9999545812606812
9997,4,4,0.9999970197677612
9998,5,5,0.9979881048202515
9999,6,6,0.9998855590820312
