index,true,pred,confidence
0,7,7,0.9999929666519165
1,2,2,0.9999115467071533
2,1,1,0.9998179078102112
3,0,0,0.9999686479568481
4,4,4,0.9999611377716064
5,1,1,0.9998708963394165
6,4,4,0.9999029636383057
7,9,9,0.9929306507110596
8,5,5,0.999466598033905
9,9,9,0.9996531009674072
10,0,0,0.9999995231628418
11,6,6,0.9999117851257324
12,9,9,0.9991063475608826
13,0,0,0.9999980926513672
14,1,1,0.9998781681060791
15,5,5,0.9994726777076721
16,9,9,0.9999810457229614
17,7,7,0.9999954700469971
18,3,8,0.8596088290214539
19,4,4,0.9999984502792358
20,9,9,0.9830684065818787
21,6,6,0.9997434020042419
22,6,6,0.9999874830245972
23,5,5,0.9999877214431763
24,4,4,0.9999377727508545
25,0,0,0.9999904632568359
26,7,7,0.9982126951217651
27,4,4,0.9999998807907104
28,0,0,0.9999934434890747
29,1,1,0.9992594122886658
30,3,3,0.999907374382019
31,1,1,0.998281717300415
32,3,3,0.999995231628418
33,4,4,0.9948580265045166
34,7,7,0.9999181032180786
35,2,2,0.9999996423721313
36,7,7,0.9997523427009583
37,1,1,0.9998794794082642
38,2,2,0.9988777041435242
39,1,1,0.9996569156646729
40,1,1,0.9982511401176453
41,7,7,0.999190628528595
42,4,4,0.9999974966049194
43,2,2,0.9984059929847717
44,3,3,0.9978170394897461
45,5,5,0.9999334812164307
46,1,1,0.9988214373588562
47,2,2,0.9999998807907104
48,4,4,0.9999176263809204
49,4,4,0.9999985694885254
50,6,6,0.9999115467071533
51,3,3,0.9999963045120239
52,5,5,0.9999936819076538
53,5,5,0.9999762773513794
54,6,6,0.9999995231628418
55,0,0,0.9998962879180908
56,4,4,1.0
57,1,1,0.9994503855705261
58,9,9,0.9999892711639404
59,5,5,0.9983875751495361
60,7,7,0.9999474287033081
61,8,8,0.9998726844787598
62,9,9,0.8760780096054077
63,3,3,0.9880515336990356
64,7,7,0.9999591112136841
65,4,4,0.9777209162712097
66,6,6,0.9999574422836304
67,4,4,0.9999290704727173
68,3,3,0.9999901056289673
69,0,0,0.9999995231628418
70,7,7,0.9999624490737915
71,0,0,0.9999998807907104
72,2,2,0.9999936819076538
73,9,9,0.982459306716919
74,1,1,0.9999148845672607
75,7,7,0.9999934434890747
76,3,3,0.9999239444732666
77,2,2,0.999993085861206
78,9,9,0.7406322956085205
79,7,7,0.9997673630714417
80,7,7,0.9751312136650085
81,6,6,0.9998477697372437
82,2,2,1.0
83,7,7,0.9997685551643372
84,8,8,0.9999819993972778
85,4,4,0.9999991655349731
86,7,7,0.999994158744812
87,3,3,0.9983701109886169
88,6,6,0.9999996423721313
89,1,1,0.9994463324546814
90,3,3,0.9998692274093628
91,6,6,0.9999954700469971
92,9,9,0.844872236251831
93,3,3,0.9943619966506958
94,1,1,0.9996343851089478
95,4,4,0.9671016931533813
96,1,1,0.967014729976654
97,7,7,0.9791961312294006
98,6,6,0.9995296001434326
99,9,9,0.9999960660934448
100,6,6,0.9999748468399048
101,0,0,0.9999983310699463
102,5,5,0.9999673366546631
103,4,4,1.0
104,9,9,0.9972459077835083
105,9,9,0.9999731779098511
106,2,2,0.9999922513961792
107,1,1,0.9907087087631226
108,9,9,0.9999357461929321
109,4,4,1.0
110,8,8,0.9999986886978149
111,7,7,0.9624589085578918
112,3,3,0.9999639987945557
113,9,9,0.9999814033508301
114,7,7,0.999271810054779
115,4,4,0.7827520966529846
116,4,4,0.9995185136795044
117,4,4,0.9999997615814209
118,9,9,0.9940392971038818
119,2,2,0.9982238411903381
120,5,5,0.9999268054962158
121,4,4,0.9902846217155457
122,7,7,0.9999542236328125
123,6,6,0.9999974966049194
124,7,7,0.9996242523193359
125,9,9,0.9914536476135254
126,0,0,0.9996463060379028
127,5,5,0.999997615814209
128,8,8,0.9999996423721313
129,5,5,0.9999994039535522
130,6,6,0.999947190284729
131,6,6,0.9999814033508301
132,5,5,0.9997513890266418
133,7,7,0.9996174573898315
134,8,8,0.9999998807907104
135,1,1,0.9999247789382935
136,0,0,0.9999463558197021
137,1,1,0.9993855953216553
138,6,6,0.9999990463256836
139,4,4,0.9995908141136169
140,6,6,0.9999110698699951
141,7,7,0.9999996423721313
142,3,3,0.9999867677688599
143,1,1,0.9997658133506775
144,7,7,0.9993966817855835
145,1,1,0.9990146160125732
146,8,8,0.999995231628418
147,2,2,0.9999986886978149
148,0,0,0.9999908208847046
149,2,2,0.986783504486084
150,9,9,0.9999114274978638
151,9,9,0.9837151169776917
152,5,5,0.9999980926513672
153,5,5,0.9984132051467896
154,1,1,0.9994556307792664
155,5,5,0.9999992847442627
156,6,6,0.9999997615814209
157,0,0,0.9999823570251465
158,3,3,0.9901167750358582
159,4,4,0.9993457198143005
160,4,4,0.9986507296562195
161,6,6,0.9999994039535522
162,5,5,1.0
163,4,4,0.9999992847442627
164,6,6,0.9999929666519165
165,5,5,0.9999836683273315
166,4,4,0.9998668432235718
167,5,5,0.986229419708252
168,1,1,0.9998664855957031
169,4,4,0.9999973773956299
170,4,4,0.9999985694885254
171,7,7,0.9674009084701538
172,2,2,0.9967309236526489
173,3,3,0.9992325305938721
174,2,2,0.9999747276306152
175,7,7,0.7058222889900208
176,1,1,0.9992665648460388
177,8,8,0.9997451901435852
178,1,1,0.9999788999557495
179,8,8,0.9999675750732422
180,1,1,0.999975323677063
181,8,8,0.9999926090240479
182,5,5,0.9997202754020691
183,0,0,1.0
184,8,8,0.9808347821235657
185,9,9,0.9976497292518616
186,2,2,0.9992725253105164
187,5,5,0.9999344348907471
188,0,0,0.9999996423721313
189,1,1,0.9961662292480469
190,1,1,0.9966446161270142
191,1,1,0.981550931930542
192,0,0,0.999987006187439
193,9,9,0.9907068610191345
194,0,0,0.999997615814209
195,3,3,0.99355149269104
196,1,1,0.9995482563972473
197,6,6,0.9997623562812805
198,4,4,0.9999802112579346
199,2,2,0.9836564064025879
200,3,3,0.9998400211334229
201,6,6,0.9999947547912598
202,1,1,0.9998874664306641
203,1,1,0.9994731545448303
204,1,1,0.9997500777244568
205,3,3,0.9999505281448364
206,9,9,0.9968045949935913
207,5,5,0.999002993106842
208,2,2,0.9999997615814209
209,9,9,0.9900564551353455
210,4,4,0.9999963045120239
211,5,5,0.8613996505737305
212,9,9,0.9999531507492065
213,3,3,0.9998255372047424
214,9,9,0.9814301133155823
215,0,0,0.9999779462814331
216,3,3,0.9999955892562866
217,6,6,0.8372371196746826
218,5,5,0.9999972581863403
219,5,5,0.9998879432678223
220,7,7,0.9957108497619629
221,2,2,0.9896334409713745
222,2,2,0.9994237422943115
223,7,7,0.9998371601104736
224,1,1,0.9928098917007446
225,2,2,0.9997705817222595
226,8,8,0.9999489784240723
227,4,4,0.9992290735244751
228,1,1,0.9991365075111389
229,7,7,0.9990936517715454
230,3,3,0.9993780851364136
231,3,3,0.9993712306022644
232,8,8,0.9997946619987488
233,8,8,0.9999183416366577
234,7,7,0.9985904097557068
235,9,9,0.9996275901794434
236,2,2,0.9999998807907104
237,2,2,0.9999762773513794
238,4,4,0.9999998807907104
239,1,1,0.9999034404754639
240,5,5,0.9985144734382629
241,9,9,0.9848105311393738
242,8,8,0.9988343119621277
243,7,7,0.991962730884552
244,2,2,0.9956523776054382
245,3,3,0.998569130897522
246,0,0,0.9999988079071045
247,4,6,0.5970239639282227
248,4,4,0.9999954700469971
249,2,2,0.9970394968986511
250,4,4,0.9989622831344604
251,1,1,0.9932538866996765
252,9,9,0.9999982118606567
253,5,5,0.9999852180480957
254,7,7,0.9999454021453857
255,7,7,0.9963369369506836
256,2,2,0.9927412271499634
257,8,8,0.9993780851364136
258,2,2,0.9999998807907104
259,6,6,0.6551291346549988
260,8,8,0.9999969005584717
261,5,5,0.9999381303787231
262,7,7,0.9999980926513672
263,7,7,0.9997166991233826
264,9,9,0.9241907596588135
265,1,1,0.9998236298561096
266,8,8,0.9502012133598328
267,1,1,0.9997499585151672
268,8,8,0.9993780851364136
269,0,0,0.9999990463256836
270,3,3,0.999987006187439
271,0,0,0.9999964237213135
272,1,1,0.9999195337295532
273,9,9,0.9986026883125305
274,9,9,0.9983696341514587
275,4,4,0.9999819993972778
276,1,1,0.9999575614929199
277,8,8,0.9999951124191284
278,2,2,0.9998751878738403
279,1,1,0.9997387528419495
280,2,2,0.999193012714386
281,9,9,0.9998388290405273
282,7,7,0.920289158821106
283,5,5,0.9999481439590454
284,9,9,0.9994359612464905
285,2,2,1.0
286,6,6,0.988713800907135
287,4,4,0.9973939657211304
288,1,1,0.9992757439613342
289,5,5,0.9945869445800781
290,8,8,0.5054416656494141
291,2,2,0.9840170741081238
292,9,9,0.9985710382461548
293,2,2,0.9999948740005493
294,0,0,0.9999854564666748
295,4,4,0.9999954700469971
296,0,0,1.0
297,0,0,0.9999792575836182
298,2,2,0.9997760653495789
299,8,8,0.9999990463256836
300,4,4,0.9989107847213745
301,7,7,0.9994899034500122
302,1,1,0.9999474287033081
303,2,2,0.9998904466629028
304,4,4,0.9999926090240479
305,0,0,0.9999972581863403
306,2,2,0.9999856948852539
307,7,7,0.995799720287323
308,4,4,0.9999862909317017
309,3,3,0.9999957084655762
310,3,3,0.9993826150894165
311,0,0,0.9999895095825195
312,0,0,0.9999934434890747
313,3,3,0.9997443556785583
314,1,1,0.9999289512634277
315,9,9,0.9998457431793213
316,6,6,0.9969788789749146
317,5,5,0.9998323917388916
318,2,2,0.9848955869674683
319,5,5,0.9999825954437256
320,9,8,0.46755754947662354
321,2,2,0.4399721622467041
322,9,9,0.9998400211334229
323,3,3,0.9999897480010986
324,0,0,0.857846200466156
325,4,4,0.9996620416641235
326,2,2,0.6382384300231934
327,0,0,0.9999973773956299
328,7,7,0.9997859597206116
329,1,1,0.9999573230743408
330,1,1,0.9999362230300903
331,2,2,0.9999853372573853
332,1,1,0.9999878406524658
333,5,5,0.9750574231147766
334,3,3,0.9999239444732666
335,3,3,0.9932247996330261
336,9,9,0.9961950778961182
337,7,7,0.9281309247016907
338,8,8,0.9999725818634033
339,6,6,0.9971489310264587
340,5,5,0.9028797745704651
341,6,6,0.9992296695709229
342,1,1,0.9999505281448364
343,3,3,0.9999699592590332
344,8,8,0.9999411106109619
345,1,1,0.9997016787528992
346,0,0,0.999861478805542
347,5,5,0.9990801811218262
348,1,1,0.9998354911804199
349,3,3,0.9887511134147644
350,1,1,0.9984099864959717
351,5,5,0.9999890327453613
352,5,5,0.9996563196182251
353,6,6,0.9996452331542969
354,1,1,0.9999233484268188
355,8,8,0.9996752738952637
356,5,5,0.9999996423721313
357,1,1,0.995528519153595
358,7,7,0.9940692186355591
359,9,9,0.6258476972579956
360,4,4,0.9999897480010986
361,6,6,0.9999998807907104
362,2,2,0.9998987913131714
363,2,2,0.9968425035476685
364,5,5,0.9999921321868896
365,0,0,0.9999270439147949
366,6,6,0.9349271655082703
367,5,5,0.9999542236328125
368,6,6,0.998210072517395
369,3,3,0.9974345564842224
370,7,7,0.999990701675415
371,2,2,0.9999823570251465
372,0,0,0.9994725584983826
373,8,8,0.9999966621398926
374,8,8,0.9999686479568481
375,5,5,0.9999994039535522
376,4,4,0.9943866729736328
377,1,1,0.9998410940170288
378,1,1,0.999879002571106
379,4,4,0.9999796152114868
380,0,0,0.9999980926513672
381,3,3,0.9845890402793884
382,3,3,0.9999048709869385
383,7,7,0.999832034111023
384,6,6,0.9999996423721313
385,1,1,0.9998936653137207
386,6,6,0.9905949831008911
387,2,2,0.9999982118606567
388,1,1,0.9999128580093384
389,9,9,0.9978911280632019
390,2,2,0.9999266862869263
391,8,8,0.9992586970329285
392,6,6,0.9999992847442627
393,1,1,0.9999209642410278
394,9,9,0.9892186522483826
395,5,5,0.9999333620071411
396,2,2,0.9999912977218628
397,5,5,0.9937741756439209
398,4,4,0.9999986886978149
399,4,4,0.9999905824661255
400,2,2,0.9922767281532288
401,8,8,0.9999171495437622
402,3,3,0.9999967813491821
403,8,8,0.9974768757820129
404,2,2,0.9862715005874634
405,4,4,0.9999998807907104
406,5,5,0.9148598313331604
407,0,0,0.9999992847442627
408,3,3,0.9991989731788635
409,1,1,0.9996447563171387
410,7,7,0.9999991655349731
411,7,7,0.9636397957801819
412,5,5,0.9987087249755859
413,7,7,0.9999611377716064
414,9,9,0.9980018734931946
415,7,7,0.9968986511230469
416,1,1,0.9999418258666992
417,9,9,0.99543696641922
418,2,2,0.9999996423721313
419,1,1,0.999664306640625
420,4,4,0.9982781410217285
421,2,2,0.9993497729301453
422,9,9,0.9996285438537598
423,2,2,0.9999997615814209
424,0,0,0.9999827146530151
425,4,4,0.9999946355819702
426,9,9,0.9997146725654602
427,1,1,0.9997594952583313
428,4,4,0.9999772310256958
429,8,8,0.9999980926513672
430,1,1,0.9998420476913452
431,8,8,0.9593019485473633
432,4,4,0.9998681545257568
433,5,5,0.9997157454490662
434,9,9,0.99991774559021
435,8,8,0.986234724521637
436,8,8,0.9998810291290283
437,3,3,0.9999943971633911
438,7,7,0.9953741431236267
439,6,6,0.9773625731468201
440,0,0,0.9999998807907104
441,0,0,0.9999399185180664
442,3,3,0.9998956918716431
443,0,0,0.9953870177268982
444,2,2,0.9288206100463867
445,6,0,0.9832120537757874
446,6,6,0.9928103685379028
447,4,4,0.9634742736816406
448,9,8,0.5521798133850098
449,3,3,0.8294658660888672
450,3,3,0.9703012108802795
451,3,3,0.9999951124191284
452,2,2,0.9974583983421326
453,3,3,0.9999945163726807
454,9,9,0.9999839067459106
455,1,1,0.9998106360435486
456,2,2,0.9933524131774902
457,6,6,0.9966844916343689
458,8,8,0.9999994039535522
459,0,0,0.9999881982803345
460,5,5,0.9990893602371216
461,6,6,0.9999995231628418
462,6,6,0.9973976612091064
463,6,6,0.9999996423721313
464,3,3,0.9997557997703552
465,8,8,0.9998805522918701
466,8,8,0.9999948740005493
467,2,2,0.9999029636383057
468,7,7,0.8835738897323608
469,5,5,0.9955440163612366
470,8,8,0.999992847442627
471,9,9,0.9935223460197449
472,6,6,0.9999997615814209
473,1,1,0.9984173774719238
474,8,8,0.9999964237213135
475,4,4,0.9999842643737793
476,1,1,0.9999305009841919
477,2,2,0.9998034834861755
478,5,5,0.9949186444282532
479,9,9,0.9287166595458984
480,1,1,0.9998791217803955
481,9,9,0.9999598264694214
482,7,7,0.9999681711196899
483,5,5,0.9999163150787354
484,4,4,0.9999984502792358
485,0,0,0.9999734163284302
486,8,8,0.9993388056755066
487,9,9,0.9998617172241211
488,9,9,0.9984523057937622
489,1,1,0.9998413324356079
490,0,0,0.9999289512634277
491,5,5,0.9897157549858093
492,2,8,0.6936065554618835
493,3,3,0.9999998807907104
494,7,7,0.9999988079071045
495,8,8,0.9889243245124817
496,9,9,0.9999474287033081
497,4,4,0.6800708174705505
498,0,0,0.9960228204727173
499,6,6,0.9988790154457092
500,3,3,0.9999961853027344
501,9,9,0.9999973773956299
502,5,5,0.9997362494468689
503,2,2,1.0
504,1,1,0.9992927312850952
505,3,3,0.9993715882301331
506,1,1,0.9991375207901001
507,3,3,0.9970520734786987
508,6,6,0.9952009916305542
509,5,5,0.9998890161514282
510,7,7,0.9975679516792297
511,4,4,0.8475745320320129
512,2,2,0.9999992847442627
513,2,2,0.9999996423721313
514,6,6,0.9999988079071045
515,3,3,0.9990547299385071
516,2,2,0.999996542930603
517,6,6,0.9999949932098389
518,5,5,0.9998733997344971
519,4,4,0.9998027682304382
520,8,8,0.9999756813049316
521,9,9,0.9987152814865112
522,7,7,0.9954984188079834
523,1,1,0.9906976819038391
524,3,3,0.9996739625930786
525,0,0,0.9999995231628418
526,3,3,0.9999294281005859
527,8,8,0.9998966455459595
528,3,3,0.9993590712547302
529,1,1,0.9999403953552246
530,9,9,0.9994107484817505
531,3,3,0.9994188547134399
532,4,4,0.9936886429786682
533,4,4,1.0
534,6,6,0.999980092048645
535,4,4,0.9999997615814209
536,2,2,0.9965153932571411
537,1,1,0.9994627833366394
538,8,8,0.9997095465660095
539,2,2,0.999884843826294
540,5,5,0.9999039173126221
541,4,4,0.9999983310699463
542,8,8,0.8770187497138977
543,8,8,0.9613384008407593
544,4,4,0.9999967813491821
545,0,0,0.9997677206993103
546,0,0,0.9999996423721313
547,2,2,0.9218831062316895
548,3,3,0.999901294708252
549,2,2,0.9999868869781494
550,7,7,0.9650063514709473
551,7,7,0.9263059496879578
552,0,0,0.9807900190353394
553,8,8,0.9994558691978455
554,7,7,0.9999949932098389
555,4,4,0.9999738931655884
556,4,4,0.9999985694885254
557,7,7,0.9992228746414185
558,9,9,0.9982320666313171
559,6,6,0.999954342842102
560,9,9,0.9989186525344849
561,0,0,0.9999551773071289
562,9,9,0.9999039173126221
563,8,8,0.9998278617858887
564,0,0,0.9999641180038452
565,4,4,0.999693751335144
566,6,6,0.9988057613372803
567,0,0,0.9991527795791626
568,6,6,0.9996354579925537
569,3,3,0.9999898672103882
570,5,5,0.9999767541885376
571,4,4,0.8997771739959717
572,8,8,0.9996492862701416
573,3,3,0.999993085861206
574,3,3,0.9999641180038452
575,9,9,0.9991957545280457
576,3,3,0.9999992847442627
577,3,3,0.9999995231628418
578,3,3,0.999535322189331
579,7,7,0.9998347759246826
580,8,8,0.9998793601989746
581,0,0,0.9995960593223572
582,8,2,0.6093648672103882
583,2,2,0.6432836651802063
584,1,1,0.9995493292808533
585,7,7,0.9999977350234985
586,0,0,0.9999809265136719
587,6,6,0.9999849796295166
588,5,5,0.9998705387115479
589,4,4,0.9999958276748657
590,3,3,0.9999997615814209
591,8,8,0.9890261292457581
592,0,0,0.9999995231628418
593,9,9,0.9895607233047485
594,6,6,0.9999771118164062
595,3,3,0.9999853372573853
596,8,8,0.9997096657752991
597,0,0,0.9991979002952576
598,9,9,0.9996224641799927
599,9,9,0.9999574422836304
600,6,6,0.999996542930603
601,8,8,0.9998865127563477
602,6,6,0.9999996423721313
603,8,8,0.999717652797699
604,5,5,0.9999966621398926
605,7,7,0.7772377133369446
606,8,8,0.9999884366989136
607,6,6,0.9999992847442627
608,0,0,0.9998958110809326
609,2,2,0.9999854564666748
610,4,4,0.9973931312561035
611,0,0,0.9999973773956299
612,2,2,0.9999998807907104
613,2,2,0.688221275806427
614,3,3,0.9988570213317871
615,1,1,0.9995964169502258
616,9,9,0.999980092048645
617,7,7,0.9988320469856262
618,5,5,0.9967001080513
619,1,1,0.8116928935050964
620,0,0,0.999998927116394
621,8,8,0.9999858140945435
622,4,4,0.9999994039535522
623,6,6,0.9999963045120239
624,2,2,0.976682186126709
625,6,6,0.9510772824287415
626,7,7,0.9999990463256836
627,9,9,0.9994138479232788
628,3,3,0.9999923706054688
629,2,2,0.9542673230171204
630,9,9,0.9998106360435486
631,8,8,0.9999974966049194
632,2,2,0.9999809265136719
633,2,2,0.9999978542327881
634,9,9,0.9999890327453613
635,2,2,0.9799601435661316
636,7,7,0.9999971389770508
637,3,3,0.9978147745132446
638,5,5,0.9999994039535522
639,9,9,0.9981223940849304
640,1,1,0.9996799230575562
641,8,8,0.9997138381004333
642,0,0,0.9984563589096069
643,2,2,0.9999963045120239
644,0,0,0.9999996423721313
645,5,5,0.99429851770401
646,2,2,0.8714219331741333
647,1,1,0.9997910857200623
648,3,3,0.9999991655349731
649,7,7,0.9991638660430908
650,6,6,0.9982579350471497
651,7,7,0.9999614953994751
652,1,1,0.999970555305481
653,2,2,0.9999547004699707
654,5,5,0.9994843006134033
655,8,8,0.9939438700675964
656,0,0,1.0
657,3,3,0.999990701675415
658,7,7,0.995614767074585
659,2,1,0.9326978325843811
660,4,4,0.9999977350234985
661,0,0,0.999937891960144
662,9,9,0.9999806880950928
663,1,1,0.9999489784240723
664,8,8,0.9999959468841553
665,6,6,0.9999998807907104
666,7,7,0.9965343475341797
667,7,7,0.9346844553947449
668,4,4,0.9999955892562866
669,3,3,0.9999910593032837
670,4,4,0.9999583959579468
671,9,9,0.9986985921859741
672,1,1,0.999953031539917
673,9,9,0.9981921315193176
674,5,5,0.6953275799751282
675,1,1,0.9999715089797974
676,7,7,0.9998658895492554
677,3,3,0.9999657869338989
678,9,9,0.999923825263977
679,7,7,0.9992398023605347
680,6,6,0.9999994039535522
681,9,9,0.9999810457229614
682,1,1,0.9998694658279419
683,3,3,0.9960611462593079
684,7,3,0.795676589012146
685,8,8,0.9864774942398071
686,3,3,0.9999921321868896
687,3,3,0.9999988079071045
688,6,6,0.990936815738678
689,7,7,0.8366826772689819
690,2,2,0.9991000890731812
691,8,8,0.9930102229118347
692,5,5,0.9996669292449951
693,8,8,0.9999724626541138
694,5,5,0.999981164932251
695,1,1,0.999884843826294
696,1,1,0.9954319000244141
697,4,4,0.9999994039535522
698,4,4,0.9991686344146729
699,3,3,0.9992738366127014
700,1,1,0.9997180104255676
701,0,0,0.9999914169311523
702,7,7,0.9994768500328064
703,7,7,0.9995132684707642
704,0,0,0.9999880790710449
705,7,7,0.9998262524604797
706,9,9,0.9999760389328003
707,4,4,0.64934903383255
708,4,4,0.9999916553497314
709,8,8,0.9999983310699463
710,5,5,0.9999977350234985
711,5,5,0.9999940395355225
712,4,4,0.9884096384048462
713,0,0,0.9997743964195251
714,8,8,0.999995231628418
715,2,2,0.9997003078460693
716,1,1,0.9778926968574524
717,0,0,0.47340965270996094
718,8,8,0.9999556541442871
719,4,4,0.9999992847442627
720,5,5,0.5925263166427612
721,0,0,0.9999349117279053
722,4,4,0.9999998807907104
723,0,0,0.9999786615371704
724,6,6,0.9999951124191284
725,1,1,0.9998658895492554
726,7,5,0.547299325466156
727,3,3,0.9999939203262329
728,2,2,0.9985321760177612
729,6,6,0.9999591112136841
730,7,7,0.9806391596794128
731,2,2,0.9999979734420776
732,6,6,0.9999991655349731
733,9,9,0.9999797344207764
734,3,3,0.9999063014984131
735,1,1,0.9998894929885864
736,4,4,0.999996542930603
737,6,6,0.9978448152542114
738,2,2,0.9859428405761719
739,5,5,0.9999020099639893
740,4,9,0.780015230178833
741,2,2,0.9996131062507629
742,0,0,1.0
743,6,6,0.9998365640640259
744,2,2,0.9999986886978149
745,1,1,0.999880313873291
746,7,7,0.9978436231613159
747,3,3,0.9999990463256836
748,4,4,0.998676598072052
749,1,1,0.9996262788772583
750,0,0,0.9999934434890747
751,5,5,0.9999926090240479
752,4,4,0.9998838901519775
753,3,3,0.9996551275253296
754,1,1,0.999932050704956
755,1,1,0.999569833278656
756,7,7,0.9999264478683472
757,4,4,0.9999971389770508
758,9,9,0.9996744394302368
759,9,9,0.9998718500137329
760,4,4,0.9704779982566833
761,8,8,0.9989392161369324
762,4,4,0.9999969005584717
763,0,0,0.9999161958694458
764,2,2,0.9999909400939941
765,4,4,0.9999967813491821
766,5,5,0.9995864033699036
767,1,1,0.9980998635292053
768,1,1,0.9999178647994995
769,6,6,0.996780514717102
770,4,4,0.9999992847442627
771,7,7,0.9878712892532349
772,1,1,0.9996925592422485
773,9,9,0.9999675750732422
774,4,4,0.9679612517356873
775,2,2,0.9991138577461243
776,4,4,0.9999995231628418
777,1,1,0.9994088411331177
778,5,5,0.9999368190765381
779,5,5,0.9999915361404419
780,3,3,0.9999872446060181
781,8,8,0.9943944215774536
782,3,3,0.9999277591705322
783,1,1,0.9999479055404663
784,4,4,0.9999991655349731
785,5,5,0.9990949630737305
786,6,6,0.9667274355888367
787,8,8,0.9997609257698059
788,9,9,0.9999485015869141
789,4,4,0.9994055032730103
790,1,1,0.9997453093528748
791,5,5,0.9989099502563477
792,3,3,0.9999997615814209
793,8,8,0.9999955892562866
794,0,0,0.9999991655349731
795,3,3,0.9996289014816284
796,2,2,0.9999896287918091
797,5,5,0.965675413608551
798,1,1,0.9994760155677795
799,2,2,0.9999995231628418
800,8,8,0.9975475668907166
801,3,3,0.9999687671661377
802,4,4,0.999997615814209
803,4,4,1.0
804,0,0,0.9999977350234985
805,8,8,1.0
806,8,8,0.9999985694885254
807,3,3,0.9999873638153076
808,3,3,0.9884945750236511
809,1,1,0.9992009997367859
810,7,7,0.9945744872093201
811,3,3,0.9999886751174927
812,5,5,0.9999996423721313
813,9,9,0.5856642723083496
814,6,6,0.9999957084655762
815,3,3,0.9972255229949951
816,2,2,0.9894809722900391
817,6,6,0.9813962578773499
818,1,1,0.9998546838760376
819,3,3,1.0
820,6,6,0.9999936819076538
821,0,0,0.9999265670776367
822,7,7,0.999974250793457
823,2,2,0.9997346997261047
824,1,1,0.9999464750289917
825,7,7,0.9999927282333374
826,1,1,0.9999653100967407
827,4,4,0.9981881976127625
828,2,2,0.999453604221344
829,4,4,0.8513607382774353
830,2,2,0.9999408721923828
831,1,1,0.9997417330741882
832,7,7,0.9996440410614014
833,9,9,0.9964945912361145
834,6,6,0.9958499670028687
835,1,1,0.9997410178184509
836,1,1,0.9991795420646667
837,2,2,0.9993746876716614
838,4,4,0.9999997615814209
839,8,8,0.9693902730941772
840,1,1,0.9983738660812378
841,7,7,0.9999644756317139
842,7,7,0.9628211259841919
843,4,4,1.0
844,8,8,0.9351074695587158
845,0,0,0.9999990463256836
846,7,9,0.7447452545166016
847,3,3,0.9999879598617554
848,1,1,0.9998952150344849
849,3,3,0.9999994039535522
850,1,1,0.9997991919517517
851,0,0,0.9999982118606567
852,7,7,0.9997037053108215
853,7,7,0.9998026490211487
854,0,0,0.9999948740005493
855,3,3,0.9999567270278931
856,5,5,0.999961256980896
857,5,5,0.9985295534133911
858,2,2,0.9999957084655762
859,7,7,0.999516487121582
860,6,6,0.9999992847442627
861,6,6,0.9999996423721313
862,9,9,0.9998074173927307
863,2,2,0.99305659532547
864,8,8,0.9999972581863403
865,3,3,0.9996776580810547
866,5,5,0.9962754249572754
867,2,2,0.9999814033508301
868,2,2,0.9998989105224609
869,5,5,0.9999896287918091
870,6,6,0.9722909331321716
871,0,0,0.9999995231628418
872,8,8,0.9981110095977783
873,2,2,0.9999980926513672
874,9,9,0.9838513731956482
875,2,2,0.9966620206832886
876,8,8,0.9999978542327881
877,8,8,0.9982871413230896
878,8,8,0.9975160360336304
879,8,8,0.9999960660934448
880,7,7,0.9998214840888977
881,4,4,0.9815017580986023
882,9,7,0.5166792273521423
883,3,3,0.5654981136322021
884,0,0,0.9999871253967285
885,6,6,0.9848163723945618
886,6,6,0.9999790191650391
887,3,3,0.9999862909317017
888,2,2,0.9999899864196777
889,1,1,0.9999825954437256
890,3,3,0.9972111582756042
891,2,2,0.9998997449874878
892,2,2,0.9999997615814209
893,9,9,0.999943733215332
894,3,3,0.9957979321479797
895,0,0,0.9871434569358826
896,0,0,0.9999665021896362
897,5,5,0.9999935626983643
898,7,7,0.675169050693512
899,8,8,0.9999994039535522
900,1,1,0.9711148738861084
901,4,4,0.9999986886978149
902,4,4,0.9976584911346436
903,6,6,0.9998952150344849
904,0,0,0.9998867511749268
905,2,2,0.9999997615814209
906,9,9,0.9999268054962158
907,1,1,0.9990023970603943
908,4,4,0.9999916553497314
909,7,7,0.9998183846473694
910,4,4,0.9999996423721313
911,7,7,0.999944806098938
912,3,3,0.9999988079071045
913,9,9,0.9999653100967407
914,8,8,0.9999990463256836
915,8,8,0.9999386072158813
916,4,4,0.9999240636825562
917,7,7,0.9999691247940063
918,1,1,0.9993689656257629
919,2,2,0.9999865293502808
920,1,1,0.9996485710144043
921,2,2,1.0
922,2,2,0.9999642372131348
923,3,3,1.0
924,2,2,0.9025319218635559
925,3,3,0.9999998807907104
926,2,2,0.9817910194396973
927,3,3,0.9999892711639404
928,9,9,0.9999587535858154
929,1,1,0.9997130036354065
930,7,7,0.9710104465484619
931,4,4,0.9998728036880493
932,0,0,0.9997197985649109
933,3,3,0.9999926090240479
934,5,5,0.9999903440475464
935,5,5,0.9999595880508423
936,8,8,0.9962877035140991
937,6,6,0.9999998807907104
938,3,3,0.9278547763824463
939,2,2,0.8994817137718201
940,6,6,0.9965187311172485
941,7,7,0.9999964237213135
942,6,6,0.9999974966049194
943,6,6,0.9982670545578003
944,3,3,0.9996370077133179
945,2,2,0.9999222755432129
946,7,7,0.9972469806671143
947,8,9,0.8087848424911499
948,1,1,0.9997374415397644
949,1,1,0.9998843669891357
950,7,7,0.972665548324585
951,5,5,0.9975429773330688
952,6,6,0.9998201727867126
953,4,4,0.9999860525131226
954,9,9,0.9999591112136841
955,5,5,0.9933218359947205
956,1,1,0.9817377924919128
957,3,3,0.9999217987060547
958,3,3,0.6591612696647644
959,4,4,0.9923710823059082
960,7,7,0.996229350566864
961,8,8,0.9999992847442627
962,9,9,0.9869517087936401
963,1,1,0.9989302754402161
964,1,1,0.9970930814743042
965,6,0,0.8151198625564575
966,9,9,0.9956014156341553
967,1,1,0.9999262094497681
968,4,4,0.9992930889129639
969,4,4,0.9897263646125793
970,5,5,0.9998666048049927
971,4,4,1.0
972,0,0,1.0
973,6,6,0.9999977350234985
974,2,2,0.9999985694885254
975,2,2,0.9999356269836426
976,3,3,0.9957379102706909
977,1,1,0.9992497563362122
978,5,5,0.9998490810394287
979,1,1,0.9998067021369934
980,2,2,1.0
981,0,0,0.9999988079071045
982,3,3,0.999723494052887
983,8,8,0.9999853372573853
984,1,1,0.9998444318771362
985,2,2,0.9999750852584839
986,6,6,0.999776303768158
987,7,7,0.9999984502792358
988,1,1,0.9903113842010498
989,6,6,0.9997630715370178
990,2,2,0.9999397993087769
991,3,3,1.0
992,9,9,0.9989504814147949
993,0,0,0.999987006187439
994,1,1,0.9966573715209961
995,2,2,0.9952032566070557
996,2,2,0.9999749660491943
997,0,0,1.0
998,8,8,0.9986981153488159
999,9,9,0.9995074272155762
1000,9,9,0.9992921352386475
1001,0,0,0.9999638795852661
1002,2,2,0.9744628667831421
1003,5,5,0.9945218563079834
1004,1,1,0.9970893263816833
1005,9,9,0.9997462630271912
1006,7,7,0.9994308352470398
1007,8,8,0.9999585151672363
1008,1,1,0.9999151229858398
1009,0,0,0.9999734163284302
1010,4,4,0.9999969005584717
1011,1,1,0.9999349117279053
1012,7,7,0.9056976437568665
1013,9,9,0.9997474551200867
1014,6,5,0.8141747117042542
1015,4,4,0.9997932314872742
1016,2,2,0.9998335838317871
1017,6,6,0.999640941619873
1018,8,8,0.9999436140060425
1019,1,1,0.9997987151145935
1020,3,3,0.9999960660934448
1021,7,7,0.9899885058403015
1022,5,5,0.9980923533439636
1023,4,4,1.0
1024,4,4,0.9999438524246216
1025,1,1,0.9999301433563232
1026,8,8,0.9918603301048279
1027,1,1,0.9998185038566589
1028,3,3,0.9999924898147583
1029,8,8,0.9999946355819702
1030,1,1,0.9996529817581177
1031,2,2,0.9999732971191406
1032,5,5,0.9921618103981018
1033,8,8,0.9755800366401672
1034,0,0,0.9999853372573853
1035,6,6,0.9999991655349731
1036,2,2,0.9999600648880005
1037,1,1,0.9997888207435608
1038,1,1,0.9997937083244324
1039,7,2,0.4515438377857208
1040,1,1,0.9997841715812683
1041,5,5,0.9999982118606567
1042,3,3,0.9999604225158691
1043,4,4,0.9999945163726807
1044,6,6,0.9906685948371887
1045,9,9,0.9170312285423279
1046,5,5,0.9998087286949158
1047,0,0,0.9999998807907104
1048,9,9,0.9999659061431885
1049,2,2,1.0
1050,2,2,0.9987597465515137
1051,4,4,0.9998737573623657
1052,8,8,0.9995037317276001
1053,2,2,0.9999902248382568
1054,1,1,0.9996052384376526
1055,7,7,0.9657577872276306
1056,2,2,0.998852014541626
1057,4,4,0.9999921321868896
1058,9,9,0.9995191097259521
1059,4,4,0.99998939037323
1060,4,4,0.9999991655349731
1061,0,0,0.9999245405197144
1062,3,3,0.9877029061317444
1063,9,9,0.9996918439865112
1064,2,2,0.9984682202339172
1065,2,2,0.9991921782493591
1066,3,3,0.9999727010726929
1067,3,3,0.9999972581863403
1068,8,8,0.974531352519989
1069,3,3,0.9988046884536743
1070,5,5,0.9999986886978149
1071,7,7,0.9998289346694946
1072,3,3,0.9505810737609863
1073,5,5,0.9999499320983887
1074,8,8,0.9999880790710449
1075,1,1,0.9997710585594177
1076,2,2,0.9999958276748657
1077,4,4,0.9999257326126099
1078,4,4,0.999370276927948
1079,6,6,0.9998739957809448
1080,4,4,0.9998886585235596
1081,9,9,0.9987277388572693
1082,5,5,0.9822386503219604
1083,1,1,0.9997851252555847
1084,0,0,1.0
1085,6,6,0.9997569918632507
1086,9,9,0.999910831451416
1087,5,5,0.9993077516555786
1088,9,9,0.999954342842102
1089,5,5,0.9989019632339478
1090,9,9,0.9951053857803345
1091,7,7,0.999825656414032
1092,3,3,0.9999606609344482
1093,8,8,0.9992983341217041
1094,0,0,0.9999926090240479
1095,3,3,0.9999790191650391
1096,7,7,0.9578373432159424
1097,1,1,0.9994099140167236
1098,3,3,0.9900463223457336
1099,6,6,0.9999464750289917
1100,7,7,0.9999836683273315
1101,8,8,0.9166748523712158
1102,5,5,0.9999994039535522
1103,9,9,0.9994246959686279
1104,7,7,0.9999884366989136
1105,9,9,0.9999368190765381
1106,6,6,1.0
1107,9,9,0.9986253976821899
1108,6,6,0.997572124004364
1109,3,3,0.9999988079071045
1110,7,7,0.9999179840087891
1111,4,4,0.9999986886978149
1112,4,6,0.9680970907211304
1113,5,5,0.9999995231628418
1114,3,3,0.6399295330047607
1115,5,5,0.9999191761016846
1116,4,4,0.9997140765190125
1117,7,7,0.9995985627174377
1118,8,8,0.9999333620071411
1119,7,7,0.8379310369491577
1120,8,8,0.9998884201049805
1121,0,0,0.9978267550468445
1122,7,7,0.9987784028053284
1123,6,6,0.9999979734420776
1124,8,8,0.9953611493110657
1125,8,8,0.9918501973152161
1126,7,7,0.9996694326400757
1127,3,3,0.9999922513961792
1128,3,3,0.998761773109436
1129,1,1,0.9998210072517395
1130,9,9,0.9995025396347046
1131,5,5,0.9998800754547119
1132,2,2,0.9999991655349731
1133,7,7,0.9970786571502686
1134,3,3,0.9999945163726807
1135,5,5,0.9999791383743286
1136,1,1,0.9995927214622498
1137,1,1,0.9997983574867249
1138,2,2,0.9940047860145569
1139,1,1,0.9984435439109802
1140,4,4,0.9999994039535522
1141,7,7,0.9999533891677856
1142,4,4,0.9997778534889221
1143,7,7,0.9977953433990479
1144,5,5,0.9999903440475464
1145,4,4,0.9998621940612793
1146,5,5,0.9993533492088318
1147,4,4,0.9992645382881165
1148,0,0,0.9999977350234985
1149,8,8,0.9999586343765259
1150,3,3,0.9998509883880615
1151,6,6,0.9953392744064331
1152,9,9,0.9999562501907349
1153,6,6,0.9961997866630554
1154,0,0,0.9999656677246094
1155,2,2,0.9998444318771362
1156,7,7,0.9878058433532715
1157,4,4,0.9920154809951782
1158,4,4,1.0
1159,4,4,0.9879893064498901
1160,4,4,0.999991774559021
1161,6,6,0.9993089437484741
1162,6,6,1.0
1163,4,4,0.9999970197677612
1164,7,7,0.9852480888366699
1165,9,9,0.999748170375824
1166,3,8,0.9253723621368408
1167,4,4,0.9999550580978394
1168,5,5,0.9999955892562866
1169,5,5,0.9995798468589783
1170,8,8,0.9999961853027344
1171,7,7,0.9999889135360718
1172,3,3,0.9999961853027344
1173,7,7,0.9491092562675476
1174,2,2,0.9999879598617554
1175,7,7,0.9998360872268677
1176,0,0,0.9999889135360718
1177,2,2,0.9999736547470093
1178,4,4,0.9536535143852234
1179,1,1,0.9994956254959106
1180,1,1,0.9999501705169678
1181,6,1,0.7170078754425049
1182,6,5,0.5036046504974365
1183,9,9,0.9982563853263855
1184,2,2,0.9256147742271423
1185,8,8,0.999970555305481
1186,7,7,0.999997615814209
1187,2,2,0.9854025840759277
1188,0,0,0.9999767541885376
1189,1,1,0.9998646974563599
1190,5,5,0.9999796152114868
1191,0,0,0.9971854090690613
1192,9,9,0.9942948222160339
1193,1,1,0.9999188184738159
1194,7,7,0.9847339987754822
1195,0,0,0.9999873638153076
1196,6,6,0.9999567270278931
1197,0,0,0.9999669790267944
1198,8,8,0.9997292160987854
1199,6,6,0.9996241331100464
1200,8,8,0.9987327456474304
1201,1,1,0.999711811542511
1202,8,8,0.9749395251274109
1203,0,0,0.999998927116394
1204,3,3,0.9999434947967529
1205,3,3,0.9999977350234985
1206,7,7,0.8094016313552856
1207,2,2,1.0
1208,3,3,0.9998346567153931
1209,6,6,0.9865514039993286
1210,2,2,0.9999969005584717
1211,1,1,0.9998856782913208
1212,6,6,0.9826908707618713
1213,1,1,0.999982476234436
1214,1,1,0.9961221814155579
1215,3,3,0.9999654293060303
1216,7,7,0.9637479782104492
1217,9,9,0.9934085607528687
1218,0,0,0.999993085861206
1219,8,8,0.9999574422836304
1220,0,0,0.9998687505722046
1221,5,5,0.9998075366020203
1222,4,4,0.9999998807907104
1223,0,0,0.9999958276748657
1224,2,2,0.9567629098892212
1225,8,8,0.9999974966049194
1226,7,2,0.9403521418571472
1227,2,2,0.9992675185203552
1228,9,9,0.9996028542518616
1229,8,8,0.9998855590820312
1230,4,4,0.9999548196792603
1231,0,0,0.9999970197677612
1232,9,8,0.36865535378456116
1233,5,5,0.9999182224273682
1234,8,8,0.9999079704284668
1235,5,5,0.9995144605636597
1236,1,1,0.9989369511604309
1237,2,2,0.9978681802749634
1238,1,1,0.9999697208404541
1239,3,3,0.9988390803337097
1240,1,1,0.9975590705871582
1241,7,7,0.9999294281005859
1242,4,9,0.8156840205192566
1243,5,5,0.9995549321174622
1244,7,7,0.9989399313926697
1245,2,2,0.9999996423721313
1246,0,0,0.9999308586120605
1247,9,9,0.5328269600868225
1248,8,8,0.9986497759819031
1249,8,8,0.9999997615814209
1250,6,6,0.9986757636070251
1251,2,2,0.9993258714675903
1252,5,5,0.9992398023605347
1253,4,4,0.9999071359634399
1254,1,1,0.9999356269836426
1255,9,9,0.9999018907546997
1256,2,2,0.9955804944038391
1257,1,1,0.999847412109375
1258,5,5,0.9664571285247803
1259,8,8,0.999638557434082
1260,7,1,0.7349629402160645
1261,0,0,0.9999992847442627
1262,2,2,0.9999856948852539
1263,4,4,0.9986458420753479
1264,4,4,0.9985620379447937
1265,3,3,0.9999955892562866
1266,6,6,0.9999948740005493
1267,8,8,0.9999463558197021
1268,8,8,0.9999984502792358
1269,2,2,0.9998295307159424
1270,4,4,0.9818836450576782
1271,0,0,0.9999922513961792
1272,5,5,0.9998279809951782
1273,0,0,0.9936262369155884
1274,4,4,0.9273409247398376
1275,4,4,0.9963000416755676
1276,7,7,0.9999644756317139
1277,9,9,0.9992035031318665
1278,3,3,0.9999998807907104
1279,4,4,0.9935128092765808
1280,1,1,0.9999114274978638
1281,5,5,0.9997707009315491
1282,9,9,0.9978141784667969
1283,7,7,0.9995896220207214
1284,3,3,0.999998927116394
1285,5,5,0.9999958276748657
1286,8,8,0.9999803304672241
1287,8,8,0.9998282194137573
1288,0,0,0.9998177886009216
1289,5,5,0.9951223731040955
1290,3,3,0.6842408776283264
1291,3,3,0.9999725818634033
1292,6,6,0.898871898651123
1293,6,6,0.999998927116394
1294,0,0,0.9999996423721313
1295,1,1,0.9998974800109863
1296,6,6,0.9879586696624756
1297,0,0,0.9999979734420776
1298,3,3,0.9999610185623169
1299,5,5,0.9484326839447021
1300,4,4,0.9995294809341431
1301,4,4,0.9991621971130371
1302,1,1,0.9993403553962708
1303,2,2,0.9983345866203308
1304,9,9,0.9999661445617676
1305,1,1,0.9998173117637634
1306,4,4,0.9999998807907104
1307,6,6,0.9999977350234985
1308,9,9,0.9999939203262329
1309,9,9,0.9995765089988708
1310,3,3,0.9941061735153198
1311,9,9,0.9989792108535767
1312,8,8,0.9998773336410522
1313,4,4,0.9999998807907104
1314,4,4,1.0
1315,3,3,0.9998518228530884
1316,1,1,0.9999113082885742
1317,3,3,0.9999997615814209
1318,1,1,0.9980406165122986
1319,8,0,0.8879199624061584
1320,8,8,0.9984109401702881
1321,7,7,0.9996139407157898
1322,9,9,0.9998512268066406
1323,4,4,0.9999998807907104
1324,8,8,0.9995412826538086
1325,8,8,0.9991674423217773
1326,7,2,0.9309629201889038
1327,9,9,0.9996721744537354
1328,7,7,0.9460495114326477
1329,1,1,0.9998999834060669
1330,4,4,0.9999830722808838
1331,5,5,0.9760863184928894
1332,6,6,0.9999998807907104
1333,0,0,0.9999997615814209
1334,5,5,0.985016942024231
1335,2,2,0.9622902870178223
1336,2,2,0.999552309513092
1337,2,2,0.8426295518875122
1338,1,1,0.9998917579650879
1339,5,5,0.9994279742240906
1340,5,5,0.9999145269393921
1341,2,2,0.9999966621398926
1342,4,4,1.0
1343,9,9,0.9986869692802429
1344,6,6,0.9948807954788208
1345,2,2,0.9996317625045776
1346,7,7,0.9997959733009338
1347,7,7,0.9999033212661743
1348,2,2,0.9998307228088379
1349,2,2,0.8370722532272339
1350,1,1,0.9999613761901855
1351,1,1,0.9990987777709961
1352,2,2,0.9989977478981018
1353,8,8,0.9999500513076782
1354,3,3,0.9999294281005859
1355,7,7,0.9682013392448425
1356,2,2,0.8065463304519653
1357,4,4,0.9993316531181335
1358,1,1,0.9998904466629028
1359,7,7,0.9999778270721436
1360,1,1,0.999580442905426
1361,7,7,0.9999867677688599
1362,6,6,0.9999995231628418
1363,7,7,0.9998903274536133
1364,8,8,0.9929338693618774
1365,2,2,0.9997320771217346
1366,7,7,0.9999418258666992
1367,3,3,0.9999998807907104
1368,1,1,0.998121440410614
1369,7,7,0.9999986886978149
1370,5,5,0.9998413324356079
1371,8,8,0.9999955892562866
1372,2,2,0.9989444613456726
1373,6,6,0.9999998807907104
1374,2,2,0.9998639822006226
1375,2,2,0.9959350824356079
1376,5,5,0.9999986886978149
1377,6,6,0.9961469173431396
1378,5,5,0.9953959584236145
1379,0,0,0.9999998807907104
1380,9,9,0.9999594688415527
1381,2,2,0.9996029734611511
1382,4,4,1.0
1383,3,3,0.9981372356414795
1384,3,3,0.9999938011169434
1385,9,9,0.9933871626853943
1386,7,7,0.9999809265136719
1387,6,6,0.9999955892562866
1388,6,6,0.9999411106109619
1389,8,8,0.9999997615814209
1390,0,0,0.9999978542327881
1391,4,4,0.999987006187439
1392,1,1,0.9986352324485779
1393,5,3,0.9387791752815247
1394,8,8,0.9925583600997925
1395,2,2,0.6250933408737183
1396,9,9,0.9998342990875244
1397,1,1,0.9999349117279053
1398,8,8,0.9999334812164307
1399,0,0,0.9999916553497314
1400,6,6,0.9992589354515076
1401,7,7,0.9994300007820129
1402,2,2,0.9975712895393372
1403,1,1,0.9884218573570251
1404,0,0,0.998225748538971
1405,5,5,0.9996253252029419
1406,5,5,0.9919618964195251
1407,2,2,1.0
1408,0,0,0.9999904632568359
1409,2,2,0.9999078512191772
1410,2,2,0.9994372725486755
1411,0,0,0.9485756158828735
1412,2,2,0.9992081522941589
1413,4,4,0.9994382262229919
1414,9,9,0.570671021938324
1415,8,8,0.9988455772399902
1416,0,0,0.9999951124191284
1417,9,9,0.9993917942047119
1418,9,9,0.9999352693557739
1419,4,4,0.9999982118606567
1420,6,6,0.9999936819076538
1421,5,5,0.9999380111694336
1422,4,4,0.9999990463256836
1423,9,9,0.9997794032096863
1424,1,1,0.999881386756897
1425,8,8,0.9807703495025635
1426,3,3,0.9999970197677612
1427,4,4,0.9969351291656494
1428,9,9,0.999126136302948
1429,9,9,0.9628193378448486
1430,1,1,0.9998760223388672
1431,2,2,0.9999529123306274
1432,2,2,0.9999449253082275
1433,8,8,0.9834682941436768
1434,1,1,0.999977707862854
1435,9,9,0.996044397354126
1436,6,6,0.9926175475120544
1437,4,4,0.9993157386779785
1438,0,0,0.9956356883049011
1439,9,9,0.9968484044075012
1440,4,4,0.9850660562515259
1441,8,8,0.9759311079978943
1442,3,3,0.9999922513961792
1443,8,8,0.9999991655349731
1444,6,6,0.9979758858680725
1445,0,0,0.9999996423721313
1446,2,2,0.9997679591178894
1447,5,5,0.9983407258987427
1448,1,1,0.9998868703842163
1449,9,9,0.9999607801437378
1450,6,6,0.9999822378158569
1451,2,2,0.9997727274894714
1452,9,9,0.9999874830245972
1453,4,4,0.9723371267318726
1454,0,0,0.9986514449119568
1455,9,9,0.9961094260215759
1456,6,6,0.9999722242355347
1457,0,0,1.0
1458,6,6,0.9958186745643616
1459,2,2,0.6464635729789734
1460,5,5,0.9999071359634399
1461,4,4,0.9999977350234985
1462,2,2,0.9973589777946472
1463,3,3,0.9994433522224426
1464,8,8,0.9985138773918152
1465,4,4,0.9957512617111206
1466,5,5,0.9941377639770508
1467,5,5,0.9994441866874695
1468,0,0,0.9999388456344604
1469,3,3,0.9958005547523499
1470,8,8,0.9999972581863403
1471,5,5,0.999994158744812
1472,3,3,0.9947185516357422
1473,5,5,0.9999982118606567
1474,8,8,0.9998681545257568
1475,6,6,0.9985748529434204
1476,5,5,0.9990593791007996
1477,7,7,0.9993962049484253
1478,6,6,0.9998201727867126
1479,3,3,0.9999997615814209
1480,3,3,0.9999816417694092
1481,9,9,0.9998706579208374
1482,6,6,0.99826580286026
1483,1,1,0.9993250370025635
1484,1,1,0.9997970461845398
1485,2,2,0.9999996423721313
1486,9,9,0.9999531507492065
1487,0,0,0.9999978542327881
1488,4,4,0.9999971389770508
1489,3,3,0.9999959468841553
1490,3,3,0.9993003606796265
1491,6,6,0.9999995231628418
1492,9,9,0.9992824196815491
1493,5,5,0.9999991655349731
1494,7,7,0.9955958724021912
1495,3,3,0.9974786639213562
1496,7,7,0.9325808882713318
1497,7,7,0.9999843835830688
1498,7,7,0.9999970197677612
1499,8,8,0.9999991655349731
1500,7,7,0.9004238843917847
1501,9,9,0.9999173879623413
1502,8,8,0.9986842274665833
1503,3,3,0.9994388222694397
1504,0,0,0.9999762773513794
1505,7,7,0.9857542514801025
1506,2,2,0.9999995231628418
1507,7,7,0.9987572431564331
1508,9,9,0.9827647805213928
1509,4,4,0.9058911204338074
1510,5,5,0.9987311959266663
1511,4,4,0.9999988079071045
1512,9,9,0.9999643564224243
1513,3,3,0.9999303817749023
1514,2,2,0.9954233765602112
1515,1,1,0.9997162222862244
1516,4,4,0.9994271993637085
1517,0,0,0.9999997615814209
1518,2,2,0.9940217137336731
1519,3,3,0.9999982118606567
1520,7,7,0.9649986624717712
1521,5,5,0.9999984502792358
1522,7,7,0.48029688000679016
1523,8,8,0.9994729161262512
1524,8,8,0.9999812841415405
1525,5,5,0.9991490840911865
1526,0,0,0.999976396560669
1527,1,1,0.9200138449668884
1528,1,1,0.9999185800552368
1529,4,4,0.9999998807907104
1530,8,8,0.7503392696380615
1531,3,3,0.9945367574691772
1532,9,9,0.9975844621658325
1533,0,0,0.9995952248573303
1534,0,0,0.9999939203262329
1535,0,0,0.9999909400939941
1536,6,6,0.9999815225601196
1537,6,6,0.9999769926071167
1538,2,2,0.9991881251335144
1539,3,3,0.9999903440475464
1540,7,7,0.9998061060905457
1541,8,8,0.9999982118606567
1542,4,4,0.9999998807907104
1543,7,7,0.9909648895263672
1544,7,7,0.9999998807907104
1545,9,9,0.9998133778572083
1546,2,2,0.9998021721839905
1547,4,4,0.9988253712654114
1548,1,1,0.9990511536598206
1549,4,6,0.5085994005203247
1550,5,5,0.9999858140945435
1551,2,2,0.9408379197120667
1552,4,4,0.9998717308044434
1553,9,9,0.8780773878097534
1554,9,9,0.8590061068534851
1555,1,1,0.9997993111610413
1556,8,8,0.9999785423278809
1557,4,4,0.999996542930603
1558,0,0,0.9978873133659363
1559,9,9,0.9592717289924622
1560,8,8,0.9999867677688599
1561,4,4,0.9999974966049194
1562,8,8,0.9968100190162659
1563,7,7,0.9999786615371704
1564,7,7,0.9997441172599792
1565,0,0,0.9999734163284302
1566,7,7,0.9441676139831543
1567,8,8,0.999994158744812
1568,8,8,0.9999693632125854
1569,6,6,0.914733350276947
1570,0,0,0.9960734844207764
1571,4,4,0.9990425705909729
1572,8,8,0.999987006187439
1573,8,8,0.9999058246612549
1574,2,2,0.9999998807907104
1575,4,4,0.9999994039535522
1576,7,7,0.9994445443153381
1577,6,6,0.9999994039535522
1578,6,6,0.9999983310699463
1579,6,6,0.9993906021118164
1580,4,4,0.9999734163284302
1581,7,7,0.8733693957328796
1582,1,1,0.9998255372047424
1583,8,8,0.996423065662384
1584,8,8,0.9934483170509338
1585,2,2,0.9999971389770508
1586,3,3,0.9945352077484131
1587,6,6,0.9959595799446106
1588,3,3,1.0
1589,0,0,0.9999992847442627
1590,0,0,0.9999252557754517
1591,3,3,0.9986009001731873
1592,7,7,0.9995254278182983
1593,6,6,0.9981790781021118
1594,9,9,0.9929896593093872
1595,7,7,0.9331613183021545
1596,9,9,0.9999195337295532
1597,9,9,0.9656047224998474
1598,5,5,0.9999731779098511
1599,4,4,0.9999797344207764
1600,3,3,0.994067907333374
1601,3,3,0.9996778964996338
1602,6,6,0.9999500513076782
1603,1,1,0.9999043941497803
1604,2,2,0.9999357461929321
1605,3,3,0.9995915293693542
1606,7,7,0.9999828338623047
1607,3,3,0.9852100014686584
1608,3,3,0.9999938011169434
1609,2,2,0.9893701076507568
1610,0,0,0.9999903440475464
1611,3,3,0.9367836117744446
1612,3,3,0.9988604784011841
1613,8,8,0.9999566078186035
1614,4,4,0.9390314221382141
1615,3,3,0.9999823570251465
1616,6,6,0.9999467134475708
1617,3,3,0.9993730187416077
1618,5,5,0.9999306201934814
1619,0,0,0.9994533658027649
1620,2,2,0.9980605244636536
1621,0,0,0.7976382970809937
1622,9,9,0.9999405145645142
1623,0,0,0.9999984502792358
1624,7,7,0.9997865557670593
1625,4,4,0.9999997615814209
1626,6,6,0.9857606291770935
1627,9,9,0.999950647354126
1628,3,3,0.9993140697479248
1629,5,5,0.9999998807907104
1630,1,1,0.9997057318687439
1631,9,9,0.9996514320373535
1632,6,6,0.9999874830245972
1633,1,1,0.9998816251754761
1634,4,4,0.7721614837646484
1635,5,5,0.9999351501464844
1636,4,4,0.9997488856315613
1637,5,5,0.9958567023277283
1638,0,0,0.9999678134918213
1639,5,5,0.9999747276306152
1640,9,9,0.9998899698257446
1641,5,5,0.9922546148300171
1642,2,2,0.9999231100082397
1643,1,1,0.9992902278900146
1644,2,2,0.9635715484619141
1645,9,9,0.9999982118606567
1646,1,1,0.9998807907104492
1647,9,9,0.9996002316474915
1648,9,9,0.9812218546867371
1649,4,4,0.9999516010284424
1650,0,0,0.9999347925186157
1651,8,8,0.9999935626983643
1652,4,4,0.9999959468841553
1653,5,5,0.9999371767044067
1654,2,2,0.9576552510261536
1655,9,9,0.9999511241912842
1656,2,2,0.9999616146087646
1657,1,1,0.9999549388885498
1658,2,2,0.9999326467514038
1659,1,1,0.9996820688247681
1660,7,7,0.9983572363853455
1661,3,3,0.9999871253967285
1662,6,6,0.9999998807907104
1663,8,8,0.9999855756759644
1664,8,8,0.9999730587005615
1665,4,4,0.999998927116394
1666,9,9,0.9999550580978394
1667,1,1,0.9998437166213989
1668,9,9,0.9998352527618408
1669,8,8,0.9992697834968567
1670,5,5,0.9909837245941162
1671,7,7,0.9987461566925049
1672,5,5,0.9999063014984131
1673,1,1,0.993500292301178
1674,1,1,0.9998871088027954
1675,8,8,0.999988317489624
1676,6,6,0.9861841797828674
1677,5,5,0.9999363422393799
1678,2,0,0.876410961151123
1679,4,4,0.9999996423721313
1680,4,4,0.9998292922973633
1681,3,3,0.9845052361488342
1682,2,2,0.9997796416282654
1683,3,3,0.9999998807907104
1684,5,5,0.9998944997787476
1685,6,6,0.9999998807907104
1686,8,8,0.9500828981399536
1687,8,8,0.9990094900131226
1688,6,6,0.9996858835220337
1689,2,2,0.933346152305603
1690,3,3,0.9988975524902344
1691,1,1,0.9676113724708557
1692,0,0,0.9999985694885254
1693,5,5,0.9999690055847168
1694,8,8,0.9955031275749207
1695,9,9,0.9801106452941895
1696,2,2,0.9991220831871033
1697,9,9,0.9909526109695435
1698,6,6,1.0
1699,7,7,0.9999957084655762
1700,0,0,0.9999973773956299
1701,4,4,0.9589892625808716
1702,8,8,0.9975534081459045
1703,7,7,0.9980083107948303
1704,1,1,0.9999369382858276
1705,7,7,0.999025821685791
1706,4,4,0.9999963045120239
1707,1,1,0.9996209144592285
1708,0,0,0.9999983310699463
1709,9,5,0.5142979025840759
1710,7,7,0.9998908042907715
1711,2,2,0.9881632924079895
1712,0,0,0.9996545314788818
1713,0,0,0.9999916553497314
1714,9,9,0.9999823570251465
1715,1,1,0.9999212026596069
1716,7,7,0.8538874387741089
1717,8,0,0.9601951837539673
1718,7,7,0.9957303404808044
1719,8,8,0.9999991655349731
1720,4,4,0.9999994039535522
1721,7,7,0.841665506362915
1722,2,2,0.6129148006439209
1723,0,0,0.9999995231628418
1724,4,4,0.9999982118606567
1725,6,6,0.9835045337677002
1726,0,0,0.9999997615814209
1727,3,3,0.9999986886978149
1728,1,1,0.9998798370361328
1729,1,1,0.9958463311195374
1730,3,3,0.9876424074172974
1731,3,3,0.999985933303833
1732,9,9,0.9999663829803467
1733,6,6,0.9998828172683716
1734,7,7,0.9997517466545105
1735,4,4,0.9998737573623657
1736,1,1,0.9997685551643372
1737,5,5,0.5376896858215332
1738,3,3,0.9999985694885254
1739,0,0,0.9999798536300659
1740,8,8,0.9987346529960632
1741,7,7,0.9987327456474304
1742,3,3,0.9999955892562866
1743,9,9,0.99950110912323
1744,6,6,0.9999980926513672
1745,9,9,0.999848484992981
1746,3,3,0.9998676776885986
1747,5,5,0.9990956783294678
1748,0,0,0.9887810945510864
1749,2,2,0.9999896287918091
1750,7,7,0.9998648166656494
1751,4,4,0.9873800277709961
1752,5,5,0.9999464750289917
1753,1,1,0.9998161196708679
1754,7,2,0.494271844625473
1755,5,5,0.9988518953323364
1756,8,8,0.9999630451202393
1757,0,0,0.9999672174453735
1758,8,8,0.9998972415924072
1759,8,8,0.9920457601547241
1760,1,1,0.9995042085647583
1761,5,5,0.9999222755432129
1762,0,0,0.998633086681366
1763,3,3,0.9996426105499268
1764,0,0,0.999995231628418
1765,3,3,0.9999843835830688
1766,1,1,0.9998854398727417
1767,4,4,0.9997716546058655
1768,0,0,0.9999905824661255
1769,3,3,0.9572978615760803
1770,7,7,0.9999856948852539
1771,2,2,0.9999809265136719
1772,7,7,0.9988225102424622
1773,1,1,0.9570627212524414
1774,8,8,0.9898920059204102
1775,0,0,0.9989314675331116
1776,7,7,0.9996925592422485
1777,0,0,0.9999974966049194
1778,4,4,0.9999220371246338
1779,3,3,0.9999719858169556
1780,1,1,0.9996817111968994
1781,9,9,0.999963641166687
1782,8,8,0.9664933085441589
1783,7,7,0.9999862909317017
1784,7,7,0.9999960660934448
1785,1,1,0.9986257553100586
1786,4,4,0.9996689558029175
1787,9,9,0.9999828338623047
1788,9,9,0.9991387128829956
1789,3,3,0.9977501034736633
1790,2,7,0.6181200742721558
1791,1,1,0.9998133778572083
1792,7,7,0.9995412826538086
1793,9,9,0.9999961853027344
1794,0,0,0.999377965927124
1795,2,2,0.9999998807907104
1796,0,0,0.9999982118606567
1797,3,3,0.9956938028335571
1798,3,3,0.999987006187439
1799,7,7,0.9999936819076538
1800,6,6,0.9808527827262878
1801,9,9,0.9996141195297241
1802,2,2,0.999977707862854
1803,3,3,0.9999649524688721
1804,3,3,1.0
1805,7,7,0.999875545501709
1806,7,7,0.9998304843902588
1807,0,0,0.9999954700469971
1808,0,0,0.9994431138038635
1809,7,7,0.655424952507019
1810,5,5,0.9999816417694092
1811,2,2,0.9917101263999939
1812,9,9,0.9997403025627136
1813,8,8,0.9999282360076904
1814,7,7,0.9998601675033569
1815,4,4,0.9999997615814209
1816,4,4,0.9995864033699036
1817,2,2,0.9999194145202637
1818,6,6,0.9999368190765381
1819,6,6,0.9983025789260864
1820,1,1,0.9999756813049316
1821,9,9,0.9999986886978149
1822,6,6,0.9241218566894531
1823,8,8,0.9886306524276733
1824,2,2,0.999985933303833
1825,9,9,0.9967321157455444
1826,0,0,0.9999887943267822
1827,8,8,0.9999901056289673
1828,3,3,0.979900062084198
1829,1,1,0.9993126392364502
1830,1,1,0.9999117851257324
1831,6,6,0.9998345375061035
1832,3,3,0.9997792840003967
1833,5,5,0.9953612685203552
1834,1,1,0.999974250793457
1835,1,1,0.999852180480957
1836,1,1,0.9998867511749268
1837,3,3,0.9997565150260925
1838,1,1,0.9973344802856445
1839,2,2,0.9782705307006836
1840,3,3,0.999996542930603
1841,0,0,0.9999467134475708
1842,2,2,0.9979625940322876
1843,0,0,0.9999889135360718
1844,1,1,0.9996418952941895
1845,3,3,0.9999998807907104
1846,5,5,0.9993255138397217
1847,5,5,0.9973276853561401
1848,7,7,0.9997124075889587
1849,4,4,0.9994483590126038
1850,8,8,0.99470055103302
1851,9,9,0.9995285272598267
1852,6,6,0.9990744590759277
1853,9,9,0.9996045231819153
1854,6,6,0.9999986886978149
1855,8,8,0.9966897964477539
1856,3,3,0.999081015586853
1857,6,6,0.9999775886535645
1858,6,6,0.9999991655349731
1859,8,8,0.9999995231628418
1860,5,5,0.9994117021560669
1861,1,1,0.9986711740493774
1862,4,4,0.9995794892311096
1863,2,2,0.9999997615814209
1864,4,4,0.9999997615814209
1865,4,4,0.9682735800743103
1866,5,5,0.9994487166404724
1867,1,1,0.9999699592590332
1868,1,1,0.988807737827301
1869,9,9,0.9999823570251465
1870,0,0,0.9999994039535522
1871,2,2,0.638452410697937
1872,4,4,0.9999979734420776
1873,9,9,0.999988317489624
1874,5,5,0.9990197420120239
1875,7,7,0.9999992847442627
1876,1,1,0.9999722242355347
1877,8,8,0.9999308586120605
1878,8,3,0.6922379732131958
1879,5,5,0.999847412109375
1880,6,6,0.8771180510520935
1881,9,9,0.9998512268066406
1882,8,8,0.9998152852058411
1883,7,7,0.9983583092689514
1884,1,1,0.9996114373207092
1885,1,1,0.9987965822219849
1886,6,6,0.999327540397644
1887,7,7,0.9998587369918823
1888,6,6,0.9828954935073853
1889,3,3,0.9999967813491821
1890,2,2,1.0
1891,2,2,0.9999997615814209
1892,0,0,0.9999997615814209
1893,8,8,0.9999926090240479
1894,9,9,0.9968956708908081
1895,2,2,0.9999915361404419
1896,5,5,0.9999438524246216
1897,1,1,0.9999687671661377
1898,0,0,0.988594651222229
1899,8,8,0.9356808662414551
1900,1,1,0.9619339108467102
1901,9,4,0.8346915245056152
1902,5,5,0.9999171495437622
1903,7,7,0.9324483871459961
1904,9,9,0.999002993106842
1905,6,6,0.9999991655349731
1906,9,9,0.9996719360351562
1907,0,0,0.9999666213989258
1908,6,6,0.9991210103034973
1909,1,1,0.9832567572593689
1910,5,5,0.9996243715286255
1911,5,5,0.9976356029510498
1912,8,8,0.9999731779098511
1913,3,3,0.7606412172317505
1914,8,8,0.9999986886978149
1915,2,2,0.9999377727508545
1916,6,6,0.9996687173843384
1917,5,5,0.9998674392700195
1918,0,0,0.9999178647994995
1919,7,7,0.9999954700469971
1920,4,4,0.9986554384231567
1921,6,6,0.9999978542327881
1922,1,1,0.999833345413208
1923,3,3,1.0
1924,4,4,0.9988806843757629
1925,7,7,0.9999816417694092
1926,3,3,0.9999514818191528
1927,2,2,0.9998555183410645
1928,3,3,1.0
1929,4,4,0.995899498462677
1930,2,2,0.9996465444564819
1931,5,5,0.9999291896820068
1932,2,2,0.9999451637268066
1933,7,7,0.9995532631874084
1934,1,1,0.99994957447052
1935,7,7,0.9999884366989136
1936,2,2,0.9999918937683105
1937,6,6,0.9995949864387512
1938,4,4,0.9939180612564087
1939,1,1,0.9999192953109741
1940,5,5,0.9999452829360962
1941,7,7,0.9253701567649841
1942,8,8,0.9990739822387695
1943,6,6,0.999797523021698
1944,0,0,0.9999983310699463
1945,1,1,0.9993383288383484
1946,8,8,0.9999780654907227
1947,2,2,0.999976634979248
1948,5,5,0.997510552406311
1949,7,7,0.9972115159034729
1950,7,7,0.9999674558639526
1951,6,6,0.9996497631072998
1952,9,9,0.9948177933692932
1953,3,3,0.9989643096923828
1954,5,5,0.9927438497543335
1955,8,8,0.866254985332489
1956,4,4,0.9986868500709534
1957,2,2,0.9999840259552002
1958,4,4,1.0
1959,0,0,0.999996542930603
1960,8,8,0.9999632835388184
1961,8,8,0.9997954964637756
1962,3,3,1.0
1963,4,4,0.9975904226303101
1964,9,9,0.9994601607322693
1965,2,2,0.9996755123138428
1966,7,7,0.9999998807907104
1967,5,5,0.999998927116394
1968,8,8,0.9960383176803589
1969,6,6,0.9791063070297241
1970,5,5,0.999966025352478
1971,6,6,0.9995878338813782
1972,0,0,0.9999973773956299
1973,8,8,0.9995531439781189
1974,6,6,0.9999922513961792
1975,7,7,0.999990701675415
1976,3,3,0.9922616481781006
1977,6,6,0.9999189376831055
1978,4,4,0.999839186668396
1979,9,9,0.9998431205749512
1980,4,4,1.0
1981,6,6,0.9982420206069946
1982,6,6,0.8704082369804382
1983,3,3,0.9998119473457336
1984,2,2,0.9970242381095886
1985,4,4,0.9999949932098389
1986,1,1,0.9999288320541382
1987,0,0,0.999967098236084
1988,1,1,0.9998822212219238
1989,4,4,0.7959957122802734
1990,6,6,0.9996511936187744
1991,2,2,0.9999986886978149
1992,9,9,0.9533671736717224
1993,1,1,0.9925200939178467
1994,1,1,0.999586284160614
1995,0,0,0.9999833106994629
1996,6,6,0.9997925162315369
1997,3,3,0.9999876022338867
1998,9,9,0.9994683861732483
1999,5,5,0.9996131062507629
2000,6,6,0.9996600151062012
2001,5,5,0.9989820122718811
2002,6,6,0.999967098236084
2003,5,5,0.9999955892562866
2004,8,8,0.9959468245506287
2005,4,4,0.9999964237213135
2006,6,6,0.9999141693115234
2007,4,4,1.0
2008,3,3,0.9999474287033081
2009,9,9,0.9992954730987549
2010,1,1,0.9987112283706665
2011,3,3,0.9999990463256836
2012,4,4,1.0
2013,1,1,0.9990214109420776
2014,9,9,0.9997616410255432
2015,1,1,0.9996925592422485
2016,7,7,0.9854990243911743
2017,1,1,0.9998552799224854
2018,1,1,0.6060894727706909
2019,9,9,0.9997187256813049
2020,3,3,0.9996405839920044
2021,5,5,0.9999948740005493
2022,4,4,0.9999922513961792
2023,0,0,0.9977030158042908
2024,7,7,0.8717788457870483
2025,3,3,0.859082818031311
2026,6,6,0.999996542930603
2027,1,1,0.9992675185203552
2028,7,7,0.9769630432128906
2029,5,5,0.9993305206298828
2030,5,5,0.9991057515144348
2031,3,3,0.9999998807907104
2032,3,3,0.9999998807907104
2033,0,0,0.9999916553497314
2034,1,1,0.9997215867042542
2035,5,3,0.8810610771179199
2036,7,7,0.9997840523719788
2037,5,5,0.9985073208808899
2038,8,8,0.9998960494995117
2039,6,6,0.9999390840530396
2040,5,5,0.9172278046607971
2041,1,1,0.9998241066932678
2042,0,0,0.9999973773956299
2043,4,8,0.925898015499115
2044,2,2,0.99973064661026
2045,3,3,0.999972939491272
2046,4,4,0.9999983310699463
2047,6,6,0.9986013770103455
2048,7,7,0.9953573346138
2049,9,9,0.989992082118988
2050,8,8,0.9997681975364685
2051,1,1,0.9997461438179016
2052,8,8,0.9366024732589722
2053,4,4,0.5259876251220703
2054,9,9,0.999403715133667
2055,2,2,0.9998714923858643
2056,8,8,0.9999741315841675
2057,6,6,0.9982298016548157
2058,2,2,0.9982388019561768
2059,7,7,0.9980227947235107
2060,0,0,0.9998550415039062
2061,0,0,0.9999955892562866
2062,6,6,0.9999998807907104
2063,7,7,0.9869352579116821
2064,5,5,0.9999648332595825
2065,8,8,0.9999309778213501
2066,6,6,0.9998366832733154
2067,0,0,0.9997619986534119
2068,9,9,0.9991129040718079
2069,3,3,0.9999966621398926
2070,7,9,0.49509117007255554
2071,1,1,0.9973883032798767
2072,3,3,0.9999960660934448
2073,5,5,0.9996786117553711
2074,4,4,0.9997028708457947
2075,3,3,0.999966025352478
2076,3,3,0.9999967813491821
2077,5,5,0.9999240636825562
2078,5,5,0.9999936819076538
2079,6,6,0.9998527765274048
2080,3,3,1.0
2081,0,0,0.9999639987945557
2082,2,2,0.9999041557312012
2083,3,3,0.9999855756759644
2084,4,4,0.9959422945976257
2085,2,2,0.9998757839202881
2086,3,3,0.9999728202819824
2087,0,0,0.9999959468841553
2088,9,9,0.9999923706054688
2089,9,9,0.9998488426208496
2090,4,4,0.6481299996376038
2091,7,7,0.9999822378158569
2092,2,2,0.9999980926513672
2093,8,8,0.991336464881897
2094,4,4,0.9990068078041077
2095,7,7,0.9997270703315735
2096,0,0,0.9999948740005493
2097,6,6,0.999930739402771
2098,2,2,0.6067601442337036
2099,8,8,0.9998342990875244
2100,5,5,0.991987943649292
2101,2,2,0.9968355298042297
2102,8,8,0.9999879598617554
2103,5,5,0.9994332194328308
2104,7,7,0.9969630837440491
2105,3,3,0.9775732755661011
2106,0,0,0.9998751878738403
2107,8,0,0.5354917049407959
2108,2,2,0.998051643371582
2109,3,7,0.9509414434432983
2110,2,2,0.9962463974952698
2111,8,8,0.9999996423721313
2112,2,2,0.9999477863311768
2113,5,5,0.9988628625869751
2114,5,5,0.9998923540115356
2115,7,7,0.9987327456474304
2116,6,6,0.9976842403411865
2117,4,4,0.9999974966049194
2118,6,0,0.9849811792373657
2119,8,8,0.9999980926513672
2120,4,4,0.9999754428863525
2121,8,8,0.999963641166687
2122,2,2,0.9999879598617554
2123,7,7,0.9981745481491089
2124,4,4,1.0
2125,5,5,0.9289636611938477
2126,2,2,0.9999572038650513
2127,0,0,0.9999996423721313
2128,3,3,0.9999493360519409
2129,9,8,0.4891207218170166
2130,4,9,0.8509232401847839
2131,6,6,0.9866588115692139
2132,7,7,0.999944806098938
2133,2,2,0.9999572038650513
2134,5,5,0.9999899864196777
2135,6,1,0.9383894801139832
2136,1,1,0.9995787739753723
2137,1,1,0.9999169111251831
2138,2,2,0.9095991253852844
2139,3,3,0.9999982118606567
2140,6,6,0.9999996423721313
2141,7,7,0.9999947547912598
2142,8,8,0.9999555349349976
2143,7,7,0.9987004995346069
2144,6,6,0.9999649524688721
2145,4,4,0.9999904632568359
2146,8,8,0.9999083280563354
2147,9,9,0.9951289892196655
2148,4,9,0.5820593237876892
2149,8,8,0.999894380569458
2150,6,6,0.9999641180038452
2151,3,3,0.999993085861206
2152,8,8,0.9999970197677612
2153,3,3,0.9981301426887512
2154,1,1,0.9997438788414001
2155,0,0,0.9999960660934448
2156,6,6,0.9999922513961792
2157,2,2,0.9962775111198425
2158,2,2,0.9998666048049927
2159,5,5,0.9999362230300903
2160,6,6,0.9999798536300659
2161,9,9,0.989605188369751
2162,5,5,0.9949193596839905
2163,8,8,0.9999994039535522
2164,1,1,0.9999525547027588
2165,4,4,1.0
2166,1,1,0.9963106513023376
2167,7,7,0.9999974966049194
2168,8,8,0.9975643157958984
2169,4,4,0.9987310767173767
2170,6,6,1.0
2171,1,1,0.9991028308868408
2172,8,8,0.999998927116394
2173,4,4,0.9999997615814209
2174,3,3,0.969344437122345
2175,1,1,0.9926591515541077
2176,2,2,0.9999809265136719
2177,8,8,0.9999531507492065
2178,0,0,0.9999990463256836
2179,8,8,0.9998639822006226
2180,5,5,0.9999910593032837
2181,9,9,0.9999916553497314
2182,1,1,0.9313302636146545
2183,4,4,0.9999903440475464
2184,2,2,0.9999121427536011
2185,0,0,0.6432246565818787
2186,2,8,0.516275942325592
2187,7,7,0.9999990463256836
2188,0,0,0.9919286966323853
2189,9,1,0.8677119612693787
2190,0,0,0.9999679327011108
2191,2,2,0.9999905824661255
2192,5,5,0.9949971437454224
2193,7,7,0.9986039996147156
2194,6,6,0.9997546076774597
2195,7,7,0.7274123430252075
2196,9,9,0.9999488592147827
2197,4,4,0.9801761507987976
2198,2,2,0.9996107220649719
2199,6,6,0.9992006421089172
2200,2,2,0.9996591806411743
2201,4,4,0.9999995231628418
2202,4,4,0.9999456405639648
2203,8,8,0.9999922513961792
2204,0,0,0.9990150928497314
2205,4,4,0.9998007416725159
2206,4,4,0.9999895095825195
2207,5,5,0.9999997615814209
2208,8,8,0.9998756647109985
2209,0,0,0.9999668598175049
2210,6,6,0.9999387264251709
2211,8,8,0.9999969005584717
2212,9,9,0.9976288676261902
2213,8,8,0.9999997615814209
2214,5,5,0.9999885559082031
2215,6,6,0.9976060390472412
2216,9,9,0.999783456325531
2217,0,0,0.9999969005584717
2218,4,4,0.9999479055404663
2219,8,8,0.9998300075531006
2220,7,7,0.9999856948852539
2221,1,1,0.9998213648796082
2222,3,3,0.9999589920043945
2223,4,4,0.9999986886978149
2224,5,5,0.720320463180542
2225,8,8,0.9850255846977234
2226,0,0,0.9999887943267822
2227,9,9,0.9998722076416016
2228,1,1,0.9992201328277588
2229,3,3,0.9999010562896729
2230,3,3,0.9999983310699463
2231,6,6,0.9999994039535522
2232,9,9,0.9990963935852051
2233,8,8,0.9999945163726807
2234,7,7,0.999690055847168
2235,1,1,0.9997957348823547
2236,0,0,0.9999985694885254
2237,5,5,0.9884797930717468
2238,7,7,0.9997195601463318
2239,1,1,0.9998125433921814
2240,7,7,0.9999991655349731
2241,5,5,0.9999181032180786
2242,2,2,0.8429957628250122
2243,7,7,0.9998843669891357
2244,9,9,0.9997969269752502
2245,1,1,0.992460310459137
2246,8,8,0.9999738931655884
2247,5,5,0.9999574422836304
2248,2,2,0.9998449087142944
2249,4,4,0.9999998807907104
2250,9,9,0.9987633228302002
2251,4,4,0.9999984502792358
2252,7,7,0.9999231100082397
2253,2,2,0.9998993873596191
2254,2,2,0.9999681711196899
2255,3,3,0.9947933554649353
2256,4,4,1.0
2257,9,9,0.9999722242355347
2258,1,1,0.9978489875793457
2259,9,9,0.9999690055847168
2260,2,2,0.9999979734420776
2261,1,1,0.999940037727356
2262,7,7,0.9984263181686401
2263,9,9,1.0
2264,4,4,0.9999932050704956
2265,4,4,0.9999434947967529
2266,1,1,0.8813797831535339
2267,6,6,0.99997878074646
2268,7,7,0.9996347427368164
2269,2,2,0.9982030391693115
2270,7,7,0.9999679327011108
2271,8,8,0.9999743700027466
2272,8,8,0.9206830859184265
2273,1,1,0.9985431432723999
2274,9,9,0.9999614953994751
2275,7,7,0.9996980428695679
2276,1,1,0.7920070886611938
2277,1,1,0.9978007674217224
2278,7,7,0.9999967813491821
2279,5,5,0.9988182187080383
2280,3,3,0.4944511353969574
2281,3,3,0.9999834299087524
2282,5,5,0.9978212118148804
2283,1,1,0.9999188184738159
2284,3,3,0.9999843835830688
2285,7,7,0.9999990463256836
2286,6,6,0.9999983310699463
2287,1,1,0.9999581575393677
2288,3,3,0.9989031553268433
2289,8,8,0.9998247027397156
2290,7,7,0.9994630217552185
2291,5,5,0.9942623376846313
2292,9,9,0.9910820722579956
2293,9,0,0.8463181257247925
2294,0,0,0.9998730421066284
2295,0,0,0.9999914169311523
2296,2,2,0.9823106527328491
2297,8,8,0.9999855756759644
2298,8,8,0.9834996461868286
2299,2,2,0.9977769255638123
2300,3,3,0.9990742206573486
2301,7,7,0.999984622001648
2302,1,1,0.9984921216964722
2303,3,3,0.9999707937240601
2304,0,0,0.9999960660934448
2305,3,3,0.9952373504638672
2306,4,4,0.9999773502349854
2307,4,4,0.999904990196228
2308,3,3,0.93306565284729
2309,8,8,0.9886780381202698
2310,9,9,0.9998536109924316
2311,2,2,0.9999319314956665
2312,3,3,0.9999877214431763
2313,9,9,0.999461829662323
2314,7,7,0.9950518012046814
2315,1,1,0.9998449087142944
2316,1,1,0.9999598264694214
2317,7,7,0.9999779462814331
2318,0,0,0.999639630317688
2319,4,4,0.9999974966049194
2320,9,9,0.9425293207168579
2321,6,6,1.0
2322,5,5,0.9994175434112549
2323,9,9,0.9999192953109741
2324,1,1,0.998918890953064
2325,7,7,0.9901019334793091
2326,0,0,0.99803227186203
2327,2,2,0.9993515610694885
2328,0,0,0.9999914169311523
2329,0,0,0.9981788396835327
2330,4,4,0.9999979734420776
2331,6,6,0.9999804496765137
2332,7,7,0.9999507665634155
2333,0,0,0.9982174038887024
2334,7,7,0.999862790107727
2335,1,1,0.9999618530273438
2336,4,4,0.9999998807907104
2337,6,6,1.0
2338,4,4,0.9999657869338989
2339,5,5,0.9798832535743713
2340,4,4,1.0
2341,9,9,0.999944806098938
2342,9,9,0.9999878406524658
2343,1,1,0.9376559853553772
2344,7,7,0.9999967813491821
2345,9,9,0.9990828037261963
2346,5,5,0.9999996423721313
2347,3,3,0.9997947812080383
2348,3,3,0.9999810457229614
2349,8,8,0.999998927116394
2350,2,2,1.0
2351,3,3,0.9993816614151001
2352,6,6,0.9999979734420776
2353,2,2,0.9999918937683105
2354,2,2,0.9999933242797852
2355,1,1,0.9981045722961426
2356,1,1,0.9999263286590576
2357,1,1,0.9999394416809082
2358,1,1,0.9998993873596191
2359,1,1,0.9996317625045776
2360,6,6,0.9999992847442627
2361,9,9,0.9950450658798218
2362,8,8,0.9996798038482666
2363,4,4,0.9998921155929565
2364,3,3,0.9999955892562866
2365,7,7,0.9999773502349854
2366,1,1,0.9997819066047668
2367,6,6,0.99996018409729
2368,4,4,0.9999998807907104
2369,5,5,0.853807806968689
2370,0,0,0.9997653365135193
2371,4,4,0.9803857803344727
2372,7,7,0.9569699168205261
2373,4,4,1.0
2374,2,2,0.9996144771575928
2375,4,4,1.0
2376,0,0,0.9999747276306152
2377,7,7,0.9995337724685669
2378,0,0,0.9998425245285034
2379,1,1,0.9999537467956543
2380,9,9,0.94807368516922
2381,8,8,0.9996800422668457
2382,8,8,0.9972707629203796
2383,6,6,0.9999877214431763
2384,0,0,0.9979569911956787
2385,0,0,0.9999995231628418
2386,4,4,0.9880262017250061
2387,9,1,0.838447630405426
2388,6,6,0.9998897314071655
2389,8,8,0.9999880790710449
2390,2,2,0.9999393224716187
2391,2,2,0.999826967716217
2392,3,3,0.9987266659736633
2393,8,8,0.9958704113960266
2394,4,4,0.9992223978042603
2395,8,8,0.9990445971488953
2396,2,2,0.999509334564209
2397,2,2,0.9980027079582214
2398,1,1,0.9932520985603333
2399,7,7,0.999981164932251
2400,5,5,0.999876856803894
2401,4,4,1.0
2402,4,4,0.9999992847442627
2403,0,0,0.9999936819076538
2404,4,4,0.9994664788246155
2405,3,3,0.9997146725654602
2406,9,9,0.4429610073566437
2407,7,7,0.9999997615814209
2408,3,3,0.9933018684387207
2409,1,1,0.9974938631057739
2410,0,0,0.9999809265136719
2411,1,1,0.9999275207519531
2412,2,2,0.9989019632339478
2413,5,5,0.9999971389770508
2414,9,9,0.8014898300170898
2415,2,2,0.988483726978302
2416,1,1,0.9998939037322998
2417,0,0,0.9999350309371948
2418,1,1,0.9998596906661987
2419,8,8,0.9998997449874878
2420,9,9,0.9999744892120361
2421,1,1,0.9994763731956482
2422,6,6,0.9960863590240479
2423,8,8,0.9999130964279175
2424,3,3,0.9999673366546631
2425,8,8,0.9320405125617981
2426,9,9,0.9476005434989929
2427,3,3,0.9999997615814209
2428,6,6,0.9999791383743286
2429,2,2,0.9986374974250793
2430,8,8,0.99993896484375
2431,3,3,0.9999444484710693
2432,2,2,0.9999344348907471
2433,2,2,0.9911835193634033
2434,1,1,0.9997991919517517
2435,0,0,0.9999990463256836
2436,4,4,0.9999996423721313
2437,2,2,0.9954853653907776
2438,9,9,0.9994646906852722
2439,2,2,0.9998527765274048
2440,4,4,0.999998927116394
2441,3,3,0.9916704893112183
2442,7,7,0.9999922513961792
2443,9,9,0.9999587535858154
2444,1,1,0.9996438026428223
2445,5,5,0.9999995231628418
2446,2,2,0.999998927116394
2447,4,4,0.548149585723877
2448,9,9,0.9709951877593994
2449,0,0,0.997046172618866
2450,3,3,0.9981573224067688
2451,8,8,0.9999909400939941
2452,5,5,0.9999992847442627
2453,3,3,0.9998220801353455
2454,6,5,0.6264359354972839
2455,0,0,0.9912036657333374
2456,9,9,0.9998863935470581
2457,4,4,0.9959565997123718
2458,6,6,0.9999998807907104
2459,2,2,0.9959273934364319
2460,5,5,0.9990633130073547
2461,0,0,0.9998812675476074
2462,2,0,0.9195075631141663
2463,7,7,0.9971910119056702
2464,4,4,0.9999862909317017
2465,6,6,0.9999998807907104
2466,6,6,0.9999550580978394
2467,8,8,0.999998927116394
2468,6,6,0.9999998807907104
2469,6,6,0.9998795986175537
2470,8,8,0.9999754428863525
2471,6,6,0.9999963045120239
2472,9,9,0.9970430731773376
2473,1,1,0.9750756621360779
2474,7,7,0.9992532134056091
2475,2,2,0.9981415271759033
2476,5,5,0.9503077864646912
2477,9,9,0.9999841451644897
2478,9,9,0.9988707900047302
2479,0,0,0.9992117881774902
2480,7,7,0.9875562787055969
2481,2,2,0.9955201148986816
2482,7,7,0.9999668598175049
2483,6,6,0.9999940395355225
2484,7,7,0.9997121691703796
2485,0,0,0.9999876022338867
2486,6,6,1.0
2487,5,5,0.9999969005584717
2488,2,4,0.7255990505218506
2489,4,4,0.9999430179595947
2490,7,7,0.9994564652442932
2491,2,2,0.999996542930603
2492,0,0,0.9999760389328003
2493,9,9,0.9999639987945557
2494,9,9,0.9999520778656006
2495,2,2,0.9999886751174927
2496,2,2,0.99970942735672
2497,9,9,0.987063467502594
2498,4,4,0.9999886751174927
2499,4,4,0.9999996423721313
2500,2,2,0.9999427795410156
2501,3,3,0.9999170303344727
2502,3,3,0.999996542930603
2503,2,2,0.9999988079071045
2504,1,1,0.9957465529441833
2505,7,7,0.9999771118164062
2506,0,0,0.9999836683273315
2507,7,7,0.7424666285514832
2508,6,6,0.9979581832885742
2509,4,4,0.9999831914901733
2510,1,1,0.9994096755981445
2511,3,3,0.9999934434890747
2512,8,8,0.9995009899139404
2513,7,7,0.9986945986747742
2514,4,4,0.67605060338974
2515,5,5,0.9998382329940796
2516,9,9,0.99949049949646
2517,2,2,0.987991988658905
2518,5,5,0.9999997615814209
2519,1,1,0.998925507068634
2520,8,8,0.9999910593032837
2521,7,7,0.9994643330574036
2522,3,3,0.9997158646583557
2523,7,7,0.9980089068412781
2524,1,1,0.9997844099998474
2525,5,5,0.9986587762832642
2526,5,5,0.9901793003082275
2527,0,0,0.9999972581863403
2528,9,9,0.9986833930015564
2529,1,1,0.9996951818466187
2530,4,4,0.9999797344207764
2531,0,0,0.9999997615814209
2532,6,6,0.8700409531593323
2533,3,3,0.9979350566864014
2534,3,3,0.9709051847457886
2535,6,6,0.9999771118164062
2536,0,0,0.9999992847442627
2537,4,4,0.999963641166687
2538,9,9,0.9999741315841675
2539,7,7,0.9955540299415588
2540,5,5,0.9998466968536377
2541,1,1,0.9999229907989502
2542,6,6,0.9997501969337463
2543,8,8,0.9999592304229736
2544,9,9,0.9995848536491394
2545,5,5,0.9999691247940063
2546,5,5,0.9999992847442627
2547,7,7,0.9997847676277161
2548,9,9,0.9920209050178528
2549,3,3,0.9999942779541016
2550,8,8,0.9999957084655762
2551,3,3,0.9937697052955627
2552,8,8,0.999963641166687
2553,1,1,0.9999806880950928
2554,5,5,0.9999997615814209
2555,3,3,0.9999986886978149
2556,5,5,0.9991445541381836
2557,0,0,0.9999940395355225
2558,5,5,0.9997389912605286
2559,5,5,0.9761066436767578
2560,3,3,0.9326788783073425
2561,8,8,0.9999994039535522
2562,6,6,0.9998719692230225
2563,7,7,0.999997615814209
2564,7,7,0.9988158941268921
2565,7,7,0.9999996423721313
2566,3,3,0.9999994039535522
2567,7,7,0.9999281167984009
2568,0,0,0.9999345541000366
2569,5,5,0.9983770847320557
2570,9,9,0.998802661895752
2571,0,0,0.999136745929718
2572,2,2,0.9999867677688599
2573,5,5,0.9471326470375061
2574,5,5,0.9527182579040527
2575,3,3,1.0
2576,1,1,0.9973199963569641
2577,7,7,0.9917287230491638
2578,7,7,0.6816496849060059
2579,8,8,0.9999984502792358
2580,6,6,0.9997735619544983
2581,5,5,0.9999961853027344
2582,9,9,0.9680343270301819
2583,3,3,0.9999920129776001
2584,8,8,0.9999854564666748
2585,9,9,0.999954104423523
2586,5,5,0.9998319149017334
2587,3,3,0.9999915361404419
2588,7,7,0.9999690055847168
2589,9,9,0.9975458979606628
2590,1,1,0.9996782541275024
2591,7,7,0.9999600648880005
2592,0,0,0.9999973773956299
2593,0,0,0.9990554451942444
2594,3,3,0.999840497970581
2595,7,7,0.9999988079071045
2596,2,2,0.9991365075111389
2597,5,3,0.8823450803756714
2598,8,8,0.9887679219245911
2599,1,1,0.9997339844703674
2600,8,8,0.9999971389770508
2601,6,6,0.999897837638855
2602,2,2,0.9976956248283386
2603,9,9,0.9979742169380188
2604,5,5,0.9972980618476868
2605,7,7,0.9999958276748657
2606,5,5,0.9999690055847168
2607,7,7,0.6695067286491394
2608,8,8,0.9999425411224365
2609,6,6,0.9999444484710693
2610,2,2,0.9970505237579346
2611,5,5,0.9993459582328796
2612,1,1,0.9997928738594055
2613,4,4,1.0
2614,8,8,0.999991774559021
2615,4,4,0.9999998807907104
2616,5,5,0.9999597072601318
2617,8,8,0.998606264591217
2618,3,3,0.9905849099159241
2619,0,0,0.9999799728393555
2620,6,6,0.9995642304420471
2621,2,2,1.0
2622,7,7,0.9999967813491821
2623,3,3,0.9999449253082275
2624,3,3,0.9995050430297852
2625,2,2,0.9939602613449097
2626,1,1,0.9998476505279541
2627,0,0,0.999998927116394
2628,7,7,0.9972042441368103
2629,3,3,0.9964816570281982
2630,4,4,0.9728903770446777
2631,0,0,0.9936004877090454
2632,3,3,0.9999970197677612
2633,9,9,0.999735414981842
2634,3,3,0.9998062252998352
2635,2,2,0.8691215515136719
2636,8,8,0.9993517994880676
2637,9,9,0.9999938011169434
2638,0,0,0.9999632835388184
2639,3,3,0.9999728202819824
2640,8,8,0.9999837875366211
2641,0,0,0.9999979734420776
2642,7,7,0.9992389678955078
2643,6,6,0.9998877048492432
2644,5,5,0.9999939203262329
2645,4,4,0.9888762831687927
2646,7,7,0.9999687671661377
2647,3,3,0.9998337030410767
2648,9,9,0.9115839600563049
2649,0,0,0.9999721050262451
2650,8,8,0.999913215637207
2651,6,6,0.9985881447792053
2652,2,2,0.9995168447494507
2653,5,5,0.999983549118042
2654,6,1,0.9956651329994202
2655,1,1,0.9998973608016968
2656,0,0,0.9999885559082031
2657,0,0,0.9999992847442627
2658,4,4,0.9937747716903687
2659,4,4,0.9982624650001526
2660,0,0,0.9974238872528076
2661,1,1,0.9998289346694946
2662,2,2,0.9999963045120239
2663,3,3,0.9999997615814209
2664,2,2,0.9993395209312439
2665,7,7,0.9943972826004028
2666,7,7,0.999981164932251
2667,8,8,0.999663233757019
2668,5,5,0.999792754650116
2669,2,2,0.9999998807907104
2670,5,5,0.9926482439041138
2671,7,7,0.9938536882400513
2672,6,6,0.9993915557861328
2673,9,9,0.9994170665740967
2674,1,1,0.9992486834526062
2675,4,4,1.0
2676,1,1,0.998776376247406
2677,6,6,0.9999970197677612
2678,4,4,0.9981716871261597
2679,2,2,1.0
2680,4,4,0.9999686479568481
2681,3,3,0.9996713399887085
2682,5,5,0.9999933242797852
2683,4,4,0.9996125102043152
2684,3,3,0.9997370839118958
2685,9,9,0.9992828965187073
2686,5,5,0.9996153116226196
2687,0,0,0.9999816417694092
2688,1,1,0.9999631643295288
2689,5,5,0.9884465932846069
2690,3,3,0.9999983310699463
2691,8,8,0.99996018409729
2692,9,9,0.9998223185539246
2693,1,1,0.9993410706520081
2694,9,9,0.9996355772018433
2695,7,7,0.9956679344177246
2696,9,9,0.9992069602012634
2697,5,5,0.9999841451644897
2698,5,5,0.9998793601989746
2699,2,2,0.9747018814086914
2700,7,7,0.9994040727615356
2701,4,4,0.9999715089797974
2702,6,6,0.9996767044067383
2703,0,0,0.9999994039535522
2704,1,1,0.9997734427452087
2705,1,1,0.9809135794639587
2706,1,1,0.9998353719711304
2707,0,0,0.9999997615814209
2708,4,4,0.9931733012199402
2709,4,4,0.9996769428253174
2710,7,7,0.998961329460144
2711,6,6,0.9999998807907104
2712,3,3,0.9999439716339111
2713,0,0,0.9593570232391357
2714,0,0,0.9999984502792358
2715,4,4,0.9964824914932251
2716,3,3,0.9995694756507874
2717,0,0,0.9999991655349731
2718,6,6,0.9988344311714172
2719,1,1,0.9976455569267273
2720,9,9,0.7922385931015015
2721,6,6,0.9981293082237244
2722,1,1,0.9992382526397705
2723,3,3,0.9999744892120361
2724,8,8,0.9999008178710938
2725,1,1,0.9998340606689453
2726,2,2,0.9999582767486572
2727,5,5,0.9999696016311646
2728,6,6,0.9999922513961792
2729,2,2,0.9999980926513672
2730,7,7,0.9830135703086853
2731,3,3,0.999958872795105
2732,6,6,0.9944406151771545
2733,0,0,0.9999932050704956
2734,1,1,0.9942162036895752
2735,9,9,0.985498309135437
2736,7,7,0.9986133575439453
2737,6,6,0.9999836683273315
2738,6,6,0.9999966621398926
2739,8,8,0.9993233680725098
2740,9,9,0.9973478317260742
2741,2,2,0.999995231628418
2742,9,9,0.9534400701522827
2743,5,5,0.8646270036697388
2744,8,8,0.999983549118042
2745,3,3,0.9999872446060181
2746,1,1,0.9998672008514404
2747,0,0,0.9999898672103882
2748,0,0,0.9998865127563477
2749,7,7,0.9988967180252075
2750,6,6,0.9824190139770508
2751,6,6,0.9917934536933899
2752,2,2,1.0
2753,1,1,0.9978519678115845
2754,6,6,0.9653969407081604
2755,9,9,0.9980648159980774
2756,3,3,0.999936580657959
2757,1,1,0.999930739402771
2758,8,8,0.9639000296592712
2759,6,6,0.9999994039535522
2760,9,9,0.8165532946586609
2761,0,0,0.9997547268867493
2762,6,6,0.9999655485153198
2763,0,0,0.9999978542327881
2764,0,0,0.9998278617858887
2765,0,0,0.9999994039535522
2766,6,6,0.998968243598938
2767,3,3,0.9996383190155029
2768,5,5,0.9999997615814209
2769,9,9,0.9618718028068542
2770,3,5,0.4914887547492981
2771,4,4,0.9233148097991943
2772,5,5,0.9991637468338013
2773,5,5,0.99996018409729
2774,8,8,0.9999990463256836
2775,5,5,0.9991955161094666
2776,3,3,0.9999918937683105
2777,0,0,0.9998772144317627
2778,4,0,0.5797436237335205
2779,0,0,0.9999998807907104
2780,2,2,0.7677082419395447
2781,9,9,0.999657154083252
2782,6,6,0.999931812286377
2783,8,8,0.9997069239616394
2784,2,2,0.9999666213989258
2785,3,3,0.9999945163726807
2786,1,1,0.9993312358856201
2787,2,2,0.9999971389770508
2788,1,1,0.9996060729026794
2789,1,1,0.9999804496765137
2790,5,5,1.0
2791,6,6,0.9994475245475769
2792,9,9,0.9999562501907349
2793,8,8,0.9920644164085388
2794,0,0,0.9999508857727051
2795,6,6,0.9999885559082031
2796,6,6,0.9998897314071655
2797,5,5,0.9999359846115112
2798,5,5,0.9999995231628418
2799,3,3,0.9998493194580078
2800,8,8,0.9999600648880005
2801,6,6,0.9999042749404907
2802,2,2,0.9997901320457458
2803,1,1,0.9977205395698547
2804,4,4,0.9999779462814331
2805,5,5,0.9997971653938293
2806,4,4,1.0
2807,3,3,0.9999862909317017
2808,7,7,0.9986514449119568
2809,8,8,0.9999908208847046
2810,5,5,0.9887517094612122
2811,0,0,0.999997615814209
2812,9,9,0.9991087317466736
2813,3,3,0.9999057054519653
2814,5,5,0.9848067760467529
2815,1,1,0.9993467926979065
2816,1,1,0.9996047616004944
2817,0,0,0.999983549118042
2818,4,4,0.9998902082443237
2819,4,4,0.9999901056289673
2820,7,7,0.9995402097702026
2821,0,0,0.9998593330383301
2822,1,1,0.9998416900634766
2823,7,7,0.970442533493042
2824,0,0,0.9999984502792358
2825,1,1,0.998022198677063
2826,6,6,0.999998927116394
2827,1,1,0.9986609220504761
2828,4,4,0.9997431635856628
2829,5,5,0.9951437711715698
2830,6,6,0.9999998807907104
2831,6,6,0.9993613362312317
2832,5,5,0.9994773268699646
2833,7,7,0.9999790191650391
2834,8,8,0.9994876384735107
2835,4,4,0.999758780002594
2836,4,4,0.9632652401924133
2837,7,7,0.9999980926513672
2838,2,2,0.9999191761016846
2839,5,5,0.99985671043396
2840,3,3,0.9999467134475708
2841,7,7,0.9999909400939941
2842,0,0,0.9999605417251587
2843,7,7,0.9933162331581116
2844,7,7,0.9999988079071045
2845,9,9,0.9998302459716797
2846,6,6,0.9999730587005615
2847,4,4,0.9973427653312683
2848,2,2,0.9793989658355713
2849,8,8,0.9999994039535522
2850,5,5,0.9988460540771484
2851,7,7,0.9852553606033325
2852,8,8,0.9999619722366333
2853,3,3,0.9961554408073425
2854,9,9,0.9797177910804749
2855,5,5,0.9999945163726807
2856,8,8,0.9999921321868896
2857,9,9,0.9999955892562866
2858,9,9,0.9955263733863831
2859,8,8,0.9999926090240479
2860,6,6,0.916111409664154
2861,2,2,0.9998518228530884
2862,8,8,0.9994600415229797
2863,9,9,0.9806364178657532
2864,2,2,0.9999408721923828
2865,3,3,1.0
2866,6,6,0.9992577433586121
2867,1,1,0.9977578520774841
2868,1,1,0.9999477863311768
2869,8,8,0.9999701976776123
2870,9,9,0.999981164932251
2871,3,3,0.9984691739082336
2872,4,4,0.9999560117721558
2873,0,0,0.999962329864502
2874,7,7,0.9999985694885254
2875,9,9,0.9987267851829529
2876,6,6,0.9976782202720642
2877,4,4,0.9764670729637146
2878,1,1,0.9995735287666321
2879,4,4,0.9994366765022278
2880,1,1,0.9998884201049805
2881,3,3,0.9996585845947266
2882,4,4,0.9999685287475586
2883,9,9,0.9972936511039734
2884,3,3,0.9999926090240479
2885,1,1,0.9978396892547607
2886,4,4,0.9999986886978149
2887,7,7,0.999984622001648
2888,7,7,0.997723400592804
2889,4,4,0.9999998807907104
2890,7,7,0.9999688863754272
2891,2,2,0.9964809417724609
2892,9,9,0.9999953508377075
2893,3,3,0.9999710321426392
2894,0,0,0.9992159605026245
2895,8,8,0.9999997615814209
2896,8,0,0.9958114624023438
2897,8,8,0.9999032020568848
2898,4,4,0.9999582767486572
2899,0,0,0.9999979734420776
2900,4,4,0.9998348951339722
2901,4,4,0.9086601734161377
2902,1,1,0.9996299743652344
2903,5,5,0.9999366998672485
2904,2,2,0.9999997615814209
2905,8,8,0.9989868998527527
2906,3,3,0.999322772026062
2907,4,4,0.9883883595466614
2908,9,9,0.9999986886978149
2909,5,5,0.9998681545257568
2910,2,2,0.9997591376304626
2911,8,8,0.9995245933532715
2912,1,1,0.9996765851974487
2913,5,5,0.9991129040718079
2914,3,3,0.9999089241027832
2915,7,7,0.9923096895217896
2916,9,9,0.9990121126174927
2917,4,4,0.997376561164856
2918,2,2,0.9999996423721313
2919,5,5,0.9994794726371765
2920,6,6,0.9999264478683472
2921,3,8,0.40933170914649963
2922,5,5,0.9999961853027344
2923,9,9,0.9997403025627136
2924,3,3,0.9999040365219116
2925,5,5,0.9982786178588867
2926,9,9,0.9983747005462646
2927,3,3,0.9050118327140808
2928,1,1,0.9999324083328247
2929,9,9,0.9992780089378357
2930,5,5,0.41938120126724243
2931,3,3,0.999687910079956
2932,0,0,0.9999964237213135
2933,6,6,0.9997863173484802
2934,9,9,0.9999425411224365
2935,8,8,0.9999997615814209
2936,4,4,0.9999915361404419
2937,0,0,0.9994435906410217
2938,4,6,0.2736393213272095
2939,9,5,0.8992930054664612
2940,2,2,0.9880600571632385
2941,9,9,0.9997894167900085
2942,0,0,0.9999983310699463
2943,1,1,0.9992831349372864
2944,0,0,0.9995033740997314
2945,3,3,0.9834996461868286
2946,1,1,0.9990333318710327
2947,6,6,0.9999876022338867
2948,5,5,0.998943030834198
2949,8,8,0.9999344348907471
2950,1,1,0.9999644756317139
2951,5,5,0.9994930028915405
2952,3,3,0.8682339191436768
2953,3,3,0.6067255735397339
2954,0,0,0.9998592138290405
2955,3,3,0.9998867511749268
2956,5,5,0.938155472278595
2957,5,5,0.9995852112770081
2958,9,9,0.9999361038208008
2959,2,2,0.5513492822647095
2960,8,8,0.9999194145202637
2961,7,7,0.9457023739814758
2962,0,0,0.9999940395355225
2963,4,4,0.999995231628418
2964,9,9,0.9982252717018127
2965,1,1,0.9999347925186157
2966,9,9,0.9961656332015991
2967,7,7,0.9999974966049194
2968,7,7,0.9710301160812378
2969,5,5,0.9997586607933044
2970,5,5,0.9298624396324158
2971,2,2,0.9999806880950928
2972,0,0,0.996785044670105
2973,9,9,0.9999914169311523
2974,1,1,0.999889612197876
2975,8,8,0.9997509121894836
2976,6,6,0.960838258266449
2977,2,2,0.9834739565849304
2978,3,3,0.9997506737709045
2979,9,9,0.7145143151283264
2980,6,6,0.9999998807907104
2981,2,2,0.9999030828475952
2982,1,1,0.9999725818634033
2983,9,9,0.9998918771743774
2984,1,1,0.9997197985649109
2985,3,3,0.9998489618301392
2986,5,5,0.9997618794441223
2987,5,5,0.9993506073951721
2988,0,0,0.9999325275421143
2989,3,3,0.9998995065689087
2990,8,8,0.9927802681922913
2991,3,3,0.999724805355072
2992,3,3,0.9967892169952393
2993,7,7,0.9329106211662292
2994,6,6,0.9990729093551636
2995,6,8,0.8236240148544312
2996,0,0,0.9999998807907104
2997,1,1,0.9998970031738281
2998,4,4,0.9993244409561157
2999,0,0,0.9999921321868896
3000,6,6,0.999016523361206
3001,9,9,0.9986943602561951
3002,8,8,0.9999872446060181
3003,1,1,0.9997778534889221
3004,2,2,0.9974687099456787
3005,9,8,0.5121213793754578
3006,9,9,0.9993174076080322
3007,5,5,0.99944669008255
3008,9,9,0.9998589754104614
3009,7,7,0.9998747110366821
3010,3,3,0.9999936819076538
3011,7,7,0.9998642206192017
3012,8,8,0.9906626343727112
3013,0,0,0.9999974966049194
3014,1,1,0.999944806098938
3015,3,3,0.9999963045120239
3016,0,0,0.9999277591705322
3017,4,4,0.9998900890350342
3018,6,6,0.9999774694442749
3019,1,1,0.9986056685447693
3020,0,0,0.999805748462677
3021,2,2,0.9985639452934265
3022,5,5,0.999998927116394
3023,8,8,0.9892051219940186
3024,4,4,1.0
3025,4,4,1.0
3026,1,1,0.9995532631874084
3027,1,1,0.9997742772102356
3028,5,5,1.0
3029,4,4,0.9997465014457703
3030,6,6,0.5613967180252075
3031,6,6,1.0
3032,0,0,0.9999939203262329
3033,6,6,0.9999890327453613
3034,9,9,0.9996809959411621
3035,2,2,0.9999927282333374
3036,6,6,0.9999969005584717
3037,2,2,0.9999997615814209
3038,7,7,0.9885541796684265
3039,1,1,0.9926572442054749
3040,7,7,0.9994681477546692
3041,9,9,0.9999715089797974
3042,4,4,0.999988317489624
3043,0,0,0.9997711777687073
3044,0,0,0.9999940395355225
3045,3,3,0.9999996423721313
3046,8,8,0.9999814033508301
3047,2,2,0.9999303817749023
3048,2,2,0.9999300241470337
3049,3,3,0.9978284239768982
3050,1,1,0.9998207688331604
3051,6,6,0.9997473359107971
3052,0,0,0.9999997615814209
3053,5,5,0.9999994039535522
3054,7,7,0.9989427924156189
3055,7,7,0.9851640462875366
3056,9,9,0.9984027743339539
3057,2,2,0.9999998807907104
3058,6,6,0.999977707862854
3059,7,7,0.9951914548873901
3060,9,9,0.6671961545944214
3061,7,7,0.9997466206550598
3062,8,8,0.968909502029419
3063,6,6,0.9997648596763611
3064,8,8,0.9999924898147583
3065,8,8,0.9622411727905273
3066,4,4,0.9999985694885254
3067,6,6,0.9999980926513672
3068,8,8,0.9998267292976379
3069,4,4,0.9999955892562866
3070,1,1,0.9998775720596313
3071,2,2,1.0
3072,8,8,0.9999991655349731
3073,1,2,0.5172318816184998
3074,3,3,1.0
3075,9,9,0.9999849796295166
3076,4,4,0.9999998807907104
3077,0,0,0.9974117875099182
3078,3,3,0.9793537855148315
3079,7,7,0.9999984502792358
3080,3,3,1.0
3081,2,2,0.999998927116394
3082,3,3,0.9999785423278809
3083,3,3,0.999932050704956
3084,7,7,0.9975057244300842
3085,3,3,0.9987943172454834
3086,4,4,0.9998888969421387
3087,0,0,0.9999300241470337
3088,6,6,0.9999537467956543
3089,2,2,0.9998470544815063
3090,0,0,0.9999972581863403
3091,8,8,0.9998316764831543
3092,1,1,0.9985542893409729
3093,5,5,0.9998082518577576
3094,3,3,0.9994925260543823
3095,5,5,0.9999971389770508
3096,4,4,0.9999639987945557
3097,1,1,0.9998539686203003
3098,7,7,0.9998239874839783
3099,1,1,0.999992847442627
3100,5,5,0.9402968287467957
3101,7,7,0.9992215633392334
3102,5,5,0.9872064590454102
3103,7,7,0.9993615746498108
3104,3,3,0.9999774694442749
3105,2,2,0.9999996423721313
3106,2,2,0.9850030541419983
3107,7,7,0.9980050921440125
3108,3,3,0.9985061287879944
3109,7,7,0.7233577370643616
3110,3,3,0.9999366998672485
3111,7,7,0.9999474287033081
3112,8,8,0.9998562335968018
3113,5,5,0.9999994039535522
3114,4,4,0.887959361076355
3115,5,5,0.9193020462989807
3116,2,2,0.9999959468841553
3117,5,5,0.9782373309135437
3118,6,6,0.9999872446060181
3119,5,5,0.9999994039535522
3120,3,3,0.9999872446060181
3121,6,6,0.9989914298057556
3122,7,7,0.9988019466400146
3123,4,4,0.9999523162841797
3124,1,1,0.9980291724205017
3125,7,7,0.9999858140945435
3126,1,1,0.9996709823608398
3127,5,5,0.9981386661529541
3128,2,2,0.9999309778213501
3129,3,3,0.8177399039268494
3130,6,6,0.9303690195083618
3131,3,3,0.9999983310699463
3132,1,1,0.9978729486465454
3133,4,4,0.9908161163330078
3134,2,2,0.9992496371269226
3135,6,6,0.9999985694885254
3136,7,7,0.9639898538589478
3137,4,4,0.9999978542327881
3138,3,3,0.9928801655769348
3139,8,8,0.9999992847442627
3140,0,0,0.999984622001648
3141,6,6,0.9999078512191772
3142,2,2,0.9999357461929321
3143,1,1,0.9998883008956909
3144,6,6,1.0
3145,5,5,0.9999133348464966
3146,3,3,0.9969112277030945
3147,9,9,0.9999966621398926
3148,1,1,0.9995918869972229
3149,9,9,0.9999650716781616
3150,3,3,0.9999998807907104
3151,2,2,0.9883561730384827
3152,1,1,0.9996497631072998
3153,8,8,0.9999656677246094
3154,4,4,0.9998823404312134
3155,4,4,0.999969482421875
3156,6,6,0.999954342842102
3157,5,5,0.9512182474136353
3158,8,8,0.9998899698257446
3159,6,6,0.9999871253967285
3160,9,9,0.9983481168746948
3161,7,7,0.9998471736907959
3162,7,7,0.9999973773956299
3163,8,8,0.9999878406524658
3164,6,6,0.9999972581863403
3165,9,9,0.9999946355819702
3166,7,7,0.9620197415351868
3167,3,3,0.9966009259223938
3168,9,9,0.9999810457229614
3169,4,4,0.9999998807907104
3170,0,0,0.9999929666519165
3171,5,5,0.9965168237686157
3172,4,4,0.998650848865509
3173,6,6,0.9998201727867126
3174,4,4,1.0
3175,1,1,0.9998511075973511
3176,2,2,0.9998931884765625
3177,3,3,0.9999943971633911
3178,0,0,0.9999291896820068
3179,0,0,0.9999998807907104
3180,2,2,0.9999781847000122
3181,6,6,0.9999829530715942
3182,6,6,1.0
3183,5,5,0.9999215602874756
3184,7,7,0.9987577199935913
3185,0,0,0.9966795444488525
3186,8,8,0.9990742206573486
3187,6,6,0.9999920129776001
3188,4,4,1.0
3189,7,7,0.843914270401001
3190,9,9,0.9999464750289917
3191,0,0,0.9998329877853394
3192,7,7,0.9999911785125732
3193,3,3,0.9977610111236572
3194,4,4,0.9999544620513916
3195,2,2,0.9999985694885254
3196,1,1,0.9801185131072998
3197,8,8,0.9999911785125732
3198,8,8,0.9999922513961792
3199,5,5,0.9999957084655762
3200,9,9,0.9999954700469971
3201,2,2,0.9999995231628418
3202,7,7,0.9991515874862671
3203,1,1,0.9985228180885315
3204,8,8,0.9996267557144165
3205,8,8,0.9999308586120605
3206,8,8,0.9971985816955566
3207,2,2,0.9201780557632446
3208,7,7,0.9981867671012878
3209,6,6,0.9998914003372192
3210,0,0,0.9999620914459229
3211,1,1,0.9978971481323242
3212,2,2,0.9999946355819702
3213,7,7,0.9588642120361328
3214,1,1,0.9999151229858398
3215,0,0,0.999998927116394
3216,8,8,0.9991057515144348
3217,3,3,0.9999996423721313
3218,6,6,0.9742808938026428
3219,0,0,0.9993348717689514
3220,5,5,0.9999997615814209
3221,3,3,0.999996542930603
3222,6,6,0.982231080532074
3223,2,2,0.9999996423721313
3224,8,8,0.9999088048934937
3225,7,7,0.43261846899986267
3226,0,0,0.9999996423721313
3227,1,1,0.9994505047798157
3228,4,4,0.9999910593032837
3229,2,2,0.9977707862854004
3230,1,1,0.9998303651809692
3231,1,1,0.9998853206634521
3232,4,4,0.9999910593032837
3233,4,4,0.9999878406524658
3234,4,4,1.0
3235,4,4,0.999751627445221
3236,7,7,0.979236364364624
3237,1,1,0.9994262456893921
3238,6,6,0.9853624105453491
3239,2,2,0.9650816917419434
3240,9,9,0.9612020254135132
3241,9,9,0.9999874830245972
3242,0,0,0.9999533891677856
3243,0,0,0.9999481439590454
3244,1,1,0.9993501305580139
3245,8,8,0.9987565279006958
3246,8,8,0.998428225517273
3247,4,4,0.999994158744812
3248,3,3,0.9998898506164551
3249,4,4,0.9999997615814209
3250,2,2,0.9816174507141113
3251,0,0,0.9997815489768982
3252,6,6,0.9971036314964294
3253,1,1,0.999723494052887
3254,6,6,0.9663758277893066
3255,1,1,0.9999014139175415
3256,2,2,0.999862551689148
3257,2,2,0.9999998807907104
3258,2,2,0.9999995231628418
3259,1,1,0.9920998215675354
3260,2,2,0.9992108345031738
3261,3,3,0.9934238195419312
3262,7,7,0.9929393529891968
3263,8,8,0.9983928799629211
3264,1,1,0.9970031380653381
3265,0,0,0.9999990463256836
3266,0,0,0.9993534684181213
3267,2,2,0.9998657703399658
3268,1,1,0.9999538660049438
3269,6,6,0.9986864924430847
3270,6,6,0.9999783039093018
3271,0,0,1.0
3272,1,1,0.9983159303665161
3273,6,6,0.9984756112098694
3274,2,2,0.9999992847442627
3275,5,5,0.9996740818023682
3276,1,1,0.9997883439064026
3277,7,7,0.998450517654419
3278,4,4,0.9999995231628418
3279,8,8,0.9999958276748657
3280,2,2,0.9889003038406372
3281,1,1,0.9998026490211487
3282,4,4,0.9999661445617676
3283,3,3,0.9999953508377075
3284,8,8,0.9996179342269897
3285,3,3,0.99953293800354
3286,9,9,0.9999216794967651
3287,9,9,0.9999780654907227
3288,4,4,0.8427183628082275
3289,8,8,0.9245616793632507
3290,3,3,0.9998569488525391
3291,4,4,0.9982313513755798
3292,7,7,0.999890923500061
3293,2,2,0.9999920129776001
3294,7,7,0.9999988079071045
3295,5,5,0.9999959468841553
3296,7,7,0.9997696280479431
3297,0,0,0.9999990463256836
3298,4,4,0.9999747276306152
3299,3,3,0.9999009370803833
3300,3,3,0.9998094439506531
3301,2,2,0.9999954700469971
3302,6,6,0.9946085214614868
3303,7,7,0.9940006136894226
3304,6,6,0.9999055862426758
3305,0,0,0.9961785078048706
3306,0,0,0.9999819993972778
3307,6,6,1.0
3308,7,7,0.9999700784683228
3309,7,7,0.9999661445617676
3310,0,0,0.9999862909317017
3311,5,5,0.9999983310699463
3312,5,5,0.9992396831512451
3313,8,8,0.999984622001648
3314,1,1,0.9999619722366333
3315,0,0,0.9999996423721313
3316,7,8,0.9074698090553284
3317,0,0,0.9986500144004822
3318,2,2,0.9973675608634949
3319,8,8,0.99921715259552
3320,1,1,0.9999256134033203
3321,5,5,0.999674916267395
3322,0,0,0.9998430013656616
3323,8,8,0.9997492432594299
3324,8,8,0.9999756813049316
3325,0,0,0.9999994039535522
3326,3,3,0.9962292313575745
3327,2,2,0.9999836683273315
3328,7,7,0.9988985061645508
3329,7,7,0.975145161151886
3330,2,2,0.9051302671432495
3331,6,6,0.99983811378479
3332,4,4,0.9999836683273315
3333,7,7,0.5781532526016235
3334,5,5,0.9998658895492554
3335,5,5,0.9991814494132996
3336,5,5,0.9876733422279358
3337,2,2,0.9887039065361023
3338,9,9,0.9998769760131836
3339,2,2,0.9992876648902893
3340,8,8,0.9999955892562866
3341,4,4,0.9999492168426514
3342,6,6,0.9568636417388916
3343,8,8,0.9993802309036255
3344,6,6,0.977706253528595
3345,5,5,0.9998916387557983
3346,0,0,1.0
3347,0,0,0.999755322933197
3348,8,8,0.999982476234436
3349,7,7,0.9994090795516968
3350,6,6,0.9999508857727051
3351,1,1,0.9994850158691406
3352,7,7,0.9993005990982056
3353,1,1,0.9998681545257568
3354,1,1,0.9998639822006226
3355,2,2,0.9999994039535522
3356,7,7,0.9999982118606567
3357,4,4,1.0
3358,0,0,0.9886093139648438
3359,0,0,0.999994158744812
3360,7,7,0.9999089241027832
3361,7,7,0.9970280528068542
3362,6,6,0.9999997615814209
3363,3,3,0.99813312292099
3364,8,8,0.9999814033508301
3365,6,6,0.9936289191246033
3366,4,4,0.9999998807907104
3367,2,2,0.989318311214447
3368,0,0,0.9999977350234985
3369,9,9,0.9371870756149292
3370,4,4,0.9999990463256836
3371,0,0,0.9999994039535522
3372,5,5,0.9995324611663818
3373,7,7,0.9936240911483765
3374,8,8,0.9999827146530151
3375,2,2,0.9632551074028015
3376,7,7,0.991235613822937
3377,4,4,0.9963991641998291
3378,7,7,0.9999785423278809
3379,1,1,0.999956488609314
3380,1,1,0.9997851252555847
3381,3,3,0.998563826084137
3382,6,6,0.9999909400939941
3383,6,6,0.9996057152748108
3384,2,2,0.6295968890190125
3385,9,9,0.9999538660049438
3386,1,1,0.9997779726982117
3387,9,9,0.9998910427093506
3388,4,4,0.9145975112915039
3389,8,8,0.9999949932098389
3390,3,3,0.9999511241912842
3391,6,6,0.9999338388442993
3392,9,9,0.9948150515556335
3393,5,5,0.9996129870414734
3394,9,9,0.9999920129776001
3395,6,6,0.9999899864196777
3396,2,2,0.9999943971633911
3397,4,4,1.0
3398,6,6,0.999923825263977
3399,7,7,0.9992917776107788
3400,7,7,0.9999996423721313
3401,0,0,0.9999997615814209
3402,6,6,0.9996827840805054
3403,6,6,0.9999898672103882
3404,9,9,0.9999905824661255
3405,4,4,0.98179030418396
3406,8,8,0.9999599456787109
3407,3,3,0.9998645782470703
3408,5,5,0.999995231628418
3409,3,3,0.9999464750289917
3410,4,4,0.9994155168533325
3411,9,9,0.998908281326294
3412,0,0,0.9992534518241882
3413,0,0,0.9999916553497314
3414,5,5,0.8975592255592346
3415,2,2,0.9993506073951721
3416,5,5,0.9999959468841553
3417,0,0,0.9999353885650635
3418,7,7,0.9998366832733154
3419,1,1,0.999927282333374
3420,1,1,0.9994090795516968
3421,1,1,0.9999123811721802
3422,6,6,0.5513879656791687
3423,7,7,0.9990875720977783
3424,6,6,0.999776303768158
3425,7,7,0.99244624376297
3426,9,9,0.9994786381721497
3427,6,6,0.9973559379577637
3428,6,6,0.9999626874923706
3429,4,4,0.987759530544281
3430,1,1,0.9969877600669861
3431,4,4,0.9999799728393555
3432,3,3,0.9981582760810852
3433,1,1,0.9998853206634521
3434,1,1,0.9995180368423462
3435,2,2,0.9999939203262329
3436,2,2,0.9997069239616394
3437,4,4,0.9991856217384338
3438,1,1,0.9995046854019165
3439,0,0,0.999929666519165
3440,8,8,0.9999984502792358
3441,7,7,0.980262815952301
3442,6,6,0.9998668432235718
3443,3,3,0.9999531507492065
3444,4,4,0.9999788999557495
3445,0,0,1.0
3446,0,0,0.9996862411499023
3447,6,6,0.9999161958694458
3448,3,3,0.9860596656799316
3449,3,3,0.9999997615814209
3450,0,0,0.9850645661354065
3451,7,7,0.8567638993263245
3452,1,1,0.998627781867981
3453,7,7,0.98848956823349
3454,1,1,0.9999593496322632
3455,1,1,0.9999421834945679
3456,3,3,0.9999792575836182
3457,1,1,0.9133555293083191
3458,0,0,0.9999986886978149
3459,9,9,0.9999814033508301
3460,9,9,0.999674916267395
3461,7,7,0.9999979734420776
3462,5,5,0.9999986886978149
3463,4,4,1.0
3464,1,1,0.9983890056610107
3465,4,4,0.9999823570251465
3466,8,8,0.9999080896377563
3467,9,9,0.9988412261009216
3468,5,5,0.9999935626983643
3469,3,3,0.9999291896820068
3470,5,5,0.9999788999557495
3471,1,1,0.9989460110664368
3472,9,9,0.9999971389770508
3473,8,8,0.9967880249023438
3474,2,2,0.6934410929679871
3475,3,3,0.9841291904449463
3476,3,3,0.9971858859062195
3477,9,9,0.9909194707870483
3478,9,9,0.9999885559082031
3479,0,0,0.999992847442627
3480,1,1,0.9999176263809204
3481,0,0,0.9999967813491821
3482,2,2,0.9999995231628418
3483,9,9,0.9999964237213135
3484,3,3,0.9999998807907104
3485,9,9,0.9998049139976501
3486,3,3,0.9999992847442627
3487,3,3,0.999996542930603
3488,6,6,0.9999943971633911
3489,2,2,0.977670431137085
3490,4,4,0.9683599472045898
3491,9,9,0.99930739402771
3492,8,8,0.9944376945495605
3493,3,3,0.9999997615814209
3494,7,7,0.9944274425506592
3495,4,4,0.9999985694885254
3496,0,0,0.9995126724243164
3497,4,4,0.9999592304229736
3498,7,7,0.9467580914497375
3499,8,8,0.9999969005584717
3500,4,4,1.0
3501,9,9,0.999916672706604
3502,8,8,0.999966025352478
3503,9,1,0.6451865434646606
3504,9,9,0.977835476398468
3505,7,7,0.9999690055847168
3506,5,5,0.9994298815727234
3507,9,9,0.9999986886978149
3508,2,2,0.999998927116394
3509,8,8,0.9999608993530273
3510,2,2,0.9997639060020447
3511,2,2,0.9890282154083252
3512,0,0,0.9999839067459106
3513,2,2,1.0
3514,2,2,0.9988588094711304
3515,3,3,0.9999762773513794
3516,8,8,0.991524338722229
3517,4,4,1.0
3518,6,6,0.999342143535614
3519,8,8,0.9993190765380859
3520,6,4,0.9999403953552246
3521,8,8,0.9999898672103882
3522,2,2,0.943543016910553
3523,4,4,0.9995375871658325
3524,6,6,0.9999829530715942
3525,7,7,0.9356591105461121
3526,9,9,0.9998753070831299
3527,3,3,0.9999920129776001
3528,3,3,0.9999548196792603
3529,9,9,0.9906056523323059
3530,4,4,0.9999396800994873
3531,3,3,0.9999985694885254
3532,1,1,0.9999104738235474
3533,4,4,0.9921748042106628
3534,4,8,0.6051210165023804
3535,7,7,0.9999836683273315
3536,0,0,0.9998425245285034
3537,5,5,0.9994893074035645
3538,9,9,0.9999537467956543
3539,6,6,0.9999092817306519
3540,0,0,0.9998855590820312
3541,4,4,0.9999873638153076
3542,4,4,0.9999955892562866
3543,4,4,0.9999586343765259
3544,4,4,0.9999924898147583
3545,6,6,0.9999996423721313
3546,1,1,0.999936580657959
3547,2,2,0.999788224697113
3548,3,3,0.9999287128448486
3549,3,3,0.9734172224998474
3550,6,5,0.580650269985199
3551,4,4,0.9998757839202881
3552,5,5,0.9998785257339478
3553,9,9,0.9992013573646545
3554,6,6,0.9999984502792358
3555,8,8,0.998645007610321
3556,5,5,0.9999972581863403
3557,6,6,0.9880639910697937
3558,5,5,0.5366166234016418
3559,8,8,0.6180658340454102
3560,6,6,0.9999997615814209
3561,4,4,0.9972635507583618
3562,1,1,0.9997872710227966
3563,8,8,0.9998337030410767
3564,6,6,0.9971053004264832
3565,5,5,0.9982554316520691
3566,2,2,0.9999785423278809
3567,8,8,0.9948727488517761
3568,4,4,0.9999940395355225
3569,5,5,0.9999997615814209
3570,5,5,0.9999963045120239
3571,4,4,0.9962969422340393
3572,7,7,0.9999774694442749
3573,7,7,0.9791863560676575
3574,0,0,0.9151505827903748
3575,7,7,0.9999582767486572
3576,8,8,0.9967451095581055
3577,2,2,0.9994428753852844
3578,2,2,0.999901294708252
3579,3,3,0.999977707862854
3580,7,7,0.9888506531715393
3581,0,0,0.9999810457229614
3582,1,1,0.9941592216491699
3583,8,8,0.9944838881492615
3584,0,0,1.0
3585,7,7,0.9999594688415527
3586,1,1,0.9999868869781494
3587,9,9,0.9995883107185364
3588,8,8,0.9999977350234985
3589,7,7,0.9829607009887695
3590,5,5,0.9999725818634033
3591,5,8,0.6061542630195618
3592,9,9,0.9990701079368591
3593,1,1,0.999961256980896
3594,7,7,0.9999988079071045
3595,5,5,0.9999991655349731
3596,4,4,0.9999741315841675
3597,9,9,0.8222638368606567
3598,1,1,0.9736314415931702
3599,2,2,0.9643901586532593
3600,2,2,0.8077234625816345
3601,1,1,0.9586358070373535
3602,6,6,0.9999996423721313
3603,6,6,1.0
3604,7,7,0.9972870349884033
3605,1,1,0.9987465143203735
3606,1,1,0.9920849204063416
3607,4,4,0.9999294281005859
3608,0,0,0.9999997615814209
3609,7,7,0.9998712539672852
3610,4,4,0.9999996423721313
3611,2,2,0.9979038238525391
3612,4,4,0.9999792575836182
3613,0,0,0.999990701675415
3614,6,6,0.9999920129776001
3615,4,4,0.9995081424713135
3616,7,7,0.9999246597290039
3617,6,6,0.9999771118164062
3618,9,9,0.9947943091392517
3619,5,5,0.9999934434890747
3620,3,3,0.999876856803894
3621,4,4,0.9999997615814209
3622,6,6,0.9999990463256836
3623,5,5,0.9999927282333374
3624,0,0,0.9999982118606567
3625,1,1,0.9995297193527222
3626,8,8,0.7189278602600098
3627,8,8,0.9998948574066162
3628,2,2,0.9999980926513672
3629,8,8,0.9990934133529663
3630,3,3,0.9999898672103882
3631,5,5,0.9999957084655762
3632,7,7,0.9999816417694092
3633,8,8,0.9999991655349731
3634,0,0,0.9997410178184509
3635,8,8,0.9988477230072021
3636,5,5,0.9999722242355347
3637,7,7,0.9996325969696045
3638,1,1,0.9994926452636719
3639,1,1,0.9998753070831299
3640,0,0,0.9950333833694458
3641,1,1,0.9997696280479431
3642,3,3,0.9999998807907104
3643,7,7,0.9998519420623779
3644,8,8,0.9999945163726807
3645,5,5,0.9999501705169678
3646,0,0,0.9999749660491943
3647,7,7,0.9989680051803589
3648,1,1,0.9999802112579346
3649,1,1,0.9999668598175049
3650,0,0,0.9999698400497437
3651,1,1,0.9999711513519287
3652,1,1,0.9996305704116821
3653,4,4,0.9739789366722107
3654,5,5,0.9958522319793701
3655,2,2,0.9999666213989258
3656,7,7,0.9998918771743774
3657,6,6,0.9999998807907104
3658,2,2,0.8765425086021423
3659,3,3,0.9999986886978149
3660,0,0,0.9999997615814209
3661,2,2,0.9999829530715942
3662,8,8,0.7475901246070862
3663,5,5,0.9996170997619629
3664,9,9,0.9974766373634338
3665,6,6,0.9992026686668396
3666,9,9,0.9995158910751343
3667,7,7,0.996239185333252
3668,2,2,1.0
3669,1,1,0.9998143315315247
3670,3,3,0.9999915361404419
3671,6,6,0.9999991655349731
3672,4,4,0.9957014918327332
3673,1,1,0.9998997449874878
3674,8,8,0.9971103668212891
3675,2,2,0.9999998807907104
3676,4,4,0.9999997615814209
3677,0,0,0.9999984502792358
3678,5,5,0.9999618530273438
3679,1,1,0.9998509883880615
3680,0,0,0.9999984502792358
3681,2,2,0.777690589427948
3682,2,2,0.9999960660934448
3683,6,6,0.999987006187439
3684,4,4,0.9999984502792358
3685,4,4,0.9999865293502808
3686,3,3,0.9959545135498047
3687,9,9,0.9997890591621399
3688,6,6,0.9790911078453064
3689,1,1,0.9999428987503052
3690,6,6,0.999494194984436
3691,5,5,0.9999947547912598
3692,7,7,0.9999903440475464
3693,9,9,0.9990704655647278
3694,2,2,0.9426661729812622
3695,0,0,0.9999972581863403
3696,2,2,0.9998049139976501
3697,6,6,0.9998469352722168
3698,0,0,0.9999452829360962
3699,1,1,0.9999146461486816
3700,4,4,0.9999833106994629
3701,3,3,0.9997319579124451
3702,5,5,0.8649566173553467
3703,2,2,0.9999960660934448
3704,8,8,0.9999995231628418
3705,8,8,0.9999582767486572
3706,0,0,0.9994450211524963
3707,8,8,0.9999843835830688
3708,8,8,0.9995996356010437
3709,9,9,0.9991310238838196
3710,0,0,0.9998509883880615
3711,9,9,0.9993600249290466
3712,6,6,0.9999998807907104
3713,7,7,0.998988687992096
3714,6,6,0.9999856948852539
3715,3,3,0.9999877214431763
3716,9,9,0.9919800758361816
3717,3,3,0.9999605417251587
3718,4,4,0.848473072052002
3719,7,7,0.9997413754463196
3720,7,7,0.9998102784156799
3721,7,7,0.9824743866920471
3722,4,4,0.9999990463256836
3723,9,9,0.9974721074104309
3724,0,0,0.999990701675415
3725,6,6,0.9999252557754517
3726,4,4,0.7962957620620728
3727,8,9,0.9404943585395813
3728,4,4,0.9995916485786438
3729,2,2,0.9892694354057312
3730,7,7,0.5993943810462952
3731,2,2,0.9999948740005493
3732,8,8,0.9999194145202637
3733,1,1,0.9998496770858765
3734,0,0,0.9999182224273682
3735,0,0,0.999995231628418
3736,7,7,0.9925411939620972
3737,8,8,0.9999786615371704
3738,3,3,0.9994115829467773
3739,3,3,0.9973567724227905
3740,3,3,0.9999985694885254
3741,1,1,0.9999281167984009
3742,3,9,0.8940494656562805
3743,7,7,0.9999691247940063
3744,6,6,0.9965422749519348
3745,1,1,0.9997865557670593
3746,3,3,0.9999990463256836
3747,1,1,0.9996912479400635
3748,6,6,0.9956424236297607
3749,6,6,0.9412943124771118
3750,5,5,0.9999943971633911
3751,7,7,0.7798356413841248
3752,4,4,0.9999991655349731
3753,7,7,0.9999839067459106
3754,5,5,0.9991874098777771
3755,9,9,0.9928701519966125
3756,5,5,0.9697774648666382
3757,8,8,0.8767953515052795
3758,4,4,0.9999409914016724
3759,9,9,0.9999319314956665
3760,9,9,0.9999537467956543
3761,1,1,0.9973178505897522
3762,6,6,0.4405362606048584
3763,5,5,0.9999089241027832
3764,0,0,0.9997863173484802
3765,1,1,0.9999233484268188
3766,3,3,0.9998997449874878
3767,7,2,0.9518872499465942
3768,0,0,0.9999983310699463
3769,3,3,0.9955095052719116
3770,4,4,0.9999995231628418
3771,8,8,0.9998314380645752
3772,2,2,0.9979078769683838
3773,2,2,0.9941145777702332
3774,0,0,0.9999533891677856
3775,2,2,0.9999977350234985
3776,5,5,0.9998995065689087
3777,1,1,0.999697208404541
3778,5,5,0.9896163940429688
3779,1,1,0.9996881484985352
3780,4,4,0.8079899549484253
3781,8,8,0.9999735355377197
3782,8,8,0.9987090826034546
3783,9,9,0.9999620914459229
3784,1,1,0.9998956918716431
3785,2,2,0.9706953167915344
3786,1,1,0.9996585845947266
3787,3,3,0.9976961016654968
3788,5,5,0.9999998807907104
3789,1,1,0.9988358616828918
3790,0,0,0.9999967813491821
3791,9,9,0.9996941089630127
3792,4,4,1.0
3793,4,4,0.9998518228530884
3794,8,8,0.9192928671836853
3795,3,3,0.9999942779541016
3796,2,8,0.6604979634284973
3797,5,5,0.9999996423721313
3798,9,9,0.9997889399528503
3799,7,7,0.998706579208374
3800,6,6,0.9953542947769165
3801,6,6,0.9430328011512756
3802,2,2,1.0
3803,0,0,0.9999290704727173
3804,0,0,0.9998857975006104
3805,0,0,0.9999895095825195
3806,5,8,0.810798168182373
3807,8,8,0.9999997615814209
3808,7,8,0.9936082363128662
3809,1,1,0.999855637550354
3810,5,5,0.9863211512565613
3811,2,2,0.9388287663459778
3812,3,3,0.9999663829803467
3813,8,8,0.9999853372573853
3814,5,5,0.9999951124191284
3815,1,1,0.9999758005142212
3816,8,8,0.9999666213989258
3817,2,2,0.9996871948242188
3818,0,0,0.9996688365936279
3819,4,4,1.0
3820,9,9,0.9999929666519165
3821,9,9,0.9963196516036987
3822,6,6,0.9999998807907104
3823,2,2,0.9999885559082031
3824,3,3,0.9999942779541016
3825,3,3,0.9999892711639404
3826,5,5,0.9999682903289795
3827,6,6,0.9999960660934448
3828,4,4,0.9999998807907104
3829,8,8,0.9999806880950928
3830,0,0,0.9999996423721313
3831,9,9,0.9869820475578308
3832,2,2,0.9999969005584717
3833,8,8,0.9974306225776672
3834,3,3,0.9996882677078247
3835,6,6,0.9989458918571472
3836,7,7,0.9960103034973145
3837,5,5,0.9999421834945679
3838,7,7,0.8734219074249268
3839,2,2,0.9959176182746887
3840,9,9,0.9997962117195129
3841,4,4,1.0
3842,9,9,0.9999943971633911
3843,1,1,0.9997366070747375
3844,2,2,0.9999784231185913
3845,8,8,0.9999997615814209
3846,6,6,0.9973472356796265
3847,0,0,0.9999985694885254
3848,7,7,0.992857813835144
3849,0,0,1.0
3850,9,9,0.6311520338058472
3851,1,1,0.9970068335533142
3852,1,1,0.9988582134246826
3853,6,8,0.48751771450042725
3854,7,7,0.9999876022338867
3855,5,5,0.9984762072563171
3856,9,9,0.9145513772964478
3857,9,9,0.9979283809661865
3858,1,1,0.9994426369667053
3859,9,9,0.9959070682525635
3860,5,5,0.9997974038124084
3861,9,9,0.9996402263641357
3862,2,2,0.9985265731811523
3863,5,5,0.9995191097259521
3864,0,0,0.9998047947883606
3865,4,4,1.0
3866,1,1,0.9998000264167786
3867,0,0,0.9999982118606567
3868,8,8,0.9999480247497559
3869,9,9,0.7898024320602417
3870,0,0,0.9999991655349731
3871,8,8,0.9933900833129883
3872,9,9,0.9999738931655884
3873,8,8,0.9999916553497314
3874,9,9,0.996095597743988
3875,4,4,0.9997780919075012
3876,2,2,0.9859806299209595
3877,5,5,0.9999995231628418
3878,7,7,0.9971801042556763
3879,9,9,0.9999449253082275
3880,8,8,0.9999175071716309
3881,9,9,0.9998303651809692
3882,8,8,1.0
3883,0,0,0.9999998807907104
3884,9,9,0.9999972581863403
3885,9,9,0.999980092048645
3886,6,6,0.9999992847442627
3887,8,8,0.9999995231628418
3888,9,9,0.9997448325157166
3889,9,9,0.9998007416725159
3890,5,5,0.999967098236084
3891,9,9,0.9999185800552368
3892,8,8,0.9999966621398926
3893,5,5,0.9953901767730713
3894,1,1,0.9996017813682556
3895,0,0,0.9999126195907593
3896,3,3,0.999983549118042
3897,3,3,0.9962823987007141
3898,5,5,0.9998934268951416
3899,2,2,0.9994767308235168
3900,1,1,0.9999208450317383
3901,6,6,0.9999414682388306
3902,5,5,0.9289990663528442
3903,0,0,0.9999997615814209
3904,2,2,0.9994884729385376
3905,8,8,0.9999505281448364
3906,1,1,0.9582226872444153
3907,5,5,0.9999997615814209
3908,6,6,0.9998314380645752
3909,2,2,0.9999897480010986
3910,3,3,0.9999736547470093
3911,0,0,0.9999996423721313
3912,2,2,0.9999904632568359
3913,2,2,0.9989727735519409
3914,6,6,0.9999973773956299
3915,4,4,0.9998149275779724
3916,3,3,0.9991642236709595
3917,5,5,0.9998345375061035
3918,5,5,0.9976453185081482
3919,1,1,0.99996018409729
3920,7,7,0.9999973773956299
3921,2,2,0.9998728036880493
3922,1,1,0.9987788796424866
3923,6,6,0.9999872446060181
3924,9,9,0.9986293315887451
3925,1,1,0.9999493360519409
3926,9,9,0.9544522166252136
3927,9,9,0.9991505146026611
3928,5,5,0.9997896552085876
3929,5,5,0.9999077320098877
3930,1,1,0.9999816417694092
3931,6,6,0.9999868869781494
3932,2,2,1.0
3933,2,2,1.0
3934,8,8,0.999998927116394
3935,6,6,0.9999960660934448
3936,7,7,0.9999781847000122
3937,1,1,0.9998461008071899
3938,4,4,0.9998726844787598
3939,6,6,0.5974624752998352
3940,0,0,0.9999932050704956
3941,4,4,0.6390660405158997
3942,0,0,0.9999192953109741
3943,3,3,0.9929310083389282
3944,3,3,0.9999563694000244
3945,2,2,0.9999955892562866
3946,2,2,0.7841967344284058
3947,3,3,0.9999998807907104
3948,6,6,0.99997878074646
3949,8,8,0.9999911785125732
3950,9,9,0.9945777654647827
3951,8,8,0.9607123732566833
3952,5,5,0.99982750415802
3953,3,3,0.9999980926513672
3954,8,8,0.9978072047233582
3955,5,5,0.9999964237213135
3956,4,4,0.9999990463256836
3957,5,5,0.999504804611206
3958,2,2,0.9999680519104004
3959,0,0,0.9999988079071045
3960,5,5,0.9999990463256836
3961,6,6,0.9975634813308716
3962,3,3,0.9998619556427002
3963,2,2,0.9999991655349731
3964,8,8,0.9997509121894836
3965,3,3,0.9999991655349731
3966,9,9,0.9999984502792358
3967,9,9,0.9830167889595032
3968,5,5,0.9723356366157532
3969,7,7,0.9963382482528687
3970,9,9,0.9929987192153931
3971,4,4,0.9953656196594238
3972,6,6,0.9999592304229736
3973,7,7,0.9999991655349731
3974,1,1,0.9984055161476135
3975,3,3,0.9999842643737793
3976,7,7,0.7746195793151855
3977,3,3,0.9968794584274292
3978,6,6,0.9990812540054321
3979,6,6,0.9999887943267822
3980,0,0,1.0
3981,9,9,0.999940037727356
3982,0,0,0.999863862991333
3983,1,1,0.9994838237762451
3984,9,9,0.9325489401817322
3985,9,9,0.9135301113128662
3986,2,2,0.9688560962677002
3987,8,8,0.9998843669891357
3988,8,8,0.9962708950042725
3989,0,0,0.9999494552612305
3990,1,1,0.9984317421913147
3991,6,6,0.9999833106994629
3992,9,9,0.9999440908432007
3993,7,7,0.9999877214431763
3994,5,5,0.9997460246086121
3995,3,3,0.9655848145484924
3996,4,4,0.9999877214431763
3997,7,7,0.9956289529800415
3998,4,4,0.9997135996818542
3999,9,9,0.9999964237213135
4000,9,9,0.9972955584526062
4001,4,4,0.990784764289856
4002,3,3,0.9974588751792908
4003,6,6,0.9999717473983765
4004,3,3,0.9999955892562866
4005,1,1,0.999714195728302
4006,1,1,0.9999204874038696
4007,7,9,0.6416282057762146
4008,6,6,0.9999957084655762
4009,9,9,0.9992270469665527
4010,1,1,0.9998698234558105
4011,8,8,0.9997071623802185
4012,4,4,0.999962329864502
4013,1,1,0.999875545501709
4014,1,1,0.9998894929885864
4015,9,9,0.9996633529663086
4016,9,9,0.9994833469390869
4017,4,4,0.596560537815094
4018,3,3,0.999386191368103
4019,6,6,0.9999630451202393
4020,8,8,0.9999997615814209
4021,1,1,0.9999381303787231
4022,6,6,0.999777615070343
4023,0,0,0.9999955892562866
4024,4,4,0.9999988079071045
4025,1,1,0.9996602535247803
4026,3,3,0.9999923706054688
4027,7,7,0.8251890540122986
4028,7,7,0.9999953508377075
4029,4,4,0.9989197254180908
4030,9,9,0.9985197186470032
4031,5,5,0.9976367950439453
4032,1,1,0.9978277087211609
4033,0,0,1.0
4034,0,0,0.9999983310699463
4035,1,1,0.9998705387115479
4036,1,1,0.9999598264694214
4037,6,6,0.9960615038871765
4038,2,2,0.9998503923416138
4039,1,1,0.9997941851615906
4040,9,9,0.999984622001648
4041,8,8,0.9999948740005493
4042,4,4,1.0
4043,0,0,0.9999877214431763
4044,3,3,0.9941527247428894
4045,6,6,0.9999966621398926
4046,4,4,0.999998927116394
4047,9,9,0.9992707371711731
4048,0,0,0.9994412064552307
4049,7,7,0.9999998807907104
4050,1,1,0.9986410737037659
4051,6,6,0.999995231628418
4052,5,5,0.9990251064300537
4053,7,7,0.9838523864746094
4054,5,5,0.9999189376831055
4055,2,2,0.9970397353172302
4056,5,5,0.9999370574951172
4057,1,1,0.9999661445617676
4058,8,8,0.9999247789382935
4059,5,5,0.9999555349349976
4060,4,4,0.9999876022338867
4061,7,7,0.99992835521698
4062,0,0,0.9999942779541016
4063,6,6,0.6062575578689575
4064,7,7,0.9999992847442627
4065,0,0,0.8597677946090698
4066,2,2,0.9999600648880005
4067,5,5,0.9999570846557617
4068,8,8,0.9999473094940186
4069,1,1,0.9999312162399292
4070,0,0,0.9999997615814209
4071,4,4,0.9997285008430481
4072,5,5,0.9999321699142456
4073,7,7,1.0
4074,1,1,0.9992820620536804
4075,8,0,0.8418372273445129
4076,5,5,0.999828577041626
4077,1,1,0.9998323917388916
4078,9,9,0.936089813709259
4079,0,0,0.9999574422836304
4080,0,0,0.9996088147163391
4081,6,6,0.9992976188659668
4082,0,0,0.9999998807907104
4083,7,7,0.9999997615814209
4084,3,3,0.9999511241912842
4085,1,1,0.9999734163284302
4086,8,8,0.9978862404823303
4087,3,3,0.9999165534973145
4088,9,9,0.9983540773391724
4089,7,7,0.9999927282333374
4090,0,0,0.9992407560348511
4091,0,0,0.9999988079071045
4092,8,8,0.9998661279678345
4093,9,9,0.9998693466186523
4094,5,5,0.9997579455375671
4095,9,9,0.9999277591705322
4096,8,8,0.999782145023346
4097,3,3,0.9999904632568359
4098,2,2,0.9999990463256836
4099,7,7,0.9921740293502808
4100,2,3,0.845289409160614
4101,9,9,0.9995883107185364
4102,7,7,0.9885099530220032
4103,2,2,0.9994935989379883
4104,1,1,0.999790370464325
4105,1,1,0.9997267127037048
4106,3,3,0.9999994039535522
4107,7,7,0.9999780654907227
4108,5,5,0.9999997615814209
4109,3,3,0.9999743700027466
4110,1,1,0.9992308616638184
4111,9,9,0.999985933303833
4112,8,8,0.9998369216918945
4113,2,2,0.9999756813049316
4114,2,2,0.99982750415802
4115,2,2,0.9999970197677612
4116,8,8,0.9953931570053101
4117,8,8,0.9984246492385864
4118,5,5,0.9999529123306274
4119,7,7,0.9995822310447693
4120,3,3,0.9998331069946289
4121,8,8,0.9998792409896851
4122,9,9,0.9999973773956299
4123,8,8,0.9989237189292908
4124,8,8,0.9941161870956421
4125,6,6,0.9996531009674072
4126,8,8,0.997495174407959
4127,2,2,0.9989215135574341
4128,3,3,0.9996022582054138
4129,9,9,0.9954223036766052
4130,7,7,0.9999954700469971
4131,5,5,0.9997363686561584
4132,6,6,0.9999176263809204
4133,2,2,0.9999905824661255
4134,9,9,0.9978228807449341
4135,2,2,0.999672532081604
4136,8,8,0.9993826150894165
4137,8,8,0.9983600974082947
4138,1,1,0.9999276399612427
4139,6,6,0.9963646531105042
4140,8,8,0.9962067604064941
4141,8,8,0.9993672966957092
4142,7,7,0.9999402761459351
4143,9,9,0.9991034865379333
4144,1,1,0.9999324083328247
4145,8,8,0.9984433054924011
4146,0,0,0.9996844530105591
4147,1,1,0.9993765950202942
4148,7,7,0.9989591836929321
4149,2,2,0.9999403953552246
4150,0,0,1.0
4151,7,7,0.9970777034759521
4152,5,5,0.9885762333869934
4153,1,1,0.9999575614929199
4154,9,9,0.9994781613349915
4155,0,0,0.9999997615814209
4156,2,2,0.6055593490600586
4157,0,0,0.9999368190765381
4158,9,9,0.9995100498199463
4159,8,8,0.9989393353462219
4160,6,6,0.9997350573539734
4161,2,2,0.9999983310699463
4162,3,3,1.0
4163,9,9,0.9758688807487488
4164,3,3,0.9999996423721313
4165,8,8,0.9863954782485962
4166,0,0,0.9999657869338989
4167,2,2,0.9977827668190002
4168,1,1,0.9995892643928528
4169,1,1,0.9998687505722046
4170,1,1,0.9992075562477112
4171,1,1,0.9913482069969177
4172,4,4,0.9999971389770508
4173,2,2,0.9999822378158569
4174,9,9,0.9863959550857544
4175,7,7,0.9999724626541138
4176,2,7,0.965394914150238
4177,5,5,0.9998064637184143
4178,1,1,0.9608853459358215
4179,1,1,0.9999496936798096
4180,2,2,0.9662231206893921
4181,1,1,0.9999593496322632
4182,9,9,0.999722421169281
4183,9,9,0.9998607635498047
4184,9,9,0.9986675977706909
4185,1,1,0.9969115853309631
4186,0,0,0.9999964237213135
4187,2,2,0.9994258880615234
4188,0,0,0.9999996423721313
4189,2,2,0.9997827410697937
4190,1,1,0.9998824596405029
4191,1,1,0.999910831451416
4192,4,4,0.9998607635498047
4193,6,6,0.997016429901123
4194,4,4,0.9818089604377747
4195,1,1,0.9997377991676331
4196,5,5,0.9977226853370667
4197,4,4,0.998036801815033
4198,9,9,0.9997656941413879
4199,7,7,0.7013198733329773
4200,7,7,0.9999995231628418
4201,1,1,0.9255131483078003
4202,5,5,0.9999910593032837
4203,6,6,0.9999986886978149
4204,2,2,0.9992222785949707
4205,2,0,0.5005021095275879
4206,2,2,0.9999878406524658
4207,8,8,0.9939623475074768
4208,0,0,1.0
4209,6,6,0.9999672174453735
4210,9,9,0.9999721050262451
4211,6,6,0.9861136078834534
4212,1,1,0.9990206956863403
4213,9,9,0.9995948672294617
4214,7,7,0.9982677698135376
4215,7,7,0.999832272529602
4216,1,1,0.994411051273346
4217,4,4,0.9999873638153076
4218,8,8,0.9999880790710449
4219,5,5,0.999997615814209
4220,3,3,0.9999774694442749
4221,4,4,0.9973636269569397
4222,3,3,0.9998065829277039
4223,4,4,0.9999692440032959
4224,9,7,0.7531096935272217
4225,7,7,0.9999270439147949
4226,5,5,0.9999771118164062
4227,0,0,0.9999607801437378
4228,7,7,0.9996812343597412
4229,4,4,0.9999977350234985
4230,8,8,0.9999576807022095
4231,8,8,0.9994897842407227
4232,1,1,0.9995492100715637
4233,5,5,0.9999634027481079
4234,3,3,0.9999994039535522
4235,9,9,0.9998658895492554
4236,5,5,1.0
4237,9,9,0.9999254941940308
4238,7,3,0.8384090065956116
4239,6,6,0.9980825185775757
4240,9,9,0.9999920129776001
4241,0,0,0.9999997615814209
4242,3,3,0.9999791383743286
4243,6,6,0.9997877478599548
4244,3,3,0.9928421974182129
4245,9,9,0.9999784231185913
4246,8,8,0.9999967813491821
4247,2,2,0.9997307658195496
4248,2,8,0.8266897201538086
4249,1,1,0.999955415725708
4250,2,2,0.9999940395355225
4251,8,8,0.9999938011169434
4252,6,6,0.9999788999557495
4253,8,8,0.9999935626983643
4254,5,5,0.9999494552612305
4255,5,5,0.9984001517295837
4256,3,2,0.6221298575401306
4257,9,9,0.9999886751174927
4258,4,4,1.0
4259,9,9,0.9946165680885315
4260,2,2,0.9998807907104492
4261,5,5,0.9999819993972778
4262,1,1,0.9998430013656616
4263,5,5,0.9984462857246399
4264,1,1,0.9998618364334106
4265,4,7,0.2541385889053345
4266,4,4,0.998308539390564
4267,1,1,0.9999257326126099
4268,4,4,0.9999483823776245
4269,4,4,0.995032548904419
4270,3,3,0.9999990463256836
4271,5,5,0.9428567886352539
4272,9,9,0.9999349117279053
4273,1,1,0.9997441172599792
4274,2,2,0.9997236132621765
4275,2,2,0.9999771118164062
4276,3,3,0.999790608882904
4277,3,3,0.9995806813240051
4278,0,0,0.9999995231628418
4279,2,2,0.9999561309814453
4280,9,9,0.9983475208282471
4281,0,0,0.999852180480957
4282,0,0,0.9999929666519165
4283,9,9,0.9999916553497314
4284,9,9,0.9333018064498901
4285,6,6,0.9989907145500183
4286,0,0,0.9995667338371277
4287,9,9,0.9997746348381042
4288,3,3,0.9999988079071045
4289,2,2,0.9970270991325378
4290,8,8,0.9999949932098389
4291,4,4,0.9998626708984375
4292,1,1,0.9997212290763855
4293,9,9,0.999640703201294
4294,9,9,0.9993492960929871
4295,7,7,0.9998267292976379
4296,2,2,0.9999959468841553
4297,7,7,0.8783901929855347
4298,9,9,0.9999780654907227
4299,9,9,0.9826045632362366
4300,5,5,0.9647730588912964
4301,9,9,0.9982988238334656
4302,5,5,0.9993605017662048
4303,1,1,0.9998124241828918
4304,1,1,0.9998652935028076
4305,8,8,0.99968421459198
4306,3,3,0.9159702062606812
4307,5,5,0.9999945163726807
4308,1,1,0.9932529330253601
4309,9,9,0.9980549812316895
4310,5,5,0.9999746084213257
4311,3,3,0.9984431862831116
4312,5,5,0.9999489784240723
4313,4,4,0.9287249445915222
4314,9,9,0.9821871519088745
4315,5,5,0.9725416302680969
4316,9,9,0.9986163377761841
4317,3,3,0.9953222870826721
4318,1,1,0.997623860836029
4319,9,9,0.9999977350234985
4320,0,0,0.9999897480010986
4321,9,9,0.9999701976776123
4322,7,7,0.9999969005584717
4323,5,5,0.9944975972175598
4324,4,4,0.9999839067459106
4325,9,9,0.9977014660835266
4326,2,2,0.9999700784683228
4327,0,0,0.9975082874298096
4328,1,1,0.9999579191207886
4329,0,0,0.9999209642410278
4330,5,5,0.9757902026176453
4331,1,1,0.9994038343429565
4332,4,4,0.9999963045120239
4333,9,9,0.9997684359550476
4334,3,3,0.9996672868728638
4335,3,3,0.9683728218078613
4336,6,6,0.9999730587005615
4337,1,1,0.9999181032180786
4338,5,5,0.999413013458252
4339,2,2,0.9999289512634277
4340,5,5,0.9998284578323364
4341,2,2,0.9991137385368347
4342,2,2,0.9999483823776245
4343,0,0,0.9999144077301025
4344,9,9,0.9700626730918884
4345,2,2,0.9999998807907104
4346,6,6,0.9999903440475464
4347,6,6,0.9999984502792358
4348,0,0,0.9999995231628418
4349,1,1,0.9745089411735535
4350,2,3,0.4221947193145752
4351,0,0,0.9999994039535522
4352,3,3,0.9982545971870422
4353,0,0,0.9999829530715942
4354,2,2,0.9998829364776611
4355,5,5,0.9839290380477905
4356,5,5,0.9865660071372986
4357,7,7,0.999996542930603
4358,9,9,0.9998183846473694
4359,5,5,0.979013979434967
4360,5,5,0.8819632530212402
4361,0,0,0.9999444484710693
4362,8,8,0.9999957084655762
4363,9,9,0.9989122152328491
4364,5,5,0.9999972581863403
4365,0,0,0.9999973773956299
4366,3,3,0.9999985694885254
4367,2,2,0.9968674778938293
4368,5,5,0.9988173842430115
4369,9,9,0.8006510138511658
4370,0,0,0.9998217225074768
4371,8,8,0.9999945163726807
4372,8,8,0.9999994039535522
4373,4,4,0.9983635544776917
4374,5,5,0.9944983124732971
4375,8,8,0.9999891519546509
4376,8,8,0.9999232292175293
4377,4,4,0.9997610449790955
4378,5,5,0.9999722242355347
4379,4,4,0.9994207620620728
4380,8,8,0.8994114398956299
4381,5,5,0.9999353885650635
4382,4,4,0.9828546047210693
4383,9,9,0.9998579025268555
4384,2,2,0.8337765336036682
4385,2,2,0.997787594795227
4386,1,1,0.9994218349456787
4387,2,2,0.9940229058265686
4388,6,6,0.9999924898147583
4389,8,8,0.999954342842102
4390,8,8,0.999916672706604
4391,7,7,0.9842061996459961
4392,0,0,0.9999996423721313
4393,3,3,0.9995359182357788
4394,6,6,0.9999996423721313
4395,6,6,0.9999914169311523
4396,4,4,0.9999809265136719
4397,3,3,0.999967098236084
4398,8,8,0.9999964237213135
4399,8,8,0.9843819737434387
4400,7,7,0.9014967679977417
4401,2,2,0.9981763362884521
4402,2,2,0.9999959468841553
4403,0,0,0.9994413256645203
4404,0,0,0.9999969005584717
4405,9,9,0.8056594133377075
4406,3,3,0.9999998807907104
4407,9,9,0.9998676776885986
4408,9,9,0.999869704246521
4409,1,1,0.9998225569725037
4410,9,9,0.9992438554763794
4411,8,8,0.9999991655349731
4412,6,6,0.9999830722808838
4413,6,6,0.9985173344612122
4414,4,4,0.9999966621398926
4415,2,2,0.9998887777328491
4416,6,6,0.999994158744812
4417,9,9,0.9999971389770508
4418,2,2,0.9999998807907104
4419,8,8,0.999210000038147
4420,5,5,0.9999659061431885
4421,4,4,0.999992847442627
4422,5,5,0.9997689127922058
4423,7,7,0.9999386072158813
4424,9,9,0.9859563112258911
4425,9,9,0.9874634742736816
4426,9,9,0.9996036887168884
4427,2,2,0.996099591255188
4428,1,1,0.9992669224739075
4429,8,8,0.9976825714111328
4430,3,3,0.9999998807907104
4431,4,4,0.9999750852584839
4432,0,0,0.9997949004173279
4433,7,7,0.9238770604133606
4434,8,8,0.9996216297149658
4435,3,3,0.990820586681366
4436,9,9,0.9999853372573853
4437,3,3,0.9420318603515625
4438,4,4,0.9890929460525513
4439,6,6,0.9962890148162842
4440,5,5,0.9996657371520996
4441,6,6,0.9999940395355225
4442,2,2,0.9998360872268677
4443,3,3,0.47702452540397644
4444,9,9,0.998776376247406
4445,2,2,0.9999948740005493
4446,6,6,0.9999998807907104
4447,0,0,0.9999806880950928
4448,0,0,0.9999997615814209
4449,6,6,0.9985275268554688
4450,1,1,0.9998173117637634
4451,2,2,0.9532557725906372
4452,8,8,0.9998975992202759
4453,7,7,0.9998089671134949
4454,9,9,0.9846997857093811
4455,8,8,0.9985256791114807
4456,2,2,0.9999370574951172
4457,0,0,0.9999961853027344
4458,4,4,0.9991995692253113
4459,7,7,0.9999876022338867
4460,7,7,0.9924911856651306
4461,5,5,0.9999879598617554
4462,0,0,0.9999988079071045
4463,5,5,0.9992515444755554
4464,6,6,0.9999997615814209
4465,4,4,0.9997178912162781
4466,6,6,0.9999929666519165
4467,7,7,0.9997581839561462
4468,4,4,0.9996651411056519
4469,3,3,0.9994195699691772
4470,0,0,0.9999778270721436
4471,7,7,0.9999819993972778
4472,5,5,0.9975903034210205
4473,0,0,0.9999178647994995
4474,7,7,0.9999998807907104
4475,4,4,0.9999903440475464
4476,2,2,0.9999197721481323
4477,0,0,0.9866515398025513
4478,8,8,0.9999954700469971
4479,9,9,0.9782876372337341
4480,9,9,0.9995881915092468
4481,4,4,0.9997910857200623
4482,2,2,0.9905695915222168
4483,4,4,0.99880051612854
4484,6,6,0.9999994039535522
4485,7,7,0.9999954700469971
4486,8,8,0.9999746084213257
4487,7,7,0.9867702722549438
4488,6,6,0.9986485838890076
4489,9,9,0.9949323534965515
4490,4,4,0.9999997615814209
4491,1,1,0.999722421169281
4492,3,3,0.999998927116394
4493,7,7,0.9985784292221069
4494,3,3,0.9833747148513794
4495,0,0,0.9999970197677612
4496,8,8,0.999994158744812
4497,8,8,0.5664074420928955
4498,7,7,0.6061502695083618
4499,6,6,0.9988729357719421
4500,9,1,0.4626510739326477
4501,3,3,0.9999873638153076
4502,9,9,0.9999858140945435
4503,2,2,0.9740384221076965
4504,2,2,0.9788433313369751
4505,9,9,0.9764167070388794
4506,2,2,0.9992849230766296
4507,1,2,0.6323004364967346
4508,8,8,0.9999970197677612
4509,3,3,0.9997543692588806
4510,2,2,0.9999992847442627
4511,9,9,0.9998934268951416
4512,6,6,0.9999594688415527
4513,8,8,0.9998953342437744
4514,4,4,0.9996252059936523
4515,0,0,0.9999575614929199
4516,1,1,0.9999016523361206
4517,2,2,0.9999997615814209
4518,8,8,0.9999964237213135
4519,4,4,0.9996170997619629
4520,5,5,0.9999855756759644
4521,2,2,0.9978395700454712
4522,7,7,0.9999942779541016
4523,8,8,0.9993228912353516
4524,1,1,0.9998564720153809
4525,1,1,0.9999430179595947
4526,3,3,0.9987753033638
4527,0,0,0.9999969005584717
4528,3,3,0.997929573059082
4529,5,5,0.9999986886978149
4530,7,7,0.9999755620956421
4531,0,0,0.9998681545257568
4532,3,3,0.9999985694885254
4533,1,1,0.9998588562011719
4534,9,9,0.9997206330299377
4535,3,3,0.9999895095825195
4536,6,5,0.6920719146728516
4537,3,3,0.9999948740005493
4538,1,1,0.999701201915741
4539,7,7,0.9999984502792358
4540,7,7,0.9953860640525818
4541,3,3,0.9999995231628418
4542,0,0,0.9999998807907104
4543,8,8,0.9959020018577576
4544,4,4,0.9999948740005493
4545,8,8,0.9999781847000122
4546,2,2,0.9998409748077393
4547,6,6,0.8113314509391785
4548,5,5,0.9969582557678223
4549,2,2,0.9992243051528931
4550,9,9,0.9996347427368164
4551,7,7,0.9951251149177551
4552,3,3,0.9988677501678467
4553,9,9,0.9999685287475586
4554,0,0,0.9999402761459351
4555,9,9,0.9996293783187866
4556,9,9,0.9985218644142151
4557,6,6,0.9999945163726807
4558,4,4,0.999342143535614
4559,2,2,0.9999991655349731
4560,9,9,0.999997615814209
4561,7,7,0.9955074787139893
4562,2,2,0.9999940395355225
4563,1,1,0.9603919982910156
4564,1,1,0.9996114373207092
4565,6,6,0.9997473359107971
4566,7,7,0.998272180557251
4567,4,4,0.9784646034240723
4568,7,7,0.9980353713035583
4569,5,5,0.9969815611839294
4570,9,9,0.9978390336036682
4571,6,0,0.9092594981193542
4572,8,8,0.9999446868896484
4573,2,2,0.9999814033508301
4574,1,1,0.9596272110939026
4575,4,4,0.5518890023231506
4576,4,4,0.9999961853027344
4577,5,5,0.9997889399528503
4578,7,7,0.9478514790534973
4579,6,6,0.986866295337677
4580,1,1,0.9999184608459473
4581,3,3,0.9999996423721313
4582,2,2,0.9999070167541504
4583,5,5,0.999955415725708
4584,9,9,0.9995868802070618
4585,9,9,0.9999382495880127
4586,3,3,0.9641544818878174
4587,6,6,0.9999990463256836
4588,1,1,0.999927282333374
4589,1,1,0.9994505047798157
4590,4,4,0.9999945163726807
4591,6,6,0.9999980926513672
4592,9,9,0.9999961853027344
4593,7,7,0.9998062252998352
4594,2,2,0.9998512268066406
4595,1,1,0.9997995495796204
4596,5,5,0.999797523021698
4597,1,1,0.9989702701568604
4598,4,4,0.9999070167541504
4599,6,6,0.9999887943267822
4600,3,3,0.9999992847442627
4601,8,8,0.8367887139320374
4602,1,1,0.9996877908706665
4603,1,1,0.9996703863143921
4604,0,0,0.9953505992889404
4605,3,3,0.9883894920349121
4606,1,1,0.9998656511306763
4607,6,6,0.9999895095825195
4608,8,8,0.9997102618217468
4609,4,4,0.9999455213546753
4610,9,9,0.9991381168365479
4611,0,0,1.0
4612,7,7,0.9999964237213135
4613,3,3,0.9987850785255432
4614,0,0,0.9999212026596069
4615,2,2,0.9464563131332397
4616,9,9,0.9999905824661255
4617,0,0,0.9999980926513672
4618,6,6,0.9997816681861877
4619,6,6,0.9836289286613464
4620,6,6,0.9576997756958008
4621,3,3,1.0
4622,6,6,0.9999983310699463
4623,7,7,0.9999977350234985
4624,7,7,0.9999456405639648
4625,2,2,0.9997289776802063
4626,8,8,0.9996240139007568
4627,6,6,0.9999904632568359
4628,0,0,1.0
4629,8,8,0.9999996423721313
4630,3,3,0.997199296951294
4631,0,0,0.9999998807907104
4632,2,2,0.945288360118866
4633,9,9,0.9993793964385986
4634,8,8,0.9999834299087524
4635,3,3,0.9980216026306152
4636,2,2,0.9999961853027344
4637,5,5,0.9999566078186035
4638,3,3,0.9999935626983643
4639,8,8,0.7625197172164917
4640,8,8,0.9978629946708679
4641,0,0,0.9999847412109375
4642,0,0,0.9999279975891113
4643,1,1,0.9973682761192322
4644,9,9,0.9995157718658447
4645,5,5,0.9998964071273804
4646,1,1,0.9992712140083313
4647,3,3,0.9999237060546875
4648,9,9,0.9999622106552124
4649,6,6,0.9999676942825317
4650,0,0,1.0
4651,1,1,0.9999421834945679
4652,4,4,0.9999879598617554
4653,1,1,0.999860405921936
4654,7,7,0.999998927116394
4655,1,1,0.9991967082023621
4656,2,2,0.996941864490509
4657,3,3,0.999953031539917
4658,7,7,0.9999345541000366
4659,9,9,0.9996912479400635
4660,7,7,0.988562822341919
4661,4,4,0.9999994039535522
4662,9,9,0.9988853335380554
4663,9,9,0.9998886585235596
4664,3,3,0.999800980091095
4665,9,9,0.9981683492660522
4666,2,2,0.9998119473457336
4667,8,8,0.9999890327453613
4668,2,2,0.9928467869758606
4669,7,7,0.9999376535415649
4670,1,1,0.9998433589935303
4671,8,8,0.985079288482666
4672,0,0,0.999997615814209
4673,9,9,0.9958487749099731
4674,1,1,0.9982249140739441
4675,0,0,0.9999758005142212
4676,1,1,0.9996196031570435
4677,7,7,0.9995881915092468
4678,7,7,0.9999955892562866
4679,9,9,0.9997585415840149
4680,6,6,1.0
4681,9,9,0.9992766976356506
4682,9,9,0.999927282333374
4683,9,9,0.9999270439147949
4684,2,2,0.9997109770774841
4685,1,1,0.9997476935386658
4686,6,6,0.999811589717865
4687,1,1,0.999667763710022
4688,3,3,0.9999978542327881
4689,5,5,0.9994733929634094
4690,7,7,0.5411927103996277
4691,1,1,0.9995177984237671
4692,9,9,0.999273955821991
4693,7,7,0.9965178966522217
4694,6,6,0.9999570846557617
4695,4,4,0.9998874664306641
4696,5,5,0.9852522611618042
4697,7,7,0.9999974966049194
4698,6,6,0.9996403455734253
4699,6,6,0.8726324439048767
4700,9,9,0.9997296929359436
4701,9,9,0.9999713897705078
4702,6,6,0.9979682564735413
4703,3,3,0.999998927116394
4704,6,6,0.9998916387557983
4705,2,2,0.9999943971633911
4706,9,9,0.9993535876274109
4707,8,8,0.9999269247055054
4708,1,1,0.9999747276306152
4709,2,2,0.9999667406082153
4710,2,2,0.9713090062141418
4711,5,5,0.9972411394119263
4712,5,5,0.9999294281005859
4713,2,2,0.9915246367454529
4714,3,3,0.9999600648880005
4715,7,7,0.9993962049484253
4716,2,2,0.9997599720954895
4717,1,1,0.9997918009757996
4718,0,0,1.0
4719,1,1,0.9964678287506104
4720,0,0,0.9999797344207764
4721,4,4,0.9999746084213257
4722,5,5,0.9997703433036804
4723,2,2,0.9998354911804199
4724,8,8,0.99587482213974
4725,2,2,0.9999920129776001
4726,8,8,0.9999048709869385
4727,3,3,0.9999909400939941
4728,5,5,0.9999639987945557
4729,1,1,0.9998869895935059
4730,7,7,0.9999998807907104
4731,8,8,0.9376688599586487
4732,1,1,0.9997610449790955
4733,1,1,0.9978011250495911
4734,2,2,0.9961901903152466
4735,9,9,0.9981672763824463
4736,7,7,0.9994148015975952
4737,8,8,0.9959767460823059
4738,4,4,0.9946935772895813
4739,0,0,0.9955739974975586
4740,3,5,0.9232859015464783
4741,0,0,0.9999932050704956
4742,7,7,0.9986280202865601
4743,8,8,0.9851472973823547
4744,8,8,0.9998420476913452
4745,4,4,0.9990479350090027
4746,7,7,0.9995859265327454
4747,7,7,0.9999991655349731
4748,8,8,0.9999983310699463
4749,5,5,0.9996964931488037
4750,8,8,0.9999600648880005
4751,4,4,0.6574789881706238
4752,9,9,0.999954342842102
4753,8,8,0.9999966621398926
4754,1,1,0.9996076226234436
4755,3,3,0.9994012117385864
4756,8,8,0.9999973773956299
4757,0,0,0.9999982118606567
4758,3,3,0.9999997615814209
4759,1,1,0.984205424785614
4760,7,7,0.9998393058776855
4761,9,8,0.9700037837028503
4762,5,5,0.999964714050293
4763,5,5,0.9958208799362183
4764,1,1,0.9997052550315857
4765,6,6,0.9999656677246094
4766,5,5,0.998706579208374
4767,7,7,0.9999780654907227
4768,4,4,0.9999880790710449
4769,9,9,0.9999537467956543
4770,3,3,0.9998075366020203
4771,5,5,0.9935804605484009
4772,4,4,0.9999362230300903
4773,7,7,0.9998239874839783
4774,1,1,0.9999023675918579
4775,2,2,0.9999990463256836
4776,0,0,0.9999769926071167
4777,8,8,0.9979026317596436
4778,1,1,0.9992521405220032
4779,6,6,0.9999998807907104
4780,0,0,0.9999977350234985
4781,7,7,0.9999997615814209
4782,3,3,0.9999790191650391
4783,4,4,0.7722392082214355
4784,7,7,0.999984622001648
4785,3,3,0.9968100190162659
4786,9,9,0.9992251396179199
4787,6,6,0.9999977350234985
4788,0,0,0.9999330043792725
4789,8,8,0.9998890161514282
4790,6,6,0.9999231100082397
4791,4,4,0.9969339370727539
4792,8,8,0.9999936819076538
4793,7,7,0.9999980926513672
4794,7,7,0.9995146989822388
4795,9,9,0.9999450445175171
4796,3,3,0.9999544620513916
4797,8,8,0.9999960660934448
4798,6,6,0.8908146023750305
4799,9,9,0.9999374151229858
4800,7,7,0.9999994039535522
4801,2,2,0.9999889135360718
4802,3,3,0.9993096590042114
4803,4,4,0.9999728202819824
4804,0,0,0.9999275207519531
4805,2,2,0.9999997615814209
4806,1,1,0.999862551689148
4807,8,0,0.8900881409645081
4808,3,3,0.9893922805786133
4809,5,5,0.9999957084655762
4810,5,5,0.9999938011169434
4811,7,7,0.9999991655349731
4812,2,2,0.9977185726165771
4813,4,4,0.9999650716781616
4814,6,6,0.9747512340545654
4815,7,7,0.9900404810905457
4816,2,2,0.9394202828407288
4817,8,8,0.9999889135360718
4818,3,3,0.9999997615814209
4819,0,0,0.9992104768753052
4820,8,8,0.9999873638153076
4821,7,7,0.9998180270195007
4822,8,8,0.9996973276138306
4823,9,9,0.8891224265098572
4824,0,0,0.9999008178710938
4825,8,8,0.9981135129928589
4826,4,4,0.9997442364692688
4827,4,4,0.9998801946640015
4828,5,5,0.9989444613456726
4829,8,8,0.9999194145202637
4830,5,5,0.9999165534973145
4831,6,6,0.999982476234436
4832,6,6,0.9999898672103882
4833,3,3,0.9999583959579468
4834,0,0,0.9999942779541016
4835,9,9,0.9996343851089478
4836,3,3,0.9997081160545349
4837,7,7,0.8971938490867615
4838,6,5,0.6059067249298096
4839,8,8,0.9985424280166626
4840,9,9,0.9998663663864136
4841,3,3,0.9990311861038208
4842,4,4,0.9999988079071045
4843,9,9,0.9999852180480957
4844,5,5,0.9999829530715942
4845,8,8,0.999984622001648
4846,9,9,0.9834958910942078
4847,1,1,0.9992138147354126
4848,2,2,0.997077465057373
4849,8,8,0.9999982118606567
4850,8,8,0.9999858140945435
4851,6,6,0.9992578625679016
4852,8,8,0.9861655235290527
4853,1,1,0.9998013377189636
4854,3,3,0.9997559189796448
4855,7,7,0.9920589923858643
4856,9,9,0.99997878074646
4857,0,0,0.9996258020401001
4858,1,1,0.9999090433120728
4859,1,1,0.9998751878738403
4860,4,4,0.5745660662651062
4861,7,7,0.9485848546028137
4862,0,0,0.9999984502792358
4863,8,8,0.9918791651725769
4864,1,1,0.9983491897583008
4865,7,7,0.9999998807907104
4866,4,4,0.9999550580978394
4867,5,5,0.999994158744812
4868,7,7,0.9987325072288513
4869,1,1,0.9983534812927246
4870,2,2,1.0
4871,1,1,0.9984317421913147
4872,1,1,0.9995619654655457
4873,3,3,0.9989904761314392
4874,9,9,0.8360103964805603
4875,6,6,0.9999905824661255
4876,2,2,0.9048566818237305
4877,1,1,0.999815046787262
4878,2,2,0.9995623230934143
4879,8,8,0.9703109860420227
4880,0,0,0.9753976464271545
4881,7,7,0.9999961853027344
4882,6,6,0.9968920350074768
4883,6,6,0.9998931884765625
4884,9,9,0.9993714690208435
4885,3,3,0.9999926090240479
4886,7,7,0.7805920839309692
4887,0,0,0.9997133612632751
4888,5,5,0.9374706149101257
4889,2,2,0.9999901056289673
4890,8,8,0.987240731716156
4891,0,0,0.9999978542327881
4892,5,5,0.9999998807907104
4893,4,4,0.9991315007209778
4894,3,3,0.9998279809951782
4895,8,8,0.9999538660049438
4896,4,4,0.9998822212219238
4897,6,6,0.9998378753662109
4898,6,6,0.9997076392173767
4899,2,2,0.999609649181366
4900,7,7,0.9964667558670044
4901,9,9,0.999864935874939
4902,5,5,0.9959188103675842
4903,1,1,0.9994993209838867
4904,3,3,0.9999984502792358
4905,2,2,0.9999909400939941
4906,4,4,0.9999973773956299
4907,3,3,0.9942671656608582
4908,6,6,0.9999945163726807
4909,1,1,0.9993151426315308
4910,9,9,0.9997344613075256
4911,4,9,0.6363468766212463
4912,4,4,1.0
4913,7,7,0.9999405145645142
4914,6,6,0.9999995231628418
4915,5,5,0.9974091649055481
4916,4,4,1.0
4917,1,1,0.9995418787002563
4918,9,9,0.9961447715759277
4919,9,9,0.9999855756759644
4920,2,2,1.0
4921,7,7,0.9049426317214966
4922,8,8,0.999798595905304
4923,0,0,0.9999988079071045
4924,1,1,0.9985840320587158
4925,3,3,0.9998965263366699
4926,6,6,0.999995231628418
4927,1,1,0.9999712705612183
4928,3,3,0.9999984502792358
4929,4,4,0.9525517821311951
4930,1,1,0.9999024868011475
4931,1,1,0.9999117851257324
4932,1,1,0.9999417066574097
4933,5,5,0.9999706745147705
4934,6,6,0.9673709869384766
4935,0,0,0.9999969005584717
4936,7,7,0.9998857975006104
4937,0,0,0.9999912977218628
4938,7,7,0.9999786615371704
4939,2,2,0.9703561663627625
4940,3,3,0.9999998807907104
4941,2,2,0.8906748294830322
4942,5,5,0.98737633228302
4943,2,2,0.999014139175415
4944,2,2,0.9999462366104126
4945,9,9,0.9999819993972778
4946,4,4,0.9999854564666748
4947,9,9,0.9998032450675964
4948,8,8,0.9992183446884155
4949,1,1,0.9999889135360718
4950,2,2,0.9572207927703857
4951,1,1,0.9979610443115234
4952,6,6,0.9993268251419067
4953,1,1,0.9999597072601318
4954,2,2,0.9998929500579834
4955,7,7,0.9999954700469971
4956,8,4,0.8943192362785339
4957,0,0,0.9999998807907104
4958,0,0,0.9999995231628418
4959,0,0,0.9997757077217102
4960,8,8,0.9978692531585693
4961,2,2,0.9999806880950928
4962,2,2,0.9999943971633911
4963,9,9,0.9731013774871826
4964,2,2,0.9998786449432373
4965,2,2,0.9999898672103882
4966,7,7,0.9550719261169434
4967,9,9,0.999976396560669
4968,9,9,0.9999910593032837
4969,2,2,0.9999958276748657
4970,7,7,0.999607503414154
4971,5,5,0.9994906187057495
4972,1,1,0.9988889098167419
4973,3,3,0.999997615814209
4974,4,4,0.9999796152114868
4975,9,9,0.9998730421066284
4976,4,4,0.9999003410339355
4977,1,1,0.9999418258666992
4978,8,8,0.8335698246955872
4979,5,5,0.9998892545700073
4980,6,6,0.9999758005142212
4981,2,2,0.9978860020637512
4982,8,8,0.9998947381973267
4983,3,3,0.9999200105667114
4984,1,1,0.9997430443763733
4985,2,2,0.9998403787612915
4986,8,8,0.9998432397842407
4987,4,4,0.9997139573097229
4988,9,9,0.9999467134475708
4989,9,9,0.9974972605705261
4990,3,3,0.9983795881271362
4991,7,7,0.999991774559021
4992,0,0,0.9999996423721313
4993,7,7,0.9999030828475952
4994,7,7,0.9985881447792053
4995,2,2,0.998229444026947
4996,3,3,0.9999986886978149
4997,2,2,0.6378933191299438
4998,4,4,0.9973644614219666
4999,0,0,1.0
5000,3,3,0.9999949932098389
5001,9,9,0.9998643398284912
5002,9,9,0.9999570846557617
5003,8,8,0.9999986886978149
5004,4,4,1.0
5005,1,1,0.9998325109481812
5006,0,0,0.9999967813491821
5007,6,6,0.9999991655349731
5008,0,0,0.9999790191650391
5009,9,9,0.9993242025375366
5010,6,6,0.999990701675415
5011,8,8,0.9997784495353699
5012,6,6,0.9999984502792358
5013,1,1,0.9998730421066284
5014,1,1,0.9997829794883728
5015,9,9,0.9982282519340515
5016,8,8,0.9999957084655762
5017,9,9,0.9999954700469971
5018,2,2,1.0
5019,3,3,0.9999880790710449
5020,5,5,0.9997689127922058
5021,5,5,0.9999401569366455
5022,9,9,0.9999583959579468
5023,4,4,0.9999970197677612
5024,2,2,0.999983549118042
5025,1,1,0.9999769926071167
5026,9,9,0.9997320771217346
5027,4,4,0.9998964071273804
5028,3,3,0.9999982118606567
5029,9,9,0.9985588192939758
5030,6,6,0.9999985694885254
5031,0,0,0.9999922513961792
5032,4,4,0.9999984502792358
5033,0,0,0.9999734163284302
5034,6,6,0.9999995231628418
5035,0,0,0.9999792575836182
5036,1,1,0.9999233484268188
5037,2,2,0.9999948740005493
5038,3,3,0.9995818734169006
5039,4,4,0.9999991655349731
5040,7,7,0.9974898099899292
5041,8,8,0.9999995231628418
5042,9,9,0.9999842643737793
5043,0,0,0.9999997615814209
5044,1,1,0.9999176263809204
5045,2,2,0.9934091567993164
5046,3,3,0.9991362690925598
5047,4,4,0.9999946355819702
5048,7,7,0.9980512857437134
5049,8,8,0.9998838901519775
5050,9,9,0.9999271631240845
5051,0,0,0.9999984502792358
5052,1,1,0.9999299049377441
5053,2,2,0.9999454021453857
5054,3,3,0.9997817873954773
5055,4,4,0.9998352527618408
5056,5,5,0.9999713897705078
5057,6,6,0.9999542236328125
5058,7,7,0.9997932314872742
5059,8,8,0.9999982118606567
5060,9,9,0.9996688365936279
5061,8,8,0.999975323677063
5062,3,3,0.9992707371711731
5063,4,4,0.9999586343765259
5064,7,7,0.9998289346694946
5065,8,8,0.995071530342102
5066,6,6,0.9999957084655762
5067,3,3,0.9940138459205627
5068,4,4,0.7875997424125671
5069,0,0,0.9999969005584717
5070,9,9,0.9999202489852905
5071,7,7,0.9999905824661255
5072,1,1,0.9999810457229614
5073,9,9,0.9999556541442871
5074,3,3,0.998439610004425
5075,8,8,0.9999895095825195
5076,4,4,1.0
5077,7,7,0.9998832941055298
5078,3,3,0.9806062579154968
5079,0,0,0.9999994039535522
5080,9,9,0.9999750852584839
5081,1,1,0.9995883107185364
5082,4,4,0.9999995231628418
5083,5,5,0.9972260594367981
5084,4,4,0.999909520149231
5085,6,6,0.9999463558197021
5086,2,2,0.9991600513458252
5087,0,0,0.9999985694885254
5088,6,6,0.9972209930419922
5089,2,2,0.9990960359573364
5090,1,1,0.9992696642875671
5091,1,1,0.9995137453079224
5092,1,1,0.9993605017662048
5093,1,1,0.9990578293800354
5094,7,7,0.9999486207962036
5095,2,2,0.9999995231628418
5096,4,4,0.9999990463256836
5097,7,7,0.9998223185539246
5098,5,5,0.9999963045120239
5099,2,2,0.9931429624557495
5100,9,9,0.9957477450370789
5101,4,4,0.999990701675415
5102,5,5,0.9999938011169434
5103,8,8,0.9999939203262329
5104,4,4,0.999991774559021
5105,2,2,0.9999403953552246
5106,9,9,0.9979960918426514
5107,7,7,0.999980092048645
5108,0,0,0.9999951124191284
5109,0,0,0.9999814033508301
5110,7,7,0.9998886585235596
5111,5,5,0.9998874664306641
5112,1,1,0.9999843835830688
5113,1,1,0.9998999834060669
5114,7,7,0.9996618032455444
5115,6,6,0.9999943971633911
5116,6,6,0.9999954700469971
5117,6,6,0.9998206496238708
5118,8,8,0.999972939491272
5119,2,2,0.996355414390564
5120,2,2,0.9995728135108948
5121,7,7,0.9997665286064148
5122,7,7,0.9997950196266174
5123,4,4,0.9999994039535522
5124,0,0,0.9999996423721313
5125,2,2,0.9998741149902344
5126,4,4,0.9998548030853271
5127,2,2,0.9884105920791626
5128,1,1,0.9998530149459839
5129,8,8,0.9999960660934448
5130,9,9,0.999658465385437
5131,6,6,0.9999918937683105
5132,1,1,0.9999896287918091
5133,0,0,0.9999972581863403
5134,5,5,0.9999880790710449
5135,9,9,0.9988616704940796
5136,6,6,0.9998902082443237
5137,9,9,0.9999195337295532
5138,8,8,0.9996857643127441
5139,0,0,0.9999499320983887
5140,3,3,0.8773865103721619
5141,0,0,0.9999949932098389
5142,8,8,0.9999966621398926
5143,3,3,0.9989513158798218
5144,9,9,0.999830961227417
5145,6,6,0.9986891150474548
5146,3,3,0.9941462278366089
5147,0,0,0.999998927116394
5148,1,1,0.999650239944458
5149,2,2,0.9999914169311523
5150,3,3,0.999998927116394
5151,4,4,0.9999902248382568
5152,5,5,0.9999898672103882
5153,6,6,0.999998927116394
5154,7,7,0.9992451667785645
5155,0,0,0.9999288320541382
5156,1,1,0.9999786615371704
5157,2,2,0.9999563694000244
5158,3,3,0.9999985694885254
5159,4,4,0.9930552840232849
5160,5,5,0.9999502897262573
5161,6,6,0.9999914169311523
5162,7,7,0.9855254292488098
5163,8,8,0.999990701675415
5164,9,9,0.9997383952140808
5165,0,0,0.9990713596343994
5166,1,1,0.9999560117721558
5167,2,2,0.9783951044082642
5168,3,3,0.9999998807907104
5169,4,4,0.9999998807907104
5170,5,5,0.9999973773956299
5171,6,6,0.9999920129776001
5172,7,7,0.947729229927063
5173,8,8,0.9999362230300903
5174,5,5,0.999998927116394
5175,4,4,0.9999997615814209
5176,8,8,0.9782004952430725
5177,7,7,0.9987927675247192
5178,4,4,1.0
5179,7,7,0.9999986886978149
5180,7,7,0.9935716390609741
5181,3,3,0.9999990463256836
5182,9,9,0.9997883439064026
5183,8,8,0.9785280823707581
5184,8,8,0.9999926090240479
5185,3,3,0.999990701675415
5186,1,1,0.9999502897262573
5187,5,5,0.9998959302902222
5188,8,8,0.9999806880950928
5189,2,2,0.9999352693557739
5190,7,7,0.9985368251800537
5191,4,4,1.0
5192,2,2,0.9999966621398926
5193,1,1,0.9996985197067261
5194,5,5,0.999530553817749
5195,4,4,0.9999992847442627
5196,5,5,0.9999996423721313
5197,5,5,0.999996542930603
5198,8,8,0.9999856948852539
5199,6,6,0.9983657002449036
5200,4,4,0.9999978542327881
5201,4,4,0.9797260165214539
5202,4,4,0.9999996423721313
5203,1,1,0.9982938170433044
5204,8,8,0.9998544454574585
5205,7,7,0.9998754262924194
5206,5,5,0.9999979734420776
5207,5,5,0.9999642372131348
5208,1,1,0.9996689558029175
5209,8,8,0.9996567964553833
5210,9,9,0.9917309880256653
5211,1,1,0.9998892545700073
5212,3,3,0.9999653100967407
5213,6,6,0.9999591112136841
5214,3,3,0.9999997615814209
5215,3,3,0.9999998807907104
5216,2,2,0.9999945163726807
5217,2,2,0.9987813830375671
5218,6,6,0.9998821020126343
5219,9,9,0.9989153146743774
5220,9,9,0.9997628331184387
5221,6,6,0.9991360306739807
5222,5,5,0.9999996423721313
5223,5,5,0.9999980926513672
5224,3,3,0.9999996423721313
5225,3,3,0.9999959468841553
5226,8,8,0.999991774559021
5227,1,1,0.9995644688606262
5228,6,6,0.9791371822357178
5229,5,5,0.9998557567596436
5230,6,6,0.9999998807907104
5231,8,8,0.9999809265136719
5232,1,1,0.9998692274093628
5233,9,9,0.9999287128448486
5234,7,7,0.9998799562454224
5235,6,6,0.9999959468841553
5236,8,8,0.9999668598175049
5237,3,3,0.9999881982803345
5238,7,7,0.9999345541000366
5239,4,4,0.9999682903289795
5240,7,7,0.9979853630065918
5241,0,0,0.999998927116394
5242,9,9,0.9998874664306641
5243,0,0,0.9998260140419006
5244,0,0,0.9999910593032837
5245,3,3,0.9999847412109375
5246,7,7,0.5632255673408508
5247,9,9,0.9995357990264893
5248,3,3,0.9999988079071045
5249,0,0,0.9999988079071045
5250,2,2,0.9947894811630249
5251,0,0,0.9998294115066528
5252,1,1,0.9998340606689453
5253,0,0,0.9999351501464844
5254,1,1,0.9998229146003723
5255,0,0,0.9999934434890747
5256,4,4,1.0
5257,0,0,0.9999594688415527
5258,1,1,0.9999682903289795
5259,0,0,0.9999995231628418
5260,4,4,0.9994805455207825
5261,7,7,0.9413814544677734
5262,9,9,0.999488115310669
5263,6,6,0.9999741315841675
5264,2,2,0.9999798536300659
5265,6,6,0.8892241716384888
5266,2,2,0.9993265867233276
5267,2,2,0.9965830445289612
5268,9,9,0.9528834223747253
5269,9,9,0.9719336628913879
5270,0,0,0.9993877410888672
5271,1,1,0.9990429282188416
5272,2,2,0.9999494552612305
5273,3,3,0.9999243021011353
5274,4,4,1.0
5275,5,5,0.9999943971633911
5276,6,6,0.9999998807907104
5277,7,7,0.9999933242797852
5278,8,8,0.9771268963813782
5279,9,9,0.9999679327011108
5280,0,0,0.9999986886978149
5281,1,1,0.999790370464325
5282,2,2,0.9999998807907104
5283,3,3,0.9995631575584412
5284,4,4,0.9999822378158569
5285,5,5,0.9999961853027344
5286,6,6,0.9999992847442627
5287,7,7,0.9999583959579468
5288,8,8,0.9778704643249512
5289,9,9,0.9999920129776001
5290,0,0,0.9999037981033325
5291,1,1,0.9999464750289917
5292,2,2,0.9999934434890747
5293,3,3,0.9999984502792358
5294,4,4,1.0
5295,5,5,0.9999995231628418
5296,6,6,0.9999752044677734
5297,7,7,0.9999502897262573
5298,8,8,0.9991981387138367
5299,9,9,0.9948005676269531
5300,8,8,0.9999649524688721
5301,0,0,0.9999618530273438
5302,5,5,0.9999827146530151
5303,6,6,0.9999690055847168
5304,6,6,0.9999980926513672
5305,0,0,0.9999995231628418
5306,8,8,0.9999030828475952
5307,0,0,0.9999985694885254
5308,2,2,0.999995231628418
5309,3,3,0.9999903440475464
5310,7,7,0.9997405409812927
5311,9,9,0.9985430240631104
5312,4,4,0.9999992847442627
5313,7,7,0.9999481439590454
5314,1,1,0.9999245405197144
5315,9,9,0.9999904632568359
5316,1,1,0.999887228012085
5317,7,7,0.999924898147583
5318,1,1,0.999901533126831
5319,4,4,0.9999983310699463
5320,0,0,0.9999229907989502
5321,0,0,0.9999957084655762
5322,4,4,0.9998915195465088
5323,1,1,0.9998080134391785
5324,7,7,0.9999533891677856
5325,5,5,0.9999867677688599
5326,7,7,0.9999908208847046
5327,1,1,0.9999176263809204
5328,3,3,0.9999393224716187
5329,3,3,0.9999417066574097
5330,3,3,0.9991059899330139
5331,1,1,0.6880778074264526
5332,6,6,0.999996542930603
5333,9,9,0.9999326467514038
5334,7,7,0.9999964237213135
5335,4,4,0.99980229139328
5336,3,3,0.9999268054962158
5337,0,0,0.9999998807907104
5338,2,2,0.9999985694885254
5339,5,5,0.9999748468399048
5340,2,2,1.0
5341,6,6,0.9999964237213135
5342,0,0,0.9999983310699463
5343,8,8,0.999291181564331
5344,9,9,0.9999974966049194
5345,4,4,0.9999830722808838
5346,3,3,0.9999724626541138
5347,5,5,0.9999986886978149
5348,4,4,0.9999219179153442
5349,8,8,0.9999247789382935
5350,1,1,0.9993166923522949
5351,5,5,0.9999994039535522
5352,9,9,0.9999947547912598
5353,0,0,0.9999985694885254
5354,6,6,0.9999994039535522
5355,4,4,0.9999984502792358
5356,3,3,0.9999932050704956
5357,6,6,0.9999978542327881
5358,3,3,0.9976230263710022
5359,3,3,0.9999277591705322
5360,8,8,0.997702419757843
5361,1,1,0.999853253364563
5362,4,4,0.9999994039535522
5363,7,7,0.9997672438621521
5364,5,5,0.9999997615814209
5365,7,7,0.9999932050704956
5366,2,2,0.9999998807907104
5367,2,2,0.9999986886978149
5368,0,0,0.9999960660934448
5369,0,0,0.9999997615814209
5370,1,1,0.999957799911499
5371,7,7,0.9997666478157043
5372,7,7,0.9997765421867371
5373,9,9,0.9999970197677612
5374,5,5,0.9999971389770508
5375,9,9,0.9998815059661865
5376,8,8,0.9999831914901733
5377,9,9,0.9999953508377075
5378,6,6,0.9999978542327881
5379,8,8,0.998471200466156
5380,8,8,0.9989655017852783
5381,2,2,0.9999991655349731
5382,3,3,0.9999934434890747
5383,6,6,0.9999997615814209
5384,1,1,0.999758780002594
5385,2,2,1.0
5386,9,9,0.9999873638153076
5387,8,8,0.999894380569458
5388,9,9,0.9999808073043823
5389,5,5,0.9999815225601196
5390,2,2,0.9999997615814209
5391,6,6,0.9999885559082031
5392,2,2,0.9999984502792358
5393,4,4,1.0
5394,8,8,0.9917535781860352
5395,4,4,0.9999749660491943
5396,6,6,0.999976634979248
5397,5,5,0.9992642998695374
5398,0,0,0.9999774694442749
5399,1,1,0.9997472167015076
5400,5,5,0.9999984502792358
5401,6,6,0.9998130202293396
5402,7,7,0.9999984502792358
5403,8,8,0.9999539852142334
5404,9,9,0.9999364614486694
5405,0,0,0.9999978542327881
5406,1,1,0.9997720122337341
5407,2,2,0.9988762736320496
5408,3,3,0.9999512434005737
5409,4,4,0.9954150915145874
5410,5,5,0.9999819993972778
5411,6,6,0.9999983310699463
5412,7,7,0.9999995231628418
5413,8,8,0.9999810457229614
5414,9,9,0.9999068975448608
5415,0,0,0.9999997615814209
5416,1,1,0.9997873902320862
5417,2,2,0.9992560744285583
5418,3,3,0.9999964237213135
5419,4,4,0.9999990463256836
5420,5,5,0.9999445676803589
5421,6,6,0.9995235204696655
5422,7,7,0.9997797608375549
5423,8,8,0.9999629259109497
5424,9,9,0.9909042716026306
5425,7,7,0.9999992847442627
5426,4,4,1.0
5427,2,2,0.9998832941055298
5428,0,0,0.9999998807907104
5429,9,9,0.9986055493354797
5430,0,0,1.0
5431,1,1,0.9998397827148438
5432,5,5,0.9999946355819702
5433,8,8,0.9999946355819702
5434,8,8,0.999984860420227
5435,0,0,0.9999974966049194
5436,2,2,0.9999997615814209
5437,7,7,0.9999966621398926
5438,8,8,0.9999979734420776
5439,4,4,0.9999902248382568
5440,4,4,0.9999970197677612
5441,6,6,1.0
5442,1,1,0.9999611377716064
5443,0,0,0.9999954700469971
5444,4,4,0.9999929666519165
5445,5,5,0.9999852180480957
5446,3,3,0.9999586343765259
5447,9,9,0.9996782541275024
5448,4,4,0.9999960660934448
5449,2,2,0.9956870675086975
5450,0,0,0.9962894916534424
5451,5,5,0.9999998807907104
5452,0,0,0.9999991655349731
5453,1,1,0.9999144077301025
5454,3,3,0.9999179840087891
5455,2,2,0.9999940395355225
5456,9,9,0.9999463558197021
5457,1,1,0.9561545848846436
5458,6,6,0.9999994039535522
5459,0,0,0.9997465014457703
5460,1,1,0.9997244477272034
5461,1,1,0.9999737739562988
5462,8,8,0.9999972581863403
5463,0,0,0.9999983310699463
5464,4,4,1.0
5465,7,7,0.9999997615814209
5466,7,7,0.9999674558639526
5467,6,6,0.9999994039535522
5468,3,3,0.9999932050704956
5469,6,6,0.9995827078819275
5470,0,0,0.9999972581863403
5471,7,7,0.9999935626983643
5472,3,3,0.9999990463256836
5473,5,5,0.9999958276748657
5474,4,4,0.9999995231628418
5475,2,2,0.9999560117721558
5476,4,4,0.9999997615814209
5477,1,1,0.9999539852142334
5478,8,8,0.9999934434890747
5479,3,3,0.9999943971633911
5480,5,5,0.9999969005584717
5481,6,6,0.9999997615814209
5482,7,7,0.9999903440475464
5483,0,0,0.9999805688858032
5484,6,6,0.9999997615814209
5485,7,7,0.9999991655349731
5486,1,1,0.9999923706054688
5487,2,2,0.9999997615814209
5488,5,5,0.9999994039535522
5489,8,8,0.9999992847442627
5490,1,1,0.9998844861984253
5491,9,9,0.999855637550354
5492,3,3,0.9999994039535522
5493,8,8,0.9999935626983643
5494,2,2,0.9999842643737793
5495,8,8,0.999995231628418
5496,7,7,0.999842643737793
5497,6,6,0.9999990463256836
5498,7,7,0.9999994039535522
5499,1,1,0.9998832941055298
5500,4,4,0.9999997615814209
5501,6,6,0.9999988079071045
5502,2,2,0.9945766925811768
5503,9,9,0.9998737573623657
5504,3,3,0.9997263550758362
5505,0,0,0.999974250793457
5506,1,1,0.9999810457229614
5507,2,2,0.998021125793457
5508,3,3,0.999996542930603
5509,4,4,0.9999988079071045
5510,5,5,0.9999964237213135
5511,6,6,0.9999980926513672
5512,7,7,0.9997945427894592
5513,0,0,0.9999995231628418
5514,1,1,0.9998469352722168
5515,2,2,0.9999884366989136
5516,3,3,0.9999855756759644
5517,4,4,0.9999986886978149
5518,5,5,0.9999568462371826
5519,0,0,0.9988890290260315
5520,1,1,0.9999574422836304
5521,2,2,0.999943733215332
5522,8,8,0.9967219233512878
5523,9,9,0.9998840093612671
5524,1,1,0.9999600648880005
5525,4,4,0.9947392344474792
5526,0,0,0.9999943971633911
5527,9,9,0.9990743398666382
5528,5,5,0.991965651512146
5529,0,0,0.9999910593032837
5530,8,8,0.9999219179153442
5531,0,0,0.9999997615814209
5532,7,7,0.986444890499115
5533,7,7,0.9996916055679321
5534,1,1,0.9998962879180908
5535,1,1,0.9998704195022583
5536,2,2,0.9818414449691772
5537,9,9,0.9998518228530884
5538,3,3,1.0
5539,6,6,0.9992774128913879
5540,7,7,0.9999589920043945
5541,2,2,0.9976891279220581
5542,3,3,0.9999343156814575
5543,8,8,0.9999372959136963
5544,1,1,0.9991461038589478
5545,2,2,0.9998302459716797
5546,9,9,0.9997413754463196
5547,8,8,0.9974821209907532
5548,8,8,0.9999879598617554
5549,7,7,0.9991440773010254
5550,1,1,0.9998927116394043
5551,7,7,0.9990555644035339
5552,1,1,0.9995656609535217
5553,1,1,0.9999697208404541
5554,0,0,0.9999974966049194
5555,3,3,0.9999978542327881
5556,4,4,0.9993853569030762
5557,2,2,0.9995675683021545
5558,6,6,0.9999080896377563
5559,4,4,0.9910597205162048
5560,7,7,0.9976928234100342
5561,4,4,0.9981404542922974
5562,2,2,0.9632946848869324
5563,7,7,0.9999905824661255
5564,4,4,0.9916120767593384
5565,9,9,0.9996523857116699
5566,1,1,0.9999451637268066
5567,0,0,0.9999876022338867
5568,6,6,0.9999997615814209
5569,8,8,0.9980935454368591
5570,5,5,0.9999983310699463
5571,5,5,0.9999998807907104
5572,5,5,0.9999979734420776
5573,3,3,0.9897111654281616
5574,5,5,0.9999797344207764
5575,9,9,0.9999268054962158
5576,7,7,0.9999867677688599
5577,4,4,0.9989051818847656
5578,8,8,0.9998633861541748
5579,5,5,0.9999160766601562
5580,9,9,0.9986690282821655
5581,6,6,0.9999706745147705
5582,9,9,0.9993877410888672
5583,3,3,0.9996784925460815
5584,0,0,0.9999996423721313
5585,3,3,1.0
5586,8,8,0.9989393353462219
5587,9,9,0.9999842643737793
5588,1,1,0.9993008375167847
5589,8,8,0.999992847442627
5590,1,1,0.9994372725486755
5591,6,6,0.9999974966049194
5592,0,0,0.9999946355819702
5593,0,0,0.9999899864196777
5594,1,1,0.99669349193573
5595,2,2,0.9993195533752441
5596,3,3,0.9816786646842957
5597,4,4,0.9546092748641968
5598,5,5,0.9999996423721313
5599,6,6,0.9999980926513672
5600,7,9,0.5937110781669617
5601,8,8,0.9996216297149658
5602,9,9,0.9999033212661743
5603,0,0,0.9999985694885254
5604,1,1,0.9998736381530762
5605,2,2,0.9999992847442627
5606,3,3,0.9999603033065796
5607,4,4,0.9858598113059998
5608,5,5,0.9989163875579834
5609,6,6,1.0
5610,7,7,0.9977571368217468
5611,8,8,0.9892125129699707
5612,9,9,0.9999414682388306
5613,0,0,0.9999736547470093
5614,1,1,0.9999334812164307
5615,2,2,0.9999876022338867
5616,3,3,0.9999058246612549
5617,4,4,0.9950888752937317
5618,5,5,0.999987006187439
5619,6,6,0.9999912977218628
5620,7,7,0.9946882724761963
5621,8,8,0.9998480081558228
5622,9,9,0.9998419284820557
5623,3,3,0.8574724197387695
5624,5,5,0.9999948740005493
5625,3,3,0.9999809265136719
5626,2,2,0.9855111837387085
5627,9,9,0.9998794794082642
5628,3,3,0.9998825788497925
5629,2,2,0.9999927282333374
5630,1,1,0.9993553757667542
5631,4,4,0.9848935008049011
5632,5,5,0.9999985694885254
5633,5,5,0.9999896287918091
5634,2,2,0.4558759927749634
5635,3,3,0.9999635219573975
5636,2,2,0.9963948130607605
5637,1,1,0.9998934268951416
5638,3,3,0.9999786615371704
5639,9,9,0.9999123811721802
5640,7,7,0.9986019730567932
5641,2,2,0.9978485107421875
5642,1,1,0.9478487372398376
5643,2,2,0.9998977184295654
5644,8,8,0.9997692704200745
5645,9,9,0.9999796152114868
5646,1,1,0.9998912811279297
5647,8,8,0.9986535310745239
5648,8,8,0.9985235333442688
5649,7,7,0.9872797727584839
5650,8,8,0.9999948740005493
5651,1,1,0.9999117851257324
5652,0,0,0.9999959468841553
5653,0,0,0.9999377727508545
5654,7,7,0.8631117343902588
5655,7,7,0.9900884032249451
5656,8,8,0.9999899864196777
5657,7,7,0.9999568462371826
5658,5,5,0.9999995231628418
5659,0,0,0.9999998807907104
5660,6,6,0.9999982118606567
5661,1,1,0.9995459914207458
5662,5,5,0.999954104423523
5663,7,7,0.9883158206939697
5664,4,4,0.9957228899002075
5665,6,6,0.9999990463256836
5666,1,1,0.9999170303344727
5667,2,2,0.9993818998336792
5668,5,5,0.9999998807907104
5669,0,0,0.9999996423721313
5670,7,7,0.9999920129776001
5671,9,9,0.9999923706054688
5672,9,9,0.9999984502792358
5673,0,0,0.9999985694885254
5674,3,3,0.9999364614486694
5675,8,8,0.9998801946640015
5676,4,4,0.9473897814750671
5677,4,4,0.9978938698768616
5678,8,8,0.9877113699913025
5679,1,1,0.999900221824646
5680,8,8,0.9981738328933716
5681,6,6,0.9999985694885254
5682,5,5,0.9999974966049194
5683,9,9,0.9999594688415527
5684,0,0,0.9999997615814209
5685,0,0,0.9999998807907104
5686,0,0,0.9999998807907104
5687,3,3,0.9998722076416016
5688,7,7,0.9984695315361023
5689,1,1,0.999929666519165
5690,6,6,0.9999997615814209
5691,4,4,0.9994472861289978
5692,2,2,0.9999998807907104
5693,6,6,0.9999979734420776
5694,6,6,0.9999992847442627
5695,0,0,0.9999626874923706
5696,4,4,0.9906551241874695
5697,5,5,0.9998751878738403
5698,4,4,0.9967238306999207
5699,1,1,0.9999306201934814
5700,3,3,0.999261200428009
5701,8,8,0.9998773336410522
5702,6,6,0.999998927116394
5703,3,3,0.999819815158844
5704,9,9,0.9999502897262573
5705,9,9,0.9999188184738159
5706,5,5,0.9999984502792358
5707,9,9,0.9999891519546509
5708,3,3,0.9999904632568359
5709,7,7,0.6760424971580505
5710,8,8,0.9994206428527832
5711,5,5,0.9999995231628418
5712,6,6,0.9999995231628418
5713,4,4,0.9999843835830688
5714,7,7,0.9996342658996582
5715,6,6,0.99998939037323
5716,2,2,0.9999994039535522
5717,2,2,0.9991328120231628
5718,0,0,0.9999494552612305
5719,9,9,0.9944795370101929
5720,4,4,0.9849980473518372
5721,0,0,0.9999978542327881
5722,1,1,0.9997968077659607
5723,2,2,0.9999991655349731
5724,3,3,0.9999686479568481
5725,4,4,1.0
5726,5,5,0.9998093247413635
5727,6,6,0.9999899864196777
5728,7,7,0.9997511506080627
5729,8,8,0.9999885559082031
5730,9,9,0.9996448755264282
5731,0,0,0.9999545812606812
5732,1,1,0.999646782875061
5733,2,2,0.9999998807907104
5734,3,3,0.6143132448196411
5735,5,5,0.9710590243339539
5736,6,6,0.9779053330421448
5737,0,0,0.9999992847442627
5738,1,1,0.9993886947631836
5739,2,2,0.9999985694885254
5740,3,3,0.9999620914459229
5741,4,4,0.9999997615814209
5742,5,5,0.9999955892562866
5743,6,6,0.999948263168335
5744,8,8,0.9999991655349731
5745,7,7,0.8499717116355896
5746,1,1,0.9999316930770874
5747,3,3,0.9999969005584717
5748,2,2,0.9999675750732422
5749,8,8,0.9837161302566528
5750,0,0,0.999956488609314
5751,7,7,0.9999822378158569
5752,5,5,0.9930338859558105
5753,9,9,0.9996455907821655
5754,9,9,0.999828577041626
5755,6,6,0.9999998807907104
5756,0,0,0.9999905824661255
5757,9,9,0.9984281063079834
5758,4,4,1.0
5759,1,1,0.9997729659080505
5760,3,3,0.9999853372573853
5761,2,2,0.9999992847442627
5762,1,1,0.998971700668335
5763,2,2,0.9999934434890747
5764,3,3,0.9999990463256836
5765,8,8,0.9999966621398926
5766,3,3,0.9999960660934448
5767,2,2,1.0
5768,6,6,0.9999972581863403
5769,5,5,0.9404519200325012
5770,6,6,0.9999799728393555
5771,8,8,0.9997633099555969
5772,2,2,0.9999932050704956
5773,7,7,0.9995613694190979
5774,4,4,0.9999994039535522
5775,8,8,0.9999955892562866
5776,1,1,0.999943733215332
5777,8,8,0.9999821186065674
5778,0,0,0.999969482421875
5779,5,5,0.9999934434890747
5780,3,3,0.9999450445175171
5781,9,9,0.9999533891677856
5782,4,4,0.9999971389770508
5783,1,1,0.9998290538787842
5784,9,9,0.9999396800994873
5785,2,2,0.9999970197677612
5786,1,1,0.9996063113212585
5787,9,9,0.9993657469749451
5788,6,6,0.9999998807907104
5789,7,7,0.9999990463256836
5790,9,9,0.9999004602432251
5791,0,0,0.9999806880950928
5792,4,4,1.0
5793,6,6,0.9999997615814209
5794,1,1,0.9998917579650879
5795,7,7,0.9999996423721313
5796,3,3,0.999998927116394
5797,8,8,0.9999656677246094
5798,7,7,0.9999802112579346
5799,2,2,0.9999667406082153
5800,9,9,0.9999901056289673
5801,6,6,0.9855603575706482
5802,5,5,0.9803076386451721
5803,8,8,0.9999613761901855
5804,3,3,0.9999551773071289
5805,9,9,0.999966025352478
5806,0,0,0.9999533891677856
5807,5,5,0.9991142153739929
5808,7,7,0.9999934434890747
5809,1,1,0.999977707862854
5810,6,6,0.9999996423721313
5811,1,1,0.9998681545257568
5812,0,0,0.999984622001648
5813,9,9,0.9999954700469971
5814,3,3,0.9999667406082153
5815,3,3,0.9999889135360718
5816,4,4,1.0
5817,4,4,1.0
5818,0,0,0.9999926090240479
5819,6,6,0.9999933242797852
5820,2,2,0.999962329864502
5821,5,5,0.9985997080802917
5822,4,4,1.0
5823,2,2,0.9999991655349731
5824,3,3,0.9999799728393555
5825,4,4,0.9999995231628418
5826,6,6,0.9999995231628418
5827,0,0,0.9995793700218201
5828,0,0,0.9992734789848328
5829,2,2,0.9999995231628418
5830,0,0,0.999967098236084
5831,1,1,0.9988899827003479
5832,4,4,0.9999556541442871
5833,5,5,0.9995957016944885
5834,6,6,0.9999990463256836
5835,7,7,0.9937525391578674
5836,8,8,0.9999991655349731
5837,9,9,0.9997923970222473
5838,0,0,1.0
5839,1,1,0.9999542236328125
5840,2,2,0.9997462630271912
5841,3,3,0.9609829187393188
5842,4,4,0.7416349649429321
5843,5,5,0.9999662637710571
5844,6,6,0.9999998807907104
5845,7,7,0.9999706745147705
5846,8,8,1.0
5847,0,0,0.9999984502792358
5848,1,1,0.9996955394744873
5849,2,2,0.9993276596069336
5850,3,3,1.0
5851,4,4,0.9991267323493958
5852,5,5,0.9999964237213135
5853,6,6,0.9999959468841553
5854,7,7,0.9995524287223816
5855,8,8,0.9999837875366211
5856,9,9,0.9998772144317627
5857,8,8,0.9999960660934448
5858,7,7,0.9914930462837219
5859,1,1,0.9999784231185913
5860,3,3,0.9999988079071045
5861,7,7,0.9998884201049805
5862,5,5,0.9999778270721436
5863,2,2,0.9999510049819946
5864,8,8,0.9999995231628418
5865,0,0,0.9999977350234985
5866,7,7,0.9999219179153442
5867,5,5,0.9998364448547363
5868,9,9,0.9996740818023682
5869,9,9,0.9999862909317017
5870,0,0,0.9999560117721558
5871,9,9,0.9999227523803711
5872,1,1,0.9997621178627014
5873,1,1,0.9998778104782104
5874,5,5,0.9999321699142456
5875,8,8,0.9999991655349731
5876,8,8,0.9999978542327881
5877,6,6,0.9363871216773987
5878,3,3,0.9931846261024475
5879,2,2,0.999964714050293
5880,1,1,0.9999481439590454
5881,8,8,0.9999979734420776
5882,3,3,0.9970031380653381
5883,2,2,0.99997878074646
5884,6,6,1.0
5885,5,5,0.9885552525520325
5886,6,6,0.9999986886978149
5887,7,0,0.5438851118087769
5888,4,0,0.9348509311676025
5889,1,1,0.9999064207077026
5890,0,0,0.9996976852416992
5891,5,5,0.9999369382858276
5892,3,3,0.99998939037323
5893,1,1,0.9999558925628662
5894,9,9,0.9999897480010986
5895,2,2,0.9997808337211609
5896,1,1,0.9999450445175171
5897,9,9,0.9999533891677856
5898,6,6,1.0
5899,0,0,0.9999927282333374
5900,4,4,1.0
5901,6,6,0.9999939203262329
5902,1,1,0.9999688863754272
5903,7,7,0.9933663010597229
5904,3,3,0.9999935626983643
5905,8,8,0.9999958276748657
5906,7,7,0.9822521209716797
5907,2,2,0.9015899300575256
5908,9,9,0.999970555305481
5909,6,6,0.9999661445617676
5910,5,5,0.9999960660934448
5911,8,8,0.9999971389770508
5912,3,3,0.9993329644203186
5913,5,5,0.9999792575836182
5914,7,7,0.9998756647109985
5915,1,1,0.9999798536300659
5916,6,6,0.9999104738235474
5917,1,1,0.9999638795852661
5918,0,0,0.9979696869850159
5919,9,9,0.9997884631156921
5920,6,6,0.9999973773956299
5921,2,2,0.9655342698097229
5922,5,5,0.991679847240448
5923,4,4,0.9997298121452332
5924,2,2,0.9964489936828613
5925,3,3,0.9999792575836182
5926,4,4,0.9948628544807434
5927,4,4,1.0
5928,6,6,0.9999990463256836
5929,0,0,0.9999942779541016
5930,0,0,1.0
5931,2,2,0.9999583959579468
5932,0,0,0.9999998807907104
5933,1,1,0.9999315738677979
5934,2,2,0.9998238682746887
5935,3,3,0.9973500967025757
5936,4,4,0.9161597490310669
5937,5,3,0.5967220664024353
5938,6,6,0.9999996423721313
5939,7,7,0.9980917572975159
5940,8,8,0.9999527931213379
5941,9,9,0.9999971389770508
5942,0,0,0.9999940395355225
5943,1,1,0.9992747902870178
5944,2,2,0.9991781115531921
5945,3,3,0.9995169639587402
5946,4,4,0.9999910593032837
5947,5,5,0.9974561333656311
5948,6,6,0.9999997615814209
5949,7,7,0.9991320967674255
5950,8,8,0.9999430179595947
5951,9,9,0.999825656414032
5952,0,0,0.9999920129776001
5953,1,1,0.999902606010437
5954,2,2,0.9999991655349731
5955,3,8,0.8965650796890259
5956,4,4,0.9999679327011108
5957,5,5,0.9991143345832825
5958,6,6,1.0
5959,7,7,0.9973946809768677
5960,8,8,0.9996483325958252
5961,9,9,0.9988126754760742
5962,8,8,0.9997953772544861
5963,6,6,0.9999023675918579
5964,5,5,0.9919920563697815
5965,0,0,0.9999734163284302
5966,6,6,0.9999994039535522
5967,8,8,0.9999372959136963
5968,9,9,0.9999953508377075
5969,4,4,0.9999911785125732
5970,1,1,0.9994977712631226
5971,9,9,0.999924898147583
5972,5,5,0.9730806350708008
5973,3,8,0.47155871987342834
5974,0,0,0.9999483823776245
5975,4,4,0.9916506409645081
5976,8,8,0.9999802112579346
5977,9,9,0.999161958694458
5978,1,1,0.9991512298583984
5979,4,4,0.999998927116394
5980,0,0,0.9998577833175659
5981,5,5,0.6018504500389099
5982,5,5,0.9764578938484192
5983,2,2,0.9998767375946045
5984,1,1,0.9994075298309326
5985,5,5,0.7386939525604248
5986,4,4,0.9999356269836426
5987,0,0,0.998435914516449
5988,7,7,0.9997115731239319
5989,6,6,0.9997115731239319
5990,0,0,0.99997878074646
5991,1,1,0.9999634027481079
5992,7,7,0.9988526105880737
5993,0,0,0.9999957084655762
5994,6,6,0.9999992847442627
5995,8,8,0.9999916553497314
5996,9,9,0.9999121427536011
5997,5,9,0.6016130447387695
5998,1,1,0.9979652166366577
5999,7,7,0.9999806880950928
6000,9,9,0.9993715882301331
6001,8,8,0.9999711513519287
6002,6,6,0.9987393021583557
6003,0,0,0.999839186668396
6004,8,8,0.9973911046981812
6005,1,1,0.9841396808624268
6006,7,7,0.9969931840896606
6007,7,7,0.9989990592002869
6008,1,1,0.9993764758110046
6009,3,3,0.9961503744125366
6010,2,2,0.9995860457420349
6011,3,5,0.6063108444213867
6012,1,1,0.9999649524688721
6013,4,4,0.9999960660934448
6014,2,2,0.9999840259552002
6015,0,0,0.9999152421951294
6016,0,0,0.9999955892562866
6017,7,7,0.9999954700469971
6018,8,8,0.9999440908432007
6019,4,4,0.9947667121887207
6020,6,6,0.9999152421951294
6021,4,4,0.9998925924301147
6022,9,9,0.9999657869338989
6023,3,3,0.672356128692627
6024,8,8,0.999660849571228
6025,4,4,0.9999985694885254
6026,7,7,0.9633284211158752
6027,2,2,0.9927768707275391
6028,5,5,0.9907702803611755
6029,6,6,0.999937891960144
6030,3,3,0.9986615180969238
6031,6,6,0.9999319314956665
6032,9,9,0.999984860420227
6033,6,6,0.9999752044677734
6034,3,3,0.9894408583641052
6035,2,2,0.9880726337432861
6036,2,2,0.9999920129776001
6037,4,4,0.9932405948638916
6038,6,6,0.9999988079071045
6039,9,9,0.9999668598175049
6040,0,0,0.9998119473457336
6041,2,2,0.9996210336685181
6042,5,5,0.9523915648460388
6043,5,5,0.9964644908905029
6044,1,1,0.9997674822807312
6045,3,3,0.995064914226532
6046,3,3,0.9994803071022034
6047,9,9,0.999977707862854
6048,7,7,0.9998629093170166
6049,8,8,0.9999375343322754
6050,7,7,0.9999209642410278
6051,2,2,0.9980247020721436
6052,2,2,0.9997031092643738
6053,5,5,0.9830828905105591
6054,7,7,0.999535083770752
6055,9,9,0.9998785257339478
6056,8,8,0.9999593496322632
6057,2,2,0.9999778270721436
6058,1,1,0.999828577041626
6059,3,3,0.5133610963821411
6060,1,1,0.9998458623886108
6061,3,3,0.9998458623886108
6062,0,0,0.9999955892562866
6063,1,1,0.9892252087593079
6064,2,2,0.9968454241752625
6065,3,3,0.9842101335525513
6066,4,4,1.0
6067,5,5,0.9999957084655762
6068,6,6,1.0
6069,7,7,0.9999815225601196
6070,8,8,0.9997757077217102
6071,9,9,0.9823148250579834
6072,0,0,0.9996602535247803
6073,1,1,0.995995283126831
6074,2,2,0.9989911913871765
6075,3,3,0.9997161030769348
6076,4,4,0.9999967813491821
6077,5,5,0.9999959468841553
6078,6,6,0.9999983310699463
6079,7,7,0.9999693632125854
6080,8,8,0.9930207133293152
6081,9,9,0.9851021766662598
6082,0,0,0.9999967813491821
6083,1,1,0.983043372631073
6084,2,2,0.988295316696167
6085,3,3,0.9994649291038513
6086,4,4,0.9999985694885254
6087,5,5,0.9999643564224243
6088,6,6,0.999998927116394
6089,7,7,0.9999918937683105
6090,8,8,0.9998250603675842
6091,9,9,0.8038856387138367
6092,1,1,0.9994545578956604
6093,2,8,0.834562361240387
6094,6,6,0.999998927116394
6095,5,5,0.9999985694885254
6096,3,3,0.9999916553497314
6097,0,0,0.9999974966049194
6098,7,7,0.999981164932251
6099,0,0,0.9999969005584717
6100,4,4,1.0
6101,1,1,0.9721134305000305
6102,4,4,1.0
6103,3,3,0.9999972581863403
6104,6,6,0.9999992847442627
6105,7,7,0.9998650550842285
6106,2,2,0.999891996383667
6107,3,3,0.9999885559082031
6108,1,1,0.9987402558326721
6109,2,2,0.9987359642982483
6110,1,1,0.9899523854255676
6111,2,2,0.9987764954566956
6112,9,9,0.9862145781517029
6113,6,6,0.9998595714569092
6114,0,0,1.0
6115,1,1,0.9893038272857666
6116,3,3,0.999993085861206
6117,0,0,0.9999959468841553
6118,2,2,0.9968352913856506
6119,7,7,0.9999977350234985
6120,5,5,0.9999967813491821
6121,7,7,0.9999518394470215
6122,6,6,0.9999997615814209
6123,2,2,0.9997417330741882
6124,9,9,0.9795053005218506
6125,1,1,0.999900221824646
6126,9,9,0.9897885918617249
6127,0,0,1.0
6128,6,6,1.0
6129,0,0,1.0
6130,6,6,0.9999998807907104
6131,0,0,0.9999998807907104
6132,2,2,0.999539852142334
6133,0,0,0.9999995231628418
6134,6,6,0.9999572038650513
6135,1,1,0.9991025924682617
6136,5,5,0.9999961853027344
6137,8,8,0.9997952580451965
6138,4,4,1.0
6139,3,3,0.9999929666519165
6140,0,0,0.9999716281890869
6141,1,1,0.9999173879623413
6142,5,5,0.9999926090240479
6143,4,4,0.9999992847442627
6144,4,4,0.9999996423721313
6145,8,8,0.9999953508377075
6146,5,5,0.9999808073043823
6147,7,7,0.9999889135360718
6148,5,5,0.9999986886978149
6149,7,7,0.999930739402771
6150,8,8,0.9999920129776001
6151,3,3,0.9999984502792358
6152,4,4,0.9999994039535522
6153,8,8,0.9999849796295166
6154,8,8,0.9999188184738159
6155,5,5,0.9999972581863403
6156,2,2,0.9999902248382568
6157,9,9,0.9492744207382202
6158,7,7,0.9999617338180542
6159,1,1,0.9995015859603882
6160,3,3,0.9999947547912598
6161,8,8,0.9491361975669861
6162,1,1,0.9997463822364807
6163,0,0,0.999907374382019
6164,7,7,0.9999804496765137
6165,5,5,0.9998779296875
6166,9,9,0.983288586139679
6167,6,6,0.9999996423721313
6168,9,9,0.9895613789558411
6169,4,4,1.0
6170,7,7,0.9999486207962036
6171,7,7,0.9999967813491821
6172,9,9,0.9542354941368103
6173,9,9,0.8937649726867676
6174,3,3,0.9980877041816711
6175,4,4,0.9999992847442627
6176,4,4,1.0
6177,3,3,0.9999915361404419
6178,8,8,0.9995644688606262
6179,6,6,0.9976014494895935
6180,2,2,0.9998706579208374
6181,0,0,0.9999517202377319
6182,1,1,0.9998972415924072
6183,2,2,0.9999938011169434
6184,3,3,0.9998340606689453
6185,4,4,1.0
6186,5,5,0.9999988079071045
6187,6,6,0.9999995231628418
6188,7,7,0.9995556473731995
6189,8,8,0.9999854564666748
6190,9,9,0.9999884366989136
6191,0,0,1.0
6192,1,1,0.9997102618217468
6193,2,2,0.9999585151672363
6194,3,3,0.9998948574066162
6195,4,4,1.0
6196,5,5,0.9999798536300659
6197,6,6,0.9999994039535522
6198,7,7,0.9999905824661255
6199,8,8,0.9999996423721313
6200,9,9,0.9999871253967285
6201,0,0,1.0
6202,1,1,0.9998533725738525
6203,2,2,0.9999895095825195
6204,3,3,0.9987720847129822
6205,4,4,1.0
6206,5,5,0.9999992847442627
6207,6,6,0.9999990463256836
6208,7,7,0.9998770952224731
6209,8,8,0.999998927116394
6210,9,9,0.999886155128479
6211,0,0,0.9999996423721313
6212,8,8,0.9999932050704956
6213,3,3,0.9995906949043274
6214,9,9,0.9998071789741516
6215,5,5,0.9999898672103882
6216,5,5,0.9999986886978149
6217,2,2,0.9999929666519165
6218,6,6,0.9999984502792358
6219,8,8,0.9999972581863403
6220,4,4,1.0
6221,9,9,0.9999128580093384
6222,1,1,0.9999516010284424
6223,7,7,0.9997394680976868
6224,1,1,0.999902606010437
6225,2,2,0.9999134540557861
6226,3,3,0.9999995231628418
6227,5,5,0.999809205532074
6228,9,9,0.999983549118042
6229,6,6,0.9999997615814209
6230,9,9,0.9999567270278931
6231,1,1,0.9998217225074768
6232,1,1,0.9993398785591125
6233,1,1,0.9995818734169006
6234,2,2,0.9886384606361389
6235,9,9,0.9997944235801697
6236,5,5,0.9999986886978149
6237,6,6,0.9999990463256836
6238,8,8,0.9999979734420776
6239,1,1,0.999764621257782
6240,2,2,0.9999209642410278
6241,0,0,0.9999984502792358
6242,7,7,0.9998202919960022
6243,7,7,0.9875317215919495
6244,5,5,0.9999886751174927
6245,8,8,0.9999991655349731
6246,2,2,0.9999983310699463
6247,9,9,0.999812662601471
6248,8,8,0.9999991655349731
6249,9,9,0.9990148544311523
6250,0,0,0.9999290704727173
6251,4,4,0.9999998807907104
6252,6,6,0.9999990463256836
6253,7,7,0.9998276233673096
6254,1,1,0.9998308420181274
6255,3,3,0.9986804127693176
6256,4,4,0.9999997615814209
6257,5,5,0.9999998807907104
6258,6,6,0.9999997615814209
6259,0,0,0.9999996423721313
6260,3,3,0.9994581341743469
6261,6,6,0.9999998807907104
6262,8,8,0.9999921321868896
6263,7,7,0.9982307553291321
6264,0,0,0.9999991655349731
6265,4,4,0.9999991655349731
6266,2,2,0.9993646740913391
6267,7,7,0.9997779726982117
6268,4,4,1.0
6269,7,7,0.9998424053192139
6270,5,5,0.9999983310699463
6271,4,4,0.9999982118606567
6272,3,3,0.999970555305481
6273,4,4,0.9999765157699585
6274,2,2,0.9999985694885254
6275,8,8,0.9999982118606567
6276,1,1,0.9999803304672241
6277,5,5,0.9999991655349731
6278,1,1,0.9997350573539734
6279,2,2,0.9999990463256836
6280,0,0,0.9999998807907104
6281,2,2,0.9999998807907104
6282,5,5,0.9999979734420776
6283,6,6,0.9999943971633911
6284,4,4,0.9999996423721313
6285,3,3,0.9999997615814209
6286,0,0,0.9999992847442627
6287,0,0,0.9999994039535522
6288,0,0,0.9999992847442627
6289,3,3,0.9999732971191406
6290,3,3,0.9997101426124573
6291,5,5,0.9999996423721313
6292,7,7,0.9998694658279419
6293,0,0,0.9999991655349731
6294,6,6,0.9999788999557495
6295,4,4,1.0
6296,8,8,0.9999988079071045
6297,8,8,0.9999971389770508
6298,6,6,0.9999969005584717
6299,3,3,0.9999997615814209
6300,4,4,0.999998927116394
6301,6,6,0.9999960660934448
6302,9,9,0.9993695616722107
6303,9,9,0.9999790191650391
6304,8,8,0.9999724626541138
6305,2,2,0.9987945556640625
6306,7,7,0.9991970658302307
6307,7,7,0.9999847412109375
6308,1,1,0.9998550415039062
6309,0,0,0.9999997615814209
6310,1,1,0.9999028444290161
6311,2,2,1.0
6312,3,3,0.9999991655349731
6313,4,4,1.0
6314,5,5,0.9999055862426758
6315,6,6,0.9999991655349731
6316,7,7,0.9998902082443237
6317,8,8,0.9999711513519287
6318,9,9,0.9999376535415649
6319,0,0,0.9999997615814209
6320,1,1,0.999794065952301
6321,2,2,1.0
6322,3,3,0.9999947547912598
6323,4,4,0.9999940395355225
6324,5,5,0.9999994039535522
6325,6,6,0.9999979734420776
6326,7,7,0.9999980926513672
6327,8,8,0.9999252557754517
6328,0,0,0.9999991655349731
6329,1,1,0.9998841285705566
6330,2,2,1.0
6331,3,3,0.9999995231628418
6332,4,4,1.0
6333,5,5,0.9999947547912598
6334,6,6,0.9999946355819702
6335,7,7,0.999974250793457
6336,8,8,0.9999099969863892
6337,2,2,1.0
6338,1,1,0.999570906162262
6339,7,7,0.9999896287918091
6340,2,2,1.0
6341,5,5,0.9999984502792358
6342,0,0,0.999998927116394
6343,8,8,0.9999802112579346
6344,0,0,0.9998087286949158
6345,2,2,1.0
6346,7,7,0.9999879598617554
6347,8,8,0.9994238615036011
6348,8,8,0.9996651411056519
6349,3,3,0.9999932050704956
6350,6,6,0.9999998807907104
6351,0,0,0.9999855756759644
6352,2,2,0.9999995231628418
6353,7,7,0.9999926090240479
6354,6,6,1.0
6355,6,6,0.9999994039535522
6356,1,1,0.9993640780448914
6357,2,2,1.0
6358,8,8,0.999993085861206
6359,8,8,0.9992684721946716
6360,7,7,0.999998927116394
6361,7,7,0.9999929666519165
6362,4,4,1.0
6363,7,7,0.9999473094940186
6364,7,7,0.9997724890708923
6365,3,3,0.9999970197677612
6366,7,7,0.9999710321426392
6367,4,4,0.9999994039535522
6368,5,5,0.9999986886978149
6369,4,4,0.9999980926513672
6370,3,3,0.999932050704956
6371,3,3,0.999984860420227
6372,8,8,0.9998399019241333
6373,4,4,1.0
6374,1,1,0.9998855590820312
6375,1,1,0.9999724626541138
6376,9,9,0.9972220659255981
6377,7,7,0.9998121857643127
6378,4,4,1.0
6379,3,3,0.999998927116394
6380,7,7,0.9973666071891785
6381,3,3,0.9999629259109497
6382,3,3,0.9999996423721313
6383,0,0,0.9999836683273315
6384,2,2,1.0
6385,5,5,0.9999947547912598
6386,5,5,0.9999985694885254
6387,6,6,0.9999983310699463
6388,6,6,0.9999990463256836
6389,3,3,0.9999566078186035
6390,5,5,0.9999346733093262
6391,2,2,0.9977207779884338
6392,5,5,0.999990701675415
6393,9,9,0.9934640526771545
6394,9,9,0.9999918937683105
6395,8,8,0.9999754428863525
6396,4,4,0.9998167157173157
6397,1,1,0.9999434947967529
6398,0,0,0.9990448355674744
6399,6,6,0.9999995231628418
6400,0,0,0.9990160465240479
6401,9,9,0.9981721639633179
6402,6,6,0.9998644590377808
6403,8,8,0.9998376369476318
6404,8,8,0.9998489618301392
6405,5,5,0.9999947547912598
6406,6,6,0.9999984502792358
6407,1,1,0.9999176263809204
6408,1,1,0.9995735287666321
6409,9,9,0.9999188184738159
6410,8,8,0.9991563558578491
6411,9,9,0.9970001578330994
6412,2,2,0.9999997615814209
6413,3,3,0.9999997615814209
6414,5,5,0.9999929666519165
6415,5,5,0.9999990463256836
6416,9,9,0.9999462366104126
6417,4,4,0.9987595081329346
6418,2,2,0.9993370175361633
6419,1,1,0.9999401569366455
6420,9,9,0.9989275336265564
6421,3,3,0.9974269270896912
6422,9,9,0.9998886585235596
6423,2,2,1.0
6424,0,0,0.9999769926071167
6425,6,6,0.9997072815895081
6426,0,0,0.993247389793396
6427,4,4,0.999998927116394
6428,0,0,0.9998660087585449
6429,0,0,1.0
6430,1,1,0.9999176263809204
6431,2,2,0.9999957084655762
6432,3,3,0.9991129040718079
6433,4,4,0.9999734163284302
6434,7,7,0.9996073842048645
6435,8,8,0.999993085861206
6436,9,9,0.9999468326568604
6437,0,0,0.9999998807907104
6438,1,1,0.9999434947967529
6439,2,2,0.9999951124191284
6440,3,3,0.9999887943267822
6441,7,7,0.999468982219696
6442,8,8,0.999996542930603
6443,9,9,0.9997279047966003
6444,0,0,0.9999784231185913
6445,1,1,0.9999688863754272
6446,2,2,0.9998520612716675
6447,3,3,0.9999977350234985
6448,4,4,0.9999622106552124
6449,7,7,0.9999693632125854
6450,8,8,0.9999891519546509
6451,9,9,0.999995231628418
6452,7,7,0.995826780796051
6453,3,3,0.9997207522392273
6454,0,0,0.9999808073043823
6455,3,3,0.9998224377632141
6456,1,1,0.9998346567153931
6457,8,8,0.9999948740005493
6458,7,7,0.9995436072349548
6459,6,6,0.9999949932098389
6460,4,4,0.9977543950080872
6461,0,0,0.9999998807907104
6462,2,2,0.9999994039535522
6463,6,6,0.9999988079071045
6464,8,8,0.9999943971633911
6465,3,3,0.9999862909317017
6466,2,2,1.0
6467,8,8,0.9999979734420776
6468,1,1,0.9998629093170166
6469,2,2,0.9999967813491821
6470,0,0,0.9999130964279175
6471,7,7,0.990880012512207
6472,1,1,0.9999803304672241
6473,0,0,0.999981164932251
6474,4,4,0.9985800981521606
6475,4,4,1.0
6476,5,5,0.9999986886978149
6477,8,8,0.9996076226234436
6478,0,0,0.9999977350234985
6479,6,6,0.9999933242797852
6480,2,2,0.9979944229125977
6481,3,3,0.9999487400054932
6482,1,1,0.9999673366546631
6483,5,5,0.9999998807907104
6484,1,1,0.999761164188385
6485,8,8,0.9999765157699585
6486,5,5,0.9999979734420776
6487,9,9,0.9998468160629272
6488,4,4,0.9999176263809204
6489,0,0,0.9999974966049194
6490,7,7,0.9999774694442749
6491,5,5,0.9999926090240479
6492,8,8,0.9999814033508301
6493,8,8,0.9999938011169434
6494,3,3,0.999617338180542
6495,8,8,0.969822108745575
6496,9,9,0.9998403787612915
6497,2,2,0.999954104423523
6498,6,6,0.999998927116394
6499,2,2,0.9999469518661499
6500,5,5,0.9999995231628418
6501,3,3,0.9999004602432251
6502,1,1,0.9999758005142212
6503,7,7,0.999713122844696
6504,3,3,0.999995231628418
6505,9,0,0.885565459728241
6506,1,1,0.9999916553497314
6507,9,9,0.9999802112579346
6508,9,9,0.9999842643737793
6509,6,6,0.999998927116394
6510,0,0,0.9999994039535522
6511,3,3,0.9926652312278748
6512,9,9,0.9996384382247925
6513,2,2,0.9999926090240479
6514,8,8,0.9999657869338989
6515,1,1,0.999982476234436
6516,4,4,0.9999985694885254
6517,3,3,0.9962000250816345
6518,5,5,0.9999977350234985
6519,2,2,0.9999997615814209
6520,9,9,0.999876856803894
6521,2,2,0.9999997615814209
6522,5,5,0.9999991655349731
6523,8,8,0.9998058676719666
6524,9,9,0.9999659061431885
6525,5,5,0.9999992847442627
6526,0,0,0.9999885559082031
6527,1,1,0.9999244213104248
6528,2,2,0.9926183819770813
6529,4,4,0.9999958276748657
6530,5,5,0.9998397827148438
6531,6,6,0.9999994039535522
6532,0,0,0.6147273182868958
6533,1,1,0.9996830224990845
6534,2,2,0.9999940395355225
6535,3,3,0.9977774024009705
6536,4,4,0.9999923706054688
6537,5,5,0.9999613761901855
6538,6,6,0.9985551238059998
6539,7,7,0.9999195337295532
6540,1,1,0.9974079728126526
6541,2,2,0.999998927116394
6542,3,3,0.9974014759063721
6543,4,4,0.9999998807907104
6544,5,5,0.997802197933197
6545,1,1,0.9981649518013
6546,0,0,0.9998635053634644
6547,4,4,0.9999997615814209
6548,5,5,0.9999902248382568
6549,6,6,0.9999756813049316
6550,6,6,0.9999959468841553
6551,3,3,0.9999375343322754
6552,4,4,0.9999173879623413
6553,4,4,0.9963215589523315
6554,2,2,0.98978590965271
6555,8,8,0.6589786410331726
6556,1,1,0.9987760186195374
6557,0,0,0.9872958064079285
6558,6,6,0.6918915510177612
6559,4,4,0.999948263168335
6560,9,9,0.5533531308174133
6561,7,7,0.7782287001609802
6562,2,2,0.9997668862342834
6563,3,3,0.9998770952224731
6564,3,3,0.9883827567100525
6565,9,9,0.9983854293823242
6566,2,2,0.9998661279678345
6567,0,0,0.9999972581863403
6568,9,9,0.987467885017395
6569,3,3,0.8404849767684937
6570,3,3,0.9977095127105713
6571,9,7,0.4348863363265991
6572,1,5,0.25216221809387207
6573,5,5,0.999891996383667
6574,2,2,0.9998157620429993
6575,3,3,0.9909757971763611
6576,7,1,0.9689714908599854
6577,7,7,0.873177707195282
6578,8,8,0.9597356915473938
6579,4,4,0.999985933303833
6580,0,0,0.9999961853027344
6581,2,2,0.9998335838317871
6582,4,4,0.9999997615814209
6583,0,0,0.9999957084655762
6584,2,2,0.999293327331543
6585,4,4,1.0
6586,7,7,0.9999593496322632
6587,8,8,0.9999818801879883
6588,0,0,0.999987006187439
6589,7,7,0.9983102083206177
6590,0,0,0.9986259937286377
6591,6,6,0.9999996423721313
6592,9,9,0.9771556854248047
6593,3,3,0.9994187355041504
6594,2,2,0.999953031539917
6595,8,8,0.9999879598617554
6596,6,6,0.9995707869529724
6597,0,3,0.4288709759712219
6598,5,5,0.9827209115028381
6599,7,7,0.9452736377716064
6600,5,5,0.9999921321868896
6601,1,1,0.9995508790016174
6602,0,0,0.9999946355819702
6603,8,8,0.9357859492301941
6604,1,1,0.999458372592926
6605,6,6,0.9937645196914673
6606,7,7,0.9999779462814331
6607,2,2,0.9997778534889221
6608,9,5,0.5512549877166748
6609,7,7,0.9852635860443115
6610,9,9,0.9900487661361694
6611,5,5,0.9999716281890869
6612,8,8,0.9999898672103882
6613,6,6,0.9996788501739502
6614,2,2,0.9988400340080261
6615,6,6,0.9998583793640137
6616,2,2,0.9999988079071045
6617,8,8,0.9915885329246521
6618,1,1,0.9984623193740845
6619,7,7,0.9982523322105408
6620,5,5,0.9999998807907104
6621,0,0,0.9995612502098083
6622,1,1,0.9974954128265381
6623,1,1,0.9908902049064636
6624,3,3,0.9141547679901123
6625,8,2,0.46346044540405273
6626,4,4,0.9998257756233215
6627,9,9,0.9855940937995911
6628,1,1,0.9981984496116638
6629,8,8,0.9999837875366211
6630,6,6,0.9999995231628418
6631,8,8,0.9932605624198914
6632,9,9,0.8541174530982971
6633,0,0,0.999984622001648
6634,1,1,0.9999538660049438
6635,2,2,0.9991347193717957
6636,3,3,0.9995471835136414
6637,4,4,0.9942413568496704
6638,5,5,0.9999905824661255
6639,6,6,0.9999972581863403
6640,7,7,0.9999698400497437
6641,8,8,0.981784462928772
6642,9,9,0.9942188262939453
6643,0,0,0.9997326731681824
6644,1,1,0.9997346997261047
6645,2,2,0.9998841285705566
6646,3,3,0.9999992847442627
6647,4,4,0.9999984502792358
6648,7,7,0.9999526739120483
6649,8,8,0.9999980926513672
6650,9,9,0.9900819659233093
6651,0,8,0.976668655872345
6652,1,1,0.9999479055404663
6653,7,7,0.9999723434448242
6654,8,8,0.9999946355819702
6655,9,9,0.9971166849136353
6656,9,9,0.9975032210350037
6657,8,8,0.9999895095825195
6658,9,9,0.9945961833000183
6659,8,8,0.9999425411224365
6660,4,4,0.9999995231628418
6661,1,1,0.9999109506607056
6662,7,7,0.5027487874031067
6663,7,7,0.9999942779541016
6664,3,3,0.999971866607666
6665,3,3,0.9999998807907104
6666,7,7,0.9993380904197693
6667,6,6,0.9980008006095886
6668,6,6,0.9984108209609985
6669,6,6,0.9956810474395752
6670,1,1,0.9999302625656128
6671,9,9,0.9962823987007141
6672,0,0,0.9999589920043945
6673,1,1,0.9997768998146057
6674,7,7,0.9999362230300903
6675,6,6,0.999984860420227
6676,3,3,0.9999969005584717
6677,2,2,0.9931504130363464
6678,1,1,0.9997937083244324
6679,7,7,0.9999713897705078
6680,1,1,0.999896764755249
6681,3,3,0.9998365640640259
6682,9,9,0.9998243451118469
6683,1,1,0.9999204874038696
6684,7,7,0.9996042847633362
6685,6,6,0.9999912977218628
6686,8,8,0.9999867677688599
6687,4,4,0.9999964237213135
6688,1,1,0.9987757802009583
6689,4,4,0.9997321963310242
6690,3,3,0.9999988079071045
6691,6,6,0.9972147345542908
6692,9,9,0.9972285628318787
6693,6,6,0.9999425411224365
6694,1,1,0.9984216690063477
6695,4,4,0.9979769587516785
6696,4,4,0.9999955892562866
6697,7,7,0.9999065399169922
6698,2,2,0.9999995231628418
6699,4,4,0.9999990463256836
6700,4,4,0.9983378648757935
6701,0,0,0.9999979734420776
6702,1,1,0.9996485710144043
6703,2,2,0.9999903440475464
6704,3,3,0.9999936819076538
6705,4,4,0.9999986886978149
6706,5,5,0.9554008841514587
6707,6,6,0.9999909400939941
6708,7,7,0.9989838004112244
6709,8,8,0.9994075298309326
6710,9,9,0.9980931878089905
6711,0,0,0.9999991655349731
6712,1,1,0.9988721013069153
6713,2,2,0.9999887943267822
6714,3,3,0.999927282333374
6715,4,4,0.9999983310699463
6716,5,5,0.999355137348175
6717,6,6,0.9999924898147583
6718,9,9,0.9966349005699158
6719,0,0,0.9999983310699463
6720,1,1,0.9994333386421204
6721,2,2,0.9966590404510498
6722,3,3,0.9986300468444824
6723,4,4,0.9995800852775574
6724,7,7,0.9993003606796265
6725,8,8,0.9546326398849487
6726,1,1,0.9999399185180664
6727,3,3,0.9999992847442627
6728,5,5,0.9999539852142334
6729,1,1,0.9999940395355225
6730,7,7,0.9969590902328491
6731,7,7,0.9989662170410156
6732,2,2,0.999235987663269
6733,1,1,0.9999154806137085
6734,4,4,0.9999911785125732
6735,8,8,0.9936343431472778
6736,3,3,0.999987006187439
6737,4,4,0.9994021654129028
6738,4,4,1.0
6739,3,3,0.999419093132019
6740,9,9,0.7730069756507874
6741,7,7,0.9934070110321045
6742,4,4,0.9999908208847046
6743,1,1,0.9998095631599426
6744,2,2,0.91599440574646
6745,3,3,0.9936664700508118
6746,5,5,0.997462272644043
6747,9,9,0.9799874424934387
6748,1,1,0.9999523162841797
6749,6,6,0.9848530292510986
6750,0,0,0.9999979734420776
6751,1,1,0.9999635219573975
6752,0,0,0.9999935626983643
6753,0,0,0.9999974966049194
6754,2,2,0.9999167919158936
6755,8,9,0.5905471444129944
6756,7,7,0.9608372449874878
6757,1,1,0.9999650716781616
6758,1,1,0.9998167157173157
6759,4,4,0.9919902682304382
6760,0,0,0.999998927116394
6761,4,4,0.9992945194244385
6762,7,7,0.9913329482078552
6763,3,3,0.9999346733093262
6764,6,6,0.9984670281410217
6765,8,8,0.8448684215545654
6766,0,0,0.9999946355819702
6767,3,3,0.9999934434890747
6768,7,7,0.9862047433853149
6769,4,4,0.9995787739753723
6770,0,0,1.0
6771,6,6,0.9999217987060547
6772,9,9,0.9993699193000793
6773,2,2,0.9999712705612183
6774,6,6,0.9999456405639648
6775,5,5,0.9998925924301147
6776,8,8,0.9999213218688965
6777,6,6,0.9998654127120972
6778,9,9,0.990426778793335
6779,0,0,0.9999922513961792
6780,4,4,0.9976342916488647
6781,0,0,0.9999983310699463
6782,6,6,0.9998031258583069
6783,1,1,0.6786410212516785
6784,9,9,0.9987661838531494
6785,2,2,0.9900616407394409
6786,0,0,0.999998927116394
6787,9,9,0.996736466884613
6788,5,5,0.9992831349372864
6789,1,1,0.9999922513961792
6790,3,3,0.9999711513519287
6791,7,7,0.9774094820022583
6792,6,6,0.9999847412109375
6793,9,9,0.9976916313171387
6794,3,3,0.9999983310699463
6795,0,0,0.9999992847442627
6796,2,2,0.9850384593009949
6797,2,2,0.9999500513076782
6798,0,0,0.9999781847000122
6799,1,1,0.9999914169311523
6800,2,2,0.999806821346283
6801,3,3,0.999997615814209
6802,4,4,0.9999990463256836
6803,5,5,0.9999985694885254
6804,6,6,0.9999996423721313
6805,7,7,0.9998784065246582
6806,8,8,0.9993189573287964
6807,9,9,0.9996644258499146
6808,0,0,0.999984860420227
6809,1,1,0.9996824264526367
6810,2,2,0.9999912977218628
6811,3,3,0.9999545812606812
6812,4,4,0.999988317489624
6813,5,5,0.9999774694442749
6814,6,6,0.9999998807907104
6815,7,7,0.9999977350234985
6816,8,8,0.9999991655349731
6817,9,9,0.9965104460716248
6818,0,0,0.9997461438179016
6819,1,1,0.9999806880950928
6820,2,2,0.9982538819313049
6821,3,3,0.9999945163726807
6822,4,4,1.0
6823,5,5,0.9999359846115112
6824,6,6,1.0
6825,7,7,0.9999676942825317
6826,8,8,0.999995231628418
6827,9,9,0.9990705847740173
6828,2,2,0.9999985694885254
6829,1,1,0.9999535083770752
6830,7,7,0.9998667240142822
6831,2,2,0.9999567270278931
6832,5,5,0.9999903440475464
6833,0,0,0.9999921321868896
6834,8,8,0.9999980926513672
6835,0,0,0.9999254941940308
6836,2,2,0.9998519420623779
6837,7,7,0.9999544620513916
6838,8,8,0.999992847442627
6839,8,8,0.9999843835830688
6840,3,3,0.9960682392120361
6841,0,0,0.9999511241912842
6842,6,6,0.9999997615814209
6843,0,0,0.9997795224189758
6844,2,2,0.9999904632568359
6845,7,7,0.999423623085022
6846,6,6,0.9999997615814209
6847,6,6,0.8447794318199158
6848,1,1,0.999848484992981
6849,2,2,0.999816358089447
6850,8,8,0.9999998807907104
6851,8,8,0.9998550415039062
6852,7,7,0.9992148876190186
6853,7,7,0.9998412132263184
6854,4,4,0.9999759197235107
6855,7,7,0.999991774559021
6856,7,7,0.9996516704559326
6857,3,3,0.9999797344207764
6858,7,7,0.999849796295166
6859,4,4,0.9999991655349731
6860,5,5,0.9999986886978149
6861,4,4,1.0
6862,3,3,0.9996339082717896
6863,3,3,0.9999955892562866
6864,8,8,0.9999502897262573
6865,4,4,0.9999982118606567
6866,5,5,0.9999656677246094
6867,4,4,0.9866737127304077
6868,1,1,0.9999212026596069
6869,1,1,0.9999557733535767
6870,9,9,0.9993878602981567
6871,7,7,0.9999783039093018
6872,4,4,0.9964195489883423
6873,3,3,0.9998986721038818
6874,7,7,0.999996542930603
6875,3,3,0.999997615814209
6876,3,3,0.999974250793457
6877,0,0,0.9999730587005615
6878,2,2,0.9735045433044434
6879,5,5,0.999982476234436
6880,5,5,0.999895453453064
6881,6,6,1.0
6882,3,3,0.9999635219573975
6883,1,1,0.9999384880065918
6884,5,5,0.999948263168335
6885,2,2,0.9994198083877563
6886,5,5,0.9996542930603027
6887,9,9,0.9998351335525513
6888,9,9,0.9999666213989258
6889,8,8,0.9999042749404907
6890,4,4,0.9999997615814209
6891,1,1,0.9999182224273682
6892,0,0,0.9999977350234985
6893,6,6,0.9999933242797852
6894,0,0,0.9998600482940674
6895,9,9,0.9897328019142151
6896,6,6,0.9999998807907104
6897,8,8,0.9998388290405273
6898,8,8,0.999891996383667
6899,5,5,0.9988523721694946
6900,6,6,0.9999868869781494
6901,1,1,0.9999682903289795
6902,1,1,0.9996968507766724
6903,9,9,0.9999465942382812
6904,8,8,0.9998331069946289
6905,9,9,0.9992474317550659
6906,2,2,0.9945948719978333
6907,3,3,0.9999834299087524
6908,5,5,0.9999905824661255
6909,5,5,0.9999052286148071
6910,9,9,0.999757707118988
6911,4,4,1.0
6912,2,2,0.9998365640640259
6913,1,1,0.9999547004699707
6914,9,9,0.9993211030960083
6915,4,4,0.9999982118606567
6916,9,9,0.9999711513519287
6917,1,1,0.9999533891677856
6918,3,3,0.9997987151145935
6919,9,9,0.995361864566803
6920,2,2,0.999822199344635
6921,0,0,0.9999984502792358
6922,6,6,0.9999175071716309
6923,0,0,0.9999881982803345
6924,4,4,0.9998799562454224
6925,0,0,0.9999790191650391
6926,6,6,0.9802945852279663
6927,0,0,0.9999784231185913
6928,1,1,0.9997881054878235
6929,2,2,0.9998123049736023
6930,3,3,0.9999617338180542
6931,4,4,0.999990701675415
6932,5,5,0.9999978542327881
6933,6,6,0.9999998807907104
6934,7,7,0.9997455477714539
6935,8,8,0.999993085861206
6936,9,9,0.9996886253356934
6937,0,0,0.9999643564224243
6938,1,1,0.999962568283081
6939,2,2,0.9999783039093018
6940,3,3,0.9997578263282776
6941,4,4,0.9999922513961792
6942,5,5,0.9999737739562988
6943,6,6,0.9998761415481567
6944,7,7,0.998237133026123
6945,8,8,0.9975833892822266
6946,9,9,0.9999299049377441
6947,0,0,0.9999998807907104
6948,1,1,0.999786913394928
6949,2,2,0.9999964237213135
6950,3,3,0.9997777342796326
6951,4,4,0.9999982118606567
6952,5,5,0.9999462366104126
6953,6,6,0.9999921321868896
6954,7,7,0.9275422692298889
6955,8,8,0.9999969005584717
6956,9,9,0.998441755771637
6957,3,3,0.9991905093193054
6958,8,8,0.9999977350234985
6959,0,0,0.9999964237213135
6960,7,7,0.999996542930603
6961,1,1,0.9999512434005737
6962,0,0,0.9997041821479797
6963,7,7,0.9999885559082031
6964,5,5,0.9997809529304504
6965,5,5,0.9999964237213135
6966,6,6,0.9999985694885254
6967,9,9,0.993990957736969
6968,0,0,0.9998941421508789
6969,1,1,0.9999392032623291
6970,0,0,0.9999247789382935
6971,0,0,0.9999638795852661
6972,8,8,0.9999974966049194
6973,3,3,0.9999847412109375
6974,4,4,0.9999982118606567
6975,3,3,0.9998840093612671
6976,1,1,0.9999045133590698
6977,5,5,0.9999994039535522
6978,0,0,0.9999587535858154
6979,0,0,0.999991774559021
6980,9,9,0.9990379810333252
6981,5,5,0.9996139407157898
6982,3,3,0.9998314380645752
6983,4,4,0.9992491602897644
6984,9,9,0.9998131394386292
6985,3,3,0.9999098777770996
6986,7,7,0.9997430443763733
6987,6,6,0.9999994039535522
6988,9,9,0.9998260140419006
6989,2,2,0.9999349117279053
6990,4,4,0.9999111890792847
6991,5,5,0.9999830722808838
6992,7,7,0.9999750852584839
6993,2,2,0.9999991655349731
6994,6,6,0.9999761581420898
6995,4,4,0.9999877214431763
6996,9,9,0.9989305138587952
6997,4,4,0.9956871867179871
6998,9,9,0.9944092631340027
6999,4,4,0.9991322159767151
7000,1,1,0.9997487664222717
7001,2,2,0.9702191352844238
7002,2,2,0.9975505471229553
7003,5,5,0.9998995065689087
7004,8,8,0.9999990463256836
7005,1,1,0.9998292922973633
7006,3,3,0.9998266100883484
7007,2,2,0.9999992847442627
7008,9,9,0.9999459981918335
7009,4,4,0.999994158744812
7010,3,3,0.9999886751174927
7011,8,8,0.9999997615814209
7012,2,2,0.9999943971633911
7013,2,2,0.999995231628418
7014,1,1,0.9996936321258545
7015,2,2,0.9999301433563232
7016,8,8,0.9999674558639526
7017,6,6,0.9999996423721313
7018,5,5,0.999955415725708
7019,1,1,0.9998403787612915
7020,6,6,0.9999948740005493
7021,7,7,0.9993465542793274
7022,2,2,0.9999996423721313
7023,1,1,0.999819815158844
7024,3,3,0.9999641180038452
7025,9,9,0.9987244009971619
7026,3,3,0.9999964237213135
7027,8,8,0.999998927116394
7028,7,7,0.9960498213768005
7029,5,5,0.9999947547912598
7030,7,7,0.9580577611923218
7031,0,0,0.9998045563697815
7032,7,7,0.9928897619247437
7033,4,4,0.9900451302528381
7034,8,8,0.9999997615814209
7035,8,8,0.9995152950286865
7036,5,5,0.9999998807907104
7037,0,0,0.9999953508377075
7038,6,6,1.0
7039,6,6,0.9999996423721313
7040,3,3,0.999991774559021
7041,7,7,0.9999337196350098
7042,6,6,0.9999996423721313
7043,9,9,0.9955418705940247
7044,9,9,0.9975284934043884
7045,4,4,0.9999182224273682
7046,8,8,0.9999549388885498
7047,4,4,0.9999920129776001
7048,1,1,0.9999606609344482
7049,0,0,0.9862516522407532
7050,6,6,0.9999070167541504
7051,6,6,0.9994256496429443
7052,0,0,0.9999973773956299
7053,1,1,0.9986516833305359
7054,2,2,0.9116794466972351
7055,3,3,1.0
7056,4,4,0.999997615814209
7057,5,5,0.999997615814209
7058,6,6,0.9999959468841553
7059,7,7,0.9999598264694214
7060,8,8,0.9999799728393555
7061,9,9,0.9872792959213257
7062,0,0,0.9999992847442627
7063,1,1,0.9999223947525024
7064,2,2,0.9999644756317139
7065,3,3,0.9999939203262329
7066,4,4,0.9999998807907104
7067,5,5,0.9999963045120239
7068,6,6,0.999966025352478
7069,7,7,0.9999781847000122
7070,8,8,0.9999418258666992
7071,9,9,0.9973738193511963
7072,0,0,0.9999873638153076
7073,1,1,0.9999494552612305
7074,2,2,0.9990335702896118
7075,3,3,0.9999864101409912
7076,4,4,0.9999901056289673
7077,5,5,0.9999996423721313
7078,6,6,0.9999997615814209
7079,7,7,0.9998164772987366
7080,8,8,0.9999551773071289
7081,9,9,0.9793389439582825
7082,7,7,0.9999991655349731
7083,4,4,0.9999839067459106
7084,0,0,0.9999412298202515
7085,4,4,0.9999995231628418
7086,0,0,0.9999891519546509
7087,1,1,0.9999159574508667
7088,7,7,0.9999986886978149
7089,9,9,0.9992009997367859
7090,5,5,0.999993085861206
7091,1,1,0.9999799728393555
7092,4,4,1.0
7093,2,2,0.9948484897613525
7094,8,8,0.9868778586387634
7095,9,9,0.9931722283363342
7096,4,4,1.0
7097,3,3,0.999897837638855
7098,7,7,0.9985406398773193
7099,8,8,0.9996992349624634
7100,2,2,0.9986363053321838
7101,4,4,0.9999942779541016
7102,4,4,0.9995607733726501
7103,3,3,0.9999996423721313
7104,3,3,0.9999991655349731
7105,6,6,0.9999998807907104
7106,9,9,0.9948562383651733
7107,9,9,0.9955669045448303
7108,5,5,0.9999356269836426
7109,8,8,0.9999938011169434
7110,6,6,0.9999997615814209
7111,7,7,0.9999910593032837
7112,0,0,0.9999949932098389
7113,6,6,0.9999995231628418
7114,8,8,0.9999977350234985
7115,2,2,0.9966334700584412
7116,6,6,0.9999998807907104
7117,3,3,1.0
7118,9,9,0.998528242111206
7119,3,3,0.9999990463256836
7120,2,2,0.9998883008956909
7121,8,8,0.9267616271972656
7122,6,6,0.9999992847442627
7123,1,1,0.9996283054351807
7124,7,7,0.9999856948852539
7125,4,4,0.9999994039535522
7126,8,8,0.9999773502349854
7127,8,8,0.9999947547912598
7128,9,9,0.9963376522064209
7129,0,0,0.999991774559021
7130,3,3,0.9999867677688599
7131,3,3,0.9999994039535522
7132,9,9,0.9973989725112915
7133,0,0,0.9999823570251465
7134,5,5,0.999997615814209
7135,2,2,0.9980596899986267
7136,9,9,0.9915223121643066
7137,4,4,0.9999951124191284
7138,1,1,0.9998290538787842
7139,0,0,0.9999799728393555
7140,3,3,0.999997615814209
7141,7,7,0.9999698400497437
7142,5,5,0.9999979734420776
7143,8,8,0.9999860525131226
7144,7,7,0.999988317489624
7145,7,7,0.9999614953994751
7146,8,8,0.9999641180038452
7147,2,2,0.9999977350234985
7148,9,9,0.9974620342254639
7149,7,7,0.9999507665634155
7150,1,1,0.9999598264694214
7151,2,2,0.9999648332595825
7152,6,6,0.9999998807907104
7153,4,4,0.9999747276306152
7154,2,2,0.9961749315261841
7155,5,5,0.9999984502792358
7156,2,2,0.9999643564224243
7157,3,3,0.9999998807907104
7158,6,6,0.9999902248382568
7159,6,6,0.9999996423721313
7160,5,5,0.9999948740005493
7161,0,0,0.9998509883880615
7162,0,0,0.9999115467071533
7163,2,2,0.9999895095825195
7164,8,8,0.999995231628418
7165,1,1,0.9999833106994629
7166,6,6,0.9999971389770508
7167,1,1,0.9999477863311768
7168,0,0,0.9999197721481323
7169,4,4,0.9999964237213135
7170,3,3,0.9999938011169434
7171,1,1,0.9996873140335083
7172,6,6,0.9999946355819702
7173,1,1,0.9999746084213257
7174,9,9,0.9962254762649536
7175,0,0,1.0
7176,1,1,0.9999414682388306
7177,4,4,0.9992998838424683
7178,5,5,0.9997896552085876
7179,6,6,0.9978839755058289
7180,7,7,0.9996521472930908
7181,8,8,0.9998875856399536
7182,9,9,0.9998325109481812
7183,1,1,0.9997640252113342
7184,2,2,0.9999978542327881
7185,3,3,0.9999947547912598
7186,4,4,0.9999581575393677
7187,5,5,0.9999468326568604
7188,6,6,0.9999967813491821
7189,7,7,0.9996404647827148
7190,0,0,0.9999974966049194
7191,1,1,0.9998806715011597
7192,2,2,0.9999921321868896
7193,3,3,0.9999678134918213
7194,4,4,0.9999996423721313
7195,5,5,0.9984567165374756
7196,6,6,0.9999535083770752
7197,7,7,0.9115612506866455
7198,8,8,0.9990841150283813
7199,9,9,0.9997616410255432
7200,8,8,0.9999421834945679
7201,4,4,0.9999982118606567
7202,0,0,1.0
7203,0,0,0.9999991655349731
7204,7,7,0.9994687438011169
7205,2,2,0.9999969005584717
7206,4,4,0.9999994039535522
7207,3,3,0.9999961853027344
7208,8,8,0.9994673132896423
7209,6,6,0.9901610612869263
7210,6,6,0.9971176385879517
7211,3,3,0.9998965263366699
7212,2,2,0.9911325573921204
7213,6,6,0.9992192983627319
7214,3,3,0.9999957084655762
7215,3,3,0.9999966621398926
7216,0,0,0.9541501998901367
7217,1,1,0.9998571872711182
7218,4,4,0.9999992847442627
7219,7,7,0.9991227984428406
7220,8,8,0.9998435974121094
7221,0,0,0.999998927116394
7222,3,3,0.9999994039535522
7223,1,1,0.9995612502098083
7224,9,9,0.9984152317047119
7225,0,0,0.9999856948852539
7226,1,1,0.9995664954185486
7227,9,9,0.9995133876800537
7228,1,1,0.9998748302459717
7229,2,2,0.9999758005142212
7230,7,7,0.9993727803230286
7231,0,0,0.9999972581863403
7232,1,1,0.9933815002441406
7233,3,3,0.9920706152915955
7234,8,8,0.9999921321868896
7235,2,2,0.9949585795402527
7236,9,9,0.9998393058776855
7237,2,2,0.9995402097702026
7238,7,7,0.9982094764709473
7239,6,6,0.9999690055847168
7240,5,5,0.9684361815452576
7241,5,5,0.9870409369468689
7242,9,9,0.9995798468589783
7243,9,9,0.9970697164535522
7244,8,8,0.9999995231628418
7245,2,2,0.9999951124191284
7246,9,9,0.9996020197868347
7247,1,1,0.9998623132705688
7248,3,3,0.9968913197517395
7249,2,2,0.9968245029449463
7250,3,3,0.9999992847442627
7251,4,4,1.0
7252,3,3,0.9999974966049194
7253,1,1,0.9999322891235352
7254,9,9,0.9998050332069397
7255,0,0,0.9999665021896362
7256,9,9,0.9839048981666565
7257,3,3,0.9999901056289673
7258,6,6,0.9982894062995911
7259,8,8,0.9847478270530701
7260,7,7,0.9996737241744995
7261,0,0,0.9999229907989502
7262,1,1,0.9999438524246216
7263,0,0,0.9998711347579956
7264,5,5,0.9999942779541016
7265,8,8,0.9995313882827759
7266,2,2,0.9999963045120239
7267,7,7,0.9971760511398315
7268,7,7,0.9911060929298401
7269,0,0,0.9999837875366211
7270,1,1,0.9999487400054932
7271,2,2,0.9999407529830933
7272,3,3,0.9972203969955444
7273,4,4,0.9999939203262329
7274,5,5,0.9999957084655762
7275,6,6,0.9999971389770508
7276,7,7,0.9998171925544739
7277,8,8,0.9999538660049438
7278,9,9,0.999373733997345
7279,0,0,0.9999834299087524
7280,1,1,0.9999624490737915
7281,2,2,0.9999995231628418
7282,3,3,0.9971957206726074
7283,4,4,0.9999668598175049
7284,5,5,0.9998831748962402
7285,6,6,0.999998927116394
7286,7,7,0.9999731779098511
7287,8,8,0.9998086094856262
7288,9,9,0.9993175268173218
7289,0,0,0.9999991655349731
7290,1,1,0.999975323677063
7291,2,2,0.9999415874481201
7292,3,3,0.998224675655365
7293,4,4,0.9999176263809204
7294,5,5,0.9999457597732544
7295,6,6,0.9999998807907104
7296,7,7,0.9999713897705078
7297,8,8,0.9998736381530762
7298,9,9,0.9998675584793091
7299,1,1,0.9999420642852783
7300,7,7,0.9997612833976746
7301,4,4,0.9999845027923584
7302,8,8,0.9999382495880127
7303,1,1,0.9999797344207764
7304,5,5,0.9997729659080505
7305,6,6,0.9999995231628418
7306,5,5,0.999997615814209
7307,7,7,0.99908447265625
7308,2,2,0.9999953508377075
7309,8,8,0.9941282272338867
7310,6,6,0.9999840259552002
7311,3,3,0.999944806098938
7312,3,3,0.9999990463256836
7313,8,8,0.9999997615814209
7314,6,6,0.9999996423721313
7315,5,5,0.9997449517250061
7316,4,4,0.9999959468841553
7317,0,0,0.9998652935028076
7318,9,9,0.9999798536300659
7319,1,1,0.9993597865104675
7320,7,7,0.997246265411377
7321,2,2,0.9999836683273315
7322,9,9,0.9999475479125977
7323,1,1,0.9999351501464844
7324,5,5,0.9998237490653992
7325,1,1,0.9987913966178894
7326,3,3,0.9999653100967407
7327,2,2,0.9956932663917542
7328,2,2,0.9999812841415405
7329,3,3,0.9999110698699951
7330,0,0,0.9999939203262329
7331,6,6,0.9999985694885254
7332,4,4,0.9992101192474365
7333,3,3,0.9625600576400757
7334,7,7,0.9996728897094727
7335,6,6,0.9999736547470093
7336,9,9,0.999958872795105
7337,0,0,0.9979557991027832
7338,4,4,0.9868479371070862
7339,8,8,0.9999426603317261
7340,1,1,0.999930739402771
7341,4,4,0.9999991655349731
7342,0,0,0.999997615814209
7343,6,6,0.9999939203262329
7344,1,1,0.9999440908432007
7345,2,2,0.998808741569519
7346,6,6,0.9999997615814209
7347,9,9,0.9999599456787109
7348,2,2,0.9996055960655212
7349,2,2,0.9995813965797424
7350,3,3,0.998206377029419
7351,5,5,0.999971866607666
7352,5,5,0.9998757839202881
7353,1,1,0.9998624324798584
7354,0,0,0.9446753263473511
7355,7,7,0.9999910593032837
7356,7,7,0.9991216063499451
7357,9,9,0.9996010661125183
7358,6,6,0.9999988079071045
7359,2,2,0.9995543360710144
7360,9,9,0.9999420642852783
7361,4,4,0.9996640682220459
7362,7,7,0.999970555305481
7363,0,0,0.9999027252197266
7364,2,2,0.984904944896698
7365,3,3,0.999983549118042
7366,4,4,0.9999998807907104
7367,0,0,0.9999862909317017
7368,0,0,0.9999914169311523
7369,8,8,0.999993085861206
7370,8,8,0.9987202882766724
7371,8,8,0.9999890327453613
7372,5,5,0.999940037727356
7373,1,1,0.9978857636451721
7374,3,3,0.9999083280563354
7375,7,7,0.9993144273757935
7376,4,4,0.999962329864502
7377,9,9,0.9996008276939392
7378,8,8,0.9999709129333496
7379,8,8,0.9998338222503662
7380,9,9,0.9994681477546692
7381,0,0,0.9989573955535889
7382,9,9,0.9997400641441345
7383,8,8,0.9999959468841553
7384,9,9,0.9966202974319458
7385,0,0,0.9999946355819702
7386,2,2,0.9990177154541016
7387,6,6,0.9999868869781494
7388,5,5,0.9999587535858154
7389,6,6,0.9999988079071045
7390,7,7,0.9992684721946716
7391,4,4,0.9999719858169556
7392,7,7,0.9925681352615356
7393,5,5,0.999976396560669
7394,4,4,0.9985193610191345
7395,1,1,0.9994596838951111
7396,3,3,0.9980467557907104
7397,5,5,0.999991774559021
7398,3,3,0.9999052286148071
7399,1,1,0.9999653100967407
7400,2,2,0.999833345413208
7401,3,3,0.9762271046638489
7402,4,4,0.9982272982597351
7403,5,5,0.9988678693771362
7404,6,6,0.9990285634994507
7405,1,1,0.9998798370361328
7406,2,2,0.9994521737098694
7407,3,3,0.9999693632125854
7408,4,4,0.9997475743293762
7409,6,6,0.999998927116394
7410,0,0,0.9999973773956299
7411,1,1,0.9999634027481079
7412,2,2,0.9999997615814209
7413,4,4,0.9988709092140198
7414,5,5,0.9999967813491821
7415,6,6,0.9999579191207886
7416,7,7,0.9974637031555176
7417,8,8,0.9999005794525146
7418,1,1,0.9999065399169922
7419,7,7,0.9954063892364502
7420,2,2,0.9570778012275696
7421,4,4,0.9999936819076538
7422,1,1,0.9999904632568359
7423,4,4,0.9992565512657166
7424,1,1,0.9999947547912598
7425,4,4,0.9999879598617554
7426,9,9,0.9951944947242737
7427,6,6,0.9966132044792175
7428,8,8,0.9999984502792358
7429,4,4,0.9999996423721313
7430,5,5,0.9805232882499695
7431,3,3,0.9998782873153687
7432,7,7,0.7324824929237366
7433,8,8,0.9994613528251648
7434,4,4,0.4942508935928345
7435,3,3,0.9999972581863403
7436,3,3,0.9999741315841675
7437,5,5,0.9993040561676025
7438,6,6,0.9997873902320862
7439,7,7,0.99803227186203
7440,0,0,0.999940037727356
7441,6,6,0.9987332224845886
7442,1,1,0.9999629259109497
7443,6,6,0.9999603033065796
7444,8,8,0.999257504940033
7445,7,7,0.9872844219207764
7446,0,0,0.9999459981918335
7447,1,1,0.9998143315315247
7448,5,5,0.9997510313987732
7449,0,0,0.9999388456344604
7450,8,8,0.998528003692627
7451,5,5,0.9642175436019897
7452,0,0,0.9999985694885254
7453,1,1,0.9999829530715942
7454,5,5,0.9986604452133179
7455,8,8,0.9999833106994629
7456,4,4,0.9999700784683228
7457,2,2,0.999471127986908
7458,3,3,0.9999877214431763
7459,9,9,0.9722966551780701
7460,7,7,0.9999136924743652
7461,6,6,0.9995620846748352
7462,9,9,0.9998905658721924
7463,1,1,0.999872088432312
7464,9,9,0.9990963935852051
7465,0,0,0.9998935461044312
7466,6,6,0.9997817873954773
7467,7,7,0.9999974966049194
7468,1,1,0.9999631643295288
7469,2,2,0.9999449253082275
7470,3,3,0.9999966621398926
7471,9,9,0.9996898174285889
7472,2,2,0.9956039190292358
7473,4,4,0.8778619170188904
7474,5,5,0.9999079704284668
7475,5,5,0.9998966455459595
7476,3,3,0.9883698225021362
7477,7,7,0.999672532081604
7478,5,5,0.9997023940086365
7479,3,3,0.9815449714660645
7480,1,1,0.9999874830245972
7481,8,8,0.9995959401130676
7482,2,2,0.9968944787979126
7483,2,2,0.9989019632339478
7484,3,3,0.9999619722366333
7485,0,0,0.9999291896820068
7486,2,2,0.9955130219459534
7487,9,9,0.9994681477546692
7488,4,4,0.9999666213989258
7489,9,9,0.9998679161071777
7490,7,7,0.9944019913673401
7491,0,0,0.9988428354263306
7492,2,2,0.9653506875038147
7493,7,7,0.9992865920066833
7494,4,4,0.9995816349983215
7495,9,9,0.998407781124115
7496,9,9,0.9996498823165894
7497,2,2,0.9999374151229858
7498,5,5,0.9998304843902588
7499,9,9,0.9997492432594299
7500,8,8,0.9999865293502808
7501,3,3,0.9999884366989136
7502,8,8,0.9999945163726807
7503,6,6,0.998175859451294
7504,7,7,0.9954624772071838
7505,0,0,0.9998013377189636
7506,0,0,0.9999969005584717
7507,1,1,0.9998791217803955
7508,2,2,0.999956488609314
7509,3,3,0.9999043941497803
7510,4,4,0.9999949932098389
7511,5,5,0.9997848868370056
7512,6,6,0.9999959468841553
7513,7,7,0.9999818801879883
7514,8,8,0.9930791258811951
7515,9,9,0.999840259552002
7516,0,0,0.9999903440475464
7517,1,1,0.9998525381088257
7518,2,2,0.9617412090301514
7519,3,3,0.9998443126678467
7520,4,4,0.9999994039535522
7521,5,5,0.9992882609367371
7522,6,6,0.9999762773513794
7523,7,7,0.9988492727279663
7524,8,8,0.9994246959686279
7525,9,9,0.9995725750923157
7526,0,0,0.999983549118042
7527,1,1,0.999657154083252
7528,2,2,0.9392963647842407
7529,3,3,0.9983510971069336
7530,4,4,0.999519944190979
7531,5,5,0.9993645548820496
7532,6,6,0.9999518394470215
7533,7,7,0.9999567270278931
7534,8,8,0.9994297623634338
7535,9,9,0.9994620680809021
7536,0,0,0.9999961853027344
7537,0,0,0.999998927116394
7538,7,7,0.9981245398521423
7539,2,2,0.989537239074707
7540,6,6,0.9999775886535645
7541,5,5,0.9881392121315002
7542,5,5,0.9995606541633606
7543,3,3,0.9999940395355225
7544,7,7,0.9996757507324219
7545,8,8,0.9940245747566223
7546,6,6,0.9999788999557495
7547,6,6,0.9999861717224121
7548,6,6,0.9999929666519165
7549,6,6,0.9999700784683228
7550,4,4,0.9999562501907349
7551,3,3,0.9993506073951721
7552,8,8,0.9970159530639648
7553,8,8,0.9981043338775635
7554,3,3,0.9998738765716553
7555,0,0,0.9999908208847046
7556,1,1,0.9991212487220764
7557,9,9,0.9999315738677979
7558,0,0,0.9999415874481201
7559,5,5,0.9999786615371704
7560,4,4,0.998609185218811
7561,1,1,0.9995551705360413
7562,9,9,0.9994623064994812
7563,1,1,0.9999896287918091
7564,2,2,0.9998273849487305
7565,7,7,0.9416526556015015
7566,0,0,0.9999942779541016
7567,1,1,0.9998680353164673
7568,3,3,0.999942421913147
7569,8,8,0.9983035326004028
7570,2,2,0.9998524188995361
7571,9,9,0.9999172687530518
7572,2,2,0.9949245452880859
7573,7,7,0.9974610805511475
7574,4,1,0.5325585007667542
7575,2,2,0.9977865219116211
7576,6,6,0.9999983310699463
7577,5,5,0.9999758005142212
7578,5,5,0.999541163444519
7579,9,9,0.9991777539253235
7580,9,9,0.993976354598999
7581,1,1,0.9999933242797852
7582,1,1,0.9998717308044434
7583,5,5,0.9993736147880554
7584,7,7,0.9991763234138489
7585,6,6,0.9999980926513672
7586,8,8,0.9999141693115234
7587,2,2,0.9508365392684937
7588,9,9,0.999748170375824
7589,4,4,0.9999995231628418
7590,3,3,0.9999176263809204
7591,1,1,0.9998582601547241
7592,9,9,0.9993929862976074
7593,0,0,0.9999898672103882
7594,9,9,0.9995905756950378
7595,3,3,0.9973125457763672
7596,6,6,0.9999980926513672
7597,8,8,0.9997215867042542
7598,7,7,0.9999959468841553
7599,0,0,0.9999828338623047
7600,1,1,0.9999810457229614
7601,0,0,0.999996542930603
7602,5,5,0.9999935626983643
7603,8,8,0.9745305776596069
7604,2,2,0.9729937314987183
7605,7,7,0.9996256828308105
7606,7,7,0.9948344230651855
7607,0,0,0.9999997615814209
7608,1,1,0.9999105930328369
7609,2,2,0.9999998807907104
7610,3,3,0.9999953508377075
7611,4,4,0.9999998807907104
7612,5,5,0.9999814033508301
7613,6,6,0.9999945163726807
7614,7,7,0.9999997615814209
7615,8,8,1.0
7616,9,9,0.9993242025375366
7617,0,0,0.9999997615814209
7618,1,1,0.9999878406524658
7619,2,2,0.9895579218864441
7620,3,3,0.9999904632568359
7621,4,4,0.9999990463256836
7622,5,5,0.9999724626541138
7623,8,8,0.9999948740005493
7624,9,9,0.99998939037323
7625,0,0,0.9999995231628418
7626,1,1,0.9999808073043823
7627,2,2,0.9999063014984131
7628,3,3,1.0
7629,4,4,0.9999985694885254
7630,5,5,0.9999485015869141
7631,6,6,0.9999955892562866
7632,7,7,0.9999998807907104
7633,8,8,0.9999998807907104
7634,9,9,0.9987109899520874
7635,2,2,0.9999552965164185
7636,1,1,0.9998911619186401
7637,2,2,0.9948141574859619
7638,1,1,0.9998853206634521
7639,3,3,0.9999984502792358
7640,9,9,0.9973492622375488
7641,9,9,0.9934980869293213
7642,8,8,0.9999983310699463
7643,5,5,0.9999784231185913
7644,3,3,0.9999635219573975
7645,7,7,0.9999973773956299
7646,0,0,0.9999991655349731
7647,7,7,0.9999991655349731
7648,7,7,0.9999682903289795
7649,5,5,0.9996259212493896
7650,7,7,0.9999908208847046
7651,9,9,0.9238278269767761
7652,9,9,0.9986664056777954
7653,4,4,0.9999992847442627
7654,7,7,0.9999990463256836
7655,0,0,0.9999998807907104
7656,3,3,0.9999655485153198
7657,4,4,0.9999946355819702
7658,1,1,0.9999005794525146
7659,5,5,0.9999942779541016
7660,8,8,0.9999998807907104
7661,1,1,0.9998840093612671
7662,4,4,0.9999994039535522
7663,8,8,0.9999998807907104
7664,4,4,0.9999797344207764
7665,1,1,0.9999501705169678
7666,8,8,0.9999996423721313
7667,6,6,0.9999997615814209
7668,6,6,0.9999973773956299
7669,4,4,0.9999998807907104
7670,6,6,0.9999881982803345
7671,0,0,0.9984427094459534
7672,5,5,0.9751321077346802
7673,5,5,0.9984266757965088
7674,3,3,0.9999984502792358
7675,3,3,0.9998657703399658
7676,5,5,0.9987961053848267
7677,7,7,0.9999920129776001
7678,2,2,0.9999974966049194
7679,5,5,0.999262273311615
7680,9,9,0.9979473948478699
7681,6,6,0.9999998807907104
7682,9,9,0.9993975162506104
7683,2,2,0.9946919083595276
7684,6,6,0.9999997615814209
7685,2,2,0.9999998807907104
7686,1,1,0.9999665021896362
7687,2,2,0.9995145797729492
7688,0,0,0.9999998807907104
7689,8,8,0.9975385665893555
7690,3,3,0.9999828338623047
7691,8,8,0.999947190284729
7692,3,3,0.9968962669372559
7693,0,0,0.9999942779541016
7694,8,8,0.9999139308929443
7695,7,7,0.999950647354126
7696,4,4,0.9999998807907104
7697,9,9,0.9896649718284607
7698,5,5,0.9985622763633728
7699,0,0,0.9999998807907104
7700,9,9,0.9999731779098511
7701,7,7,0.9999879598617554
7702,0,0,0.9999904632568359
7703,0,0,0.9999972581863403
7704,4,4,0.999997615814209
7705,6,6,0.9999997615814209
7706,0,0,0.9999886751174927
7707,9,9,0.9984082579612732
7708,1,1,0.9997850060462952
7709,6,6,1.0
7710,2,2,0.9999809265136719
7711,7,7,0.9999525547027588
7712,6,6,0.9999984502792358
7713,8,8,0.9997792840003967
7714,3,3,0.9999994039535522
7715,5,5,0.9998351335525513
7716,2,2,0.9999994039535522
7717,1,1,0.9999760389328003
7718,8,8,0.9999943971633911
7719,3,3,0.9999998807907104
7720,8,8,0.9985281229019165
7721,6,6,0.9999992847442627
7722,1,1,0.9998764991760254
7723,0,0,0.9999996423721313
7724,2,2,0.9998471736907959
7725,1,1,0.999967098236084
7726,4,4,0.9999970197677612
7727,0,0,0.9999983310699463
7728,1,1,0.9980315566062927
7729,2,2,0.9911136031150818
7730,3,3,0.9992068409919739
7731,4,4,0.9999867677688599
7732,5,5,0.9991734623908997
7733,6,6,0.999922513961792
7734,7,7,0.998832643032074
7735,8,8,0.99928218126297
7736,9,9,0.7307708859443665
7737,0,0,0.9999998807907104
7738,1,1,0.9986903071403503
7739,2,2,0.9991021156311035
7740,3,3,0.9999983310699463
7741,4,4,0.9999994039535522
7742,5,5,0.9999902248382568
7743,6,6,0.9998501539230347
7744,7,7,0.9999374151229858
7745,8,8,0.9999390840530396
7746,9,9,0.9720993638038635
7747,0,0,0.9999960660934448
7748,1,1,0.9988610744476318
7749,2,2,0.9996138215065002
7750,3,3,0.999980092048645
7751,4,4,0.9999997615814209
7752,5,5,0.9999902248382568
7753,6,6,0.9999995231628418
7754,7,7,0.9998759031295776
7755,8,8,0.9998002648353577
7756,9,9,0.9959546327590942
7757,7,7,0.9990335702896118
7758,6,6,0.9999996423721313
7759,4,4,0.9999979734420776
7760,7,7,0.9996033310890198
7761,6,6,0.9999997615814209
7762,2,2,0.9999845027923584
7763,3,3,0.9994564652442932
7764,4,4,0.999723494052887
7765,8,8,0.9999924898147583
7766,7,7,0.9999655485153198
7767,8,8,0.9999955892562866
7768,6,6,0.9999966621398926
7769,9,9,0.9966602325439453
7770,8,8,0.9999786615371704
7771,3,3,0.9999613761901855
7772,2,2,0.9973228573799133
7773,2,2,0.9984622001647949
7774,8,8,0.9998888969421387
7775,4,4,0.9999934434890747
7776,8,8,0.9999977350234985
7777,5,5,0.9985172152519226
7778,6,6,0.9999979734420776
7779,5,5,0.9999809265136719
7780,0,0,0.9999998807907104
7781,2,2,0.9891391396522522
7782,0,0,0.9999966621398926
7783,1,1,0.9833322763442993
7784,1,1,0.9989221096038818
7785,2,2,0.9999898672103882
7786,9,9,0.9992380142211914
7787,6,6,0.9999995231628418
7788,8,8,0.9991724491119385
7789,2,2,0.9999334812164307
7790,1,1,0.9957861304283142
7791,0,0,0.9999985694885254
7792,6,6,0.9999998807907104
7793,5,5,0.9999659061431885
7794,2,2,0.9997606873512268
7795,9,9,0.9996817111968994
7796,7,7,0.9999815225601196
7797,5,5,0.9986042380332947
7798,3,3,0.9999607801437378
7799,9,9,0.9936662316322327
7800,3,3,0.9871052503585815
7801,7,7,0.999786913394928
7802,1,1,0.9962601661682129
7803,8,8,0.9999032020568848
7804,3,3,0.9997921586036682
7805,8,8,0.999998927116394
7806,1,1,0.9969519376754761
7807,9,9,0.9994263648986816
7808,5,5,0.9999746084213257
7809,5,5,0.9999799728393555
7810,0,0,0.999997615814209
7811,1,1,0.9991471767425537
7812,1,1,0.9234362244606018
7813,9,9,0.9454108476638794
7814,8,8,0.9999980926513672
7815,2,2,0.9989169836044312
7816,6,6,0.9999964237213135
7817,0,0,0.9999940395355225
7818,4,4,0.9999995231628418
7819,5,5,0.9999973773956299
7820,0,0,0.9999938011169434
7821,3,3,0.9983009696006775
7822,1,1,0.9904724359512329
7823,8,8,0.9997621178627014
7824,6,6,0.9999617338180542
7825,7,7,0.9991940855979919
7826,5,5,0.9988017082214355
7827,9,9,0.9999842643737793
7828,9,9,0.998782217502594
7829,3,3,0.9999537467956543
7830,0,0,0.9999982118606567
7831,3,3,0.9999501705169678
7832,1,1,0.9998843669891357
7833,4,4,1.0
7834,4,4,0.9999803304672241
7835,0,0,0.9999991655349731
7836,4,4,0.9999997615814209
7837,9,9,0.9872179627418518
7838,0,0,0.999987006187439
7839,1,1,0.906041145324707
7840,2,2,0.9988462924957275
7841,3,3,0.9799802303314209
7842,5,5,0.9564726948738098
7843,6,6,0.998868465423584
7844,7,7,0.9966251850128174
7845,8,8,0.9807679057121277
7846,0,0,0.9999595880508423
7847,1,1,0.5833110809326172
7848,2,2,0.9999549388885498
7849,3,3,0.8713839054107666
7850,5,5,0.9954683780670166
7851,6,6,0.9883962869644165
7852,7,7,0.9997753500938416
7853,8,8,0.9881405830383301
7854,9,9,0.9991152882575989
7855,0,0,0.9999892711639404
7856,1,1,0.45032596588134766
7857,2,2,0.99793940782547
7858,3,3,0.9799761772155762
7859,5,5,0.9946587681770325
7860,6,6,0.9940902590751648
7861,7,7,0.9995349645614624
7862,8,8,0.9958117008209229
7863,9,9,0.9959224462509155
7864,9,9,0.9999338388442993
7865,7,7,0.999139666557312
7866,0,0,0.9999985694885254
7867,9,9,0.9998325109481812
7868,0,0,0.9996243715286255
7869,1,1,0.9973216652870178
7870,5,5,0.9977849125862122
7871,8,8,0.999822199344635
7872,8,8,0.999723494052887
7873,0,0,0.999994158744812
7874,9,9,0.9994838237762451
7875,3,3,0.9980344176292419
7876,2,2,0.9996155500411987
7877,7,7,0.9968892931938171
7878,8,8,0.9999886751174927
7879,4,4,0.9999992847442627
7880,6,6,0.9999887943267822
7881,1,1,0.9999794960021973
7882,0,0,0.9999914169311523
7883,4,4,0.9999706745147705
7884,9,9,0.999617338180542
7885,4,4,0.9999991655349731
7886,2,2,0.927585244178772
7887,0,0,0.999988317489624
7888,5,5,0.9998242259025574
7889,0,0,0.9999786615371704
7890,1,1,0.9998007416725159
7891,6,6,0.9993764758110046
7892,9,9,0.9993782043457031
7893,3,3,0.9978578686714172
7894,2,2,0.9999092817306519
7895,9,9,0.9999086856842041
7896,1,1,0.9981269240379333
7897,6,6,0.9986546039581299
7898,0,0,0.9998595714569092
7899,1,1,0.7710078954696655
7900,1,1,0.9611378312110901
7901,8,8,0.9998795986175537
7902,7,9,0.5884531140327454
7903,7,7,0.9877589344978333
7904,6,6,0.9997507929801941
7905,3,3,0.8636670708656311
7906,6,6,0.999957799911499
7907,0,0,0.9998225569725037
7908,7,7,0.9997431635856628
7909,2,2,0.9999233484268188
7910,4,4,0.9999172687530518
7911,1,1,0.9917401075363159
7912,7,7,0.9912387728691101
7913,0,0,0.9999228715896606
7914,6,6,0.9988833069801331
7915,7,8,0.5161653757095337
7916,1,1,0.929878830909729
7917,2,2,0.9996546506881714
7918,5,5,0.9485082626342773
7919,8,8,0.9995554089546204
7920,1,1,0.9404200315475464
7921,8,8,0.9164339303970337
7922,2,2,0.9998843669891357
7923,8,8,0.9996386766433716
7924,7,7,0.9874550104141235
7925,6,6,0.9963254332542419
7926,8,8,0.9999006986618042
7927,7,7,0.723263680934906
7928,1,1,0.6847907304763794
7929,6,6,0.9974714517593384
7930,2,2,0.9999301433563232
7931,9,9,0.9997592568397522
7932,3,3,0.9999269247055054
7933,0,0,0.9999996423721313
7934,1,1,0.995707631111145
7935,2,2,0.9999840259552002
7936,3,3,0.999964714050293
7937,4,4,0.9999964237213135
7938,5,5,0.9999963045120239
7939,6,6,0.9999996423721313
7940,7,7,0.9999853372573853
7941,8,8,0.9999258518218994
7942,9,9,0.9997268319129944
7943,0,0,0.9999994039535522
7944,1,1,0.998818576335907
7945,2,2,0.9999791383743286
7946,3,3,0.9997442364692688
7947,4,4,0.9999929666519165
7948,5,5,0.9999899864196777
7949,6,6,0.9999983310699463
7950,7,7,0.9999933242797852
7951,8,8,0.9995326995849609
7952,9,9,0.9998644590377808
7953,0,0,1.0
7954,1,1,0.9987700581550598
7955,2,2,0.9999966621398926
7956,3,3,0.9999997615814209
7957,4,4,0.9999297857284546
7958,5,5,0.9999960660934448
7959,6,6,0.9999997615814209
7960,7,7,0.9999921321868896
7961,8,8,0.9999885559082031
7962,9,9,0.9998703002929688
7963,8,8,0.9999769926071167
7964,9,9,0.987656831741333
7965,5,5,0.9999998807907104
7966,7,7,0.999883770942688
7967,0,0,0.999998927116394
7968,3,3,0.9999994039535522
7969,1,1,0.9998950958251953
7970,6,6,0.9999979734420776
7971,8,8,0.9615443348884583
7972,4,4,0.9999992847442627
7973,1,1,0.9997299313545227
7974,5,5,0.9999996423721313
7975,6,6,0.9999945163726807
7976,4,4,0.9999985694885254
7977,2,2,0.9998385906219482
7978,7,7,0.9997279047966003
7979,8,8,0.9998968839645386
7980,1,1,0.9994654059410095
7981,3,3,0.999992847442627
7982,4,4,0.9988786578178406
7983,3,3,0.999991774559021
7984,4,4,0.9998282194137573
7985,7,7,0.995098888874054
7986,2,2,0.999911904335022
7987,0,0,0.9999731779098511
7988,5,5,0.9999904632568359
7989,0,0,0.9999960660934448
7990,1,1,0.950901985168457
7991,9,9,0.5731457471847534
7992,2,2,0.9999942779541016
7993,3,3,0.9999998807907104
7994,2,2,0.999944806098938
7995,3,3,0.9999984502792358
7996,5,5,0.9998278617858887
7997,5,5,0.9999032020568848
7998,7,7,0.9999985694885254
7999,8,8,0.9846352338790894
8000,4,4,0.9993599057197571
8001,9,9,0.999971866607666
8002,9,9,0.9997667670249939
8003,7,7,0.9975844621658325
8004,1,1,0.9975267052650452
8005,1,1,0.999943733215332
8006,9,9,0.999953031539917
8007,0,0,0.9999902248382568
8008,7,7,0.9959847927093506
8009,8,8,0.9999650716781616
8010,3,3,0.9998037219047546
8011,4,4,0.9981275200843811
8012,8,8,0.9968006610870361
8013,6,6,1.0
8014,3,3,0.9999985694885254
8015,8,8,0.999954104423523
8016,0,0,0.9999200105667114
8017,9,9,0.999976396560669
8018,6,6,0.9999997615814209
8019,2,2,0.9993255138397217
8020,1,1,0.9995198249816895
8021,0,0,0.9999992847442627
8022,1,1,0.9916525483131409
8023,0,0,0.9999933242797852
8024,6,6,0.9999997615814209
8025,2,2,1.0
8026,3,3,0.9999998807907104
8027,8,8,0.9999940395355225
8028,9,9,0.9991515874862671
8029,0,0,0.9999520778656006
8030,7,7,0.9995976090431213
8031,2,2,0.9997357726097107
8032,3,3,0.9999902248382568
8033,4,4,0.9999994039535522
8034,5,5,0.9999830722808838
8035,5,5,0.9999457597732544
8036,2,2,0.9999971389770508
8037,8,8,0.9999749660491943
8038,5,5,0.99998939037323
8039,4,4,0.9999947547912598
8040,6,6,0.9999998807907104
8041,6,6,0.9999998807907104
8042,6,6,0.9999997615814209
8043,7,7,0.9942733645439148
8044,9,9,0.9986888766288757
8045,1,1,0.9989370703697205
8046,8,8,0.999996542930603
8047,2,2,0.9997714161872864
8048,1,1,0.9993034601211548
8049,5,5,0.9999991655349731
8050,3,3,0.9999253749847412
8051,4,4,0.9999910593032837
8052,7,7,0.9999982118606567
8053,9,9,0.9996507167816162
8054,4,4,1.0
8055,0,0,0.9999008178710938
8056,0,0,0.9999997615814209
8057,0,0,0.9999995231628418
8058,1,1,0.9792182445526123
8059,2,1,0.8837262392044067
8060,3,3,0.9989303946495056
8061,4,4,0.5517717599868774
8062,5,5,0.987528920173645
8063,6,6,0.9983493089675903
8064,7,7,0.9718353748321533
8065,8,8,0.9956730008125305
8066,9,9,0.999309778213501
8067,0,0,0.9999990463256836
8068,1,1,0.9964544773101807
8069,2,2,0.7659527659416199
8070,3,3,0.9999762773513794
8071,4,4,0.867568850517273
8072,5,5,0.9998165965080261
8073,6,6,0.9999889135360718
8074,7,7,0.999798595905304
8075,8,8,0.9989011287689209
8076,9,9,0.9989590644836426
8077,0,0,0.9999843835830688
8078,1,1,0.9877217411994934
8079,2,2,0.6300520300865173
8080,3,3,0.9999966621398926
8081,4,4,0.9328612089157104
8082,5,5,0.9999233484268188
8083,6,6,0.9999943971633911
8084,9,9,0.9992843270301819
8085,0,0,0.9999974966049194
8086,1,1,0.9998855590820312
8087,3,3,0.99993896484375
8088,1,1,0.995119571685791
8089,5,5,1.0
8090,1,1,0.9966478943824768
8091,2,2,0.8825851082801819
8092,4,4,0.9341287612915039
8093,9,9,0.9854030609130859
8094,2,8,0.9257750511169434
8095,4,4,0.5243339538574219
8096,6,6,0.9999445676803589
8097,8,8,0.9946721196174622
8098,0,0,0.999991774559021
8099,1,1,0.9996731281280518
8100,1,1,0.998329222202301
8101,9,9,0.9948182702064514
8102,2,2,0.8475905656814575
8103,6,6,0.9996615648269653
8104,6,6,0.9980249404907227
8105,8,8,0.9875594973564148
8106,7,7,0.9802148342132568
8107,4,4,0.6743367314338684
8108,2,2,0.9985427856445312
8109,9,9,0.9929496049880981
8110,7,7,0.9903880953788757
8111,0,0,0.9999997615814209
8112,2,2,0.9676932692527771
8113,1,1,0.9999063014984131
8114,0,0,0.999994158744812
8115,3,3,0.8756284117698669
8116,6,6,0.9994732737541199
8117,0,0,0.9999998807907104
8118,1,1,0.9999923706054688
8119,2,2,0.999822199344635
8120,3,3,0.9999886751174927
8121,4,4,0.999998927116394
8122,5,5,0.9999973773956299
8123,6,6,0.9999489784240723
8124,7,7,0.999664306640625
8125,8,8,0.9999849796295166
8126,9,9,0.9998024106025696
8127,0,0,0.9999998807907104
8128,1,1,0.9774567484855652
8129,2,2,0.9998422861099243
8130,3,3,0.9999736547470093
8131,4,4,0.9999992847442627
8132,5,5,0.9998999834060669
8133,6,6,0.9999974966049194
8134,7,7,0.9999992847442627
8135,8,8,0.9999971389770508
8136,9,9,0.9986898303031921
8137,0,0,0.9999996423721313
8138,1,1,0.9999339580535889
8139,2,2,0.998752236366272
8140,3,3,0.9999980926513672
8141,4,4,0.9999923706054688
8142,5,5,0.9997313618659973
8143,6,6,0.9927074313163757
8144,7,7,0.9764544367790222
8145,8,8,0.9999992847442627
8146,9,9,0.9981729984283447
8147,8,8,0.9999551773071289
8148,6,6,0.9999982118606567
8149,5,5,0.9999958276748657
8150,9,9,0.9998373985290527
8151,7,7,0.9993703961372375
8152,0,0,1.0
8153,2,2,0.9971340894699097
8154,3,3,0.9999634027481079
8155,4,4,0.9999945163726807
8156,3,3,0.996831476688385
8157,8,8,0.9999992847442627
8158,5,5,0.9999301433563232
8159,1,1,0.9998445510864258
8160,5,5,0.9822286367416382
8161,2,2,1.0
8162,3,3,0.9999998807907104
8163,0,0,0.9999996423721313
8164,1,1,0.9999457597732544
8165,2,2,0.9924812316894531
8166,1,1,0.999977707862854
8167,3,3,0.9999943971633911
8168,2,2,0.9996504783630371
8169,6,6,0.9999991655349731
8170,5,5,0.9999089241027832
8171,3,3,0.9959844350814819
8172,0,0,0.9999946355819702
8173,7,7,0.9999911785125732
8174,2,2,0.9996256828308105
8175,7,7,0.999713122844696
8176,4,4,0.9999998807907104
8177,6,6,0.9999995231628418
8178,4,4,0.9999969005584717
8179,0,0,0.9999967813491821
8180,5,5,0.999930739402771
8181,9,9,0.9213414788246155
8182,9,9,0.958608865737915
8183,8,8,0.7492458820343018
8184,9,9,0.9915737509727478
8185,5,5,0.9998884201049805
8186,3,3,0.9999997615814209
8187,1,1,0.9999169111251831
8188,7,7,0.9994864463806152
8189,4,4,1.0
8190,7,7,0.9999866485595703
8191,6,6,0.9999924898147583
8192,5,5,0.9996538162231445
8193,4,4,0.9999591112136841
8194,0,0,0.9997275471687317
8195,0,0,0.9999997615814209
8196,6,6,0.9912790656089783
8197,6,6,0.9999018907546997
8198,2,2,0.9972997307777405
8199,0,0,0.9999992847442627
8200,6,6,0.9998486042022705
8201,3,3,0.9998113512992859
8202,7,7,0.9998164772987366
8203,7,7,0.999548614025116
8204,4,4,0.9999972581863403
8205,4,4,0.9999984502792358
8206,3,3,1.0
8207,9,9,0.9998881816864014
8208,2,2,0.9997685551643372
8209,8,8,0.9999284744262695
8210,9,9,0.999987006187439
8211,6,6,0.9999998807907104
8212,0,0,0.9999998807907104
8213,9,9,0.9990037083625793
8214,5,5,0.9997941851615906
8215,3,3,0.9999954700469971
8216,8,8,0.999970555305481
8217,8,8,0.9971350431442261
8218,7,7,0.9965440630912781
8219,1,1,0.999972939491272
8220,4,4,0.9999557733535767
8221,0,0,1.0
8222,4,4,1.0
8223,8,8,0.9999721050262451
8224,5,5,0.9999988079071045
8225,2,2,0.9995737671852112
8226,3,3,0.9999881982803345
8227,9,9,0.9983023405075073
8228,0,0,0.9999001026153564
8229,1,1,0.9998751878738403
8230,9,9,0.9984563589096069
8231,1,1,0.9998712539672852
8232,5,5,0.999942421913147
8233,1,1,0.9999697208404541
8234,7,7,0.9952625036239624
8235,4,4,0.9999990463256836
8236,8,8,0.9999409914016724
8237,6,6,0.9999727010726929
8238,2,2,0.9999991655349731
8239,1,1,0.999910831451416
8240,6,6,0.9999347925186157
8241,8,8,0.999906063079834
8242,8,8,0.9999145269393921
8243,0,0,0.9999487400054932
8244,1,1,0.9993482232093811
8245,2,2,0.9965863227844238
8246,3,3,0.903041422367096
8247,4,4,0.9999908208847046
8248,7,7,0.9999861717224121
8249,8,8,0.9999985694885254
8250,9,9,0.9997578263282776
8251,0,0,0.9999967813491821
8252,1,1,0.9997249245643616
8253,2,2,0.9990594983100891
8254,3,3,0.9890837073326111
8255,4,4,0.9977287650108337
8256,6,6,0.9997878670692444
8257,7,7,0.9994551539421082
8258,8,8,0.9991374015808105
8259,9,9,0.5040121078491211
8260,0,0,0.9999935626983643
8261,1,1,0.9999537467956543
8262,2,2,0.9993695616722107
8263,3,3,0.9954158067703247
8264,4,4,0.9999949932098389
8265,7,7,0.9991582632064819
8266,8,8,0.9999984502792358
8267,9,9,0.9949083924293518
8268,1,1,0.9999889135360718
8269,4,4,0.999962568283081
8270,5,5,0.9999796152114868
8271,3,3,0.9997641444206238
8272,3,3,0.9999247789382935
8273,0,0,0.9977224469184875
8274,9,9,0.9958778619766235
8275,5,5,0.9996480941772461
8276,4,4,0.9999376535415649
8277,3,3,0.9980130195617676
8278,0,0,0.9879369139671326
8279,8,8,0.9986206293106079
8280,4,4,0.9999850988388062
8281,6,6,0.999835729598999
8282,7,7,0.996292233467102
8283,0,0,0.9998021721839905
8284,7,7,0.9981769323348999
8285,7,7,0.9998236298561096
8286,1,1,0.9998074173927307
8287,6,6,0.9985972046852112
8288,9,9,0.9991225600242615
8289,1,1,0.9999291896820068
8290,3,3,0.9937055706977844
8291,6,6,0.9999767541885376
8292,2,2,0.9999938011169434
8293,3,3,0.9992173910140991
8294,8,8,0.9999910593032837
8295,2,2,0.9996426105499268
8296,3,3,0.998474657535553
8297,8,8,0.9999788999557495
8298,9,9,0.9981854557991028
8299,5,5,0.998548686504364
8300,8,8,0.9999384880065918
8301,8,8,0.9999904632568359
8302,7,7,0.999985933303833
8303,1,1,0.9999704360961914
8304,7,7,0.997809112071991
8305,1,1,0.999950647354126
8306,1,1,0.9999203681945801
8307,0,0,0.9999984502792358
8308,3,3,0.999957799911499
8309,4,4,0.9997772574424744
8310,2,2,0.9999135732650757
8311,6,6,0.9671894311904907
8312,4,4,0.9999988079071045
8313,7,7,0.9998955726623535
8314,4,4,0.9999904632568359
8315,2,2,0.9997972846031189
8316,7,7,0.7938475608825684
8317,4,4,0.9999641180038452
8318,2,2,0.9853166937828064
8319,9,9,0.999369204044342
8320,2,2,0.999610960483551
8321,7,7,0.9976733326911926
8322,9,9,0.8619347214698792
8323,2,2,0.9644230008125305
8324,1,1,0.9999744892120361
8325,0,0,0.990039050579071
8326,6,6,0.9911575317382812
8327,5,5,0.9996174573898315
8328,3,3,1.0
8329,4,4,0.9998733997344971
8330,8,8,0.9999191761016846
8331,5,5,0.9999979734420776
8332,9,9,0.9193949103355408
8333,6,6,0.9999821186065674
8334,9,9,0.9918515086174011
8335,0,0,0.9999988079071045
8336,6,6,0.999998927116394
8337,3,3,0.9999887943267822
8338,0,0,1.0
8339,8,8,0.9659830331802368
8340,1,1,0.9999748468399048
8341,6,6,0.9999992847442627
8342,0,0,0.9999982118606567
8343,0,0,0.9999908208847046
8344,1,1,0.9996069073677063
8345,2,2,0.9999992847442627
8346,3,3,0.9998008608818054
8347,4,4,0.9999868869781494
8348,5,5,0.9999988079071045
8349,6,6,0.999300479888916
8350,7,7,0.9999815225601196
8351,0,0,0.9999995231628418
8352,1,1,0.9991940855979919
8353,2,2,0.9983465671539307
8354,3,3,0.9993340373039246
8355,4,4,0.9999997615814209
8356,7,7,0.9999878406524658
8357,8,8,0.9999970197677612
8358,9,9,0.9800057411193848
8359,0,0,0.9999988079071045
8360,1,1,0.9996798038482666
8361,2,2,0.9999873638153076
8362,3,3,0.9999514818191528
8363,4,4,0.9999995231628418
8364,7,7,0.9999414682388306
8365,2,2,0.9999998807907104
8366,5,5,0.9999970197677612
8367,1,1,0.9998362064361572
8368,6,6,0.9999986886978149
8369,4,4,0.9999967813491821
8370,3,3,0.9999995231628418
8371,9,9,0.999790608882904
8372,9,9,0.9993508458137512
8373,0,0,0.9999991655349731
8374,9,9,0.995274007320404
8375,7,7,0.9515260457992554
8376,1,1,0.9967100620269775
8377,6,6,0.9999740123748779
8378,4,4,0.9999637603759766
8379,3,3,0.9849069118499756
8380,6,6,0.9999992847442627
8381,2,2,0.9997579455375671
8382,0,0,0.9818724989891052
8383,9,9,0.9904837608337402
8384,8,8,0.9999986886978149
8385,6,6,0.9999982118606567
8386,5,5,0.9999951124191284
8387,7,7,0.9999233484268188
8388,0,0,0.9999903440475464
8389,0,0,0.9999872446060181
8390,1,1,0.9998142123222351
8391,7,7,0.9993599057197571
8392,4,4,0.9999998807907104
8393,3,3,0.9996923208236694
8394,2,2,0.9999978542327881
8395,4,4,0.9999997615814209
8396,1,1,0.9996453523635864
8397,3,3,0.998711109161377
8398,7,7,0.9998399019241333
8399,6,6,0.9999995231628418
8400,4,4,0.9999994039535522
8401,7,7,0.9999871253967285
8402,7,7,0.9999921321868896
8403,7,7,0.9999829530715942
8404,9,9,0.9998822212219238
8405,8,8,0.9995567202568054
8406,4,4,0.9977238774299622
8407,3,3,0.9999992847442627
8408,8,5,0.8722552061080933
8409,2,2,0.9994831085205078
8410,8,8,0.9993651509284973
8411,3,3,0.9992125034332275
8412,5,5,0.9999129772186279
8413,8,8,0.9979603290557861
8414,0,0,0.9999948740005493
8415,5,5,0.9999009370803833
8416,4,4,0.9993434548377991
8417,7,7,0.9999985694885254
8418,1,1,0.9998824596405029
8419,3,3,0.9998032450675964
8420,1,1,0.9998571872711182
8421,7,7,0.9999995231628418
8422,9,9,0.998752236366272
8423,6,6,0.9999904632568359
8424,2,2,1.0
8425,0,0,0.9999839067459106
8426,9,9,0.9997161030769348
8427,1,1,0.9998977184295654
8428,7,7,0.9999921321868896
8429,3,3,0.9967918992042542
8430,3,3,0.999702513217926
8431,9,9,0.9917260408401489
8432,1,1,0.9999709129333496
8433,6,6,0.9999957084655762
8434,4,4,1.0
8435,3,3,0.9998990297317505
8436,9,9,0.9999630451202393
8437,8,8,0.9999979734420776
8438,2,2,1.0
8439,1,1,0.9999638795852661
8440,8,8,0.9999886751174927
8441,6,6,0.9999977350234985
8442,4,4,0.9996494054794312
8443,1,1,0.9998385906219482
8444,5,5,0.9998675584793091
8445,5,5,0.999998927116394
8446,6,6,0.9999995231628418
8447,5,5,0.9999992847442627
8448,0,0,0.9999984502792358
8449,1,1,0.9999686479568481
8450,2,2,1.0
8451,3,3,0.9998924732208252
8452,4,4,0.9999973773956299
8453,5,5,0.9998782873153687
8454,6,6,1.0
8455,7,7,0.9999992847442627
8456,8,8,0.9996861219406128
8457,9,9,0.9997580647468567
8458,0,0,0.9999997615814209
8459,1,1,0.9907480478286743
8460,2,2,0.9999996423721313
8461,3,3,0.9997099041938782
8462,4,4,0.9999901056289673
8463,5,5,0.999995231628418
8464,6,6,0.9999991655349731
8465,7,7,0.9999651908874512
8466,8,8,0.9999979734420776
8467,9,9,0.9999779462814331
8468,0,0,0.9999998807907104
8469,1,1,0.9877859354019165
8470,2,2,0.9999847412109375
8471,3,3,0.9998711347579956
8472,4,4,0.9998278617858887
8473,5,5,0.9999380111694336
8474,6,6,0.9999969005584717
8475,7,7,0.9999966621398926
8476,8,8,0.9998505115509033
8477,9,9,0.999841570854187
8478,6,6,0.9999995231628418
8479,9,9,0.9987902045249939
8480,7,7,0.9999994039535522
8481,0,0,0.9999970197677612
8482,2,2,0.9999998807907104
8483,3,3,0.9997966885566711
8484,4,4,1.0
8485,3,3,0.9998289346694946
8486,8,8,0.9976619482040405
8487,5,5,0.9999948740005493
8488,1,1,0.9958399534225464
8489,3,3,0.9998297691345215
8490,0,0,0.9999970197677612
8491,1,1,0.9670408964157104
8492,2,2,0.9999444484710693
8493,1,1,0.9151570796966553
8494,3,3,0.998661994934082
8495,2,2,0.983710527420044
8496,0,0,0.9999985694885254
8497,7,7,0.9933696985244751
8498,2,2,0.9879697561264038
8499,6,6,0.9999980926513672
8500,4,4,1.0
8501,0,0,0.999994158744812
8502,5,5,0.9984900951385498
8503,9,9,0.9962204098701477
8504,9,9,0.9812521934509277
8505,8,8,0.9998279809951782
8506,9,9,0.99978107213974
8507,5,5,0.9999833106994629
8508,3,3,0.7664427161216736
8509,1,1,0.8874611258506775
8510,7,7,0.9977948665618896
8511,4,4,0.9998664855957031
8512,7,7,0.9992551207542419
8513,0,0,0.9999914169311523
8514,0,0,0.9999511241912842
8515,6,6,0.999829888343811
8516,6,6,0.999997615814209
8517,6,6,0.9999943971633911
8518,3,3,0.9999978542327881
8519,7,7,0.97447669506073
8520,4,4,0.8300095200538635
8521,2,2,0.999319314956665
8522,8,8,0.9939811825752258
8523,9,9,0.9922555685043335
8524,8,8,0.9993501305580139
8525,7,7,0.9982216954231262
8526,1,1,0.9983219504356384
8527,4,4,0.8481379151344299
8528,0,0,1.0
8529,4,4,0.9999983310699463
8530,8,8,0.9995482563972473
8531,5,5,0.9999405145645142
8532,2,2,0.9999691247940063
8533,3,3,0.9999349117279053
8534,9,9,0.9998303651809692
8535,0,0,1.0
8536,1,1,0.9994982481002808
8537,9,9,0.999858021736145
8538,1,1,0.9981293082237244
8539,5,5,0.999683141708374
8540,1,1,0.99978107213974
8541,7,7,0.9994794726371765
8542,6,6,0.999836802482605
8543,1,1,0.9996830224990845
8544,2,2,0.9999966621398926
8545,1,1,0.9997904896736145
8546,6,6,0.9997138381004333
8547,8,8,0.9999734163284302
8548,0,0,0.9999977350234985
8549,1,1,0.9995875954627991
8550,2,2,0.999982476234436
8551,3,3,1.0
8552,4,4,1.0
8553,5,5,0.9998793601989746
8554,6,6,0.9999984502792358
8555,7,7,0.9999839067459106
8556,8,8,0.9999972581863403
8557,9,9,0.9999967813491821
8558,0,0,0.9998798370361328
8559,1,1,0.9998432397842407
8560,2,2,0.9999998807907104
8561,3,3,0.999998927116394
8562,4,4,1.0
8563,5,5,0.999990701675415
8564,6,6,0.998539924621582
8565,7,7,0.999427318572998
8566,8,8,0.9999995231628418
8567,0,0,0.9999995231628418
8568,1,1,0.9999879598617554
8569,2,2,0.9999998807907104
8570,3,3,0.9999996423721313
8571,5,5,0.9999828338623047
8572,6,6,0.9999998807907104
8573,7,7,0.9999849796295166
8574,8,8,0.9999972581863403
8575,1,1,0.9997685551643372
8576,0,0,0.9999992847442627
8577,4,4,0.9999884366989136
8578,5,5,0.9999039173126221
8579,6,6,0.9997469782829285
8580,6,6,0.9999885559082031
8581,3,3,0.9999709129333496
8582,4,4,0.9999997615814209
8583,4,4,0.9999995231628418
8584,2,2,0.999305248260498
8585,8,8,0.9999998807907104
8586,1,1,0.9999760389328003
8587,0,0,0.9999996423721313
8588,6,6,0.9998855590820312
8589,4,4,0.9999998807907104
8590,9,9,0.9999276399612427
8591,7,7,0.9996943473815918
8592,2,2,0.9999998807907104
8593,9,9,0.9995323419570923
8594,2,2,0.9999605417251587
8595,0,0,0.9999992847442627
8596,9,9,0.9999617338180542
8597,3,3,0.9977705478668213
8598,3,3,0.999484658241272
8599,9,9,0.9999940395355225
8600,1,1,0.9998946189880371
8601,5,5,0.9999889135360718
8602,2,2,0.9999953508377075
8603,3,3,0.9999924898147583
8604,1,1,0.9999091625213623
8605,6,6,0.9999934434890747
8606,7,7,0.9999071359634399
8607,3,3,0.8351739048957825
8608,7,7,0.9997518658638
8609,8,8,0.9999955892562866
8610,4,4,0.9999994039535522
8611,0,0,0.9999977350234985
8612,2,2,1.0
8613,4,4,0.9999915361404419
8614,0,0,0.9999992847442627
8615,2,2,0.9998689889907837
8616,4,4,0.9999985694885254
8617,7,7,0.9997292160987854
8618,8,8,0.9999996423721313
8619,0,0,0.9999998807907104
8620,7,7,0.999956488609314
8621,0,0,0.999996542930603
8622,6,6,0.9999386072158813
8623,9,9,0.9985852241516113
8624,3,3,0.9985552430152893
8625,2,2,0.9999996423721313
8626,4,4,1.0
8627,8,8,0.9999784231185913
8628,6,6,0.9998400211334229
8629,0,0,0.9999985694885254
8630,5,5,0.9999926090240479
8631,7,7,0.9946111440658569
8632,5,5,0.9999326467514038
8633,1,1,0.9995715022087097
8634,0,0,0.9999980926513672
8635,8,8,0.9999927282333374
8636,1,1,0.9996353387832642
8637,6,6,0.9999696016311646
8638,7,7,0.9998220801353455
8639,2,2,0.9999157190322876
8640,9,9,0.9999126195907593
8641,7,7,0.9999959468841553
8642,9,9,0.9999960660934448
8643,5,5,0.9999940395355225
8644,6,6,0.9999961853027344
8645,5,5,0.9998635053634644
8646,2,2,1.0
8647,6,6,0.9999805688858032
8648,2,2,0.9999967813491821
8649,8,8,0.9999955892562866
8650,1,1,0.9997543692588806
8651,7,7,0.9999638795852661
8652,5,5,0.999983549118042
8653,5,5,0.9914764761924744
8654,7,7,0.9985287189483643
8655,3,3,0.9997745156288147
8656,5,5,0.9997543692588806
8657,0,0,1.0
8658,1,1,0.9999480247497559
8659,1,1,0.9999667406082153
8660,3,3,0.9999879598617554
8661,8,8,0.9999865293502808
8662,4,4,1.0
8663,9,9,0.9999868869781494
8664,4,4,0.9999998807907104
8665,5,5,0.999994158744812
8666,1,1,0.9999676942825317
8667,8,8,0.9999974966049194
8668,6,6,0.9999996423721313
8669,8,8,0.9999969005584717
8670,9,9,0.9999488592147827
8671,0,0,0.9999997615814209
8672,1,1,0.9998071789741516
8673,2,2,0.9999985694885254
8674,3,3,0.9996300935745239
8675,4,4,1.0
8676,5,5,0.9999953508377075
8677,6,6,0.9999995231628418
8678,7,7,0.9999053478240967
8679,8,8,0.9999841451644897
8680,9,9,0.9999698400497437
8681,0,0,0.9999836683273315
8682,1,1,0.9999555349349976
8683,2,2,0.9999969005584717
8684,3,3,0.9999312162399292
8685,4,4,0.9999998807907104
8686,5,5,0.9999949932098389
8687,6,6,0.9999992847442627
8688,7,7,0.999976396560669
8689,8,8,0.9999992847442627
8690,9,9,0.9998394250869751
8691,0,0,0.9999994039535522
8692,1,1,0.9998711347579956
8693,2,2,0.9999903440475464
8694,3,3,0.9999479055404663
8695,4,4,0.9999996423721313
8696,5,5,0.9999996423721313
8697,6,6,1.0
8698,7,7,0.999972939491272
8699,8,8,0.999923825263977
8700,9,9,0.9993754029273987
8701,3,3,0.9999923706054688
8702,5,5,0.9998339414596558
8703,3,3,0.9999713897705078
8704,2,2,0.9999992847442627
8705,9,9,0.9998935461044312
8706,3,3,0.9999938011169434
8707,2,2,0.9999986886978149
8708,1,1,0.9998464584350586
8709,4,4,1.0
8710,5,5,0.9999682903289795
8711,5,5,0.999981164932251
8712,2,2,0.9999978542327881
8713,3,3,0.9999350309371948
8714,2,2,0.9997751116752625
8715,1,1,0.9995052814483643
8716,3,3,0.9997554421424866
8717,9,9,0.9997977614402771
8718,7,7,0.9993298053741455
8719,2,2,0.9999665021896362
8720,1,1,0.9999743700027466
8721,2,2,0.9999958276748657
8722,8,8,0.9999855756759644
8723,9,9,0.9987554550170898
8724,1,1,0.9999089241027832
8725,8,8,0.9999920129776001
8726,8,8,0.9999873638153076
8727,7,7,0.9995635151863098
8728,8,8,0.9999691247940063
8729,1,1,0.9999067783355713
8730,0,0,0.9999992847442627
8731,0,0,0.9999994039535522
8732,6,6,0.9999991655349731
8733,7,7,0.9998725652694702
8734,7,7,0.9999995231628418
8735,8,8,0.9994971752166748
8736,7,7,0.9940088987350464
8737,5,5,0.9999973773956299
8738,0,0,0.9995864033699036
8739,6,6,0.9999990463256836
8740,1,1,0.9998518228530884
8741,5,5,0.9999440908432007
8742,7,7,0.9985640645027161
8743,4,4,1.0
8744,6,6,0.9999858140945435
8745,1,1,0.9998687505722046
8746,2,2,0.9999988079071045
8747,5,5,0.9999963045120239
8748,0,0,0.9999984502792358
8749,7,7,0.9998852014541626
8750,9,9,0.9999338388442993
8751,9,9,0.9999574422836304
8752,0,0,0.9999279975891113
8753,3,3,0.9998252987861633
8754,4,4,1.0
8755,4,4,1.0
8756,8,8,0.9995668530464172
8757,4,4,1.0
8758,1,1,0.9999011754989624
8759,8,8,0.9998334646224976
8760,6,6,0.9999996423721313
8761,5,5,0.9999960660934448
8762,9,9,0.9998528957366943
8763,0,0,0.9999943971633911
8764,0,0,0.9999978542327881
8765,0,0,0.9999939203262329
8766,3,3,0.9999995231628418
8767,7,7,0.9998694658279419
8768,1,1,0.999962329864502
8769,6,6,0.9999821186065674
8770,4,4,0.9999998807907104
8771,6,6,0.9999995231628418
8772,0,0,0.9999992847442627
8773,4,4,0.9999997615814209
8774,5,5,0.9999991655349731
8775,4,4,0.999998927116394
8776,1,1,0.9999351501464844
8777,3,3,0.9999970197677612
8778,8,8,0.9999794960021973
8779,6,6,0.9999997615814209
8780,3,3,0.9999998807907104
8781,9,9,0.990925669670105
8782,9,9,0.999322772026062
8783,5,5,0.9999997615814209
8784,9,9,0.9999712705612183
8785,3,3,0.9997116923332214
8786,7,7,0.9999960660934448
8787,8,8,0.999935507774353
8788,5,5,0.9999706745147705
8789,6,6,0.9999998807907104
8790,4,4,1.0
8791,7,7,0.9999938011169434
8792,6,6,0.9999986886978149
8793,2,2,0.9999998807907104
8794,2,2,0.9999997615814209
8795,0,0,0.9999592304229736
8796,9,9,0.9999091625213623
8797,4,4,1.0
8798,0,0,0.9999998807907104
8799,1,1,0.9999558925628662
8800,2,2,0.9999998807907104
8801,3,3,0.9999701976776123
8802,4,4,1.0
8803,5,5,0.9999967813491821
8804,6,6,0.9999775886535645
8805,7,7,0.9999047517776489
8806,8,8,0.9999122619628906
8807,9,9,0.9995904564857483
8808,0,0,0.9999998807907104
8809,1,1,0.9999556541442871
8810,2,2,0.9997710585594177
8811,3,3,0.9999998807907104
8812,4,4,0.9999997615814209
8813,5,5,0.9999985694885254
8814,6,6,0.999996542930603
8815,7,7,0.9999756813049316
8816,8,8,0.9992061257362366
8817,9,9,0.9998708963394165
8818,0,0,0.9999994039535522
8819,1,1,0.9998965263366699
8820,2,2,0.9999973773956299
8821,3,3,0.9999967813491821
8822,4,4,0.9999998807907104
8823,5,5,0.9999964237213135
8824,6,6,0.9999992847442627
8825,7,7,0.9995737671852112
8826,8,8,0.9999512434005737
8827,9,9,0.9995250701904297
8828,6,6,0.9999992847442627
8829,4,4,0.9999996423721313
8830,2,2,0.9999994039535522
8831,6,6,0.9999996423721313
8832,4,4,1.0
8833,7,7,0.9999938011169434
8834,5,5,0.9999972581863403
8835,5,5,0.9999996423721313
8836,4,4,1.0
8837,7,7,0.9995139837265015
8838,2,2,1.0
8839,9,9,0.9999352693557739
8840,3,3,0.9999998807907104
8841,9,9,0.9999704360961914
8842,3,3,0.9999779462814331
8843,8,8,0.9999759197235107
8844,2,2,0.9999998807907104
8845,0,0,0.9999967813491821
8846,9,9,0.9996442794799805
8847,5,5,0.9973125457763672
8848,6,6,0.9999983310699463
8849,0,0,0.9999922513961792
8850,1,1,0.9998428821563721
8851,0,0,0.9999946355819702
8852,6,6,0.9999997615814209
8853,5,5,0.9999803304672241
8854,3,3,0.9999997615814209
8855,5,5,0.9999979734420776
8856,3,3,0.9999992847442627
8857,8,8,0.9999977350234985
8858,0,0,0.9999994039535522
8859,0,0,0.9999997615814209
8860,3,3,0.9999972581863403
8861,4,4,0.9999998807907104
8862,1,1,0.9999363422393799
8863,5,5,0.9999607801437378
8864,3,3,0.9999997615814209
8865,0,0,0.9999985694885254
8866,8,8,0.9999337196350098
8867,3,3,0.9999996423721313
8868,0,0,0.9999998807907104
8869,6,6,0.9995261430740356
8870,2,2,0.9999974966049194
8871,7,7,0.9998899698257446
8872,8,8,0.9999998807907104
8873,1,1,0.9997237324714661
8874,7,7,0.9999741315841675
8875,1,1,0.9999141693115234
8876,3,3,0.9999895095825195
8877,8,8,0.9999990463256836
8878,5,5,0.9999879598617554
8879,4,4,1.0
8880,2,2,0.9999996423721313
8881,0,0,0.9999860525131226
8882,9,9,0.9976359605789185
8883,7,7,0.9999997615814209
8884,6,6,0.9999991655349731
8885,7,7,0.9995868802070618
8886,4,4,0.9999997615814209
8887,1,1,0.9998668432235718
8888,6,6,0.9999995231628418
8889,2,2,0.9972129464149475
8890,6,6,0.9999696016311646
8891,7,7,0.9999972581863403
8892,1,1,0.9998295307159424
8893,9,9,0.9998264908790588
8894,8,8,0.9999914169311523
8895,0,0,0.9999990463256836
8896,6,6,0.9999816417694092
8897,9,9,0.9939516186714172
8898,4,4,1.0
8899,9,9,0.9998960494995117
8900,9,9,0.9982373714447021
8901,6,6,0.9997156262397766
8902,2,2,0.9999829530715942
8903,3,3,0.9999998807907104
8904,7,7,0.9979079961776733
8905,1,1,0.9997515082359314
8906,9,9,0.9874282479286194
8907,2,2,0.9999991655349731
8908,2,2,0.9981912970542908
8909,5,5,0.9999980926513672
8910,3,3,0.9999768733978271
8911,7,7,0.9998899698257446
8912,8,8,0.9995530247688293
8913,0,0,0.9998981952667236
8914,1,1,0.9999760389328003
8915,2,2,0.9999878406524658
8916,3,3,0.9999401569366455
8917,4,4,0.9999960660934448
8918,7,7,0.9996358156204224
8919,8,8,0.9999994039535522
8920,9,9,0.9999035596847534
8921,0,0,0.9999912977218628
8922,1,1,0.9999885559082031
8923,2,2,0.9981521964073181
8924,3,3,0.9999420642852783
8925,4,4,0.9999995231628418
8926,7,7,0.9999967813491821
8927,8,8,0.9999994039535522
8928,9,9,0.9999139308929443
8929,0,0,0.9999986886978149
8930,1,1,0.9999834299087524
8931,7,7,0.9996891021728516
8932,8,8,0.9999973773956299
8933,9,9,0.9998520612716675
8934,8,8,0.999995231628418
8935,9,9,0.9999984502792358
8936,2,2,0.9999978542327881
8937,6,6,0.9999995231628418
8938,1,1,0.999927282333374
8939,3,3,0.9999884366989136
8940,5,5,0.9999946355819702
8941,4,4,0.9999994039535522
8942,8,8,0.9994128942489624
8943,2,2,0.9999761581420898
8944,6,6,0.999717652797699
8945,4,4,0.9999994039535522
8946,3,3,0.9999982118606567
8947,4,4,0.9999986886978149
8948,5,5,0.9999183416366577
8949,9,9,0.999919056892395
8950,2,2,0.9999678134918213
8951,0,0,0.9999938011169434
8952,3,3,0.985378623008728
8953,9,9,0.9995076656341553
8954,4,4,0.9998093247413635
8955,9,9,0.9998220801353455
8956,7,7,0.9976379871368408
8957,3,3,0.9999701976776123
8958,8,8,0.9999880790710449
8959,7,7,0.9999860525131226
8960,4,4,1.0
8961,4,4,0.9999942779541016
8962,9,9,0.9994810223579407
8963,8,8,0.9996685981750488
8964,5,5,0.9998676776885986
8965,8,8,0.9999997615814209
8966,2,2,0.9999991655349731
8967,6,6,0.9999622106552124
8968,6,6,0.9999995231628418
8969,2,2,0.9999996423721313
8970,3,3,0.9999911785125732
8971,1,1,0.9999886751174927
8972,3,3,0.9999995231628418
8973,2,2,0.9999890327453613
8974,7,7,0.9861774444580078
8975,3,3,0.9981337189674377
8976,1,1,0.999993085861206
8977,9,9,0.999967098236084
8978,0,0,1.0
8979,1,1,0.9999884366989136
8980,1,1,0.9999537467956543
8981,3,3,0.9999605417251587
8982,5,5,0.9993889331817627
8983,0,0,0.9999972581863403
8984,7,7,0.9987449645996094
8985,8,8,0.9999994039535522
8986,1,1,0.9999167919158936
8987,5,5,0.9999967813491821
8988,1,1,0.9999914169311523
8989,4,4,0.9999998807907104
8990,6,6,0.9999967813491821
8991,0,0,0.9999998807907104
8992,0,0,0.9999998807907104
8993,4,4,0.9999626874923706
8994,9,9,0.9998672008514404
8995,1,1,0.9999650716781616
8996,6,6,0.9999992847442627
8997,6,6,0.999994158744812
8998,9,9,0.9984234571456909
8999,0,0,0.9999991655349731
9000,7,7,0.9989171028137207
9001,6,6,0.9999923706054688
9002,1,1,0.9999949932098389
9003,1,1,0.9999840259552002
9004,0,0,0.9999707937240601
9005,1,1,0.9999219179153442
9006,2,2,0.9972376823425293
9007,3,3,0.9999996423721313
9008,4,4,0.9999619722366333
9009,7,2,0.8095272779464722
9010,2,2,0.9500828385353088
9011,3,3,0.9999933242797852
9012,4,4,0.9837613701820374
9013,5,5,0.9995872378349304
9014,6,6,0.9998983144760132
9015,7,2,0.8850160837173462
9016,0,0,0.9816619753837585
9017,1,1,0.9996802806854248
9018,2,2,0.9966765642166138
9019,7,2,0.7520154714584351
9020,8,8,0.9999940395355225
9021,6,6,0.9999998807907104
9022,3,3,0.999976396560669
9023,9,9,0.9998878240585327
9024,7,7,0.7841435670852661
9025,1,1,0.990228533744812
9026,9,9,0.9959865212440491
9027,3,3,0.9998881816864014
9028,9,9,0.9992989301681519
9029,6,6,0.9999970197677612
9030,1,1,0.999868631362915
9031,7,7,0.9999445676803589
9032,2,2,0.986011266708374
9033,4,4,0.999998927116394
9034,4,4,0.9999984502792358
9035,5,5,0.9993840456008911
9036,7,7,0.9643846154212952
9037,0,0,0.9999985694885254
9038,0,0,0.9992432594299316
9039,1,1,0.999895453453064
9040,6,6,0.9999651908874512
9041,6,6,0.9999845027923584
9042,8,8,0.9999998807907104
9043,2,2,0.9754424691200256
9044,7,7,0.9983452558517456
9045,7,7,0.9970658421516418
9046,2,2,0.9971229434013367
9047,4,4,0.999992847442627
9048,2,2,0.9999804496765137
9049,1,1,0.9999306201934814
9050,6,6,0.9999698400497437
9051,1,1,0.9105995893478394
9052,0,0,0.9999943971633911
9053,6,6,0.9999974966049194
9054,9,9,0.8676387071609497
9055,8,8,0.9999994039535522
9056,3,3,0.9999955892562866
9057,9,9,0.9977304339408875
9058,6,6,0.9999946355819702
9059,3,3,0.9999977350234985
9060,0,0,1.0
9061,1,1,0.9912794232368469
9062,2,2,0.9995716214179993
9063,3,3,0.9999922513961792
9064,4,4,1.0
9065,5,5,0.9999998807907104
9066,6,6,1.0
9067,7,7,0.9999983310699463
9068,8,8,0.9998834133148193
9069,9,9,0.9900049567222595
9070,0,0,0.9999998807907104
9071,1,1,0.8689822554588318
9072,2,2,0.9995673298835754
9073,3,3,0.9999865293502808
9074,4,4,0.9999990463256836
9075,5,5,0.9999998807907104
9076,6,6,0.9999934434890747
9077,7,7,0.9999998807907104
9078,8,8,0.9999375343322754
9079,9,9,0.9981409311294556
9080,0,0,0.9999995231628418
9081,1,1,0.9989854693412781
9082,2,2,0.9996775388717651
9083,3,3,1.0
9084,4,4,0.9999715089797974
9085,5,5,0.9998688697814941
9086,6,6,0.9999998807907104
9087,7,7,0.9999998807907104
9088,8,8,0.9999624490737915
9089,9,9,0.9997633099555969
9090,1,1,0.9999023675918579
9091,6,6,0.9999992847442627
9092,8,8,0.9999911785125732
9093,9,9,0.9989632368087769
9094,9,9,0.9996697902679443
9095,0,0,1.0
9096,1,1,0.9998701810836792
9097,2,2,0.9998875856399536
9098,4,4,0.9999992847442627
9099,4,4,0.9999992847442627
9100,3,3,0.9999998807907104
9101,7,7,0.9999958276748657
9102,4,4,0.999998927116394
9103,4,4,0.9993730187416077
9104,4,4,0.9999964237213135
9105,0,0,0.9999991655349731
9106,3,3,1.0
9107,8,8,0.9999898672103882
9108,7,7,0.9999997615814209
9109,5,5,0.9999995231628418
9110,8,8,0.9985361099243164
9111,2,2,0.9999451637268066
9112,1,1,0.9978600144386292
9113,7,7,0.9998928308486938
9114,5,5,0.9999985694885254
9115,3,3,0.9999996423721313
9116,8,8,0.9996590614318848
9117,5,5,0.9999765157699585
9118,2,2,0.9997374415397644
9119,5,5,0.9999934434890747
9120,1,1,0.9995785355567932
9121,1,1,0.9994196891784668
9122,6,6,0.999997615814209
9123,2,2,0.9998162388801575
9124,1,1,0.999924898147583
9125,3,3,0.9999998807907104
9126,8,8,0.9999885559082031
9127,6,6,0.9999884366989136
9128,4,4,0.9992214441299438
9129,2,2,0.9999145269393921
9130,6,6,0.999993085861206
9131,2,2,0.9998143315315247
9132,5,5,0.9999202489852905
9133,5,5,0.9999970197677612
9134,0,0,0.9999978542327881
9135,2,2,0.9998587369918823
9136,8,8,0.9996600151062012
9137,0,0,0.9999992847442627
9138,6,6,0.9999998807907104
9139,8,8,0.9998860359191895
9140,1,1,0.9999754428863525
9141,7,7,0.99826979637146
9142,9,9,0.9997239708900452
9143,1,1,0.9999659061431885
9144,9,9,0.9999123811721802
9145,2,2,0.9998546838760376
9146,6,6,0.9999819993972778
9147,7,7,0.9999855756759644
9148,6,6,0.9999880790710449
9149,6,6,0.9999845027923584
9150,8,8,0.9999014139175415
9151,7,7,0.9998664855957031
9152,4,4,0.9999997615814209
9153,9,9,0.9978525638580322
9154,2,2,0.9999940395355225
9155,1,1,0.9987547397613525
9156,3,3,0.9999971389770508
9157,3,3,1.0
9158,0,0,0.9998565912246704
9159,5,5,0.9999979734420776
9160,5,5,0.9999997615814209
9161,8,8,0.9999897480010986
9162,0,0,0.9999916553497314
9163,3,3,0.999776303768158
9164,7,7,0.999998927116394
9165,9,9,0.9991105198860168
9166,7,7,0.9999960660934448
9167,0,0,1.0
9168,2,2,0.9850966334342957
9169,7,7,0.9999912977218628
9170,9,9,0.992905855178833
9171,1,1,0.9998871088027954
9172,7,7,0.9994444251060486
9173,8,8,0.9999840259552002
9174,0,0,0.9999998807907104
9175,3,3,0.9999978542327881
9176,5,5,0.9999865293502808
9177,3,3,0.9999994039535522
9178,6,6,0.9999998807907104
9179,0,0,0.9999977350234985
9180,1,1,0.9999872446060181
9181,2,2,0.9998797178268433
9182,3,3,0.9995356798171997
9183,4,4,0.9993976354598999
9184,5,5,0.9999997615814209
9185,6,6,0.9999927282333374
9186,7,7,0.999931812286377
9187,8,8,0.9999510049819946
9188,9,9,0.9983955025672913
9189,0,0,0.9999997615814209
9190,1,1,0.9999412298202515
9191,2,2,0.9975591897964478
9192,3,3,0.997553288936615
9193,4,4,0.9999978542327881
9194,5,5,0.9999668598175049
9195,6,6,0.9999911785125732
9196,7,7,0.9999727010726929
9197,8,8,0.9999417066574097
9198,9,9,0.9972004890441895
9199,0,0,0.9999969005584717
9200,1,1,0.9999651908874512
9201,2,2,0.9997594952583313
9202,3,3,0.7822695970535278
9203,4,4,0.9999899864196777
9204,7,7,0.9999650716781616
9205,8,8,0.9989500641822815
9206,9,9,0.9994847774505615
9207,6,6,0.9999414682388306
9208,4,4,0.9968119263648987
9209,2,2,0.9997782111167908
9210,6,6,0.9961830973625183
9211,4,4,0.9989608526229858
9212,7,7,0.9999288320541382
9213,8,8,0.9999954700469971
9214,9,9,0.9940863847732544
9215,2,2,0.9992939233779907
9216,9,9,0.9742391109466553
9217,3,3,0.9998403787612915
9218,9,9,0.9989755153656006
9219,3,3,0.999923586845398
9220,0,0,0.9999998807907104
9221,0,0,0.9999257326126099
9222,1,1,0.9999282360076904
9223,0,0,0.9999934434890747
9224,4,4,0.9999704360961914
9225,2,2,0.9939396381378174
9226,6,6,0.999997615814209
9227,3,3,0.9998724460601807
9228,5,5,0.9999895095825195
9229,3,3,0.9999865293502808
9230,0,0,0.9999997615814209
9231,3,3,0.9998025298118591
9232,4,4,0.9999910593032837
9233,1,1,0.9999629259109497
9234,5,5,0.9999991655349731
9235,3,3,0.9999927282333374
9236,0,0,0.9999961853027344
9237,8,8,0.9999485015869141
9238,3,3,0.9991877675056458
9239,0,0,1.0
9240,6,6,0.9998220801353455
9241,1,1,0.9999948740005493
9242,7,7,0.9999816417694092
9243,8,8,0.9988743662834167
9244,0,0,0.9999986886978149
9245,9,9,0.9999109506607056
9246,2,2,0.9999727010726929
9247,6,6,0.9999959468841553
9248,7,7,0.9998255372047424
9249,1,1,0.9999839067459106
9250,9,9,0.9987439513206482
9251,6,6,0.9999819993972778
9252,9,9,0.9944045543670654
9253,4,4,0.9913015961647034
9254,9,9,0.9974332451820374
9255,9,9,0.9983654618263245
9256,6,6,0.9999504089355469
9257,7,7,0.9998699426651001
9258,1,1,0.9999934434890747
9259,2,2,0.9730009436607361
9260,5,5,0.9999973773956299
9261,3,3,0.9999918937683105
9262,7,7,0.9999374151229858
9263,8,8,0.9999817609786987
9264,0,0,0.9999954700469971
9265,1,1,0.9996108412742615
9266,2,2,0.999998927116394
9267,4,4,0.999996542930603
9268,5,5,0.9997574687004089
9269,6,6,0.999998927116394
9270,7,7,0.9999957084655762
9271,8,8,0.9999992847442627
9272,9,9,0.9999817609786987
9273,0,0,0.9999979734420776
9274,1,1,0.9999099969863892
9275,3,3,0.9999796152114868
9276,4,4,0.9999995231628418
9277,5,5,0.9999957084655762
9278,6,6,0.9999998807907104
9279,7,7,0.9999992847442627
9280,8,8,0.9973293542861938
9281,0,0,0.9999994039535522
9282,1,1,0.9998414516448975
9283,3,3,0.9999889135360718
9284,4,4,1.0
9285,7,7,0.9999995231628418
9286,8,8,0.9999996423721313
9287,9,9,0.99991774559021
9288,7,7,0.9999992847442627
9289,5,5,0.9999942779541016
9290,5,5,0.9999591112136841
9291,1,1,0.9999102354049683
9292,9,9,0.9999275207519531
9293,9,9,0.9938032627105713
9294,7,7,0.9999983310699463
9295,1,1,0.9998916387557983
9296,0,0,0.9999756813049316
9297,0,0,0.9999996423721313
9298,5,5,0.999992847442627
9299,9,9,0.9999728202819824
9300,7,7,0.9999980926513672
9301,1,1,0.999663233757019
9302,7,7,0.9999868869781494
9303,2,2,0.9997884631156921
9304,2,2,0.9999940395355225
9305,3,3,0.9998700618743896
9306,6,6,1.0
9307,8,8,0.9999984502792358
9308,3,3,0.9816505908966064
9309,2,2,0.9998007416725159
9310,0,0,0.999998927116394
9311,0,0,0.9999973773956299
9312,6,6,0.9999995231628418
9313,1,1,0.9997598528862
9314,7,7,0.9999988079071045
9315,5,5,0.9999277591705322
9316,8,8,0.9640195369720459
9317,6,6,0.9999991655349731
9318,2,2,0.9984631538391113
9319,9,9,0.9999350309371948
9320,4,4,0.9999969005584717
9321,8,8,0.9997009038925171
9322,8,8,0.999996542930603
9323,7,7,0.9999996423721313
9324,1,1,0.9998834133148193
9325,0,0,0.9999892711639404
9326,8,8,0.9999675750732422
9327,7,7,0.9999997615814209
9328,7,7,0.9999994039535522
9329,5,5,0.9999998807907104
9330,8,8,0.9999837875366211
9331,5,5,0.9990723133087158
9332,3,3,0.9998693466186523
9333,4,4,0.9999998807907104
9334,6,6,0.9999996423721313
9335,1,1,0.9997853636741638
9336,1,1,0.9999436140060425
9337,5,5,0.9999699592590332
9338,5,5,0.9999985694885254
9339,0,0,0.9999979734420776
9340,7,7,0.9999942779541016
9341,2,2,0.9995375871658325
9342,3,3,0.8922009468078613
9343,6,6,0.9999997615814209
9344,4,4,0.9999996423721313
9345,1,1,0.9999649524688721
9346,2,2,0.9997919201850891
9347,4,4,0.9999958276748657
9348,1,1,0.9998658895492554
9349,5,5,0.9999951124191284
9350,4,4,0.9999293088912964
9351,2,2,0.999992847442627
9352,0,0,1.0
9353,4,4,0.9999957084655762
9354,8,8,0.9999988079071045
9355,6,6,0.9999995231628418
9356,1,1,0.9995797276496887
9357,9,9,0.9998507499694824
9358,0,0,0.9999986886978149
9359,2,2,0.9999921321868896
9360,5,5,0.999988317489624
9361,6,6,0.9999995231628418
9362,9,9,0.9998229146003723
9363,3,3,0.9999675750732422
9364,6,6,0.9999980926513672
9365,3,3,0.9999942779541016
9366,6,6,0.9999450445175171
9367,0,0,1.0
9368,1,1,0.9999529123306274
9369,2,2,0.9999904632568359
9370,3,3,0.999998927116394
9371,4,4,0.9999998807907104
9372,5,5,0.9999951124191284
9373,6,6,1.0
9374,7,7,0.9999948740005493
9375,8,8,0.9998685121536255
9376,9,9,0.9999966621398926
9377,0,0,0.9999997615814209
9378,1,1,0.9998652935028076
9379,2,2,0.9999628067016602
9380,3,3,0.9999945163726807
9381,4,4,0.999998927116394
9382,5,5,0.9908550977706909
9383,6,6,0.9999923706054688
9384,7,7,0.9999980926513672
9385,8,8,0.998245120048523
9386,9,9,0.9999374151229858
9387,0,0,0.9999959468841553
9388,1,1,0.9996911287307739
9389,2,2,0.9999998807907104
9390,3,3,0.9999969005584717
9391,5,5,0.9999558925628662
9392,6,6,0.9999903440475464
9393,7,7,0.9999960660934448
9394,8,8,0.9998076558113098
9395,1,1,0.9998528957366943
9396,0,0,1.0
9397,9,9,0.9999880790710449
9398,5,5,0.9999452829360962
9399,7,7,0.9991738200187683
9400,5,5,0.9994333386421204
9401,1,1,0.9999210834503174
9402,8,8,0.9999992847442627
9403,6,6,0.9999998807907104
9404,9,9,0.9999403953552246
9405,0,0,0.9999978542327881
9406,4,4,0.9999995231628418
9407,1,1,0.9998867511749268
9408,9,9,0.9999982118606567
9409,3,3,0.9999821186065674
9410,8,8,0.9999597072601318
9411,4,4,0.999953031539917
9412,4,4,0.9999998807907104
9413,7,7,0.9986668825149536
9414,0,0,0.9999994039535522
9415,1,1,0.9999334812164307
9416,9,9,0.9998773336410522
9417,2,2,0.9999938011169434
9418,8,8,0.9999896287918091
9419,7,7,0.9998070597648621
9420,8,8,0.9999998807907104
9421,2,2,0.9852017760276794
9422,5,5,0.9845584034919739
9423,9,9,0.9995630383491516
9424,6,6,1.0
9425,0,0,0.9997863173484802
9426,6,6,0.9999418258666992
9427,5,5,0.9997677206993103
9428,5,5,0.9999960660934448
9429,3,3,0.9999938011169434
9430,3,3,0.9999969005584717
9431,3,3,1.0
9432,9,9,0.9999979734420776
9433,8,8,0.9984557628631592
9434,1,1,0.9999809265136719
9435,1,1,0.9999407529830933
9436,0,0,0.9999794960021973
9437,6,6,0.9999994039535522
9438,1,1,0.9999704360961914
9439,0,0,0.9999979734420776
9440,0,0,0.9999995231628418
9441,6,6,0.9999957084655762
9442,2,2,0.9999978542327881
9443,1,1,0.9999409914016724
9444,1,1,0.9997178912162781
9445,3,3,0.9999997615814209
9446,2,2,0.9748520851135254
9447,7,7,0.9957256317138672
9448,7,7,0.9996744394302368
9449,8,8,0.9999816417694092
9450,8,8,0.9997060894966125
9451,7,7,0.9994648098945618
9452,8,8,0.9999991655349731
9453,4,4,0.9999996423721313
9454,6,6,0.9999951124191284
9455,0,0,0.9999624490737915
9456,2,2,0.9932863116264343
9457,0,0,0.9999955892562866
9458,7,7,0.9992747902870178
9459,0,0,0.9999996423721313
9460,3,3,1.0
9461,6,6,1.0
9462,8,8,0.9999988079071045
9463,7,7,0.9661626815795898
9464,1,1,0.9999147653579712
9465,5,5,0.9999896287918091
9466,9,9,0.9997360110282898
9467,9,9,0.9999099969863892
9468,3,3,0.9999678134918213
9469,7,7,0.9987305998802185
9470,2,2,0.9999938011169434
9471,4,4,0.9996472597122192
9472,9,9,0.999944806098938
9473,4,4,0.9999992847442627
9474,3,3,0.9995890259742737
9475,6,6,1.0
9476,2,2,0.9999946355819702
9477,2,2,0.9999600648880005
9478,5,5,0.9992232322692871
9479,3,3,0.9999685287475586
9480,2,2,0.9999996423721313
9481,5,5,0.999977707862854
9482,5,5,0.998898983001709
9483,9,9,0.9998325109481812
9484,4,4,0.9999909400939941
9485,1,1,0.9999169111251831
9486,7,7,0.9993759989738464
9487,2,2,0.9999663829803467
9488,0,0,0.9999984502792358
9489,1,1,0.9997902512550354
9490,2,2,0.9945610165596008
9491,3,3,0.9981580376625061
9492,4,4,0.999257504940033
9493,5,5,0.9999051094055176
9494,6,6,0.9999542236328125
9495,7,7,0.9999650716781616
9496,8,8,0.9999762773513794
9497,9,9,0.9530993700027466
9498,0,0,1.0
9499,1,1,0.9999781847000122
9500,2,2,0.9986127614974976
9501,3,3,0.9999041557312012
9502,4,4,0.9999926090240479
9503,5,5,0.9999983310699463
9504,6,6,1.0
9505,7,7,0.9879907965660095
9506,8,8,0.9999980926513672
9507,9,9,0.9860838055610657
9508,0,0,0.9999963045120239
9509,1,1,0.9998823404312134
9510,2,2,0.9998651742935181
9511,3,3,0.998703122138977
9512,4,4,0.9999152421951294
9513,5,5,0.9997343420982361
9514,6,6,0.9999974966049194
9515,7,7,0.9999946355819702
9516,8,8,0.9999998807907104
9517,9,9,0.9778532385826111
9518,1,1,0.9997398257255554
9519,0,0,0.9999994039535522
9520,1,1,0.9999330043792725
9521,2,2,0.9997350573539734
9522,7,7,0.99458247423172
9523,5,5,0.9999959468841553
9524,3,3,0.9999696016311646
9525,4,4,0.999996542930603
9526,4,4,0.9999977350234985
9527,0,0,0.9995896220207214
9528,0,0,1.0
9529,6,6,0.9999998807907104
9530,9,8,0.9139806032180786
9531,6,6,0.9999946355819702
9532,6,6,0.9997028708457947
9533,5,5,0.9999904632568359
9534,7,7,0.9980928301811218
9535,2,2,0.989191472530365
9536,3,3,0.9926884174346924
9537,4,4,0.9999964237213135
9538,4,4,0.9872170090675354
9539,9,9,0.7946534156799316
9540,1,1,0.6449415683746338
9541,4,4,0.999940037727356
9542,0,0,0.9992924928665161
9543,7,7,0.9999620914459229
9544,9,9,0.9926921725273132
9545,5,5,0.9999885559082031
9546,7,7,0.9975762963294983
9547,2,2,1.0
9548,3,3,0.9998427629470825
9549,1,1,0.9989008903503418
9550,4,4,0.9999960660934448
9551,4,4,0.9999960660934448
9552,0,0,0.9999144077301025
9553,9,9,0.9912946820259094
9554,9,9,0.8703600168228149
9555,6,6,1.0
9556,1,1,0.9998728036880493
9557,8,8,0.9999951124191284
9558,3,3,0.9990845918655396
9559,3,3,0.9998573064804077
9560,7,7,0.9902985692024231
9561,3,3,0.9999685287475586
9562,9,9,0.9680573344230652
9563,8,8,0.9999967813491821
9564,8,8,0.9999773502349854
9565,4,4,0.9999998807907104
9566,7,7,0.9999973773956299
9567,7,7,0.9998906850814819
9568,6,6,0.9999996423721313
9569,2,2,0.9981628060340881
9570,1,1,0.9999645948410034
9571,9,9,0.9249140620231628
9572,8,8,0.9999963045120239
9573,7,7,0.9999990463256836
9574,8,8,0.9999998807907104
9575,8,8,0.9999986886978149
9576,7,7,0.9976590871810913
9577,2,2,0.9993200302124023
9578,2,2,0.9999966621398926
9579,3,3,0.9999027252197266
9580,9,9,0.9887879490852356
9581,3,3,0.9999991655349731
9582,3,3,0.9999631643295288
9583,5,5,0.9999639987945557
9584,5,5,0.9999988079071045
9585,0,0,0.9999948740005493
9586,7,7,0.9999856948852539
9587,9,9,0.7408934235572815
9588,5,5,0.9999843835830688
9589,6,6,0.9999997615814209
9590,5,5,0.9999986886978149
9591,1,1,0.9998230338096619
9592,4,4,0.9999892711639404
9593,1,1,0.9999188184738159
9594,1,1,0.9845943450927734
9595,2,2,0.9996999502182007
9596,8,8,0.9997355341911316
9597,2,2,0.9999979734420776
9598,6,6,0.9999988079071045
9599,1,1,0.9916839599609375
9600,5,5,0.9999943971633911
9601,0,0,0.9999992847442627
9602,1,1,0.9985074400901794
9603,2,2,0.9998981952667236
9604,3,3,0.9999998807907104
9605,4,4,0.9998468160629272
9606,5,5,0.9988491535186768
9607,6,6,0.9995719790458679
9608,7,7,0.9998643398284912
9609,8,8,0.9999363422393799
9610,9,9,0.9996559619903564
9611,0,0,0.9999998807907104
9612,1,1,0.9909759163856506
9613,2,3,0.5961889624595642
9614,3,3,0.999890923500061
9615,4,4,0.9999940395355225
9616,5,5,0.9999995231628418
9617,6,6,0.9986336827278137
9618,7,7,0.9916763305664062
9619,8,8,0.9999877214431763
9620,9,7,0.4506641626358032
9621,0,0,0.9999438524246216
9622,1,1,0.9975130558013916
9623,2,2,0.9990766048431396
9624,3,3,0.9999144077301025
9625,4,4,0.9623117446899414
9626,5,5,0.999588668346405
9627,6,6,0.9955047965049744
9628,7,7,0.9972123503684998
9629,8,8,0.9999741315841675
9630,8,8,0.9999803304672241
9631,0,0,0.999991774559021
9632,6,6,0.9986581802368164
9633,0,0,0.9999978542327881
9634,0,0,0.9156817197799683
9635,2,2,0.9999897480010986
9636,3,3,0.9982490539550781
9637,7,7,0.9949591159820557
9638,9,9,0.7285540699958801
9639,4,4,0.9999978542327881
9640,7,7,0.9983282685279846
9641,1,1,0.9992203712463379
9642,9,7,0.8736538887023926
9643,1,1,0.941191554069519
9644,7,7,0.9944294691085815
9645,1,1,0.9985882639884949
9646,4,4,0.9999685287475586
9647,0,0,0.999996542930603
9648,0,0,0.999998927116394
9649,1,1,0.9998455047607422
9650,7,7,0.9999380111694336
9651,5,5,0.9900818467140198
9652,7,7,0.9218095541000366
9653,1,1,0.9979698061943054
9654,3,3,0.9999920129776001
9655,3,3,0.9970865845680237
9656,3,3,0.9998045563697815
9657,1,1,0.9995409250259399
9658,6,6,0.9996618032455444
9659,9,9,0.9995891451835632
9660,7,7,0.999620795249939
9661,1,1,0.998448371887207
9662,3,3,0.9999815225601196
9663,0,0,0.9994959831237793
9664,2,7,0.8193084001541138
9665,6,6,0.9998501539230347
9666,0,0,0.9890956282615662
9667,8,8,0.999958872795105
9668,9,9,0.999913215637207
9669,4,4,0.8734121322631836
9670,3,3,0.9999575614929199
9671,5,5,0.9999949932098389
9672,4,4,0.9999529123306274
9673,8,8,0.9999544620513916
9674,1,1,0.9999229907989502
9675,5,5,0.9999343156814575
9676,9,9,0.9706741571426392
9677,0,0,0.9978500604629517
9678,6,6,0.9995800852775574
9679,6,3,0.6630010604858398
9680,3,3,0.9999959468841553
9681,8,8,0.9999916553497314
9682,1,1,0.9987175464630127
9683,4,4,0.998665452003479
9684,7,7,0.9998210072517395
9685,5,5,0.9999682903289795
9686,2,2,0.9981412887573242
9687,0,0,0.9999136924743652
9688,0,0,0.9999581575393677
9689,1,1,0.9999514818191528
9690,7,7,0.9998340606689453
9691,8,8,0.999910831451416
9692,9,7,0.4601777493953705
9693,6,6,0.9986069798469543
9694,8,8,0.9999045133590698
9695,8,8,0.9987265467643738
9696,2,2,0.9709352850914001
9697,3,3,0.9999381303787231
9698,6,5,0.7510680556297302
9699,1,1,0.996566891670227
9700,2,2,0.9260919690132141
9701,9,9,0.9962590932846069
9702,5,5,0.9999982118606567
9703,2,2,0.9994974136352539
9704,0,0,0.99997878074646
9705,1,1,0.9999872446060181
9706,2,2,0.9999916553497314
9707,3,3,0.9999376535415649
9708,4,4,0.9996848106384277
9709,5,5,0.9988048076629639
9710,6,6,0.998889148235321
9711,7,7,0.9998243451118469
9712,8,8,0.9929333925247192
9713,9,9,0.9977028965950012
9714,0,0,0.9996002316474915
9715,1,1,0.9999642372131348
9716,2,2,0.9884083867073059
9717,3,3,0.9994112253189087
9718,4,4,0.9999972581863403
9719,5,5,0.9998840093612671
9720,6,6,0.9998642206192017
9721,7,7,0.9996665716171265
9722,8,8,0.9999697208404541
9723,9,9,0.9968845248222351
9724,0,0,0.9999966621398926
9725,1,1,0.9999845027923584
9726,2,2,0.9970045685768127
9727,3,3,0.9988126754760742
9728,4,4,0.9997522234916687
9729,5,6,0.8766344785690308
9730,6,6,0.9993589520454407
9731,7,7,0.9966557025909424
9732,8,8,0.9975056052207947
9733,9,9,0.8748186230659485
9734,7,7,0.9989051818847656
9735,4,4,0.954838216304779
9736,6,6,0.9799312949180603
9737,1,1,0.9999171495437622
9738,4,4,0.9924889802932739
9739,0,0,0.9995713829994202
9740,9,9,0.9927612543106079
9741,9,9,0.9884973764419556
9742,3,3,0.9999850988388062
9743,7,7,0.9994593262672424
9744,8,8,0.9967526793479919
9745,4,4,0.8458496332168579
9746,7,7,0.9964612126350403
9747,5,5,0.9938042163848877
9748,8,8,0.9999485015869141
9749,5,5,0.9505630731582642
9750,3,3,0.9899547100067139
9751,2,2,0.9780713319778442
9752,2,2,0.9915578365325928
9753,0,0,0.9999924898147583
9754,5,5,0.9785343408584595
9755,8,8,0.8413571715354919
9756,6,6,0.9990131855010986
9757,0,0,0.9998676776885986
9758,3,3,0.999855637550354
9759,8,8,0.9999902248382568
9760,1,1,0.9995285272598267
9761,0,0,0.9999580383300781
9762,3,3,0.9744194149971008
9763,0,0,0.9998660087585449
9764,4,4,0.9938086867332458
9765,7,7,0.9977770447731018
9766,4,4,0.9999735355377197
9767,9,9,0.9949289560317993
9768,2,0,0.8927610516548157
9769,9,9,0.9969009160995483
9770,5,0,0.9814605116844177
9771,7,7,0.9997867941856384
9772,1,1,0.9999969005584717
9773,7,7,0.999222993850708
9774,1,1,0.9999923706054688
9775,6,6,0.9999920129776001
9776,6,6,0.9999663829803467
9777,5,5,0.9852924942970276
9778,6,6,0.9906653165817261
9779,2,2,0.6323129534721375
9780,8,8,0.9992451667785645
9781,7,7,0.9881635308265686
9782,6,6,0.9937484264373779
9783,4,4,0.9998120665550232
9784,9,9,0.9993489384651184
9785,9,9,0.9993975162506104
9786,5,5,0.9998313188552856
9787,3,3,0.9986816048622131
9788,7,7,0.9995359182357788
9789,4,4,0.996215283870697
9790,3,3,0.9989296793937683
9791,0,0,0.999984622001648
9792,4,9,0.6561353206634521
9793,6,6,0.9690084457397461
9794,6,6,0.9999638795852661
9795,1,1,0.9994661211967468
9796,1,1,0.9999876022338867
9797,3,3,0.9991187453269958
9798,2,2,0.9999814033508301
9799,1,1,0.9999783039093018
9800,0,0,0.9999107122421265
9801,0,0,0.9999996423721313
9802,1,1,0.9999216794967651
9803,2,2,0.9953151941299438
9804,3,3,0.9997754693031311
9805,4,4,0.9999998807907104
9806,7,7,0.9999881982803345
9807,8,8,0.9999995231628418
9808,9,9,0.9979144930839539
9809,0,0,0.9996976852416992
9810,1,1,0.9999042749404907
9811,2,8,0.8403458595275879
9812,3,3,0.9999879598617554
9813,4,4,0.9999831914901733
9814,5,5,0.9998123049736023
9815,6,6,0.9993801116943359
9816,7,7,0.9972764849662781
9817,8,8,0.9989746809005737
9818,0,0,0.9999861717224121
9819,1,1,0.999948263168335
9820,2,2,0.9554110169410706
9821,3,3,0.9999992847442627
9822,4,4,0.9999997615814209
9823,7,7,0.999983549118042
9824,8,8,0.999992847442627
9825,9,9,0.9999171495437622
9826,0,0,0.9991955161094666
9827,8,8,0.9999772310256958
9828,3,3,0.9628180265426636
9829,9,9,0.9993264675140381
9830,5,5,0.9999439716339111
9831,5,5,0.9986843466758728
9832,2,2,0.778836727142334
9833,6,6,0.9992650151252747
9834,8,8,0.9951568245887756
9835,4,4,0.9998501539230347
9836,1,1,0.9998987913131714
9837,7,7,0.9997715353965759
9838,1,1,0.9998757839202881
9839,2,2,0.7389439940452576
9840,3,3,0.9931358098983765
9841,5,5,0.9996103644371033
9842,6,6,0.9998788833618164
9843,9,9,0.9929057359695435
9844,1,1,0.9995927214622498
9845,1,1,0.9995470643043518
9846,1,1,0.9994660019874573
9847,2,2,0.9996248483657837
9848,1,1,0.9999557733535767
9849,2,2,0.9923648834228516
9850,0,0,0.9942048192024231
9851,7,7,0.9999796152114868
9852,7,7,0.9998364448547363
9853,5,5,0.9982470273971558
9854,8,8,0.9996402263641357
9855,2,2,0.9977606534957886
9856,9,9,0.6731808185577393
9857,8,8,0.9998513460159302
9858,6,6,0.9610996842384338
9859,7,7,0.9998871088027954
9860,3,3,0.999040424823761
9861,4,4,0.9999992847442627
9862,6,6,0.9985052347183228
9863,8,8,0.9971520900726318
9864,7,7,0.9993829727172852
9865,0,0,0.99996018409729
9866,4,4,1.0
9867,2,2,0.9888850450515747
9868,7,7,0.9998619556427002
9869,7,7,0.9999988079071045
9870,5,5,0.9996187686920166
9871,4,4,0.9999997615814209
9872,3,3,0.9999990463256836
9873,4,4,0.9999818801879883
9874,2,2,0.9884491562843323
9875,8,8,0.9998879432678223
9876,1,1,0.9999003410339355
9877,5,5,0.9999405145645142
9878,1,1,0.9999233484268188
9879,0,0,0.9504879117012024
9880,2,2,0.9787553548812866
9881,3,3,0.9977204203605652
9882,3,3,0.9935864806175232
9883,5,5,0.9838917851448059
9884,7,7,0.9997217059135437
9885,0,0,0.9999415874481201
9886,6,6,0.9993465542793274
9887,8,8,0.9957873225212097
9888,6,6,0.7934636473655701
9889,3,3,0.9999873638153076
9890,9,9,0.9798293113708496
9891,9,9,0.8760359287261963
9892,8,8,0.9675225019454956
9893,2,2,0.6342096924781799
9894,7,7,0.9971761703491211
9895,7,7,0.9999525547027588
9896,1,1,0.9999339580535889
9897,0,0,0.999998927116394
9898,1,1,0.9999736547470093
9899,7,7,0.9999746084213257
9900,8,8,0.9999734163284302
9901,9,9,0.9999104738235474
9902,0,0,0.9999345541000366
9903,1,1,0.9998069405555725
9904,2,2,0.5528579354286194
9905,3,3,0.8432654142379761
9906,4,4,0.9703741669654846
9907,5,5,0.999864935874939
9908,6,6,0.9999961853027344
9909,7,7,0.9995976090431213
9910,8,8,0.9998661279678345
9911,0,0,0.9999949932098389
9912,1,1,0.9998806715011597
9913,2,2,0.9966711401939392
9914,3,3,0.9971104860305786
9915,4,4,0.999876856803894
9916,7,7,0.999262273311615
9917,8,8,0.9999775886535645
9918,9,9,0.999981164932251
9919,7,7,0.9998908042907715
9920,8,8,0.9999990463256836
9921,6,6,0.9999133348464966
9922,4,4,0.9843599200248718
9923,1,1,0.9999828338623047
9924,9,9,0.9904382824897766
9925,3,3,0.9982078075408936
9926,8,8,0.9999251365661621
9927,4,4,0.9999831914901733
9928,4,4,0.9999995231628418
9929,7,7,0.9999231100082397
9930,0,0,0.9999988079071045
9931,1,1,0.9997896552085876
9932,9,9,0.9999793767929077
9933,2,2,0.9999960660934448
9934,8,8,0.9999990463256836
9935,7,7,0.9990785121917725
9936,8,8,0.9999880790710449
9937,2,2,0.9999386072158813
9938,6,6,0.9999841451644897
9939,0,0,0.9999954700469971
9940,6,6,0.9945204854011536
9941,5,5,0.965796172618866
9942,3,3,0.9999980926513672
9943,3,3,0.9988073110580444
9944,3,3,0.9999955892562866
9945,9,9,0.9965245127677917
9946,1,1,0.9999042749404907
9947,4,4,0.9980247020721436
9948,0,0,0.9997541308403015
9949,6,6,0.9999940395355225
9950,1,1,0.9999419450759888
9951,0,0,0.9999865293502808
9952,0,0,0.9999979734420776
9953,6,6,0.9997542500495911
9954,2,2,0.9994982481002808
9955,1,1,0.9999374151229858
9956,1,1,0.9999810457229614
9957,7,7,0.9994588494300842
9958,7,7,0.9994992017745972
9959,8,8,0.9997298121452332
9960,4,4,0.9999951124191284
9961,6,6,0.9999991655349731
9962,0,0,0.9999996423721313
9963,7,7,0.9986490607261658
9964,0,0,0.999748170375824
9965,3,3,0.9999358654022217
9966,6,6,0.9999992847442627
9967,8,8,0.9999996423721313
9968,7,7,0.9994065761566162
9969,1,1,0.9999148845672607
9970,5,5,0.9999021291732788
9971,2,2,0.9998428821563721
9972,4,4,0.9999997615814209
9973,9,9,0.9995383024215698
9974,4,4,0.999923586845398
9975,3,3,0.9997584223747253
9976,6,6,0.9942142367362976
9977,4,4,0.9990911483764648
9978,1,1,0.9999518394470215
9979,7,7,0.999563992023468
9980,2,2,0.9988200068473816
9981,6,6,0.9996237754821777
9982,5,5,0.7524601817131042
9983,0,0,0.9999996423721313
9984,1,1,0.9999476671218872
9985,2,2,0.9979572296142578
9986,3,3,0.9999768733978271
9987,4,4,0.9999990463256836
9988,5,5,0.9999822378158569
9989,6,6,0.9999949932098389
9990,7,7,0.9999710321426392
9991,8,8,0.9999607801437378
9992,9,9,0.9998562335968018
9993,0,0,0.9985367059707642
9994,1,1,0.9997677206993103
9995,2,2,0.9998972415924072
9996,3,3,0.9998579025268555
9997,4,4,0.9999885559082031
9998,5,5,0.9996117949485779
9999,6,6,0.9999911785125732
