index,true,pred,confidence
0,7,7,0.99997878074646
1,2,2,0.999969482421875
2,1,1,0.994193971157074
3,0,0,0.9914975762367249
4,4,4,0.999869704246521
5,1,1,0.9996750354766846
6,4,4,0.9998005032539368
7,9,9,0.9915933609008789
8,5,5,0.9974473714828491
9,9,9,0.9968067407608032
10,0,0,0.999832034111023
11,6,6,0.999972939491272
12,9,9,0.9976403713226318
13,0,0,0.9999904632568359
14,1,1,0.9992433786392212
15,5,5,0.9967654943466187
16,9,9,0.998155415058136
17,7,7,0.9999923706054688
18,3,5,0.5171958804130554
19,4,4,0.9996386766433716
20,9,9,0.9336643218994141
21,6,6,0.999632716178894
22,6,6,0.99970942735672
23,5,5,0.999981164932251
24,4,4,0.9994939565658569
25,0,0,0.997250497341156
26,7,7,0.9991052746772766
27,4,4,0.9999955892562866
28,0,0,0.9999415874481201
29,1,1,0.9974843263626099
30,3,3,0.9998899698257446
31,1,1,0.9982251524925232
32,3,3,0.9999620914459229
33,4,4,0.9999845027923584
34,7,7,0.9999520778656006
35,2,2,0.9999680519104004
36,7,7,0.999711811542511
37,1,1,0.9994230270385742
38,2,2,0.9962278604507446
39,1,1,0.9999357461929321
40,1,1,0.9856066703796387
41,7,7,0.9917752742767334
42,4,4,0.9998106360435486
43,2,2,0.9881682991981506
44,3,3,0.9929640293121338
45,5,5,0.9981271624565125
46,1,1,0.998823344707489
47,2,2,0.9999957084655762
48,4,4,0.9952528476715088
49,4,4,0.9999932050704956
50,6,6,0.999881386756897
51,3,3,0.9999833106994629
52,5,5,0.9999983310699463
53,5,5,0.9994038343429565
54,6,6,0.9999979734420776
55,0,0,0.9997978806495667
56,4,4,0.999997615814209
57,1,1,0.9965388774871826
58,9,9,0.9999004602432251
59,5,5,0.9885878562927246
60,7,7,0.9999964237213135
61,8,8,0.9986909031867981
62,9,9,0.6519630551338196
63,3,3,0.9179816246032715
64,7,7,0.9999914169311523
65,4,4,0.9887597560882568
66,6,6,0.9999529123306274
67,4,4,0.9998593330383301
68,3,3,0.9999856948852539
69,0,0,0.99983811378479
70,7,7,0.9998906850814819
71,0,0,0.999984622001648
72,2,2,0.9999643564224243
73,9,9,0.91009521484375
74,1,1,0.999808132648468
75,7,7,0.9999905824661255
76,3,3,0.999944806098938
77,2,2,0.9977251887321472
78,9,9,0.6338679194450378
79,7,7,0.9967290163040161
80,7,7,0.9987982511520386
81,6,6,0.9999738931655884
82,2,2,0.9999512434005737
83,7,7,0.9996856451034546
84,8,8,0.9997937083244324
85,4,4,0.9998020529747009
86,7,7,0.9999667406082153
87,3,3,0.9950987696647644
88,6,6,0.9999997615814209
89,1,1,0.999002993106842
90,3,3,0.9999908208847046
91,6,6,0.9999923706054688
92,9,9,0.8987569212913513
93,3,3,0.9987843632698059
94,1,1,0.9995691180229187
95,4,4,0.9696928262710571
96,1,1,0.9723482728004456
97,7,7,0.999909520149231
98,6,6,0.9998630285263062
99,9,9,0.9999862909317017
100,6,6,0.9999518394470215
101,0,0,0.9998792409896851
102,5,5,0.9999212026596069
103,4,4,0.9999997615814209
104,9,9,0.9962263107299805
105,9,9,0.9990839958190918
106,2,2,0.9999730587005615
107,1,1,0.9980765581130981
108,9,9,0.9970107078552246
109,4,4,0.9996451139450073
110,8,8,0.9999208450317383
111,7,7,0.8922533988952637
112,3,3,0.9999293088912964
113,9,9,0.9998018145561218
114,7,7,0.9998410940170288
115,4,4,0.9534468054771423
116,4,4,0.9928184747695923
117,4,4,0.999994158744812
118,9,9,0.9705978035926819
119,2,2,0.897194504737854
120,5,5,0.999990701675415
121,4,4,0.9982472658157349
122,7,7,0.9996799230575562
123,6,6,0.9999983310699463
124,7,7,0.9994105100631714
125,9,9,0.9727611541748047
126,0,0,0.9681811332702637
127,5,5,0.9999899864196777
128,8,8,0.9999450445175171
129,5,5,0.9999964237213135
130,6,6,0.9998233914375305
131,6,6,0.9996911287307739
132,5,5,0.9997379183769226
133,7,7,0.9999864101409912
134,8,8,0.9999816417694092
135,1,1,0.9999454021453857
136,0,0,0.9997982382774353
137,1,1,0.9995971322059631
138,6,6,0.9999830722808838
139,4,4,0.9994625449180603
140,6,6,0.9999818801879883
141,7,7,0.9999990463256836
142,3,3,0.9999852180480957
143,1,1,0.9992899894714355
144,7,7,0.9998111128807068
145,1,1,0.9972781538963318
146,8,8,0.999957799911499
147,2,2,0.999962329864502
148,0,0,0.999678373336792
149,2,2,0.9987071752548218
150,9,9,0.9997381567955017
151,9,9,0.966809868812561
152,5,5,0.9999879598617554
153,5,5,0.9996778964996338
154,1,1,0.9968441724777222
155,5,5,0.9999926090240479
156,6,6,0.9999995231628418
157,0,0,0.9994491934776306
158,3,3,0.9957685470581055
159,4,4,0.9989396929740906
160,4,6,0.5785505175590515
161,6,6,0.999974250793457
162,5,5,0.9999998807907104
163,4,4,0.9999960660934448
164,6,6,0.9999234676361084
165,5,5,0.9999899864196777
166,4,4,0.9999608993530273
167,5,5,0.9996939897537231
168,1,1,0.9997990727424622
169,4,4,0.9995049238204956
170,4,4,0.9999070167541504
171,7,7,0.976923406124115
172,2,2,0.9989861845970154
173,3,3,0.9998096823692322
174,2,2,0.9999581575393677
175,7,7,0.5205948352813721
176,1,1,0.9946129322052002
177,8,8,0.9904634952545166
178,1,1,0.9993281364440918
179,8,8,0.9997735619544983
180,1,1,0.9989023208618164
181,8,8,0.9999258518218994
182,5,5,0.999502420425415
183,0,0,0.9999969005584717
184,8,8,0.4884986877441406
185,9,9,0.9326812624931335
186,2,2,0.9983618855476379
187,5,5,0.9999933242797852
188,0,0,0.9999933242797852
189,1,1,0.9970410466194153
190,1,1,0.9985880255699158
191,1,1,0.9954988360404968
192,0,0,0.9984033703804016
193,9,9,0.9974135756492615
194,0,0,0.9999178647994995
195,3,3,0.6837361454963684
196,1,1,0.999945878982544
197,6,6,0.9984257221221924
198,4,4,0.9986217021942139
199,2,2,0.9262212514877319
200,3,3,0.9976613521575928
201,6,6,0.9999953508377075
202,1,1,0.999653697013855
203,1,1,0.9972967505455017
204,1,1,0.9948782920837402
205,3,3,0.9953266382217407
206,9,9,0.9877752065658569
207,5,5,0.9973094463348389
208,2,2,0.9998908042907715
209,9,9,0.9225937724113464
210,4,4,0.9999525547027588
211,5,5,0.9134538769721985
212,9,9,0.9998712539672852
213,3,3,0.997846245765686
214,9,9,0.9934458136558533
215,0,0,0.9987483024597168
216,3,3,0.9999902248382568
217,6,6,0.9344683885574341
218,5,5,0.9999830722808838
219,5,5,0.9999228715896606
220,7,7,0.9993888139724731
221,2,2,0.9869175553321838
222,2,2,0.9995251893997192
223,7,7,0.9988973140716553
224,1,1,0.9679611921310425
225,2,2,0.9926109910011292
226,8,8,0.99857497215271
227,4,4,0.9995867609977722
228,1,1,0.9972009658813477
229,7,7,0.9956551790237427
230,3,3,0.9975148439407349
231,3,3,0.9998952150344849
232,8,8,0.9929785132408142
233,8,8,0.9993587136268616
234,7,7,0.9990824460983276
235,9,9,0.997632622718811
236,2,2,0.999889612197876
237,2,2,0.9999721050262451
238,4,4,0.9999915361404419
239,1,1,0.9983059167861938
240,5,5,0.9999628067016602
241,9,9,0.999616265296936
242,8,8,0.9954231381416321
243,7,7,0.9991445541381836
244,2,2,0.9974896907806396
245,3,3,0.9858236312866211
246,0,0,0.9999953508377075
247,4,4,0.9895998239517212
248,4,4,0.9999368190765381
249,2,2,0.9947667121887207
250,4,4,0.9731383323669434
251,1,1,0.9974992871284485
252,9,9,0.9996627569198608
253,5,5,0.9999560117721558
254,7,7,0.9999264478683472
255,7,7,0.9920286536216736
256,2,2,0.999231219291687
257,8,8,0.9918894171714783
258,2,2,0.997368574142456
259,6,6,0.9932924509048462
260,8,8,0.9999936819076538
261,5,5,0.999988317489624
262,7,7,0.9999985694885254
263,7,7,0.9992024302482605
264,9,9,0.9794290661811829
265,1,1,0.9998650550842285
266,8,8,0.8941817879676819
267,1,1,0.999232292175293
268,8,8,0.999467670917511
269,0,0,0.9998831748962402
270,3,3,0.9998223185539246
271,0,0,0.9997915625572205
272,1,1,0.9992917776107788
273,9,9,0.9954038858413696
274,9,9,0.9998149275779724
275,4,4,0.9998117089271545
276,1,1,0.9999091625213623
277,8,8,0.9986044764518738
278,2,2,0.9995633959770203
279,1,1,0.995148241519928
280,2,2,0.9997661709785461
281,9,9,0.999167799949646
282,7,7,0.8780498504638672
283,5,5,0.9999390840530396
284,9,9,0.999716579914093
285,2,2,0.9999860525131226
286,6,6,0.9994016885757446
287,4,4,0.9966118931770325
288,1,1,0.9992935657501221
289,5,5,0.999728262424469
290,8,6,0.6527854204177856
291,2,2,0.999715268611908
292,9,9,0.9936763644218445
293,2,2,0.9999940395355225
294,0,0,0.9999277591705322
295,4,4,0.9992008805274963
296,0,0,0.999987006187439
297,0,0,0.9996904134750366
298,2,2,0.999893307685852
299,8,8,0.999971866607666
300,4,4,0.999627947807312
301,7,7,0.9992421865463257
302,1,1,0.9995691180229187
303,2,2,0.9989288449287415
304,4,4,0.9999767541885376
305,0,0,0.9999895095825195
306,2,2,0.9998769760131836
307,7,7,0.9981911778450012
308,4,4,0.9986088871955872
309,3,3,0.9999384880065918
310,3,3,0.9993973970413208
311,0,0,0.9990467429161072
312,0,0,0.9997450709342957
313,3,3,0.9999672174453735
314,1,1,0.9990642666816711
315,9,9,0.9998924732208252
316,6,6,0.985052764415741
317,5,5,0.9984686970710754
318,2,2,0.9872111082077026
319,5,5,0.9997734427452087
320,9,9,0.7952443361282349
321,2,2,0.8176085352897644
322,9,9,0.9967064261436462
323,3,3,0.9999903440475464
324,0,0,0.9581637978553772
325,4,4,0.9960809350013733
326,2,1,0.643963634967804
327,0,0,0.9998244643211365
328,7,7,0.9994245767593384
329,1,1,0.9993419051170349
330,1,1,0.9965696334838867
331,2,2,0.9974314570426941
332,1,1,0.9994590878486633
333,5,5,0.999249279499054
334,3,3,0.9998096823692322
335,3,3,0.99982088804245
336,9,9,0.9992111921310425
337,7,7,0.9926860332489014
338,8,8,0.9995861649513245
339,6,6,0.9964199066162109
340,5,5,0.9591142535209656
341,6,6,0.9959977865219116
342,1,1,0.9996695518493652
343,3,3,0.9999951124191284
344,8,8,0.9995794892311096
345,1,1,0.9987421631813049
346,0,0,0.9993311166763306
347,5,5,0.9992819428443909
348,1,1,0.9997212290763855
349,3,3,0.9960013031959534
350,1,1,0.9988760352134705
351,5,5,0.9999985694885254
352,5,5,0.9743043184280396
353,6,6,0.9986237287521362
354,1,1,0.9968013763427734
355,8,8,0.9988223910331726
356,5,5,0.9999997615814209
357,1,1,0.9725531339645386
358,7,7,0.8870377540588379
359,9,9,0.930237889289856
360,4,4,0.9994497895240784
361,6,6,0.9999971389770508
362,2,2,0.9979172348976135
363,2,2,0.9992159605026245
364,5,5,0.9999982118606567
365,0,0,0.996046245098114
366,6,6,0.994537889957428
367,5,5,0.9999914169311523
368,6,6,0.9951038360595703
369,3,3,0.9976383447647095
370,7,7,0.9999475479125977
371,2,2,0.9997290968894958
372,0,0,0.9989228844642639
373,8,8,0.9999352693557739
374,8,8,0.9999369382858276
375,5,5,0.9999990463256836
376,4,4,0.9683846831321716
377,1,1,0.9976905584335327
378,1,1,0.9812796115875244
379,4,4,0.9999496936798096
380,0,0,0.999974250793457
381,3,3,0.9918662905693054
382,3,3,0.9999496936798096
383,7,7,0.9997373223304749
384,6,6,0.9999996423721313
385,1,1,0.993583619594574
386,6,6,0.9931615591049194
387,2,2,0.9999904632568359
388,1,1,0.998501181602478
389,9,9,0.9834840893745422
390,2,2,0.9996570348739624
391,8,8,0.9999417066574097
392,6,6,0.9999963045120239
393,1,1,0.9992337226867676
394,9,9,0.9663482308387756
395,5,5,0.9999829530715942
396,2,2,0.9997557997703552
397,5,5,0.9970760345458984
398,4,4,0.9991990923881531
399,4,4,0.9999638795852661
400,2,2,0.9976262450218201
401,8,8,0.9986567497253418
402,3,3,0.9997878670692444
403,8,8,0.9956112504005432
404,2,2,0.8736939430236816
405,4,4,0.9999878406524658
406,5,5,0.9675374627113342
407,0,0,0.9999971389770508
408,3,3,0.9994491934776306
409,1,1,0.9976992011070251
410,7,7,0.9999988079071045
411,7,7,0.979557454586029
412,5,5,0.888957679271698
413,7,7,0.9999655485153198
414,9,9,0.9934438467025757
415,7,7,0.9981467723846436
416,1,1,0.9997681975364685
417,9,9,0.9730517268180847
418,2,2,0.9994705319404602
419,1,1,0.9942016005516052
420,4,4,0.9968180656433105
421,2,2,0.9986106157302856
422,9,9,0.9996484518051147
423,2,2,0.9995286464691162
424,0,0,0.9998602867126465
425,4,4,0.9999963045120239
426,9,9,0.9982743263244629
427,1,1,0.9989449381828308
428,4,4,0.999967098236084
429,8,8,0.999858021736145
430,1,1,0.9995836615562439
431,8,8,0.9993878602981567
432,4,4,0.9996594190597534
433,5,5,0.9999876022338867
434,9,9,0.9982941746711731
435,8,8,0.5800169706344604
436,8,8,0.9993836879730225
437,3,3,0.9996795654296875
438,7,7,0.9980144500732422
439,6,6,0.9965229034423828
440,0,0,0.999883770942688
441,0,0,0.9918959736824036
442,3,3,0.9999737739562988
443,0,0,0.9727071523666382
444,2,2,0.865460216999054
445,6,0,0.7528720498085022
446,6,6,0.9967479705810547
447,4,4,0.9728719592094421
448,9,9,0.8971377015113831
449,3,3,0.60673588514328
450,3,3,0.946783721446991
451,3,3,0.9997321963310242
452,2,2,0.9990119934082031
453,3,3,0.9999902248382568
454,9,9,0.9995371103286743
455,1,1,0.9997314810752869
456,2,2,0.9989467263221741
457,6,6,0.982452392578125
458,8,8,0.9999964237213135
459,0,0,0.9988507032394409
460,5,5,0.9908581376075745
461,6,6,0.9999853372573853
462,6,6,0.9844210147857666
463,6,6,0.9999997615814209
464,3,3,0.971174955368042
465,8,8,0.9942041039466858
466,8,8,0.9998176693916321
467,2,2,0.9966171383857727
468,7,7,0.9932825565338135
469,5,5,0.9993823766708374
470,8,8,0.9999339580535889
471,9,9,0.9752480983734131
472,6,6,0.9999983310699463
473,1,1,0.9948602318763733
474,8,8,0.9998559951782227
475,4,4,0.9994169473648071
476,1,1,0.9998148083686829
477,2,2,0.9999970197677612
478,5,5,0.9997586607933044
479,9,9,0.997200608253479
480,1,1,0.9712788462638855
481,9,9,0.9999308586120605
482,7,7,0.9999936819076538
483,5,5,0.9997201561927795
484,4,4,0.9999390840530396
485,0,0,0.9966192245483398
486,8,8,0.9998631477355957
487,9,9,0.9981244206428528
488,9,9,0.9978787899017334
489,1,1,0.9956739544868469
490,0,0,0.9303704500198364
491,5,5,0.999512791633606
492,2,2,0.9783400893211365
493,3,3,0.9999939203262329
494,7,7,0.9999970197677612
495,8,8,0.9091217517852783
496,9,9,0.9998100399971008
497,4,4,0.6437516212463379
498,0,0,0.9752130508422852
499,6,6,0.9983395338058472
500,3,3,0.9999903440475464
501,9,9,0.999841570854187
502,5,5,0.9999823570251465
503,2,2,0.9999997615814209
504,1,1,0.9856364727020264
505,3,3,0.9999260902404785
506,1,1,0.9962620139122009
507,3,3,0.9993953704833984
508,6,6,0.9903281331062317
509,5,5,0.9986200332641602
510,7,7,0.9987339377403259
511,4,4,0.9489079117774963
512,2,2,0.9999707937240601
513,2,2,0.999996542930603
514,6,6,0.9999924898147583
515,3,3,0.9989250302314758
516,2,2,0.9999990463256836
517,6,6,0.999916672706604
518,5,5,0.9999926090240479
519,4,4,0.9956931471824646
520,8,8,0.9987988471984863
521,9,9,0.9920892715454102
522,7,7,0.999993085861206
523,1,1,0.9801714420318604
524,3,3,0.9992152452468872
525,0,0,0.9999668598175049
526,3,3,0.9996843338012695
527,8,8,0.9992777705192566
528,3,3,0.9985426664352417
529,1,1,0.9996521472930908
530,9,9,0.9984768033027649
531,3,3,0.99812251329422
532,4,4,0.9920989274978638
533,4,4,0.9999984502792358
534,6,6,0.9998772144317627
535,4,4,0.9999972581863403
536,2,2,0.9998899698257446
537,1,1,0.9997963309288025
538,8,8,0.9991430044174194
539,2,2,0.9999421834945679
540,5,5,0.9999922513961792
541,4,4,0.9999880790710449
542,8,9,0.7295560240745544
543,8,8,0.9950813055038452
544,4,4,0.9994145631790161
545,0,0,0.9996744394302368
546,0,0,0.9999657869338989
547,2,2,0.9982898831367493
548,3,3,0.999789297580719
549,2,2,0.9999955892562866
550,7,7,0.9942232966423035
551,7,7,0.9458580613136292
552,0,0,0.9074382781982422
553,8,8,0.9986250400543213
554,7,7,0.999868631362915
555,4,4,0.9999634027481079
556,4,4,0.9999898672103882
557,7,7,0.9985394477844238
558,9,9,0.9986146688461304
559,6,6,0.9973885416984558
560,9,9,0.999546229839325
561,0,0,0.9932453036308289
562,9,9,0.9981216788291931
563,8,8,0.9976255297660828
564,0,0,0.9997015595436096
565,4,4,0.9997977614402771
566,6,6,0.9948976635932922
567,0,0,0.9950880408287048
568,6,6,0.9998492002487183
569,3,3,0.9999643564224243
570,5,5,0.9999819993972778
571,4,4,0.7798165678977966
572,8,8,0.9901796579360962
573,3,3,0.9999643564224243
574,3,3,0.9999423027038574
575,9,9,0.9963979721069336
576,3,3,0.9999158382415771
577,3,3,0.9999454021453857
578,3,3,0.9851652383804321
579,7,7,0.9999111890792847
580,8,8,0.9949146509170532
581,0,0,0.9985242486000061
582,8,2,0.8009047508239746
583,2,7,0.9455612301826477
584,1,1,0.999472439289093
585,7,7,0.9999933242797852
586,0,0,0.996345579624176
587,6,6,0.9988934397697449
588,5,5,0.999943733215332
589,4,4,0.9999380111694336
590,3,3,0.9999988079071045
591,8,8,0.8684942722320557
592,0,0,0.9998700618743896
593,9,9,0.9253379702568054
594,6,6,0.9999672174453735
595,3,3,0.9999529123306274
596,8,8,0.998457670211792
597,0,0,0.9751586318016052
598,9,9,0.999228835105896
599,9,9,0.9998314380645752
600,6,6,0.9999929666519165
601,8,8,0.9942796230316162
602,6,6,0.9999897480010986
603,8,8,0.9960073828697205
604,5,5,0.9999980926513672
605,7,7,0.9866129755973816
606,8,8,0.999937891960144
607,6,6,0.9999409914016724
608,0,0,0.9998683929443359
609,2,2,0.9998424053192139
610,4,4,0.9999594688415527
611,0,0,0.9913201928138733
612,2,2,0.9999997615814209
613,2,2,0.8112156391143799
614,3,3,0.9919039607048035
615,1,1,0.9976876974105835
616,9,9,0.9990572333335876
617,7,7,0.9997416138648987
618,5,5,0.9999533891677856
619,1,1,0.7411755919456482
620,0,0,0.9994542002677917
621,8,8,0.9990869760513306
622,4,4,0.9999761581420898
623,6,6,0.9999799728393555
624,2,2,0.9917851686477661
625,6,6,0.9778318405151367
626,7,7,0.9999960660934448
627,9,9,0.9972323775291443
628,3,3,0.9996845722198486
629,2,2,0.9911448359489441
630,9,9,0.9985829591751099
631,8,8,0.9999135732650757
632,2,2,0.9995071887969971
633,2,2,0.9999852180480957
634,9,9,0.9999710321426392
635,2,2,0.9994744658470154
636,7,7,0.9999986886978149
637,3,3,0.9996880292892456
638,5,5,0.9999967813491821
639,9,9,0.9977478384971619
640,1,1,0.9996591806411743
641,8,8,0.9996448755264282
642,0,0,0.9938264489173889
643,2,2,0.9999628067016602
644,0,0,0.9999843835830688
645,5,5,0.9961269497871399
646,2,1,0.8514364361763
647,1,1,0.9994434714317322
648,3,3,0.999988317489624
649,7,7,0.9995701909065247
650,6,6,0.9978760480880737
651,7,7,0.9998964071273804
652,1,1,0.9998499155044556
653,2,2,0.9998946189880371
654,5,5,0.9994055032730103
655,8,8,0.9994008541107178
656,0,0,0.9999980926513672
657,3,3,0.9999591112136841
658,7,7,0.9993187189102173
659,2,7,0.4575572609901428
660,4,4,0.9999916553497314
661,0,0,0.9713724255561829
662,9,9,0.9999282360076904
663,1,1,0.9994908571243286
664,8,8,0.9999117851257324
665,6,6,0.9999991655349731
666,7,7,0.9958018660545349
667,7,7,0.9244830012321472
668,4,4,0.9999964237213135
669,3,3,0.9996820688247681
670,4,4,0.9987500905990601
671,9,9,0.9997960925102234
672,1,1,0.9994872808456421
673,9,9,0.9943988919258118
674,5,5,0.639726996421814
675,1,1,0.9992974996566772
676,7,7,0.9865265488624573
677,3,3,0.9999048709869385
678,9,9,0.9996300935745239
679,7,7,0.9990869760513306
680,6,6,0.9999969005584717
681,9,9,0.9994682669639587
682,1,1,0.9979720711708069
683,3,3,0.9999233484268188
684,7,7,0.9736078381538391
685,8,8,0.989266037940979
686,3,3,0.9998589754104614
687,3,3,0.9999959468841553
688,6,6,0.9956443309783936
689,7,7,0.9582659006118774
690,2,2,0.9996919631958008
691,8,8,0.6356025338172913
692,5,5,0.9998881816864014
693,8,8,0.9582667946815491
694,5,5,0.9998747110366821
695,1,1,0.9993403553962708
696,1,1,0.9951230883598328
697,4,4,0.9999911785125732
698,4,4,0.999219536781311
699,3,3,0.9988453388214111
700,1,1,0.9995725750923157
701,0,0,0.9960960745811462
702,7,7,0.9971030354499817
703,7,7,0.9998121857643127
704,0,0,0.9965657591819763
705,7,7,0.9998929500579834
706,9,9,0.9997791647911072
707,4,4,0.9939893484115601
708,4,4,0.9997220635414124
709,8,8,0.9999731779098511
710,5,5,0.9999998807907104
711,5,5,0.9999634027481079
712,4,4,0.9868950843811035
713,0,0,0.9994696974754333
714,8,8,0.9999768733978271
715,2,2,0.985466480255127
716,1,1,0.9391505122184753
717,0,6,0.42258238792419434
718,8,8,0.9992555975914001
719,4,4,0.9999961853027344
720,5,5,0.8732521533966064
721,0,0,0.9985692501068115
722,4,4,0.9999498128890991
723,0,4,0.6251851916313171
724,6,6,0.9999901056289673
725,1,1,0.9982160925865173
726,7,7,0.6052401661872864
727,3,3,0.9999841451644897
728,2,2,0.9894500374794006
729,6,6,0.9989368319511414
730,7,7,0.9997437596321106
731,2,2,0.999984622001648
732,6,6,0.9999992847442627
733,9,9,0.999854564666748
734,3,3,0.9999804496765137
735,1,1,0.9995262622833252
736,4,4,0.9994520545005798
737,6,6,0.9999463558197021
738,2,2,0.9807326197624207
739,5,5,0.9998784065246582
740,4,4,0.8169190287590027
741,2,2,0.9993194341659546
742,0,0,0.9999967813491821
743,6,6,0.9983306527137756
744,2,2,0.9999994039535522
745,1,1,0.9998853206634521
746,7,7,0.996756374835968
747,3,3,0.9999711513519287
748,4,4,0.9891175627708435
749,1,1,0.9981209635734558
750,0,0,0.9998294115066528
751,5,5,0.9999978542327881
752,4,4,0.9999860525131226
753,3,3,0.9994295239448547
754,1,1,0.9992075562477112
755,1,1,0.998634397983551
756,7,7,0.9998925924301147
757,4,4,0.9995083808898926
758,9,9,0.9995473027229309
759,9,9,0.9974983334541321
760,4,4,0.9831494688987732
761,8,8,0.9653648138046265
762,4,4,0.9998542070388794
763,0,0,0.9981437921524048
764,2,2,0.9990929365158081
765,4,4,0.9997885823249817
766,5,5,0.999976396560669
767,1,1,0.9976568222045898
768,1,1,0.9997734427452087
769,6,6,0.9991464614868164
770,4,4,0.9999843835830688
771,7,7,0.9981927275657654
772,1,1,0.9974201917648315
773,9,9,0.9998654127120972
774,4,4,0.7554987668991089
775,2,2,0.9979058504104614
776,4,4,0.9996318817138672
777,1,1,0.9993547797203064
778,5,5,0.9999972581863403
779,5,5,0.9999861717224121
780,3,3,0.9999523162841797
781,8,8,0.993539035320282
782,3,3,0.9997089505195618
783,1,1,0.9986567497253418
784,4,4,0.9999282360076904
785,5,5,0.9995181560516357
786,6,6,0.9959506988525391
787,8,8,0.9995183944702148
788,9,9,0.9998067021369934
789,4,4,0.9939358830451965
790,1,1,0.9996463060379028
791,5,5,0.998595654964447
792,3,3,1.0
793,8,8,0.9997052550315857
794,0,0,0.9999076128005981
795,3,3,0.997168242931366
796,2,2,0.9999637603759766
797,5,5,0.9868071675300598
798,1,1,0.9993688464164734
799,2,2,0.9999953508377075
800,8,8,0.981736421585083
801,3,3,0.9999721050262451
802,4,4,0.9978973865509033
803,4,4,0.9999970197677612
804,0,0,0.9861518740653992
805,8,8,0.9999686479568481
806,8,8,0.9999982118606567
807,3,3,0.9999927282333374
808,3,3,0.9987358450889587
809,1,1,0.9968134760856628
810,7,7,0.9998693466186523
811,3,3,0.9999644756317139
812,5,5,0.9999995231628418
813,9,9,0.5263979434967041
814,6,6,0.9998282194137573
815,3,3,0.999862551689148
816,2,2,0.999882698059082
817,6,6,0.9999954700469971
818,1,1,0.9938295483589172
819,3,3,0.9999990463256836
820,6,6,0.999990701675415
821,0,0,0.9989773035049438
822,7,7,0.999995231628418
823,2,2,0.9976183772087097
824,1,1,0.9994924068450928
825,7,7,0.99964439868927
826,1,1,0.9996639490127563
827,4,4,0.9988375306129456
828,2,2,0.9935757517814636
829,4,4,0.9958420395851135
830,2,2,0.9788337349891663
831,1,1,0.9990646243095398
832,7,7,0.9998177886009216
833,9,9,0.9234394431114197
834,6,6,0.9967461824417114
835,1,1,0.9973813891410828
836,1,1,0.9992699027061462
837,2,2,0.9999228715896606
838,4,4,0.9999977350234985
839,8,8,0.9744729399681091
840,1,1,0.999103844165802
841,7,7,0.9999959468841553
842,7,7,0.9689420461654663
843,4,4,0.9999825954437256
844,8,8,0.9201237559318542
845,0,0,0.9999556541442871
846,7,7,0.9951680898666382
847,3,3,0.9999827146530151
848,1,1,0.9997373223304749
849,3,3,0.9999703168869019
850,1,1,0.9998494386672974
851,0,0,0.9997788071632385
852,7,7,0.9997194409370422
853,7,7,0.9964209794998169
854,0,0,0.9991245865821838
855,3,3,0.9999358654022217
856,5,5,0.9999594688415527
857,5,5,0.9999402761459351
858,2,2,0.9994515776634216
859,7,7,0.9995704293251038
860,6,6,0.9999995231628418
861,6,6,0.9999985694885254
862,9,9,0.9996899366378784
863,2,2,0.9984056353569031
864,8,8,0.9994311928749084
865,3,3,0.9995941519737244
866,5,5,0.9992595314979553
867,2,2,0.9996236562728882
868,2,2,0.9996128678321838
869,5,5,0.9998995065689087
870,6,6,0.9938884377479553
871,0,0,0.9994840621948242
872,8,8,0.7781243324279785
873,2,2,0.999610960483551
874,9,9,0.9737758040428162
875,2,2,0.9975378513336182
876,8,8,0.9999921321868896
877,8,8,0.9945456981658936
878,8,8,0.9483307003974915
879,8,8,0.9999891519546509
880,7,7,0.9994889497756958
881,4,4,0.9922325611114502
882,9,7,0.40451785922050476
883,3,3,0.6527725458145142
884,0,0,0.9998742341995239
885,6,6,0.9989563226699829
886,6,6,0.9999972581863403
887,3,3,0.9999994039535522
888,2,2,0.9996612071990967
889,1,1,0.9984839558601379
890,3,3,0.9982732534408569
891,2,2,0.9999785423278809
892,2,2,0.9999613761901855
893,9,9,0.9997318387031555
894,3,3,0.9955623149871826
895,0,0,0.7580665946006775
896,0,0,0.9714734554290771
897,5,5,0.9999922513961792
898,7,7,0.9813778400421143
899,8,8,0.9999947547912598
900,1,1,0.8898425698280334
901,4,4,0.9997194409370422
902,4,4,0.9873387813568115
903,6,6,0.9995978474617004
904,0,0,0.9984955787658691
905,2,2,0.9992327690124512
906,9,9,0.9861038327217102
907,1,1,0.9959836006164551
908,4,4,0.999847412109375
909,7,7,0.9998025298118591
910,4,4,0.9999485015869141
911,7,7,0.9999696016311646
912,3,3,0.999993085861206
913,9,9,0.9999589920043945
914,8,8,0.9999741315841675
915,8,8,0.9953386783599854
916,4,4,0.9981233477592468
917,7,7,0.9999409914016724
918,1,1,0.9944104552268982
919,2,2,0.9996160268783569
920,1,1,0.9938389658927917
921,2,2,0.9998096823692322
922,2,2,0.9942491054534912
923,3,3,0.9999692440032959
924,2,2,0.9288167953491211
925,3,3,0.9999982118606567
926,2,2,0.9880973100662231
927,3,3,0.9999985694885254
928,9,9,0.999171257019043
929,1,1,0.9904327392578125
930,7,7,0.9988589286804199
931,4,4,0.9990076422691345
932,0,0,0.9964467883110046
933,3,3,0.9999934434890747
934,5,5,0.9999985694885254
935,5,5,0.999968409538269
936,8,8,0.9035782217979431
937,6,6,0.9999983310699463
938,3,3,0.5999765992164612
939,2,2,0.9570649266242981
940,6,6,0.9982069730758667
941,7,7,0.9999837875366211
942,6,6,0.9999586343765259
943,6,6,0.9943386912345886
944,3,3,0.999810516834259
945,2,2,0.9999997615814209
946,7,7,0.9923602938652039
947,8,9,0.9554100036621094
948,1,1,0.9973369240760803
949,1,1,0.9997460246086121
950,7,7,0.9988376498222351
951,5,5,0.9095363020896912
952,6,6,0.9998350143432617
953,4,4,0.9998977184295654
954,9,9,0.9977430105209351
955,5,5,0.9951476454734802
956,1,1,0.9857972264289856
957,3,3,0.9983731508255005
958,3,3,0.881671130657196
959,4,4,0.9963514804840088
960,7,7,0.9931010007858276
961,8,8,0.9999680519104004
962,9,9,0.982490599155426
963,1,1,0.991080105304718
964,1,1,0.9762113094329834
965,6,6,0.9406622052192688
966,9,9,0.9806683659553528
967,1,1,0.9993669390678406
968,4,4,0.9967266321182251
969,4,4,0.9979698061943054
970,5,5,0.9999880790710449
971,4,4,0.9999465942382812
972,0,0,0.9999961853027344
973,6,6,0.9999983310699463
974,2,2,0.9999898672103882
975,2,2,0.9993913173675537
976,3,3,0.9980011582374573
977,1,1,0.9990321397781372
978,5,5,0.9999885559082031
979,1,1,0.9995924830436707
980,2,2,0.9999990463256836
981,0,0,0.9996402263641357
982,3,3,0.998798131942749
983,8,8,0.9995418787002563
984,1,1,0.9953972697257996
985,2,2,0.9999392032623291
986,6,6,0.9994685053825378
987,7,7,0.9999903440475464
988,1,1,0.9891660809516907
989,6,6,0.9987027645111084
990,2,2,0.9989339709281921
991,3,3,0.9993884563446045
992,9,9,0.9991878867149353
993,0,0,0.9993194341659546
994,1,1,0.9988827109336853
995,2,2,0.9986730813980103
996,2,2,0.9999977350234985
997,0,0,0.9999070167541504
998,8,8,0.9664344191551208
999,9,9,0.9974246025085449
1000,9,9,0.996491014957428
1001,0,0,0.996423065662384
1002,2,2,0.978901207447052
1003,5,5,0.9970222115516663
1004,1,1,0.9989715814590454
1005,9,9,0.9995360374450684
1006,7,7,0.9992665648460388
1007,8,8,0.9983837604522705
1008,1,1,0.9998120665550232
1009,0,0,0.9999250173568726
1010,4,4,0.9998257756233215
1011,1,1,0.9998958110809326
1012,7,7,0.9990234375
1013,9,9,0.9988614320755005
1014,6,5,0.8990300893783569
1015,4,4,0.9986633062362671
1016,2,2,0.9999502897262573
1017,6,6,0.9996765851974487
1018,8,8,0.9967250227928162
1019,1,1,0.9967584013938904
1020,3,3,0.9880092740058899
1021,7,7,0.9961262345314026
1022,5,5,0.9964491128921509
1023,4,4,0.9999668598175049
1024,4,4,0.9952296018600464
1025,1,1,0.999777615070343
1026,8,8,0.8358758091926575
1027,1,1,0.9997758269309998
1028,3,3,0.9999717473983765
1029,8,8,0.9995562434196472
1030,1,1,0.9990503191947937
1031,2,2,0.9990999698638916
1032,5,5,0.9835200905799866
1033,8,9,0.376193642616272
1034,0,0,0.9998502731323242
1035,6,6,0.9999881982803345
1036,2,2,0.9998458623886108
1037,1,1,0.9979378581047058
1038,1,1,0.9985830783843994
1039,7,2,0.3278147280216217
1040,1,1,0.9987571239471436
1041,5,5,0.9999994039535522
1042,3,3,0.9998648166656494
1043,4,4,0.9910382032394409
1044,6,6,0.9666711688041687
1045,9,9,0.9277351498603821
1046,5,5,0.9997922778129578
1047,0,0,0.9965090155601501
1048,9,9,0.9997788071632385
1049,2,2,0.9999983310699463
1050,2,2,0.988120436668396
1051,4,4,0.9999088048934937
1052,8,8,0.9925631880760193
1053,2,2,0.9999712705612183
1054,1,1,0.9945942759513855
1055,7,7,0.9998278617858887
1056,2,2,0.992214024066925
1057,4,4,0.9999901056289673
1058,9,9,0.9989027976989746
1059,4,4,0.9999642372131348
1060,4,4,0.9999862909317017
1061,0,0,0.9977641105651855
1062,3,3,0.9731388688087463
1063,9,9,0.9994877576828003
1064,2,2,0.9998724460601807
1065,2,2,0.9999810457229614
1066,3,3,0.9849064946174622
1067,3,3,0.9999285936355591
1068,8,8,0.8948562741279602
1069,3,3,0.9988099336624146
1070,5,5,0.9999995231628418
1071,7,7,0.9995540976524353
1072,3,3,0.9823353886604309
1073,5,5,0.9999700784683228
1074,8,8,0.9999487400054932
1075,1,1,0.9888507723808289
1076,2,2,0.9988975524902344
1077,4,4,0.9990555644035339
1078,4,4,0.999925971031189
1079,6,6,0.9896113872528076
1080,4,4,0.9985027313232422
1081,9,9,0.9871610999107361
1082,5,5,0.9991418123245239
1083,1,1,0.9993751645088196
1084,0,0,0.9999645948410034
1085,6,6,0.999862551689148
1086,9,9,0.9998434782028198
1087,5,5,0.999936580657959
1088,9,9,0.9986009001731873
1089,5,5,0.9996127486228943
1090,9,9,0.9951996803283691
1091,7,7,0.9998747110366821
1092,3,3,0.9998195767402649
1093,8,8,0.997177243232727
1094,0,0,0.9991347193717957
1095,3,3,0.9999722242355347
1096,7,7,0.9999712705612183
1097,1,1,0.997810423374176
1098,3,3,0.9997251629829407
1099,6,6,0.9987666606903076
1100,7,7,0.9998983144760132
1101,8,8,0.9994377493858337
1102,5,5,0.9999998807907104
1103,9,9,0.9993473887443542
1104,7,7,0.9999489784240723
1105,9,9,0.9993430972099304
1106,6,6,0.9999974966049194
1107,9,9,0.9998658895492554
1108,6,6,0.9997716546058655
1109,3,3,0.9999585151672363
1110,7,7,0.9999744892120361
1111,4,4,0.9999533891677856
1112,4,4,0.7628179788589478
1113,5,5,0.9999997615814209
1114,3,3,0.7611811757087708
1115,5,5,0.9999281167984009
1116,4,4,0.9998611211776733
1117,7,7,0.9995827078819275
1118,8,8,0.9974492192268372
1119,7,7,0.9948830604553223
1120,8,8,0.9997411370277405
1121,0,0,0.9728395938873291
1122,7,7,0.9930911064147949
1123,6,6,0.9999866485595703
1124,8,8,0.9540610909461975
1125,8,8,0.997506320476532
1126,7,7,0.9999231100082397
1127,3,3,0.9999233484268188
1128,3,3,0.7914540767669678
1129,1,1,0.9997710585594177
1130,9,9,0.9985452890396118
1131,5,5,0.9993995428085327
1132,2,2,0.9998152852058411
1133,7,7,0.9969524145126343
1134,3,3,0.9999918937683105
1135,5,5,0.999984860420227
1136,1,1,0.9998062252998352
1137,1,1,0.9932663440704346
1138,2,2,0.9086361527442932
1139,1,1,0.9997324347496033
1140,4,4,0.9999723434448242
1141,7,7,0.9997947812080383
1142,4,4,0.9995067119598389
1143,7,7,0.9790863394737244
1144,5,5,0.9999874830245972
1145,4,4,0.9999536275863647
1146,5,5,0.9989414811134338
1147,4,4,0.9238547682762146
1148,0,0,0.9998804330825806
1149,8,8,0.9990580677986145
1150,3,3,0.9999388456344604
1151,6,6,0.9851175546646118
1152,9,9,0.9918723702430725
1153,6,6,0.899383008480072
1154,0,0,0.9993939399719238
1155,2,2,0.9996429681777954
1156,7,7,0.9909048676490784
1157,4,4,0.998894989490509
1158,4,4,0.9999985694885254
1159,4,4,0.9995146989822388
1160,4,4,0.9998970031738281
1161,6,6,0.9999374151229858
1162,6,6,0.9999713897705078
1163,4,4,0.9999176263809204
1164,7,7,0.9980111122131348
1165,9,9,0.9996238946914673
1166,3,3,0.7695873379707336
1167,4,4,0.9658395051956177
1168,5,5,0.9999887943267822
1169,5,5,0.999626636505127
1170,8,8,0.999968409538269
1171,7,7,0.9999443292617798
1172,3,3,0.9999854564666748
1173,7,7,0.9739139080047607
1174,2,2,0.9999880790710449
1175,7,7,0.9997993111610413
1176,0,0,0.9994829893112183
1177,2,2,0.9998989105224609
1178,4,4,0.9891140460968018
1179,1,1,0.9979912042617798
1180,1,1,0.9999021291732788
1181,6,6,0.8448648452758789
1182,6,6,0.7870296835899353
1183,9,9,0.9995766282081604
1184,2,2,0.9588121175765991
1185,8,8,0.9994805455207825
1186,7,7,0.9999608993530273
1187,2,2,0.9982191920280457
1188,0,0,0.9998154044151306
1189,1,1,0.9981868863105774
1190,5,5,0.999995231628418
1191,0,0,0.9323781132698059
1192,9,9,0.9824360609054565
1193,1,1,0.9986768364906311
1194,7,7,0.9972193241119385
1195,0,0,0.9998183846473694
1196,6,6,0.9998458623886108
1197,0,0,0.9836687445640564
1198,8,8,0.9972215890884399
1199,6,6,0.9999086856842041
1200,8,8,0.9983092546463013
1201,1,1,0.997344434261322
1202,8,8,0.9651497602462769
1203,0,0,0.9995926022529602
1204,3,3,0.994642972946167
1205,3,3,0.9999620914459229
1206,7,7,0.9839953780174255
1207,2,2,0.9999983310699463
1208,3,3,0.9410430192947388
1209,6,6,0.9699127078056335
1210,2,2,0.9999756813049316
1211,1,1,0.9992338418960571
1212,6,6,0.9326351284980774
1213,1,1,0.9997274279594421
1214,1,1,0.9994402527809143
1215,3,3,0.9999774694442749
1216,7,7,0.9835376143455505
1217,9,9,0.982130229473114
1218,0,0,0.9977040886878967
1219,8,8,0.9986374974250793
1220,0,0,0.9984007477760315
1221,5,5,0.999943733215332
1222,4,4,0.9999909400939941
1223,0,0,0.9998408555984497
1224,2,2,0.9822742342948914
1225,8,8,0.9997614026069641
1226,7,2,0.7528395652770996
1227,2,2,0.9996547698974609
1228,9,9,0.9990444779396057
1229,8,8,0.9996473789215088
1230,4,4,0.999377429485321
1231,0,0,0.9997943043708801
1232,9,4,0.7765990495681763
1233,5,5,0.9999784231185913
1234,8,8,0.9995494484901428
1235,5,5,0.9999704360961914
1236,1,1,0.9990000128746033
1237,2,2,0.9997722506523132
1238,1,1,0.9989808201789856
1239,3,3,0.995771586894989
1240,1,1,0.9979934692382812
1241,7,7,0.9930599927902222
1242,4,4,0.5681094527244568
1243,5,5,0.9985180497169495
1244,7,7,0.9933766722679138
1245,2,2,0.9999896287918091
1246,0,0,0.9999490976333618
1247,9,9,0.7576218843460083
1248,8,8,0.9988123178482056
1249,8,8,0.9999923706054688
1250,6,6,0.9846618175506592
1251,2,2,0.9999992847442627
1252,5,5,0.9997492432594299
1253,4,4,0.9999934434890747
1254,1,1,0.9996131062507629
1255,9,9,0.9997034668922424
1256,2,2,0.9869089722633362
1257,1,1,0.9961133003234863
1258,5,5,0.9886956214904785
1259,8,8,0.9992641806602478
1260,7,7,0.677259624004364
1261,0,0,0.9999035596847534
1262,2,2,0.9994317889213562
1263,4,4,0.9995297193527222
1264,4,4,0.9761935472488403
1265,3,3,0.9999314546585083
1266,6,6,0.9999749660491943
1267,8,8,0.9975625276565552
1268,8,8,0.9998528957366943
1269,2,2,0.999565064907074
1270,4,4,0.9913560152053833
1271,0,0,0.9998779296875
1272,5,5,0.9999834299087524
1273,0,0,0.9790390133857727
1274,4,4,0.9311602115631104
1275,4,4,0.9989368319511414
1276,7,7,0.9999592304229736
1277,9,9,0.9993587136268616
1278,3,3,0.9999865293502808
1279,4,4,0.9981770515441895
1280,1,1,0.9979312419891357
1281,5,5,0.9998121857643127
1282,9,9,0.9982068538665771
1283,7,7,0.9993107318878174
1284,3,3,0.999998927116394
1285,5,5,0.9999321699142456
1286,8,8,0.9939768314361572
1287,8,8,0.9978085160255432
1288,0,0,0.8398056626319885
1289,5,5,0.9908130764961243
1290,3,3,0.8338941931724548
1291,3,3,0.9999912977218628
1292,6,6,0.9894518256187439
1293,6,6,0.9999905824661255
1294,0,0,0.9999591112136841
1295,1,1,0.9990272521972656
1296,6,6,0.9985557198524475
1297,0,0,0.9999598264694214
1298,3,3,0.9996815919876099
1299,5,5,0.810297966003418
1300,4,4,0.9999151229858398
1301,4,4,0.9935908317565918
1302,1,1,0.9994224309921265
1303,2,2,0.9990010857582092
1304,9,9,0.9998992681503296
1305,1,1,0.9997974038124084
1306,4,4,0.9999562501907349
1307,6,6,0.9999887943267822
1308,9,9,0.9999034404754639
1309,9,9,0.9995953440666199
1310,3,3,0.9949407577514648
1311,9,9,0.998842716217041
1312,8,8,0.9985401630401611
1313,4,4,0.9998311996459961
1314,4,4,0.99973064661026
1315,3,3,0.9999510049819946
1316,1,1,0.9997926354408264
1317,3,3,0.9999939203262329
1318,1,1,0.9993118047714233
1319,8,8,0.8627393841743469
1320,8,8,0.9988411068916321
1321,7,7,0.9973570704460144
1322,9,9,0.9985135197639465
1323,4,4,0.9997784495353699
1324,8,8,0.9994152784347534
1325,8,8,0.9986758828163147
1326,7,7,0.9384375810623169
1327,9,9,0.9988412261009216
1328,7,7,0.9383163452148438
1329,1,1,0.9998098015785217
1330,4,4,0.9976232647895813
1331,5,5,0.9960235357284546
1332,6,6,0.9999840259552002
1333,0,0,0.9999737739562988
1334,5,5,0.9998728036880493
1335,2,2,0.9994382262229919
1336,2,2,0.999477207660675
1337,2,2,0.9775845408439636
1338,1,1,0.9990131855010986
1339,5,5,0.9997125267982483
1340,5,5,0.9998477697372437
1341,2,2,0.9999747276306152
1342,4,4,0.9999793767929077
1343,9,9,0.9979914426803589
1344,6,6,0.9962165951728821
1345,2,2,0.9985802173614502
1346,7,7,0.9997411370277405
1347,7,7,0.9997316002845764
1348,2,2,0.9997311234474182
1349,2,2,0.9859955906867981
1350,1,1,0.9988616704940796
1351,1,1,0.9997261166572571
1352,2,2,0.9996047616004944
1353,8,8,0.999678373336792
1354,3,3,0.9996364116668701
1355,7,7,0.9543150663375854
1356,2,2,0.8604485988616943
1357,4,4,0.9940500855445862
1358,1,1,0.9965680837631226
1359,7,7,0.9999445676803589
1360,1,1,0.9942629933357239
1361,7,7,0.9999481439590454
1362,6,6,0.9999938011169434
1363,7,7,0.9998711347579956
1364,8,8,0.8489339351654053
1365,2,2,0.9976322650909424
1366,7,7,0.9998214840888977
1367,3,3,0.9999982118606567
1368,1,1,0.9916250109672546
1369,7,7,0.9999887943267822
1370,5,5,0.9997947812080383
1371,8,8,0.9999860525131226
1372,2,2,0.9995160102844238
1373,6,6,0.9999994039535522
1374,2,2,0.9999905824661255
1375,2,2,0.9993042945861816
1376,5,5,0.9999908208847046
1377,6,6,0.9988773465156555
1378,5,5,0.9975142478942871
1379,0,0,0.9999749660491943
1380,9,9,0.998923122882843
1381,2,2,0.9996718168258667
1382,4,4,0.9999994039535522
1383,3,3,0.9994956254959106
1384,3,3,0.9998328685760498
1385,9,9,0.9957616925239563
1386,7,7,0.9999802112579346
1387,6,6,0.9999551773071289
1388,6,6,0.9999717473983765
1389,8,8,0.9999696016311646
1390,0,0,0.9998384714126587
1391,4,4,0.9988815188407898
1392,1,1,0.9723053574562073
1393,5,3,0.5490731596946716
1394,8,8,0.8574726581573486
1395,2,2,0.9386614561080933
1396,9,9,0.9994934797286987
1397,1,1,0.9994307160377502
1398,8,8,0.988090991973877
1399,0,0,0.9998365640640259
1400,6,6,0.9992097616195679
1401,7,7,0.9997087121009827
1402,2,2,0.8197070956230164
1403,1,1,0.6419485807418823
1404,0,0,0.9651616811752319
1405,5,5,0.9944873452186584
1406,5,5,0.9998704195022583
1407,2,2,0.9999961853027344
1408,0,0,0.9991508722305298
1409,2,2,0.9969257712364197
1410,2,2,0.9997580647468567
1411,0,0,0.9966380596160889
1412,2,2,0.9987095594406128
1413,4,4,0.9982463121414185
1414,9,9,0.8334542512893677
1415,8,8,0.9988546371459961
1416,0,0,0.9997718930244446
1417,9,9,0.9990007281303406
1418,9,9,0.9995206594467163
1419,4,4,0.9998968839645386
1420,6,6,0.9999829530715942
1421,5,5,0.9999955892562866
1422,4,4,0.9999679327011108
1423,9,9,0.9981422424316406
1424,1,1,0.9998177886009216
1425,8,6,0.7387353181838989
1426,3,3,0.9999911785125732
1427,4,4,0.9986825585365295
1428,9,9,0.9993402361869812
1429,9,9,0.9525749087333679
1430,1,1,0.9996436834335327
1431,2,2,0.9999549388885498
1432,2,2,0.9999544620513916
1433,8,8,0.9982755184173584
1434,1,1,0.9999203681945801
1435,9,9,0.9984369874000549
1436,6,6,0.9810847043991089
1437,4,4,0.9985182881355286
1438,0,6,0.4150850772857666
1439,9,9,0.9827947020530701
1440,4,4,0.9901419281959534
1441,8,9,0.5079398155212402
1442,3,3,0.9999395608901978
1443,8,8,0.9999697208404541
1444,6,6,0.9808509349822998
1445,0,0,0.999777615070343
1446,2,2,0.9991777539253235
1447,5,5,0.9978744983673096
1448,1,1,0.9994686245918274
1449,9,9,0.9998051524162292
1450,6,6,0.999941349029541
1451,2,2,0.9990620017051697
1452,9,9,0.9998519420623779
1453,4,4,0.8810845613479614
1454,0,0,0.9938337802886963
1455,9,9,0.9944131970405579
1456,6,6,0.9998093247413635
1457,0,0,0.9999921321868896
1458,6,6,0.9997424483299255
1459,2,2,0.7139230370521545
1460,5,5,0.9999988079071045
1461,4,4,0.9999970197677612
1462,2,2,0.9893693923950195
1463,3,3,0.9972053170204163
1464,8,8,0.9564273357391357
1465,4,4,0.9931073784828186
1466,5,5,0.9921107888221741
1467,5,5,0.9988963603973389
1468,0,0,0.998343825340271
1469,3,3,0.9833019375801086
1470,8,8,0.9998549222946167
1471,5,5,0.999976396560669
1472,3,3,0.9993009567260742
1473,5,5,0.9999905824661255
1474,8,8,0.9998321533203125
1475,6,6,0.9971764087677002
1476,5,5,0.9996774196624756
1477,7,7,0.9989435076713562
1478,6,6,0.9998219609260559
1479,3,3,0.9999967813491821
1480,3,3,0.9996052384376526
1481,9,9,0.9998146891593933
1482,6,6,0.9982640147209167
1483,1,1,0.9981365203857422
1484,1,1,0.994720458984375
1485,2,2,0.9997466206550598
1486,9,9,0.9991816878318787
1487,0,0,0.9995661377906799
1488,4,4,0.9999955892562866
1489,3,3,0.9998416900634766
1490,3,3,0.9991562366485596
1491,6,6,0.9999865293502808
1492,9,9,0.9991405010223389
1493,5,5,0.9999973773956299
1494,7,7,0.994726836681366
1495,3,3,0.9990591406822205
1496,7,7,0.9423285722732544
1497,7,7,0.9999420642852783
1498,7,7,0.9999964237213135
1499,8,8,0.9999245405197144
1500,7,7,0.9752305150032043
1501,9,9,0.9995878338813782
1502,8,8,0.9091870784759521
1503,3,3,0.9994931221008301
1504,0,0,0.9985026121139526
1505,7,7,0.9815001487731934
1506,2,2,0.9999957084655762
1507,7,7,0.9977725148200989
1508,9,9,0.9977117776870728
1509,4,4,0.9941839575767517
1510,5,5,0.9996618032455444
1511,4,4,0.999946117401123
1512,9,9,0.9975894689559937
1513,3,3,0.9997902512550354
1514,2,2,0.9982000589370728
1515,1,1,0.9999470710754395
1516,4,4,0.9877553582191467
1517,0,0,0.9999306201934814
1518,2,2,0.997776448726654
1519,3,3,0.9999924898147583
1520,7,7,0.9975333213806152
1521,5,5,0.9999994039535522
1522,7,7,0.4452623426914215
1523,8,8,0.9706978797912598
1524,8,8,0.9998425245285034
1525,5,5,0.9986218214035034
1526,0,0,0.9993808269500732
1527,1,1,0.9254675507545471
1528,1,1,0.9998856782913208
1529,4,4,0.999997615814209
1530,8,8,0.5898995399475098
1531,3,3,0.9875983595848083
1532,9,9,0.9995874762535095
1533,0,0,0.9435107707977295
1534,0,0,0.998909592628479
1535,0,0,0.999840259552002
1536,6,6,0.9994217157363892
1537,6,6,0.9999969005584717
1538,2,2,0.9996261596679688
1539,3,3,0.9999841451644897
1540,7,7,0.9998501539230347
1541,8,8,0.9995465874671936
1542,4,4,0.9999871253967285
1543,7,7,0.986912727355957
1544,7,7,0.9999994039535522
1545,9,9,0.9995515942573547
1546,2,2,0.9988251328468323
1547,4,4,0.9961968660354614
1548,1,1,0.9945489764213562
1549,4,4,0.9968847632408142
1550,5,5,0.9996482133865356
1551,2,2,0.9958980679512024
1552,4,4,0.9998979568481445
1553,9,9,0.7128508687019348
1554,9,9,0.956887423992157
1555,1,1,0.9996318817138672
1556,8,8,0.9999432563781738
1557,4,4,0.9999690055847168
1558,0,0,0.9910814762115479
1559,9,9,0.7033960819244385
1560,8,8,0.9999027252197266
1561,4,4,0.9997290968894958
1562,8,8,0.9985193610191345
1563,7,7,0.9997259974479675
1564,7,7,0.9998050332069397
1565,0,0,0.995532751083374
1566,7,7,0.9785439372062683
1567,8,8,0.9999829530715942
1568,8,8,0.999159574508667
1569,6,6,0.9938696622848511
1570,0,4,0.7219547629356384
1571,4,4,0.9993220567703247
1572,8,8,0.9930453896522522
1573,8,8,0.9994612336158752
1574,2,2,0.9999982118606567
1575,4,4,0.9999879598617554
1576,7,7,0.9992401599884033
1577,6,6,0.9999855756759644
1578,6,6,0.999983549118042
1579,6,6,0.999383807182312
1580,4,4,0.9993786811828613
1581,7,7,0.9981696605682373
1582,1,1,0.9992678761482239
1583,8,8,0.9913492202758789
1584,8,8,0.9279895424842834
1585,2,2,0.9996249675750732
1586,3,3,0.9997870326042175
1587,6,6,0.9947086572647095
1588,3,3,0.9999948740005493
1589,0,0,0.9999674558639526
1590,0,0,0.9996899366378784
1591,3,3,0.9963520765304565
1592,7,7,0.9999324083328247
1593,6,6,0.997612714767456
1594,9,9,0.9762057065963745
1595,7,7,0.9972527623176575
1596,9,9,0.9901940226554871
1597,9,9,0.9749612808227539
1598,5,5,0.9999990463256836
1599,4,4,0.9999150037765503
1600,3,3,0.9979162812232971
1601,3,3,0.9729055762290955
1602,6,6,0.9996950626373291
1603,1,1,0.9998307228088379
1604,2,2,0.9997004270553589
1605,3,3,0.9999500513076782
1606,7,7,0.9999414682388306
1607,3,3,0.9908397793769836
1608,3,3,0.9999984502792358
1609,2,2,0.9998137354850769
1610,0,0,0.9997785687446594
1611,3,3,0.8192819952964783
1612,3,3,0.9990761280059814
1613,8,8,0.969579815864563
1614,4,4,0.9976715445518494
1615,3,3,0.999991774559021
1616,6,6,0.9999864101409912
1617,3,3,0.9747060537338257
1618,5,5,0.9970515966415405
1619,0,0,0.9934478402137756
1620,2,2,0.995486319065094
1621,0,6,0.9668930172920227
1622,9,9,0.9992454051971436
1623,0,0,0.9999690055847168
1624,7,7,0.9998078942298889
1625,4,4,0.9999986886978149
1626,6,6,0.9878338575363159
1627,9,9,0.9999630451202393
1628,3,3,0.9999451637268066
1629,5,5,0.9999966621398926
1630,1,1,0.9995139837265015
1631,9,9,0.9925859570503235
1632,6,6,0.9999032020568848
1633,1,1,0.9999474287033081
1634,4,4,0.6801739931106567
1635,5,5,0.9999544620513916
1636,4,4,0.9997918009757996
1637,5,5,0.9985814094543457
1638,0,0,0.9989383816719055
1639,5,5,0.9999958276748657
1640,9,9,0.9998421669006348
1641,5,5,0.933553159236908
1642,2,2,0.9907324314117432
1643,1,1,0.9999347925186157
1644,2,2,0.9764501452445984
1645,9,9,0.999950647354126
1646,1,1,0.9991933703422546
1647,9,9,0.9992013573646545
1648,9,9,0.9962331652641296
1649,4,4,0.9988939166069031
1650,0,0,0.9981681108474731
1651,8,8,0.9998621940612793
1652,4,4,0.997969925403595
1653,5,5,0.9999827146530151
1654,2,2,0.9817610383033752
1655,9,9,0.9995830655097961
1656,2,2,0.9998311996459961
1657,1,1,0.9989644289016724
1658,2,2,0.9999614953994751
1659,1,1,0.9976832866668701
1660,7,7,0.9983079433441162
1661,3,3,0.999911904335022
1662,6,6,0.9999995231628418
1663,8,8,0.9999573230743408
1664,8,8,0.9990646243095398
1665,4,4,0.999840497970581
1666,9,9,0.9994592070579529
1667,1,1,0.9999104738235474
1668,9,9,0.9996658563613892
1669,8,8,0.9986850619316101
1670,5,5,0.9999897480010986
1671,7,7,0.9994184970855713
1672,5,5,0.9994513392448425
1673,1,1,0.9953405857086182
1674,1,1,0.999700665473938
1675,8,8,0.9993840456008911
1676,6,6,0.695671021938324
1677,5,5,0.9999587535858154
1678,2,2,0.9375444054603577
1679,4,4,0.999991774559021
1680,4,4,0.9998635053634644
1681,3,3,0.8034012317657471
1682,2,2,0.9987332224845886
1683,3,3,0.9999963045120239
1684,5,5,0.999852180480957
1685,6,6,0.9999710321426392
1686,8,8,0.8600594401359558
1687,8,8,0.851213276386261
1688,6,6,0.9928804636001587
1689,2,2,0.9617771506309509
1690,3,3,0.9990129470825195
1691,1,1,0.9828044176101685
1692,0,0,0.9999954700469971
1693,5,5,0.9999839067459106
1694,8,8,0.974155843257904
1695,9,9,0.9395079612731934
1696,2,2,0.9987736344337463
1697,9,9,0.9856610298156738
1698,6,6,0.9999996423721313
1699,7,7,0.9999953508377075
1700,0,0,0.9999871253967285
1701,4,4,0.9201728701591492
1702,8,8,0.9577097296714783
1703,7,7,0.9973886609077454
1704,1,1,0.9980702996253967
1705,7,7,0.9998602867126465
1706,4,4,0.9982702732086182
1707,1,1,0.9993209838867188
1708,0,0,0.9987685084342957
1709,9,3,0.6162006258964539
1710,7,7,0.9998843669891357
1711,2,2,0.9938279986381531
1712,0,0,0.9996139407157898
1713,0,0,0.9999721050262451
1714,9,9,0.9997372031211853
1715,1,1,0.9992490410804749
1716,7,7,0.8903354406356812
1717,8,8,0.9563931226730347
1718,7,7,0.9999781847000122
1719,8,8,0.9996317625045776
1720,4,4,0.9999992847442627
1721,7,7,0.80576491355896
1722,2,2,0.9328470826148987
1723,0,0,0.9999486207962036
1724,4,4,0.9999994039535522
1725,6,6,0.9917799830436707
1726,0,0,0.999868631362915
1727,3,3,0.9999489784240723
1728,1,1,0.9983065128326416
1729,1,1,0.9994650483131409
1730,3,3,0.995647132396698
1731,3,3,0.9999974966049194
1732,9,9,0.999408483505249
1733,6,6,0.999721348285675
1734,7,7,0.9999957084655762
1735,4,4,0.9994137287139893
1736,1,1,0.9969660639762878
1737,5,2,0.7299817204475403
1738,3,3,0.9999897480010986
1739,0,0,0.9992891550064087
1740,8,8,0.9991666078567505
1741,7,7,0.9989307522773743
1742,3,3,0.9999817609786987
1743,9,9,0.9985839128494263
1744,6,6,0.9999185800552368
1745,9,9,0.9998089671134949
1746,3,3,0.9993276596069336
1747,5,5,0.9990043044090271
1748,0,0,0.907852292060852
1749,2,2,0.999717652797699
1750,7,7,0.9964361190795898
1751,4,4,0.9957128763198853
1752,5,5,0.9999772310256958
1753,1,1,0.9993927478790283
1754,7,7,0.9394923448562622
1755,5,5,0.999969482421875
1756,8,8,0.9997804760932922
1757,0,0,0.9997866749763489
1758,8,8,0.999993085861206
1759,8,8,0.9986282587051392
1760,1,1,0.9998407363891602
1761,5,5,0.9966893196105957
1762,0,0,0.9997346997261047
1763,3,3,0.9997133612632751
1764,0,0,0.999232292175293
1765,3,3,0.9999473094940186
1766,1,1,0.9977276921272278
1767,4,4,0.9995260238647461
1768,0,0,0.9999608993530273
1769,3,3,0.9937147498130798
1770,7,7,0.9998831748962402
1771,2,2,0.9940253496170044
1772,7,7,0.9999986886978149
1773,1,1,0.8444101214408875
1774,8,8,0.9867463707923889
1775,0,0,0.9997854828834534
1776,7,7,0.9986037611961365
1777,0,0,0.9997286200523376
1778,4,4,0.9999393224716187
1779,3,3,0.999138593673706
1780,1,1,0.9971504807472229
1781,9,9,0.9964761137962341
1782,8,9,0.8058831691741943
1783,7,7,0.9999936819076538
1784,7,7,0.9999754428863525
1785,1,1,0.9978086352348328
1786,4,4,0.9997473359107971
1787,9,9,0.999977707862854
1788,9,9,0.9972434043884277
1789,3,3,0.9980395436286926
1790,2,7,0.8273063898086548
1791,1,1,0.9996699094772339
1792,7,7,0.9999547004699707
1793,9,9,0.999954104423523
1794,0,0,0.8368855118751526
1795,2,2,0.9999935626983643
1796,0,0,0.9996246099472046
1797,3,3,0.9978947043418884
1798,3,3,0.9999953508377075
1799,7,7,0.9999396800994873
1800,6,6,0.9893192648887634
1801,9,9,0.9969070553779602
1802,2,2,0.9953161478042603
1803,3,3,0.9996135830879211
1804,3,3,0.9999994039535522
1805,7,7,0.999992847442627
1806,7,7,0.998440682888031
1807,0,0,0.9992057681083679
1808,0,0,0.9806100130081177
1809,7,7,0.7857214212417603
1810,5,5,0.9999953508377075
1811,2,2,0.9772682785987854
1812,9,9,0.9990002512931824
1813,8,8,0.9906938672065735
1814,7,7,0.9961622953414917
1815,4,4,0.9999922513961792
1816,4,4,0.995810866355896
1817,2,2,0.9999663829803467
1818,6,6,0.9995038509368896
1819,6,6,0.999473512172699
1820,1,1,0.9986905455589294
1821,9,9,0.9991720914840698
1822,6,6,0.997086226940155
1823,8,8,0.8708035349845886
1824,2,2,0.999924898147583
1825,9,9,0.9976186156272888
1826,0,0,0.9998351335525513
1827,8,8,0.9999150037765503
1828,3,3,0.9978780746459961
1829,1,1,0.9964526891708374
1830,1,1,0.9966362714767456
1831,6,6,0.999955415725708
1832,3,3,0.9999912977218628
1833,5,5,0.9987686276435852
1834,1,1,0.9998610019683838
1835,1,1,0.9992389678955078
1836,1,1,0.999503493309021
1837,3,3,0.9999328851699829
1838,1,1,0.9921871423721313
1839,2,2,0.9932374954223633
1840,3,3,0.9999957084655762
1841,0,0,0.9931582808494568
1842,2,2,0.9965876340866089
1843,0,0,0.9938187003135681
1844,1,1,0.9993985891342163
1845,3,3,0.9999901056289673
1846,5,5,0.9992341995239258
1847,5,5,0.9966700673103333
1848,7,7,0.9994807839393616
1849,4,4,0.994387149810791
1850,8,8,0.9957007765769958
1851,9,9,0.9982067346572876
1852,6,6,0.9992868304252625
1853,9,9,0.9992110729217529
1854,6,6,0.9999964237213135
1855,8,8,0.9929827451705933
1856,3,3,0.9989396929740906
1857,6,6,0.9999386072158813
1858,6,6,0.9999995231628418
1859,8,8,0.9969135522842407
1860,5,5,0.9999325275421143
1861,1,1,0.9993404746055603
1862,4,4,0.9949523210525513
1863,2,2,0.9999995231628418
1864,4,4,0.9999054670333862
1865,4,4,0.9925780892372131
1866,5,5,0.9999837875366211
1867,1,1,0.9995344877243042
1868,1,1,0.6118758320808411
1869,9,9,0.9980964064598083
1870,0,0,0.9999918937683105
1871,2,2,0.9489699602127075
1872,4,4,0.9991666078567505
1873,9,9,0.9998518228530884
1874,5,5,0.9989449381828308
1875,7,7,0.9999979734420776
1876,1,1,0.9996500015258789
1877,8,8,0.9985657334327698
1878,8,3,0.3706296384334564
1879,5,5,0.9998441934585571
1880,6,6,0.9676582217216492
1881,9,9,0.9982784986495972
1882,8,8,0.9998377561569214
1883,7,7,0.9958742260932922
1884,1,1,0.9998345375061035
1885,1,1,0.9927575588226318
1886,6,6,0.999200165271759
1887,7,7,0.9998815059661865
1888,6,6,0.9933927655220032
1889,3,3,0.9999830722808838
1890,2,2,0.9999997615814209
1891,2,2,0.9999939203262329
1892,0,0,0.999990701675415
1893,8,8,0.9997615218162537
1894,9,9,0.9955087900161743
1895,2,2,0.9997537732124329
1896,5,5,0.9999973773956299
1897,1,1,0.9991676807403564
1898,0,0,0.7926057577133179
1899,8,8,0.9313337802886963
1900,1,1,0.8634383082389832
1901,9,4,0.5628784894943237
1902,5,5,0.9999479055404663
1903,7,7,0.9560810327529907
1904,9,9,0.9929288029670715
1905,6,6,0.9999958276748657
1906,9,9,0.9976444840431213
1907,0,0,0.9997960925102234
1908,6,6,0.9970097541809082
1909,1,1,0.9910410046577454
1910,5,5,0.9999079704284668
1911,5,5,0.9983275532722473
1912,8,8,0.9994157552719116
1913,3,3,0.9517815113067627
1914,8,8,0.9999294281005859
1915,2,2,0.9989480376243591
1916,6,6,0.9980877041816711
1917,5,5,0.9999951124191284
1918,0,0,0.9969961643218994
1919,7,7,0.9999788999557495
1920,4,4,0.9982641339302063
1921,6,6,0.9999954700469971
1922,1,1,0.9991613626480103
1923,3,3,0.9999990463256836
1924,4,4,0.9891471862792969
1925,7,7,0.999813973903656
1926,3,3,0.9998772144317627
1927,2,2,0.9837383031845093
1928,3,3,0.9999984502792358
1929,4,4,0.9989069700241089
1930,2,2,0.9999972581863403
1931,5,5,0.9999488592147827
1932,2,2,0.9998995065689087
1933,7,7,0.9991170763969421
1934,1,1,0.9993322491645813
1935,7,7,0.9999933242797852
1936,2,2,0.9999604225158691
1937,6,6,0.9968145489692688
1938,4,4,0.9740614891052246
1939,1,1,0.9999563694000244
1940,5,5,0.9952415227890015
1941,7,7,0.9887436628341675
1942,8,8,0.9968902468681335
1943,6,6,0.9990094900131226
1944,0,0,0.998653769493103
1945,1,1,0.9992203712463379
1946,8,8,0.9999926090240479
1947,2,2,0.9974969029426575
1948,5,5,0.999506950378418
1949,7,7,0.9825527667999268
1950,7,7,0.9999947547912598
1951,6,6,0.9983091354370117
1952,9,9,0.9716346859931946
1953,3,3,0.9997811913490295
1954,5,5,0.9995660185813904
1955,8,8,0.9903644919395447
1956,4,4,0.9978275895118713
1957,2,2,0.9998993873596191
1958,4,4,0.9999974966049194
1959,0,0,0.996940016746521
1960,8,8,0.9998860359191895
1961,8,8,0.9994781613349915
1962,3,3,0.999994158744812
1963,4,4,0.986777663230896
1964,9,9,0.9977192282676697
1965,2,2,0.9847272634506226
1966,7,7,0.9999992847442627
1967,5,5,0.9999967813491821
1968,8,8,0.756293535232544
1969,6,6,0.9901926517486572
1970,5,5,0.999984622001648
1971,6,6,0.9993376135826111
1972,0,0,0.9999656677246094
1973,8,8,0.9996098875999451
1974,6,6,0.9999914169311523
1975,7,7,0.9999868869781494
1976,3,3,0.9979356527328491
1977,6,6,0.9998729228973389
1978,4,4,0.9951104521751404
1979,9,9,0.9987336993217468
1980,4,4,0.9999847412109375
1981,6,6,0.9998353719711304
1982,6,6,0.6808835864067078
1983,3,3,0.9989262223243713
1984,2,2,0.9993402361869812
1985,4,4,0.9999834299087524
1986,1,1,0.9994007349014282
1987,0,0,0.9921860694885254
1988,1,1,0.9758793115615845
1989,4,4,0.9848981499671936
1990,6,6,0.999016523361206
1991,2,2,0.9988786578178406
1992,9,9,0.882617712020874
1993,1,1,0.9869027137756348
1994,1,1,0.9972124695777893
1995,0,0,0.9999603033065796
1996,6,6,0.9995865225791931
1997,3,3,0.9999948740005493
1998,9,9,0.9889891743659973
1999,5,5,0.9995737671852112
2000,6,6,0.9974648952484131
2001,5,5,0.999950647354126
2002,6,6,0.9999611377716064
2003,5,5,0.9999271631240845
2004,8,8,0.9993946552276611
2005,4,4,0.9999710321426392
2006,6,6,0.997829258441925
2007,4,4,0.9999034404754639
2008,3,3,0.9999667406082153
2009,9,9,0.9783278107643127
2010,1,1,0.9986012578010559
2011,3,3,0.9995446801185608
2012,4,4,0.9999635219573975
2013,1,1,0.9975117444992065
2014,9,9,0.9993950128555298
2015,1,1,0.999416708946228
2016,7,7,0.9975282549858093
2017,1,1,0.9983260035514832
2018,1,7,0.5021260380744934
2019,9,9,0.9865522980690002
2020,3,3,0.9999656677246094
2021,5,5,0.9998761415481567
2022,4,4,0.999701201915741
2023,0,0,0.946984052658081
2024,7,7,0.956183135509491
2025,3,3,0.981160581111908
2026,6,6,0.9999762773513794
2027,1,1,0.9958575367927551
2028,7,7,0.8199360966682434
2029,5,5,0.9999186992645264
2030,5,5,0.9999485015869141
2031,3,3,0.9999991655349731
2032,3,3,0.9999861717224121
2033,0,0,0.9891152381896973
2034,1,1,0.9985371828079224
2035,5,3,0.9046230912208557
2036,7,7,0.999916672706604
2037,5,5,0.9998931884765625
2038,8,8,0.9985656142234802
2039,6,6,0.9999644756317139
2040,5,5,0.906104564666748
2041,1,1,0.9937493801116943
2042,0,0,0.9999066591262817
2043,4,8,0.807703971862793
2044,2,2,0.9998142123222351
2045,3,3,0.9999529123306274
2046,4,4,0.999519944190979
2047,6,6,0.9993500113487244
2048,7,7,0.9710862040519714
2049,9,9,0.9044261574745178
2050,8,8,0.9934628009796143
2051,1,1,0.9993742108345032
2052,8,8,0.9615670442581177
2053,4,4,0.8751850724220276
2054,9,9,0.9957892298698425
2055,2,2,0.9915816187858582
2056,8,8,0.9977627992630005
2057,6,6,0.998144268989563
2058,2,2,0.729456901550293
2059,7,7,0.987834095954895
2060,0,0,0.9963220357894897
2061,0,0,0.9994046688079834
2062,6,6,0.9999990463256836
2063,7,7,0.8408318161964417
2064,5,5,0.9999628067016602
2065,8,8,0.9896054267883301
2066,6,6,0.9998160004615784
2067,0,0,0.9872465133666992
2068,9,9,0.9991055130958557
2069,3,3,0.9999432563781738
2070,7,7,0.7402876615524292
2071,1,1,0.9987223744392395
2072,3,3,0.9999707937240601
2073,5,5,0.9990523457527161
2074,4,4,0.9975897073745728
2075,3,3,0.9996089339256287
2076,3,3,0.9999899864196777
2077,5,5,0.9999825954437256
2078,5,5,0.9999686479568481
2079,6,6,0.9998276233673096
2080,3,3,0.9999293088912964
2081,0,0,0.9985795021057129
2082,2,2,0.9998811483383179
2083,3,3,0.9999865293502808
2084,4,4,0.9986258745193481
2085,2,2,0.9999716281890869
2086,3,3,0.9998525381088257
2087,0,0,0.9996919631958008
2088,9,9,0.9997972846031189
2089,9,9,0.9881638884544373
2090,4,4,0.9238578677177429
2091,7,7,0.9999995231628418
2092,2,2,0.9998495578765869
2093,8,8,0.9790071249008179
2094,4,4,0.9986264705657959
2095,7,7,0.9999548196792603
2096,0,0,0.999859094619751
2097,6,6,0.9999456405639648
2098,2,2,0.9937900900840759
2099,8,8,0.974322497844696
2100,5,5,0.9999756813049316
2101,2,2,0.9788082838058472
2102,8,8,0.9999496936798096
2103,5,5,0.9993589520454407
2104,7,7,0.9990915060043335
2105,3,3,0.9974948167800903
2106,0,0,0.9937980771064758
2107,8,8,0.9531025290489197
2108,2,2,0.9978368878364563
2109,3,3,0.43825486302375793
2110,2,2,0.9989469647407532
2111,8,8,0.9999874830245972
2112,2,2,0.9998698234558105
2113,5,5,0.9996963739395142
2114,5,5,0.9999961853027344
2115,7,7,0.9999607801437378
2116,6,6,0.9881420731544495
2117,4,4,0.9999868869781494
2118,6,6,0.6548056602478027
2119,8,8,0.9999624490737915
2120,4,4,0.9999953508377075
2121,8,8,0.9639092087745667
2122,2,2,0.9999221563339233
2123,7,7,0.9750375747680664
2124,4,4,0.99998939037323
2125,5,5,0.9928862452507019
2126,2,2,0.9999624490737915
2127,0,0,0.9993884563446045
2128,3,3,0.9999831914901733
2129,9,9,0.8269284963607788
2130,4,9,0.9484626650810242
2131,6,6,0.9858280420303345
2132,7,7,0.9998817443847656
2133,2,2,0.9998351335525513
2134,5,5,0.9999786615371704
2135,6,6,0.4285155236721039
2136,1,1,0.9990682005882263
2137,1,1,0.9994874000549316
2138,2,2,0.9349945187568665
2139,3,3,0.9999988079071045
2140,6,6,0.9999986886978149
2141,7,7,0.9999929666519165
2142,8,8,0.9981945157051086
2143,7,7,0.9972723126411438
2144,6,6,0.9998076558113098
2145,4,4,0.9999613761901855
2146,8,8,0.9926612377166748
2147,9,9,0.9972207546234131
2148,4,4,0.6372181177139282
2149,8,8,0.9939306974411011
2150,6,6,0.9999176263809204
2151,3,3,0.9999299049377441
2152,8,8,0.9999574422836304
2153,3,3,0.9999661445617676
2154,1,1,0.9997079968452454
2155,0,0,0.9996743202209473
2156,6,6,0.9998316764831543
2157,2,2,0.9966248273849487
2158,2,2,0.9982774257659912
2159,5,5,0.9998283386230469
2160,6,6,0.9998200535774231
2161,9,9,0.9780686497688293
2162,5,5,0.9890633225440979
2163,8,8,0.9999674558639526
2164,1,1,0.9963474869728088
2165,4,4,0.9999867677688599
2166,1,1,0.9967864751815796
2167,7,7,0.9999485015869141
2168,8,8,0.9992073178291321
2169,4,4,0.9986529350280762
2170,6,6,0.9999998807907104
2171,1,1,0.9978362917900085
2172,8,8,0.999910831451416
2173,4,4,0.9998838901519775
2174,3,3,0.9930166006088257
2175,1,1,0.9128485321998596
2176,2,2,0.9999051094055176
2177,8,8,0.9999815225601196
2178,0,0,0.9999322891235352
2179,8,8,0.9908484220504761
2180,5,5,0.9999979734420776
2181,9,9,0.9999712705612183
2182,1,3,0.36109915375709534
2183,4,4,0.999996542930603
2184,2,2,0.9999958276748657
2185,0,0,0.853237509727478
2186,2,2,0.6772006750106812
2187,7,7,0.9999898672103882
2188,0,0,0.9985320568084717
2189,9,9,0.4955654740333557
2190,0,0,0.997177243232727
2191,2,2,0.9999821186065674
2192,5,5,0.9996815919876099
2193,7,7,0.9966968297958374
2194,6,6,0.9998973608016968
2195,7,7,0.9930486679077148
2196,9,9,0.9982022047042847
2197,4,4,0.9957101345062256
2198,2,2,0.9969250559806824
2199,6,6,0.9934465289115906
2200,2,2,0.999835729598999
2201,4,4,0.9999903440475464
2202,4,4,0.9998875856399536
2203,8,8,0.9997616410255432
2204,0,0,0.9977542757987976
2205,4,4,0.9994112253189087
2206,4,4,0.9998592138290405
2207,5,5,0.9999991655349731
2208,8,8,0.9983044862747192
2209,0,0,0.9959828853607178
2210,6,6,0.999160647392273
2211,8,8,0.9999641180038452
2212,9,9,0.9930907487869263
2213,8,8,0.9999953508377075
2214,5,5,0.9999969005584717
2215,6,6,0.99601149559021
2216,9,9,0.9971925616264343
2217,0,0,0.999997615814209
2218,4,4,0.9984251260757446
2219,8,8,0.9998779296875
2220,7,7,0.9999873638153076
2221,1,1,0.995552122592926
2222,3,3,0.9996523857116699
2223,4,4,0.9989314675331116
2224,5,5,0.9852688908576965
2225,8,8,0.7454191446304321
2226,0,0,0.9996500015258789
2227,9,9,0.9979509711265564
2228,1,1,0.9968840479850769
2229,3,3,0.9996364116668701
2230,3,3,0.9999991655349731
2231,6,6,0.9999984502792358
2232,9,9,0.9831687211990356
2233,8,8,0.9986737966537476
2234,7,7,0.9963376522064209
2235,1,1,0.9960426092147827
2236,0,0,0.9997828602790833
2237,5,5,0.9674718379974365
2238,7,7,0.9996798038482666
2239,1,1,0.9978443384170532
2240,7,7,0.9999998807907104
2241,5,5,0.9975602626800537
2242,2,2,0.9575594067573547
2243,7,7,0.9998014569282532
2244,9,9,0.9989904761314392
2245,1,1,0.9785747528076172
2246,8,8,0.9928032755851746
2247,5,5,0.9999750852584839
2248,2,2,0.9018046259880066
2249,4,4,0.9999992847442627
2250,9,9,0.987272322177887
2251,4,4,0.999700665473938
2252,7,7,0.9997518658638
2253,2,2,0.9999192953109741
2254,2,2,0.9999191761016846
2255,3,3,0.999512791633606
2256,4,4,0.999998927116394
2257,9,9,0.9999568462371826
2258,1,1,0.9898292422294617
2259,9,9,0.999904990196228
2260,2,2,0.999987006187439
2261,1,1,0.9995819926261902
2262,7,7,0.9988725781440735
2263,9,9,0.9998626708984375
2264,4,4,0.9998281002044678
2265,4,4,0.9999139308929443
2266,1,1,0.6603632569313049
2267,6,6,0.9999285936355591
2268,7,7,0.9996209144592285
2269,2,2,0.9994966983795166
2270,7,7,0.9984925985336304
2271,8,8,0.9998063445091248
2272,8,8,0.9981312155723572
2273,1,1,0.9908966422080994
2274,9,9,0.9993146657943726
2275,7,7,0.9993976354598999
2276,1,1,0.9460540413856506
2277,1,1,0.9898295998573303
2278,7,7,0.999792754650116
2279,5,5,0.9998626708984375
2280,3,5,0.549286961555481
2281,3,3,0.9999443292617798
2282,5,5,0.9984569549560547
2283,1,1,0.9996033310890198
2284,3,3,0.9999889135360718
2285,7,7,0.9998359680175781
2286,6,6,0.999987006187439
2287,1,1,0.9997815489768982
2288,3,3,0.9935008883476257
2289,8,8,0.9998517036437988
2290,7,7,0.9984602928161621
2291,5,5,0.9989860653877258
2292,9,9,0.9997010827064514
2293,9,4,0.9034892916679382
2294,0,0,0.9968376159667969
2295,0,0,0.999934196472168
2296,2,2,0.9993616938591003
2297,8,8,0.9999480247497559
2298,8,8,0.9904711246490479
2299,2,2,0.994113028049469
2300,3,3,0.9670611023902893
2301,7,7,0.999940037727356
2302,1,1,0.998969316482544
2303,3,3,0.9999206066131592
2304,0,0,0.9996045231819153
2305,3,3,0.9999725818634033
2306,4,4,0.9992761015892029
2307,4,4,0.9997581839561462
2308,3,3,0.8106529116630554
2309,8,8,0.9886980056762695
2310,9,9,0.992522656917572
2311,2,2,0.992664635181427
2312,3,3,0.9999027252197266
2313,9,9,0.9992761015892029
2314,7,7,0.9994357228279114
2315,1,1,0.9957278966903687
2316,1,1,0.9988682270050049
2317,7,7,0.9999803304672241
2318,0,6,0.7305343151092529
2319,4,4,0.9999985694885254
2320,9,9,0.9734269380569458
2321,6,6,0.9999487400054932
2322,5,5,0.9999908208847046
2323,9,9,0.9998107552528381
2324,1,1,0.9989627599716187
2325,7,7,0.9994331002235413
2326,0,0,0.9783141016960144
2327,2,2,0.9939008951187134
2328,0,0,0.9999922513961792
2329,0,0,0.9838818311691284
2330,4,4,0.9999635219573975
2331,6,6,0.999994158744812
2332,7,7,0.9999731779098511
2333,0,0,0.9611478447914124
2334,7,7,0.9998712539672852
2335,1,1,0.9996622800827026
2336,4,4,0.9999961853027344
2337,6,6,0.9999985694885254
2338,4,4,0.9982001781463623
2339,5,5,0.9888302683830261
2340,4,4,0.9999988079071045
2341,9,9,0.9996057152748108
2342,9,9,0.999610960483551
2343,1,1,0.9433521628379822
2344,7,7,0.9999961853027344
2345,9,9,0.9976781010627747
2346,5,5,1.0
2347,3,3,0.9999780654907227
2348,3,3,0.9955065250396729
2349,8,8,0.999906063079834
2350,2,2,0.9999873638153076
2351,3,3,0.9997416138648987
2352,6,6,0.9999339580535889
2353,2,2,0.9998974800109863
2354,2,2,0.9999936819076538
2355,1,1,0.9988216757774353
2356,1,1,0.999840259552002
2357,1,1,0.9994927644729614
2358,1,1,0.9923948049545288
2359,1,1,0.9995189905166626
2360,6,6,0.9999961853027344
2361,9,9,0.9878303408622742
2362,8,8,0.9991552829742432
2363,4,4,0.9911633729934692
2364,3,3,0.9999200105667114
2365,7,7,0.9999399185180664
2366,1,1,0.9997034668922424
2367,6,6,0.9998061060905457
2368,4,4,0.9999809265136719
2369,5,5,0.8685482144355774
2370,0,0,0.9994341731071472
2371,4,4,0.9885519742965698
2372,7,7,0.9986990690231323
2373,4,4,0.9999732971191406
2374,2,2,0.9931280612945557
2375,4,4,0.9999978542327881
2376,0,0,0.997907280921936
2377,7,7,0.9996455907821655
2378,0,0,0.9997112154960632
2379,1,1,0.9999086856842041
2380,9,9,0.9933611154556274
2381,8,8,0.9990847110748291
2382,8,8,0.9496771097183228
2383,6,6,0.9999855756759644
2384,0,0,0.9988853335380554
2385,0,0,0.9998503923416138
2386,4,4,0.9927843809127808
2387,9,9,0.5693817734718323
2388,6,6,0.9998612403869629
2389,8,8,0.9998561143875122
2390,2,2,0.999993085861206
2391,2,2,0.9999697208404541
2392,3,3,0.991028368473053
2393,8,8,0.9999047517776489
2394,4,4,0.9992807507514954
2395,8,8,0.9923102855682373
2396,2,2,0.999849796295166
2397,2,2,0.9990552067756653
2398,1,1,0.9976310729980469
2399,7,7,0.9999547004699707
2400,5,5,0.9990204572677612
2401,4,4,0.9999961853027344
2402,4,4,0.9996551275253296
2403,0,0,0.9992371797561646
2404,4,4,0.9981897473335266
2405,3,3,0.9989181756973267
2406,9,9,0.8094032406806946
2407,7,7,0.9999995231628418
2408,3,3,0.9599651098251343
2409,1,1,0.9977940320968628
2410,0,0,0.9999169111251831
2411,1,1,0.9998577833175659
2412,2,2,0.9992761015892029
2413,5,5,0.9999977350234985
2414,9,9,0.8598085045814514
2415,2,2,0.989200234413147
2416,1,1,0.9981369972229004
2417,0,0,0.9614273309707642
2418,1,1,0.9992387294769287
2419,8,8,0.997536301612854
2420,9,9,0.9952326416969299
2421,1,1,0.9995939135551453
2422,6,6,0.8471863269805908
2423,8,8,0.991358757019043
2424,3,3,0.9999860525131226
2425,8,8,0.9801526665687561
2426,9,9,0.9770944714546204
2427,3,3,0.9999927282333374
2428,6,6,0.9999866485595703
2429,2,2,0.9944610595703125
2430,8,8,0.9993125200271606
2431,3,3,0.999893307685852
2432,2,2,0.9993062019348145
2433,2,2,0.9986509680747986
2434,1,1,0.9998282194137573
2435,0,0,0.9999454021453857
2436,4,4,0.9999994039535522
2437,2,2,0.8749268651008606
2438,9,9,0.9972720742225647
2439,2,2,0.9999599456787109
2440,4,4,0.999990701675415
2441,3,3,0.9808065295219421
2442,7,7,0.9998424053192139
2443,9,9,0.9990102052688599
2444,1,1,0.9961452484130859
2445,5,5,0.9999939203262329
2446,2,2,0.9999933242797852
2447,4,4,0.6891201734542847
2448,9,9,0.9814333319664001
2449,0,0,0.9887925982475281
2450,3,3,0.9987254738807678
2451,8,8,0.999964714050293
2452,5,5,0.9999958276748657
2453,3,3,0.9995064735412598
2454,6,5,0.6409835815429688
2455,0,0,0.4881057143211365
2456,9,9,0.9983185529708862
2457,4,4,0.9261613488197327
2458,6,6,0.999997615814209
2459,2,2,0.9763388633728027
2460,5,5,0.9990270137786865
2461,0,0,0.9993565678596497
2462,2,2,0.6179924607276917
2463,7,7,0.9974839687347412
2464,4,4,0.9999425411224365
2465,6,6,0.9999983310699463
2466,6,6,0.997718334197998
2467,8,8,0.9996693134307861
2468,6,6,0.9999420642852783
2469,6,6,0.9998413324356079
2470,8,8,0.9993647933006287
2471,6,6,0.9997245669364929
2472,9,9,0.9661417603492737
2473,1,1,0.9964215755462646
2474,7,7,0.996302604675293
2475,2,2,0.9994223117828369
2476,5,5,0.9927073121070862
2477,9,9,0.9983783960342407
2478,9,9,0.9946873188018799
2479,0,0,0.9994761347770691
2480,7,7,0.9561213254928589
2481,2,2,0.9779747724533081
2482,7,7,0.9999474287033081
2483,6,6,0.9999871253967285
2484,7,7,0.9976969361305237
2485,0,0,0.9999295473098755
2486,6,6,0.9999997615814209
2487,5,5,0.9999874830245972
2488,2,4,0.8379664421081543
2489,4,4,0.999998927116394
2490,7,7,0.9952894449234009
2491,2,2,0.9997689127922058
2492,0,0,0.9985030889511108
2493,9,9,0.9993985891342163
2494,9,9,0.9998780488967896
2495,2,2,0.9999793767929077
2496,2,2,0.998831570148468
2497,9,9,0.9985291957855225
2498,4,4,0.9999459981918335
2499,4,4,0.9999356269836426
2500,2,2,0.9993199110031128
2501,3,3,0.9999862909317017
2502,3,3,0.9999717473983765
2503,2,2,0.9999998807907104
2504,1,1,0.9940690994262695
2505,7,7,0.9999998807907104
2506,0,0,0.9990847110748291
2507,7,7,0.8457769155502319
2508,6,6,0.9746725559234619
2509,4,4,0.9997218251228333
2510,1,1,0.9945699572563171
2511,3,3,0.9998890161514282
2512,8,8,0.9915127158164978
2513,7,7,0.9994773268699646
2514,4,4,0.9812016487121582
2515,5,5,0.9996397495269775
2516,9,9,0.9743735790252686
2517,2,2,0.9989257454872131
2518,5,5,0.9999995231628418
2519,1,1,0.9897108674049377
2520,8,8,0.9998440742492676
2521,7,7,0.9995684027671814
2522,3,3,0.9997832179069519
2523,7,7,0.8747881650924683
2524,1,1,0.9974561333656311
2525,5,5,0.9925285577774048
2526,5,5,0.9976256489753723
2527,0,0,0.9987435936927795
2528,9,9,0.9798729419708252
2529,1,1,0.9999145269393921
2530,4,4,0.9996380805969238
2531,0,0,0.9999496936798096
2532,6,6,0.8673496842384338
2533,3,3,0.9845853447914124
2534,3,3,0.8721566200256348
2535,6,6,0.9999818801879883
2536,0,0,0.9994121789932251
2537,4,4,0.9987786412239075
2538,9,9,0.9996894598007202
2539,7,7,0.9776125550270081
2540,5,5,0.9978153705596924
2541,1,1,0.9983419179916382
2542,6,6,0.9999922513961792
2543,8,8,0.9925373196601868
2544,9,9,0.9967104196548462
2545,5,5,0.999958872795105
2546,5,5,0.999996542930603
2547,7,7,0.9999769926071167
2548,9,9,0.9618544578552246
2549,3,3,0.9999634027481079
2550,8,8,0.9995960593223572
2551,3,3,0.994950532913208
2552,8,8,0.9976625442504883
2553,1,1,0.9991030693054199
2554,5,5,0.9999798536300659
2555,3,3,0.9999948740005493
2556,5,5,0.9987000226974487
2557,0,0,0.9998365640640259
2558,5,5,0.999997615814209
2559,5,5,0.9982267022132874
2560,3,3,0.9973679184913635
2561,8,8,0.9999592304229736
2562,6,6,0.9973201155662537
2563,7,7,0.9999536275863647
2564,7,7,0.9914277791976929
2565,7,7,0.9999997615814209
2566,3,3,0.999985933303833
2567,7,7,0.999880313873291
2568,0,0,0.9995964169502258
2569,5,5,0.9985633492469788
2570,9,9,0.9977845549583435
2571,0,0,0.9912402033805847
2572,2,2,0.9998383522033691
2573,5,5,0.972260057926178
2574,5,5,0.8699246644973755
2575,3,3,0.9999970197677612
2576,1,1,0.9801534414291382
2577,7,7,0.9923227429389954
2578,7,7,0.8368171453475952
2579,8,8,0.9997557997703552
2580,6,6,0.999879002571106
2581,5,5,0.9999657869338989
2582,9,9,0.6718454360961914
2583,3,3,0.9999884366989136
2584,8,8,0.9997766613960266
2585,9,9,0.9994276165962219
2586,5,5,0.9997461438179016
2587,3,3,0.9997875094413757
2588,7,7,0.9999996423721313
2589,9,9,0.9825159311294556
2590,1,1,0.9999434947967529
2591,7,7,0.9999120235443115
2592,0,0,0.9994503855705261
2593,0,0,0.9997771382331848
2594,3,3,0.9999756813049316
2595,7,7,0.999998927116394
2596,2,2,0.95340895652771
2597,5,3,0.6121751666069031
2598,8,8,0.9967465400695801
2599,1,1,0.999885082244873
2600,8,8,0.9998766183853149
2601,6,6,0.9998229146003723
2602,2,2,0.9974870681762695
2603,9,9,0.9958770275115967
2604,5,5,0.9997456669807434
2605,7,7,0.9992426633834839
2606,5,5,0.9999872446060181
2607,7,7,0.995368242263794
2608,8,8,0.9950661659240723
2609,6,6,0.9999158382415771
2610,2,2,0.9951658248901367
2611,5,5,0.996595561504364
2612,1,1,0.9994388222694397
2613,4,4,0.9999966621398926
2614,8,8,0.9998433589935303
2615,4,4,0.9999126195907593
2616,5,5,0.9999780654907227
2617,8,8,0.9968041181564331
2618,3,3,0.9893907904624939
2619,0,0,0.9993189573287964
2620,6,6,0.9977216124534607
2621,2,2,0.9999997615814209
2622,7,7,0.9998586177825928
2623,3,3,0.9999330043792725
2624,3,3,0.9975358247756958
2625,2,2,0.9973504543304443
2626,1,1,0.9998856782913208
2627,0,0,0.9997640252113342
2628,7,7,0.9995174407958984
2629,3,3,0.996483325958252
2630,4,4,0.9988659620285034
2631,0,6,0.7791134715080261
2632,3,3,0.9999932050704956
2633,9,9,0.9995809197425842
2634,3,3,0.9999921321868896
2635,2,2,0.9979057312011719
2636,8,8,0.9985817670822144
2637,9,9,0.9999866485595703
2638,0,0,0.9809011816978455
2639,3,3,0.9999955892562866
2640,8,8,0.9996508359909058
2641,0,0,0.999600350856781
2642,7,7,0.9997157454490662
2643,6,6,0.9998083710670471
2644,5,5,0.9999927282333374
2645,4,4,0.987877607345581
2646,7,7,0.9999415874481201
2647,3,3,0.9992571473121643
2648,9,9,0.5574131608009338
2649,0,0,0.9900690913200378
2650,8,8,0.9994677901268005
2651,6,6,0.9993269443511963
2652,2,2,0.9989172220230103
2653,5,5,0.9999858140945435
2654,6,1,0.9134459495544434
2655,1,1,0.9991509914398193
2656,0,0,0.9999475479125977
2657,0,0,0.9994286894798279
2658,4,4,0.9732322692871094
2659,4,4,0.9908568263053894
2660,0,0,0.9990935325622559
2661,1,1,0.9989815354347229
2662,2,2,0.9999849796295166
2663,3,3,0.9998968839645386
2664,2,2,0.9999954700469971
2665,7,7,0.9993763566017151
2666,7,7,0.9999682903289795
2667,8,8,0.9752413630485535
2668,5,5,0.9996008276939392
2669,2,2,0.9999996423721313
2670,5,5,0.9994361996650696
2671,7,7,0.9986249208450317
2672,6,6,0.9999775886535645
2673,9,9,0.9942924976348877
2674,1,1,0.9971519708633423
2675,4,4,0.9999980926513672
2676,1,1,0.9857938885688782
2677,6,6,0.9998111128807068
2678,4,4,0.8903515934944153
2679,2,2,0.9995710253715515
2680,4,4,0.9997238516807556
2681,3,3,0.9989786148071289
2682,5,5,0.9999926090240479
2683,4,4,0.996452808380127
2684,3,3,0.9986956715583801
2685,9,9,0.9950079917907715
2686,5,5,0.9883624911308289
2687,0,0,0.9998000264167786
2688,1,1,0.9998534917831421
2689,5,5,0.9865973591804504
2690,3,3,0.9999898672103882
2691,8,8,0.9998645782470703
2692,9,9,0.9992831349372864
2693,1,1,0.9998577833175659
2694,9,9,0.990439772605896
2695,7,7,0.9988582134246826
2696,9,9,0.9972520470619202
2697,5,5,0.9999134540557861
2698,5,5,0.998245358467102
2699,2,2,0.9756788611412048
2700,7,7,0.9987505674362183
2701,4,4,0.9998202919960022
2702,6,6,0.9999909400939941
2703,0,0,0.999830961227417
2704,1,1,0.9997397065162659
2705,1,1,0.9871856570243835
2706,1,1,0.997771680355072
2707,0,0,0.9999932050704956
2708,4,4,0.9943302869796753
2709,4,4,0.9994691014289856
2710,7,7,0.9995388984680176
2711,6,6,0.9999991655349731
2712,3,3,0.9994044303894043
2713,0,0,0.7235054969787598
2714,0,0,0.9998944997787476
2715,4,4,0.9984739422798157
2716,3,3,0.9997192025184631
2717,0,0,0.9999165534973145
2718,6,6,0.995886504650116
2719,1,1,0.9992796778678894
2720,9,9,0.864481508731842
2721,6,6,0.988788902759552
2722,1,1,0.9985659718513489
2723,3,3,0.9989649057388306
2724,8,8,0.9995612502098083
2725,1,1,0.9997604489326477
2726,2,2,0.9998260140419006
2727,5,5,0.9999570846557617
2728,6,6,0.9999822378158569
2729,2,2,0.9998244643211365
2730,7,7,0.9850065112113953
2731,3,3,0.9999884366989136
2732,6,6,0.9445371031761169
2733,0,0,0.9996322393417358
2734,1,1,0.9537155032157898
2735,9,9,0.9508950710296631
2736,7,7,0.9925893545150757
2737,6,6,0.9999910593032837
2738,6,6,0.9998177886009216
2739,8,8,0.9854903221130371
2740,9,9,0.982177734375
2741,2,2,0.999721109867096
2742,9,9,0.9926571249961853
2743,5,5,0.9424724578857422
2744,8,8,0.9996176958084106
2745,3,3,0.9994574189186096
2746,1,1,0.9995701909065247
2747,0,0,0.9942981600761414
2748,0,0,0.9992409944534302
2749,7,7,0.9999480247497559
2750,6,6,0.9933725595474243
2751,6,6,0.9974555373191833
2752,2,2,0.9999972581863403
2753,1,1,0.9701369404792786
2754,6,6,0.9676638245582581
2755,9,9,0.9927791953086853
2756,3,3,0.997547447681427
2757,1,1,0.9997335076332092
2758,8,8,0.5281544327735901
2759,6,6,0.9999855756759644
2760,9,9,0.956601619720459
2761,0,0,0.9948669672012329
2762,6,6,0.9998786449432373
2763,0,0,0.9998490810394287
2764,0,0,0.9989396929740906
2765,0,0,0.9997851252555847
2766,6,6,0.9991875290870667
2767,3,3,0.9996591806411743
2768,5,5,0.9999971389770508
2769,9,9,0.9738982319831848
2770,3,7,0.45588675141334534
2771,4,4,0.9102867245674133
2772,5,5,0.9986432194709778
2773,5,5,0.999962568283081
2774,8,8,0.9999970197677612
2775,5,5,0.9999655485153198
2776,3,3,0.9999337196350098
2777,0,0,0.984793484210968
2778,4,4,0.9626711010932922
2779,0,0,0.9999873638153076
2780,2,2,0.9597892761230469
2781,9,9,0.9996614456176758
2782,6,6,0.9999023675918579
2783,8,8,0.9989762306213379
2784,2,2,0.9991219639778137
2785,3,3,0.9999939203262329
2786,1,1,0.9894238114356995
2787,2,2,0.9998832941055298
2788,1,1,0.9945045113563538
2789,1,1,0.998616099357605
2790,5,5,0.9999982118606567
2791,6,6,0.9996678829193115
2792,9,9,0.9994271993637085
2793,8,8,0.9883749485015869
2794,0,0,0.9987326264381409
2795,6,6,0.9999942779541016
2796,6,6,0.9963726997375488
2797,5,5,0.9999412298202515
2798,5,5,0.9999982118606567
2799,3,3,0.9998805522918701
2800,8,8,0.9841225147247314
2801,6,6,0.9991841912269592
2802,2,2,0.9999614953994751
2803,1,1,0.9969232678413391
2804,4,4,0.9980130195617676
2805,5,5,0.9999984502792358
2806,4,4,0.9996579885482788
2807,3,3,0.9999850988388062
2808,7,7,0.9986212253570557
2809,8,8,0.9999508857727051
2810,5,5,0.9889261722564697
2811,0,0,0.9891219735145569
2812,9,9,0.9869649410247803
2813,3,3,0.9996227025985718
2814,5,5,0.9982060194015503
2815,1,1,0.9989668130874634
2816,1,1,0.9986124038696289
2817,0,0,0.993103563785553
2818,4,4,0.9998340606689453
2819,4,4,0.9995939135551453
2820,7,7,0.9998703002929688
2821,0,0,0.996034562587738
2822,1,1,0.9997219443321228
2823,7,7,0.6552395224571228
2824,0,0,0.9997685551643372
2825,1,1,0.9880023002624512
2826,6,6,0.999998927116394
2827,1,1,0.9904565215110779
2828,4,4,0.999576985836029
2829,5,5,0.9985188841819763
2830,6,6,0.9999921321868896
2831,6,6,0.9960457682609558
2832,5,5,0.9999765157699585
2833,7,7,0.9999963045120239
2834,8,8,0.9985544085502625
2835,4,4,0.9999717473983765
2836,4,4,0.7711991667747498
2837,7,7,0.9999921321868896
2838,2,2,0.999221682548523
2839,5,5,0.999995231628418
2840,3,3,0.9998308420181274
2841,7,7,0.9999643564224243
2842,0,0,0.9998947381973267
2843,7,7,0.9885469675064087
2844,7,7,0.9999829530715942
2845,9,9,0.9989283680915833
2846,6,6,0.9998915195465088
2847,4,4,0.9754645824432373
2848,2,2,0.9983440637588501
2849,8,8,0.9998099207878113
2850,5,5,0.9996010661125183
2851,7,7,0.9988752007484436
2852,8,8,0.9895620942115784
2853,3,3,0.9984007477760315
2854,9,9,0.955966055393219
2855,5,5,0.9999954700469971
2856,8,8,0.9861803650856018
2857,9,9,0.9999035596847534
2858,9,9,0.9919695258140564
2859,8,8,0.9992343187332153
2860,6,6,0.9689891934394836
2861,2,2,0.9993590712547302
2862,8,8,0.9765769839286804
2863,9,9,0.9773310422897339
2864,2,2,0.967776894569397
2865,3,3,0.9999967813491821
2866,6,6,0.9952120780944824
2867,1,1,0.9338428974151611
2868,1,1,0.9997614026069641
2869,8,8,0.9968562126159668
2870,9,9,0.9990594983100891
2871,3,3,0.9998027682304382
2872,4,4,0.999197781085968
2873,0,0,0.9976689219474792
2874,7,7,0.9999884366989136
2875,9,9,0.9975724816322327
2876,6,6,0.9994860887527466
2877,4,4,0.9949939846992493
2878,1,1,0.9999139308929443
2879,4,4,0.9996472597122192
2880,1,1,0.9995013475418091
2881,3,3,0.9999858140945435
2882,4,4,0.9965587258338928
2883,9,9,0.9988147020339966
2884,3,3,0.9999982118606567
2885,1,1,0.9907687306404114
2886,4,4,0.9998190999031067
2887,7,7,0.9999761581420898
2888,7,7,0.997006356716156
2889,4,4,1.0
2890,7,7,0.999415397644043
2891,2,2,0.9967314004898071
2892,9,9,0.9999414682388306
2893,3,3,0.9997190833091736
2894,0,0,0.9546561241149902
2895,8,8,0.9999967813491821
2896,8,0,0.5992708206176758
2897,8,8,0.9996837377548218
2898,4,4,0.9985710382461548
2899,0,0,0.9999567270278931
2900,4,4,0.9991551637649536
2901,4,4,0.9935872554779053
2902,1,1,0.9994520545005798
2903,5,5,0.9999996423721313
2904,2,2,0.9997901320457458
2905,8,8,0.9991563558578491
2906,3,3,0.9999234676361084
2907,4,4,0.924197793006897
2908,9,9,0.9999127388000488
2909,5,5,0.99986732006073
2910,2,2,0.93132084608078
2911,8,8,0.9993570446968079
2912,1,1,0.9909219145774841
2913,5,5,0.9997878670692444
2914,3,3,0.9928459525108337
2915,7,7,0.9883686304092407
2916,9,9,0.9730412364006042
2917,4,4,0.999218225479126
2918,2,2,0.9999983310699463
2919,5,5,0.9990750551223755
2920,6,6,0.99980229139328
2921,3,3,0.7058423757553101
2922,5,5,0.9999978542327881
2923,9,9,0.9950723052024841
2924,3,3,0.9636618494987488
2925,5,5,0.9947270750999451
2926,9,9,0.987003743648529
2927,3,7,0.9257604479789734
2928,1,1,0.9999096393585205
2929,9,9,0.9734463691711426
2930,5,5,0.7008493542671204
2931,3,3,0.9999046325683594
2932,0,0,0.9999058246612549
2933,6,6,0.9996263980865479
2934,9,9,0.9996128678321838
2935,8,8,0.9999828338623047
2936,4,4,0.9999686479568481
2937,0,0,0.9985173344612122
2938,4,4,0.9879403114318848
2939,9,0,0.5028701424598694
2940,2,2,0.991974413394928
2941,9,9,0.9995471835136414
2942,0,0,0.9999336004257202
2943,1,1,0.9942652583122253
2944,0,0,0.9214317798614502
2945,3,3,0.9508956074714661
2946,1,1,0.9954957962036133
2947,6,6,0.9999821186065674
2948,5,5,0.9999829530715942
2949,8,8,0.9991447925567627
2950,1,1,0.9995957016944885
2951,5,5,0.9953024387359619
2952,3,3,0.9767604470252991
2953,3,3,0.9576297998428345
2954,0,0,0.9823336601257324
2955,3,3,0.9997153878211975
2956,5,5,0.9965916872024536
2957,5,5,0.9999128580093384
2958,9,9,0.99950110912323
2959,2,2,0.9921141862869263
2960,8,8,0.9766726493835449
2961,7,7,0.9972226619720459
2962,0,0,0.9997397065162659
2963,4,4,0.9999996423721313
2964,9,9,0.9597165584564209
2965,1,1,0.9992208480834961
2966,9,9,0.9841506481170654
2967,7,7,0.9999655485153198
2968,7,7,0.9921201467514038
2969,5,5,0.9996857643127441
2970,5,5,0.9275457859039307
2971,2,2,0.9971103072166443
2972,0,0,0.9711299538612366
2973,9,9,0.9998894929885864
2974,1,1,0.9996484518051147
2975,8,8,0.9997428059577942
2976,6,6,0.9926030039787292
2977,2,2,0.988655686378479
2978,3,3,0.9999551773071289
2979,9,9,0.7492033243179321
2980,6,6,0.9999996423721313
2981,2,2,0.999476969242096
2982,1,1,0.9996563196182251
2983,9,9,0.9999481439590454
2984,1,1,0.9967227578163147
2985,3,3,0.9979962110519409
2986,5,5,0.9995470643043518
2987,5,5,0.998683750629425
2988,0,0,0.9997403025627136
2989,3,3,0.9993118047714233
2990,8,8,0.9913881421089172
2991,3,3,0.9997687935829163
2992,3,3,0.9998201727867126
2993,7,7,0.9751230478286743
2994,6,6,0.9988151788711548
2995,6,5,0.4305625557899475
2996,0,0,0.9999767541885376
2997,1,1,0.9988695979118347
2998,4,4,0.9873467087745667
2999,0,0,0.9999666213989258
3000,6,6,0.9984915256500244
3001,9,9,0.9840338230133057
3002,8,8,0.9996143579483032
3003,1,1,0.9995972514152527
3004,2,2,0.999377429485321
3005,9,9,0.9270455241203308
3006,9,9,0.9993079900741577
3007,5,5,0.999500036239624
3008,9,9,0.9982340335845947
3009,7,7,0.9998088479042053
3010,3,3,0.9999086856842041
3011,7,7,0.9999970197677612
3012,8,8,0.977038562297821
3013,0,0,0.9998890161514282
3014,1,1,0.9967569708824158
3015,3,3,0.999998927116394
3016,0,0,0.9203604459762573
3017,4,4,0.9997050166130066
3018,6,6,0.9999481439590454
3019,1,1,0.9936124682426453
3020,0,0,0.9966362714767456
3021,2,2,0.8096377849578857
3022,5,5,0.9999802112579346
3023,8,8,0.524128794670105
3024,4,4,0.9999994039535522
3025,4,4,0.9999412298202515
3026,1,1,0.9981144666671753
3027,1,1,0.9992234706878662
3028,5,5,1.0
3029,4,4,0.9978063702583313
3030,6,6,0.7911317348480225
3031,6,6,1.0
3032,0,0,0.9989036321640015
3033,6,6,0.9999542236328125
3034,9,9,0.9972558617591858
3035,2,2,0.999910831451416
3036,6,6,0.9999926090240479
3037,2,2,0.9997403025627136
3038,7,7,0.9989399313926697
3039,1,1,0.9874883890151978
3040,7,7,0.9994864463806152
3041,9,9,0.9998944997787476
3042,4,4,0.9998149275779724
3043,0,0,0.9980984330177307
3044,0,0,0.9999068975448608
3045,3,3,0.9999651908874512
3046,8,8,0.9999152421951294
3047,2,2,0.9999599456787109
3048,2,2,0.9993720650672913
3049,3,3,0.9999709129333496
3050,1,1,0.9999163150787354
3051,6,6,0.9986714124679565
3052,0,0,0.9999260902404785
3053,5,5,0.9999996423721313
3054,7,7,0.9976966977119446
3055,7,7,0.9957576394081116
3056,9,9,0.9951175451278687
3057,2,2,0.9999972581863403
3058,6,6,0.9999853372573853
3059,7,7,0.8904703259468079
3060,9,9,0.31187960505485535
3061,7,7,0.99996018409729
3062,8,8,0.9537083506584167
3063,6,6,0.9989824891090393
3064,8,8,0.999974250793457
3065,8,8,0.9781618118286133
3066,4,4,0.9999121427536011
3067,6,6,0.999996542930603
3068,8,8,0.9988057613372803
3069,4,4,0.999885082244873
3070,1,1,0.9956408739089966
3071,2,2,0.9999538660049438
3072,8,8,0.9999878406524658
3073,1,2,0.993164598941803
3074,3,3,0.9999986886978149
3075,9,9,0.9998718500137329
3076,4,4,0.9998855590820312
3077,0,0,0.9980454444885254
3078,3,3,0.9048613905906677
3079,7,7,0.999982476234436
3080,3,3,0.9999995231628418
3081,2,2,0.9997937083244324
3082,3,3,0.999925971031189
3083,3,3,0.9999645948410034
3084,7,7,0.9989392161369324
3085,3,3,0.9994581341743469
3086,4,4,0.9987919926643372
3087,0,0,0.9924488067626953
3088,6,6,0.9999431371688843
3089,2,2,0.99991774559021
3090,0,0,0.9993651509284973
3091,8,8,0.9958497285842896
3092,1,1,0.9991698265075684
3093,5,5,0.9999822378158569
3094,3,3,0.9992817044258118
3095,5,5,0.9998505115509033
3096,4,4,0.9998303651809692
3097,1,1,0.999427080154419
3098,7,7,0.9999649524688721
3099,1,1,0.997723400592804
3100,5,5,0.9964950680732727
3101,7,7,0.9991840720176697
3102,5,5,0.9991971850395203
3103,7,7,0.9978785514831543
3104,3,3,0.999925971031189
3105,2,2,0.9999958276748657
3106,2,2,0.9905607104301453
3107,7,7,0.9999575614929199
3108,3,3,0.9904228448867798
3109,7,7,0.7389816045761108
3110,3,3,0.9999593496322632
3111,7,7,0.9996157884597778
3112,8,8,0.9945716261863708
3113,5,5,0.9999958276748657
3114,4,4,0.6275694370269775
3115,5,5,0.9623766541481018
3116,2,2,0.9999880790710449
3117,5,5,0.9990631937980652
3118,6,6,0.9999085664749146
3119,5,5,0.9999997615814209
3120,3,3,0.9998999834060669
3121,6,6,0.9757870435714722
3122,7,7,0.9986200332641602
3123,4,4,0.9999634027481079
3124,1,1,0.9984625577926636
3125,7,7,0.9998403787612915
3126,1,1,0.9997367262840271
3127,5,5,0.9994577765464783
3128,2,2,0.999981164932251
3129,3,3,0.98097163438797
3130,6,6,0.9905695915222168
3131,3,3,0.9999984502792358
3132,1,1,0.6661332249641418
3133,4,4,0.9804763793945312
3134,2,2,0.9146513938903809
3135,6,6,0.9999890327453613
3136,7,7,0.9880067110061646
3137,4,4,0.9977254271507263
3138,3,3,0.9984385371208191
3139,8,8,0.999937891960144
3140,0,0,0.9997612833976746
3141,6,6,0.9998611211776733
3142,2,2,0.9979939460754395
3143,1,1,0.9996817111968994
3144,6,6,0.9999990463256836
3145,5,5,0.9999667406082153
3146,3,3,0.9994664788246155
3147,9,9,0.9999732971191406
3148,1,1,0.9974396228790283
3149,9,9,0.9995580315589905
3150,3,3,0.9999929666519165
3151,2,2,0.9781978726387024
3152,1,1,0.9980394244194031
3153,8,8,0.99904865026474
3154,4,4,0.9999222755432129
3155,4,4,0.999561607837677
3156,6,6,0.9999899864196777
3157,5,5,0.826709508895874
3158,8,8,0.99898761510849
3159,6,6,0.9999123811721802
3160,9,9,0.9957048296928406
3161,7,7,0.9982225298881531
3162,7,7,0.9999521970748901
3163,8,8,0.999593198299408
3164,6,6,0.9997979998588562
3165,9,9,0.9997443556785583
3166,7,7,0.937824010848999
3167,3,3,0.9936785101890564
3168,9,9,0.999871015548706
3169,4,4,0.9999905824661255
3170,0,0,0.999967098236084
3171,5,5,0.9997299313545227
3172,4,4,0.9866960048675537
3173,6,6,0.9982498288154602
3174,4,4,0.9999771118164062
3175,1,1,0.9997164607048035
3176,2,2,0.9957351684570312
3177,3,3,0.9999297857284546
3178,0,0,0.9997866749763489
3179,0,0,0.9999624490737915
3180,2,2,0.9999961853027344
3181,6,6,0.9999909400939941
3182,6,6,0.9999986886978149
3183,5,5,0.999993085861206
3184,7,7,0.9913807511329651
3185,0,0,0.9776709079742432
3186,8,8,0.9973580241203308
3187,6,6,0.9999713897705078
3188,4,4,0.9999845027923584
3189,7,7,0.9956642985343933
3190,9,9,0.9995920062065125
3191,0,0,0.9878255724906921
3192,7,7,0.9999862909317017
3193,3,3,0.9990335702896118
3194,4,4,0.9991828799247742
3195,2,2,0.999984622001648
3196,1,1,0.9566718935966492
3197,8,8,0.9995999932289124
3198,8,8,0.9999879598617554
3199,5,5,0.9999992847442627
3200,9,9,0.9999371767044067
3201,2,2,0.9999812841415405
3202,7,7,0.9974597096443176
3203,1,1,0.9813490509986877
3204,8,8,0.988303005695343
3205,8,8,0.9981508851051331
3206,8,8,0.9972479939460754
3207,2,2,0.9956831932067871
3208,7,7,0.9991937279701233
3209,6,6,0.9997710585594177
3210,0,0,0.989662766456604
3211,1,1,0.990227222442627
3212,2,2,0.9998164772987366
3213,7,7,0.9190599918365479
3214,1,1,0.9977881908416748
3215,0,0,0.9999514818191528
3216,8,8,0.9988301396369934
3217,3,3,0.9999938011169434
3218,6,6,0.884814977645874
3219,0,0,0.9491304159164429
3220,5,5,0.9999972581863403
3221,3,3,0.9999861717224121
3222,6,6,0.994968831539154
3223,2,2,0.9999434947967529
3224,8,8,0.9978606104850769
3225,7,7,0.3871857225894928
3226,0,0,0.9998595714569092
3227,1,1,0.9980250597000122
3228,4,4,0.9999386072158813
3229,2,2,0.9781395792961121
3230,1,1,0.9991481304168701
3231,1,1,0.9997277855873108
3232,4,4,0.9999051094055176
3233,4,4,0.9998071789741516
3234,4,4,0.9999926090240479
3235,4,4,0.9969026446342468
3236,7,7,0.9664604663848877
3237,1,1,0.9980150461196899
3238,6,6,0.9954811334609985
3239,2,2,0.9986861348152161
3240,9,9,0.9989702701568604
3241,9,9,0.9999451637268066
3242,0,0,0.9987109899520874
3243,0,0,0.9994468092918396
3244,1,1,0.9996750354766846
3245,8,8,0.9993748068809509
3246,8,8,0.991279661655426
3247,4,4,0.9998733997344971
3248,3,3,0.999285876750946
3249,4,4,0.9999760389328003
3250,2,2,0.9335896968841553
3251,0,0,0.98143070936203
3252,6,6,0.9966565370559692
3253,1,1,0.9997554421424866
3254,6,6,0.992606520652771
3255,1,1,0.9993840456008911
3256,2,2,0.984587550163269
3257,2,2,0.9999364614486694
3258,2,2,0.9999897480010986
3259,1,1,0.9954299926757812
3260,2,2,0.9962412118911743
3261,3,3,0.9979032278060913
3262,7,7,0.9913143515586853
3263,8,8,0.9979602098464966
3264,1,1,0.9998063445091248
3265,0,0,0.9999921321868896
3266,0,0,0.8461025953292847
3267,2,2,0.9952707886695862
3268,1,1,0.9997747540473938
3269,6,6,0.9933441877365112
3270,6,6,0.9999698400497437
3271,0,0,0.999980092048645
3272,1,1,0.9994035959243774
3273,6,6,0.9998352527618408
3274,2,2,0.9998470544815063
3275,5,5,0.9997547268867493
3276,1,1,0.998157799243927
3277,7,7,0.9937404990196228
3278,4,4,0.9998862743377686
3279,8,8,0.999954342842102
3280,2,2,0.9702802300453186
3281,1,1,0.9876245260238647
3282,4,4,0.9999061822891235
3283,3,3,0.9999721050262451
3284,8,8,0.9993152618408203
3285,3,3,0.9997401833534241
3286,9,9,0.9996874332427979
3287,9,9,0.9988613128662109
3288,4,4,0.902633011341095
3289,8,8,0.7990738749504089
3290,3,3,0.9999583959579468
3291,4,4,0.9985139966011047
3292,7,7,0.9999966621398926
3293,2,2,0.9999980926513672
3294,7,7,0.9999953508377075
3295,5,5,0.9999994039535522
3296,7,7,0.9979520440101624
3297,0,0,0.9987377524375916
3298,4,4,0.9999569654464722
3299,3,3,0.9992308616638184
3300,3,3,0.9711984395980835
3301,2,2,0.9999822378158569
3302,6,6,0.9937979578971863
3303,7,7,0.9938822984695435
3304,6,6,0.9991831183433533
3305,0,0,0.7703750729560852
3306,0,0,0.9997634291648865
3307,6,6,0.9999964237213135
3308,7,7,0.9997764229774475
3309,7,7,0.9998785257339478
3310,0,0,0.9997918009757996
3311,5,5,0.999947190284729
3312,5,5,0.9995444416999817
3313,8,8,0.9994742274284363
3314,1,1,0.9996271133422852
3315,0,0,0.9999901056289673
3316,7,7,0.7112423777580261
3317,0,0,0.9816607236862183
3318,2,2,0.9993532299995422
3319,8,8,0.9361788630485535
3320,1,1,0.9977129697799683
3321,5,5,0.9996620416641235
3322,0,0,0.9997937083244324
3323,8,8,0.9989383816719055
3324,8,8,0.999944806098938
3325,0,0,0.9999390840530396
3326,3,3,0.9921132326126099
3327,2,2,0.9997724890708923
3328,7,7,0.9997443556785583
3329,7,7,0.9986717700958252
3330,2,2,0.8677049875259399
3331,6,6,0.9993643164634705
3332,4,4,0.9994219541549683
3333,7,7,0.6157652139663696
3334,5,5,0.9996253252029419
3335,5,5,0.9984036087989807
3336,5,5,0.9104320406913757
3337,2,2,0.842665433883667
3338,9,9,0.9992192983627319
3339,2,2,0.9672213196754456
3340,8,8,0.9997187256813049
3341,4,4,0.9999610185623169
3342,6,6,0.9915432929992676
3343,8,8,0.9969286322593689
3344,6,6,0.9546972513198853
3345,5,5,0.9998980760574341
3346,0,0,0.999927282333374
3347,0,0,0.9991239905357361
3348,8,8,0.9909971952438354
3349,7,7,0.9999305009841919
3350,6,6,0.9998786449432373
3351,1,1,0.9774330258369446
3352,7,7,0.9999210834503174
3353,1,1,0.999833345413208
3354,1,1,0.9998180270195007
3355,2,2,0.9999972581863403
3356,7,7,0.9999997615814209
3357,4,4,0.9999974966049194
3358,0,0,0.9782788157463074
3359,0,0,0.9977001547813416
3360,7,7,0.9998321533203125
3361,7,7,0.9990609288215637
3362,6,6,0.999998927116394
3363,3,3,0.9999090433120728
3364,8,8,0.9980121850967407
3365,6,6,0.9805060625076294
3366,4,4,0.9999513626098633
3367,2,2,0.9970398545265198
3368,0,0,0.999824583530426
3369,9,9,0.9581049084663391
3370,4,4,0.9999938011169434
3371,0,0,0.9998536109924316
3372,5,5,0.9999833106994629
3373,7,7,0.999945878982544
3374,8,8,0.9990609288215637
3375,2,2,0.9662805199623108
3376,7,7,0.9920768737792969
3377,4,4,0.9924984574317932
3378,7,7,0.9999878406524658
3379,1,1,0.9997294545173645
3380,1,1,0.9968546628952026
3381,3,3,0.9923730492591858
3382,6,6,0.9997847676277161
3383,6,6,0.9996241331100464
3384,2,2,0.97297602891922
3385,9,9,0.9999700784683228
3386,1,1,0.9974660873413086
3387,9,9,0.9991694688796997
3388,4,4,0.9791136384010315
3389,8,8,0.9995891451835632
3390,3,3,0.9999922513961792
3391,6,6,0.9998041987419128
3392,9,9,0.9962759017944336
3393,5,5,0.9986076951026917
3394,9,9,0.9995966553688049
3395,6,6,0.9999135732650757
3396,2,2,0.9999558925628662
3397,4,4,0.9999985694885254
3398,6,6,0.9997392296791077
3399,7,7,0.9999325275421143
3400,7,7,0.999997615814209
3401,0,0,0.9999730587005615
3402,6,6,0.9994025230407715
3403,6,6,0.9997408986091614
3404,9,9,0.9995927214622498
3405,4,4,0.9937261939048767
3406,8,8,0.9988918900489807
3407,3,3,0.9997779726982117
3408,5,5,0.9999911785125732
3409,3,3,0.9999662637710571
3410,4,4,0.9998409748077393
3411,9,9,0.9975080490112305
3412,0,0,0.9998314380645752
3413,0,0,0.9981301426887512
3414,5,5,0.9979040622711182
3415,2,2,0.9936234354972839
3416,5,5,0.9999984502792358
3417,0,0,0.9997361302375793
3418,7,7,0.9980077147483826
3419,1,1,0.9997379183769226
3420,1,1,0.9983987212181091
3421,1,1,0.9968771934509277
3422,6,6,0.983669638633728
3423,7,7,0.9990037083625793
3424,6,6,0.999860405921936
3425,7,7,0.9939663410186768
3426,9,9,0.9996484518051147
3427,6,6,0.9839246273040771
3428,6,6,0.9996775388717651
3429,4,4,0.9909154772758484
3430,1,1,0.9916783571243286
3431,4,4,0.9985791444778442
3432,3,3,0.9993403553962708
3433,1,1,0.9997619986534119
3434,1,1,0.9995306730270386
3435,2,2,0.9999682903289795
3436,2,2,0.9860702157020569
3437,4,4,0.9717217087745667
3438,1,1,0.9985799789428711
3439,0,0,0.9984679818153381
3440,8,8,0.9999750852584839
3441,7,7,0.9335730075836182
3442,6,6,0.9974476099014282
3443,3,3,0.9999709129333496
3444,4,4,0.9998540878295898
3445,0,0,0.9999920129776001
3446,0,0,0.9988530874252319
3447,6,6,0.9999133348464966
3448,3,3,0.9720321297645569
3449,3,3,0.9999924898147583
3450,0,0,0.7927624583244324
3451,7,7,0.7113927602767944
3452,1,1,0.999351441860199
3453,7,7,0.9906772375106812
3454,1,1,0.9995642304420471
3455,1,1,0.999828577041626
3456,3,3,0.9996793270111084
3457,1,1,0.9846820831298828
3458,0,0,0.999786913394928
3459,9,9,0.9999732971191406
3460,9,9,0.9962570667266846
3461,7,7,0.9999322891235352
3462,5,5,0.9999995231628418
3463,4,4,0.9999814033508301
3464,1,1,0.9991487264633179
3465,4,4,0.9968968629837036
3466,8,8,0.9982428550720215
3467,9,9,0.9968599081039429
3468,5,5,0.9999479055404663
3469,3,3,0.9992235898971558
3470,5,5,0.9999988079071045
3471,1,1,0.9996156692504883
3472,9,9,0.9992326498031616
3473,8,8,0.9902425408363342
3474,2,7,0.4454295039176941
3475,3,3,0.9045175313949585
3476,3,3,0.9995005130767822
3477,9,9,0.9905712604522705
3478,9,9,0.9997456669807434
3479,0,0,0.9995529055595398
3480,1,1,0.9998326301574707
3481,0,0,0.9998810291290283
3482,2,2,0.9999717473983765
3483,9,9,0.9999686479568481
3484,3,3,0.9999995231628418
3485,9,9,0.9998960494995117
3486,3,3,0.9999842643737793
3487,3,3,0.9999691247940063
3488,6,6,0.9998961687088013
3489,2,2,0.9996055960655212
3490,4,4,0.9708333611488342
3491,9,9,0.9988996982574463
3492,8,8,0.9022374749183655
3493,3,3,0.9999982118606567
3494,7,7,0.9959022402763367
3495,4,4,0.9996891021728516
3496,0,0,0.9996820688247681
3497,4,4,0.9998916387557983
3498,7,7,0.9973400235176086
3499,8,8,0.9994168281555176
3500,4,4,0.999998927116394
3501,9,9,0.9973496198654175
3502,8,8,0.9803235530853271
3503,9,9,0.9517091512680054
3504,9,9,0.9965631365776062
3505,7,7,0.9999648332595825
3506,5,5,0.999987006187439
3507,9,9,0.9991251826286316
3508,2,2,0.9998637437820435
3509,8,8,0.9983575940132141
3510,2,2,0.9999306201934814
3511,2,2,0.9121432304382324
3512,0,0,0.9996918439865112
3513,2,2,0.9988743662834167
3514,2,2,0.9946828484535217
3515,3,3,0.9999920129776001
3516,8,8,0.9681128859519958
3517,4,4,0.9999996423721313
3518,6,6,0.9984627962112427
3519,8,8,0.9949498176574707
3520,6,4,0.8184612989425659
3521,8,8,0.9999070167541504
3522,2,2,0.9713038206100464
3523,4,4,0.9993734955787659
3524,6,6,0.9998108744621277
3525,7,7,0.997967541217804
3526,9,9,0.9995126724243164
3527,3,3,0.9999916553497314
3528,3,3,0.9999845027923584
3529,9,9,0.9856113195419312
3530,4,4,0.9996962547302246
3531,3,3,0.9999666213989258
3532,1,1,0.9988151788711548
3533,4,4,0.9513847827911377
3534,4,4,0.8120424747467041
3535,7,7,0.9999839067459106
3536,0,0,0.9995991587638855
3537,5,5,0.9999494552612305
3538,9,9,0.9995736479759216
3539,6,6,0.9999921321868896
3540,0,0,0.9938002228736877
3541,4,4,0.9999250173568726
3542,4,4,0.9997815489768982
3543,4,4,0.9993802309036255
3544,4,4,0.9999866485595703
3545,6,6,0.9999991655349731
3546,1,1,0.9998396635055542
3547,2,2,0.999950647354126
3548,3,3,0.999995231628418
3549,3,3,0.9918043613433838
3550,6,6,0.9474042654037476
3551,4,4,0.9996452331542969
3552,5,5,0.9998587369918823
3553,9,9,0.9990766048431396
3554,6,6,0.9999988079071045
3555,8,8,0.9957056641578674
3556,5,5,0.9999933242797852
3557,6,6,0.9972190856933594
3558,5,5,0.6617333889007568
3559,8,8,0.9614009857177734
3560,6,6,0.9999982118606567
3561,4,4,0.9938018918037415
3562,1,1,0.9993041753768921
3563,8,8,0.9912757873535156
3564,6,6,0.9926282167434692
3565,5,5,0.9999552965164185
3566,2,2,0.9999279975891113
3567,8,8,0.9968594312667847
3568,4,4,0.998638927936554
3569,5,5,0.9999991655349731
3570,5,5,0.9999983310699463
3571,4,4,0.858902096748352
3572,7,7,0.9999651908874512
3573,7,7,0.9992945194244385
3574,0,0,0.9913215041160583
3575,7,7,0.9999693632125854
3576,8,8,0.9711641669273376
3577,2,2,0.998267650604248
3578,2,2,0.9911017417907715
3579,3,3,0.9999672174453735
3580,7,7,0.9916284084320068
3581,0,0,0.9990195035934448
3582,1,1,0.9974977374076843
3583,8,8,0.9786195158958435
3584,0,0,0.9999910593032837
3585,7,7,0.9999945163726807
3586,1,1,0.9998682737350464
3587,9,9,0.9964015483856201
3588,8,8,0.999948263168335
3589,7,7,0.9986775517463684
3590,5,5,0.9999650716781616
3591,5,5,0.9994176626205444
3592,9,9,0.9989014863967896
3593,1,1,0.9996545314788818
3594,7,7,0.9999978542327881
3595,5,5,0.999996542930603
3596,4,4,0.9999144077301025
3597,9,9,0.9084784984588623
3598,1,1,0.9978366494178772
3599,2,2,0.9531873464584351
3600,2,2,0.9915452003479004
3601,1,1,0.9862568974494934
3602,6,6,0.999998927116394
3603,6,6,1.0
3604,7,7,0.9998201727867126
3605,1,1,0.9997696280479431
3606,1,1,0.9574283361434937
3607,4,4,0.9995483756065369
3608,0,0,0.9999599456787109
3609,7,7,0.9995704293251038
3610,4,4,0.9999583959579468
3611,2,2,0.9939342141151428
3612,4,4,0.9999916553497314
3613,0,0,0.9997109770774841
3614,6,6,0.9994810223579407
3615,4,4,0.9999510049819946
3616,7,7,0.9997937083244324
3617,6,6,0.9997686743736267
3618,9,9,0.9420130252838135
3619,5,5,0.9999881982803345
3620,3,3,0.9999747276306152
3621,4,4,0.9997944235801697
3622,6,6,0.9999970197677612
3623,5,5,0.9998948574066162
3624,0,0,0.9944583177566528
3625,1,1,0.9993264675140381
3626,8,8,0.9276084303855896
3627,8,8,0.999544084072113
3628,2,2,0.999858021736145
3629,8,8,0.9858860969543457
3630,3,3,0.9999911785125732
3631,5,5,0.999997615814209
3632,7,7,0.9999419450759888
3633,8,8,0.9999514818191528
3634,0,0,0.9962729215621948
3635,8,8,0.8131866455078125
3636,5,5,0.9999570846557617
3637,7,7,0.9994988441467285
3638,1,1,0.999812662601471
3639,1,1,0.9973058700561523
3640,0,0,0.993598461151123
3641,1,1,0.9987542629241943
3642,3,3,0.9999998807907104
3643,7,7,0.9997535347938538
3644,8,8,0.9988859295845032
3645,5,5,0.9995591044425964
3646,0,0,0.966640293598175
3647,7,7,0.9997926354408264
3648,1,1,0.9993144273757935
3649,1,1,0.9998408555984497
3650,0,0,0.9993176460266113
3651,1,1,0.9999059438705444
3652,1,1,0.9996145963668823
3653,4,4,0.9957055449485779
3654,5,5,0.985350489616394
3655,2,2,0.9999117851257324
3656,7,7,0.9999934434890747
3657,6,6,0.999996542930603
3658,2,2,0.9944064617156982
3659,3,3,0.999944806098938
3660,0,0,0.9999556541442871
3661,2,2,0.9971534013748169
3662,8,8,0.9526962041854858
3663,5,5,0.9986440539360046
3664,9,9,0.9837743043899536
3665,6,6,0.9999285936355591
3666,9,9,0.9971784353256226
3667,7,7,0.999651312828064
3668,2,2,0.9999399185180664
3669,1,1,0.999783456325531
3670,3,3,0.9999836683273315
3671,6,6,0.9999980926513672
3672,4,4,0.9964027404785156
3673,1,1,0.9989864230155945
3674,8,8,0.5873478055000305
3675,2,2,0.9999642372131348
3676,4,4,0.9999032020568848
3677,0,0,0.9999756813049316
3678,5,5,0.9999833106994629
3679,1,1,0.9985679388046265
3680,0,0,0.9994158744812012
3681,2,2,0.9963920712471008
3682,2,2,0.9991768002510071
3683,6,6,0.9998216032981873
3684,4,4,0.9999507665634155
3685,4,4,0.9999958276748657
3686,3,3,0.9997304081916809
3687,9,9,0.9987550973892212
3688,6,6,0.9991475343704224
3689,1,1,0.9994018077850342
3690,6,6,0.9993011951446533
3691,5,5,0.9999990463256836
3692,7,7,0.9999966621398926
3693,9,9,0.9988207221031189
3694,2,2,0.9952138662338257
3695,0,0,0.9985880255699158
3696,2,2,0.9995808005332947
3697,6,6,0.999919056892395
3698,0,0,0.9960883855819702
3699,1,1,0.9937276840209961
3700,4,4,0.9999076128005981
3701,3,3,0.9999419450759888
3702,5,5,0.8188719153404236
3703,2,2,0.9999730587005615
3704,8,8,0.999991774559021
3705,8,8,0.9996312856674194
3706,0,0,0.9964304566383362
3707,8,8,0.9999333620071411
3708,8,8,0.9999871253967285
3709,9,9,0.9939690828323364
3710,0,0,0.99565190076828
3711,9,9,0.9992882609367371
3712,6,6,0.9999991655349731
3713,7,7,0.9997079968452454
3714,6,6,0.9999854564666748
3715,3,3,0.9999486207962036
3716,9,9,0.9979117512702942
3717,3,3,0.9999756813049316
3718,4,4,0.8473280072212219
3719,7,7,0.9992513060569763
3720,7,7,0.9999926090240479
3721,7,7,0.9964029788970947
3722,4,4,0.9999908208847046
3723,9,9,0.9983543157577515
3724,0,0,0.9877047538757324
3725,6,6,0.9998952150344849
3726,4,4,0.862362802028656
3727,8,9,0.9746755957603455
3728,4,4,0.9709405899047852
3729,2,2,0.9139922261238098
3730,7,7,0.9876734614372253
3731,2,2,0.9999850988388062
3732,8,8,0.9955032467842102
3733,1,1,0.9985380172729492
3734,0,0,0.9996451139450073
3735,0,0,0.999947190284729
3736,7,7,0.9981483221054077
3737,8,8,0.999843955039978
3738,3,3,0.9999250173568726
3739,3,3,0.9904140830039978
3740,3,3,0.9999963045120239
3741,1,1,0.9994865655899048
3742,3,3,0.5183908939361572
3743,7,7,0.9995779395103455
3744,6,6,0.9664005637168884
3745,1,1,0.9996092915534973
3746,3,3,0.9994308352470398
3747,1,1,0.9995606541633606
3748,6,6,0.993063747882843
3749,6,6,0.9996445178985596
3750,5,5,0.9999947547912598
3751,7,7,0.845413088798523
3752,4,4,0.9999998807907104
3753,7,7,0.9999300241470337
3754,5,5,0.9994103908538818
3755,9,9,0.9960812926292419
3756,5,5,0.9435821175575256
3757,8,8,0.9683851003646851
3758,4,4,0.9997734427452087
3759,9,9,0.9996274709701538
3760,9,9,0.9995962977409363
3761,1,1,0.9899961948394775
3762,6,8,0.5642626881599426
3763,5,5,0.999946117401123
3764,0,0,0.9998451471328735
3765,1,1,0.9997710585594177
3766,3,3,0.9975773692131042
3767,7,7,0.9707631468772888
3768,0,0,0.9993701577186584
3769,3,3,0.9930205941200256
3770,4,4,0.9999986886978149
3771,8,8,0.9979481101036072
3772,2,2,0.960103452205658
3773,2,2,0.9989826083183289
3774,0,0,0.9925895929336548
3775,2,2,0.9997308850288391
3776,5,5,0.9998044371604919
3777,1,1,0.9972354769706726
3778,5,5,0.9518553614616394
3779,1,1,0.9996434450149536
3780,4,4,0.8413242101669312
3781,8,8,0.9991279244422913
3782,8,8,0.99713134765625
3783,9,9,0.9994031190872192
3784,1,1,0.9995263814926147
3785,2,2,0.988575279712677
3786,1,1,0.9997627139091492
3787,3,3,0.9935682415962219
3788,5,5,1.0
3789,1,1,0.999697208404541
3790,0,0,0.9768807888031006
3791,9,9,0.999606192111969
3792,4,4,0.999914288520813
3793,4,4,0.9978669881820679
3794,8,8,0.8293231725692749
3795,3,3,0.9997857213020325
3796,2,8,0.5321366786956787
3797,5,5,0.9999995231628418
3798,9,9,0.9973414540290833
3799,7,7,0.9970291256904602
3800,6,6,0.9942073822021484
3801,6,6,0.9988158941268921
3802,2,2,0.9999994039535522
3803,0,0,0.9932490587234497
3804,0,0,0.9990257024765015
3805,0,0,0.9996790885925293
3806,5,5,0.9205508232116699
3807,8,8,0.9999703168869019
3808,7,8,0.9964467883110046
3809,1,1,0.997042715549469
3810,5,5,0.9981873631477356
3811,2,2,0.9553840160369873
3812,3,3,0.9998546838760376
3813,8,8,0.9999861717224121
3814,5,5,0.9999988079071045
3815,1,1,0.9998586177825928
3816,8,8,0.9994472861289978
3817,2,2,0.9998131394386292
3818,0,0,0.8609799742698669
3819,4,4,0.9999995231628418
3820,9,9,0.9999121427536011
3821,9,9,0.9811267256736755
3822,6,6,0.9999995231628418
3823,2,2,0.9998507499694824
3824,3,3,0.9999731779098511
3825,3,3,0.9999854564666748
3826,5,5,0.9999896287918091
3827,6,6,0.9999923706054688
3828,4,4,0.9999988079071045
3829,8,8,0.9999079704284668
3830,0,0,0.9998553991317749
3831,9,9,0.9960719347000122
3832,2,2,0.9999971389770508
3833,8,8,0.9668078422546387
3834,3,3,0.9948278069496155
3835,6,6,0.9994100332260132
3836,7,7,0.9998797178268433
3837,5,5,0.9999933242797852
3838,7,7,0.9545062780380249
3839,2,2,0.9991461038589478
3840,9,9,0.9993159770965576
3841,4,4,0.9999982118606567
3842,9,9,0.9994791150093079
3843,1,1,0.996802568435669
3844,2,2,0.9956348538398743
3845,8,8,0.9999878406524658
3846,6,6,0.9996986389160156
3847,0,0,0.9995631575584412
3848,7,7,0.9977707862854004
3849,0,0,0.9999814033508301
3850,9,4,0.9705107808113098
3851,1,1,0.9850031733512878
3852,1,1,0.9949823021888733
3853,6,6,0.5434965491294861
3854,7,7,0.9999933242797852
3855,5,5,0.9996055960655212
3856,9,9,0.911316454410553
3857,9,9,0.9987068176269531
3858,1,1,0.9925636649131775
3859,9,9,0.8565444350242615
3860,5,5,0.9999885559082031
3861,9,9,0.9996497631072998
3862,2,2,0.9863746166229248
3863,5,5,0.9992249011993408
3864,0,0,0.9920991659164429
3865,4,4,0.999994158744812
3866,1,1,0.9997451901435852
3867,0,0,0.9973612427711487
3868,8,8,0.9983798265457153
3869,9,9,0.7952596545219421
3870,0,0,0.9988285899162292
3871,8,8,0.6190668940544128
3872,9,9,0.9998175501823425
3873,8,8,0.9998921155929565
3874,9,9,0.9886060357093811
3875,4,4,0.9999637603759766
3876,2,2,0.9966412782669067
3877,5,5,0.9999991655349731
3878,7,7,0.9976964592933655
3879,9,9,0.9992753863334656
3880,8,8,0.9964105486869812
3881,9,9,0.9991306662559509
3882,8,8,0.999996542930603
3883,0,0,0.9999649524688721
3884,9,9,0.9997943043708801
3885,9,9,0.9996121525764465
3886,6,6,0.9999954700469971
3887,8,8,0.9999977350234985
3888,9,9,0.9990761280059814
3889,9,9,0.9979351758956909
3890,5,5,0.9999116659164429
3891,9,9,0.9986764788627625
3892,8,8,0.999994158744812
3893,5,5,0.9972086548805237
3894,1,1,0.997920572757721
3895,0,0,0.998853325843811
3896,3,3,0.9999514818191528
3897,3,3,0.9952109456062317
3898,5,5,0.9997215867042542
3899,2,2,0.9997465014457703
3900,1,1,0.999864935874939
3901,6,6,0.9999097585678101
3902,5,5,0.9984108209609985
3903,0,0,0.9998880624771118
3904,2,2,0.9997394680976868
3905,8,8,0.9837414026260376
3906,1,1,0.727764368057251
3907,5,5,0.9999997615814209
3908,6,6,0.9997946619987488
3909,2,2,0.8433727622032166
3910,3,3,0.9999988079071045
3911,0,0,0.9998127818107605
3912,2,2,0.9999854564666748
3913,2,2,0.9995710253715515
3914,6,6,0.9999933242797852
3915,4,4,0.9999620914459229
3916,3,3,0.9969747066497803
3917,5,5,0.9999639987945557
3918,5,5,0.9908607006072998
3919,1,1,0.9995037317276001
3920,7,7,0.9999983310699463
3921,2,2,0.9997448325157166
3922,1,1,0.9995929598808289
3923,6,6,0.9999711513519287
3924,9,9,0.9987401366233826
3925,1,1,0.9969378709793091
3926,9,9,0.9767539501190186
3927,9,9,0.9989227652549744
3928,5,5,0.999931812286377
3929,5,5,0.9999648332595825
3930,1,1,0.9997754693031311
3931,6,6,0.9997575879096985
3932,2,2,0.9999997615814209
3933,2,2,1.0
3934,8,8,0.9999910593032837
3935,6,6,0.9999991655349731
3936,7,7,0.9999253749847412
3937,1,1,0.9996256828308105
3938,4,4,0.9996356964111328
3939,6,6,0.9993026256561279
3940,0,0,0.9958943128585815
3941,4,4,0.9915919303894043
3942,0,0,0.9939441084861755
3943,3,3,0.9988717436790466
3944,3,3,0.9999676942825317
3945,2,2,0.9999315738677979
3946,2,2,0.996229350566864
3947,3,3,0.9999995231628418
3948,6,6,0.9999587535858154
3949,8,8,0.9999878406524658
3950,9,9,0.9943291544914246
3951,8,8,0.9903610944747925
3952,5,5,0.9999808073043823
3953,3,3,0.9976814985275269
3954,8,8,0.9981667995452881
3955,5,5,0.999993085861206
3956,4,4,0.9998823404312134
3957,5,5,0.9999202489852905
3958,2,2,0.999779999256134
3959,0,0,0.9998194575309753
3960,5,5,0.9999788999557495
3961,6,6,0.9975020289421082
3962,3,3,0.9970364570617676
3963,2,2,0.9999862909317017
3964,8,8,0.9989657402038574
3965,3,3,0.9999994039535522
3966,9,9,0.9999428987503052
3967,9,9,0.9620271921157837
3968,5,5,0.9974930286407471
3969,7,7,0.9956347346305847
3970,9,9,0.9902389049530029
3971,4,4,0.9956179857254028
3972,6,6,0.9999033212661743
3973,7,7,0.9999847412109375
3974,1,1,0.9869967699050903
3975,3,3,0.9992213249206543
3976,7,7,0.9030885696411133
3977,3,3,0.9764043688774109
3978,6,6,0.9998500347137451
3979,6,6,0.9999731779098511
3980,0,0,0.9999932050704956
3981,9,9,0.9968104958534241
3982,0,0,0.9995740056037903
3983,1,1,0.995654821395874
3984,9,9,0.9953224062919617
3985,9,9,0.703482985496521
3986,2,2,0.9975835084915161
3987,8,8,0.9981166124343872
3988,8,8,0.9806473851203918
3989,0,0,0.9519637227058411
3990,1,1,0.997963547706604
3991,6,6,0.9999885559082031
3992,9,9,0.9999544620513916
3993,7,7,0.9999382495880127
3994,5,5,0.9999041557312012
3995,3,3,0.9834591746330261
3996,4,4,0.9516721963882446
3997,7,7,0.9925922155380249
3998,4,4,0.9991564750671387
3999,9,9,0.9999068975448608
4000,9,9,0.9995113611221313
4001,4,4,0.9778384566307068
4002,3,3,0.9995902180671692
4003,6,6,0.9988481998443604
4004,3,3,0.9999914169311523
4005,1,1,0.992741048336029
4006,1,1,0.9985514283180237
4007,7,7,0.6716039776802063
4008,6,6,0.9999943971633911
4009,9,9,0.9961565136909485
4010,1,1,0.9961049556732178
4011,8,8,0.9907270669937134
4012,4,4,0.999940037727356
4013,1,1,0.9997307658195496
4014,1,1,0.996990442276001
4015,9,9,0.9988771080970764
4016,9,9,0.9977881908416748
4017,4,4,0.9376615285873413
4018,3,3,0.957661509513855
4019,6,6,0.9998843669891357
4020,8,8,0.9997333884239197
4021,1,1,0.999782383441925
4022,6,6,0.9989281296730042
4023,0,0,0.9999510049819946
4024,4,4,0.9999724626541138
4025,1,1,0.998924195766449
4026,3,3,0.9999648332595825
4027,7,7,0.8255268931388855
4028,7,7,0.9999784231185913
4029,4,4,0.9913051128387451
4030,9,9,0.9938730001449585
4031,5,5,0.9989737272262573
4032,1,1,0.9992183446884155
4033,0,0,0.9999648332595825
4034,0,0,0.9962025284767151
4035,1,1,0.9998610019683838
4036,1,1,0.9997459053993225
4037,6,6,0.9961420893669128
4038,2,2,0.9995217323303223
4039,1,1,0.9993749260902405
4040,9,9,0.9999392032623291
4041,8,8,0.9999040365219116
4042,4,4,0.9999762773513794
4043,0,0,0.9999717473983765
4044,3,3,0.9979158043861389
4045,6,6,0.9999969005584717
4046,4,4,0.9999912977218628
4047,9,9,0.9937427639961243
4048,0,0,0.9990425705909729
4049,7,7,0.9999985694885254
4050,1,1,0.9864211082458496
4051,6,6,0.9999963045120239
4052,5,5,0.9980189800262451
4053,7,7,0.580010712146759
4054,5,5,0.9999454021453857
4055,2,2,0.9839401245117188
4056,5,5,0.9978538155555725
4057,1,1,0.9996744394302368
4058,8,8,0.999259889125824
4059,5,5,0.9999969005584717
4060,4,4,0.9992252588272095
4061,7,7,0.9987063407897949
4062,0,0,0.999139666557312
4063,6,6,0.7037384510040283
4064,7,7,0.9999938011169434
4065,0,0,0.5274258255958557
4066,2,2,0.9998217225074768
4067,5,5,0.9999358654022217
4068,8,8,0.9999587535858154
4069,1,1,0.9997913241386414
4070,0,0,0.9999109506607056
4071,4,4,0.99998939037323
4072,5,5,0.9999548196792603
4073,7,7,0.9999992847442627
4074,1,1,0.9959333539009094
4075,8,8,0.9761290550231934
4076,5,5,0.9998685121536255
4077,1,1,0.9994819760322571
4078,9,2,0.48330962657928467
4079,0,0,0.9991057515144348
4080,0,0,0.9996629953384399
4081,6,6,0.9987128973007202
4082,0,0,0.999819815158844
4083,7,7,0.9999998807907104
4084,3,3,0.9994524121284485
4085,1,1,0.9994322657585144
4086,8,8,0.9954332709312439
4087,3,3,0.9997231364250183
4088,9,9,0.9996154308319092
4089,7,7,0.9999173879623413
4090,0,0,0.9999009370803833
4091,0,0,0.9996429681777954
4092,8,8,0.9896113872528076
4093,9,9,0.9308172464370728
4094,5,5,0.9996635913848877
4095,9,9,0.9998772144317627
4096,8,8,0.9994063377380371
4097,3,3,0.9999614953994751
4098,2,2,0.9992048144340515
4099,7,7,0.9877387285232544
4100,2,2,0.9793826341629028
4101,9,9,0.9987908005714417
4102,7,7,0.9997487664222717
4103,2,2,0.9999027252197266
4104,1,1,0.9999076128005981
4105,1,1,0.9993911981582642
4106,3,3,0.9999908208847046
4107,7,7,0.9999594688415527
4108,5,5,0.9999963045120239
4109,3,3,0.9998162388801575
4110,1,1,0.996307373046875
4111,9,9,0.9974320530891418
4112,8,8,0.9019496440887451
4113,2,2,0.9999078512191772
4114,2,2,0.9969570636749268
4115,2,2,0.9999969005584717
4116,8,8,0.9275144934654236
4117,8,8,0.9961302280426025
4118,5,5,0.9999818801879883
4119,7,7,0.9996269941329956
4120,3,3,0.9997186064720154
4121,8,8,0.9999082088470459
4122,9,9,0.9997636675834656
4123,8,8,0.9891118407249451
4124,8,8,0.9688200950622559
4125,6,6,0.9984299540519714
4126,8,8,0.8552905321121216
4127,2,2,0.9999179840087891
4128,3,3,0.9997982382774353
4129,9,9,0.9911903142929077
4130,7,7,0.9999545812606812
4131,5,5,0.9999774694442749
4132,6,6,0.9999232292175293
4133,2,2,0.999526858329773
4134,9,9,0.9874825477600098
4135,2,2,0.9992615580558777
4136,8,8,0.9995428323745728
4137,8,8,0.5887762904167175
4138,1,1,0.9998311996459961
4139,6,6,0.9992745518684387
4140,8,8,0.9999778270721436
4141,8,8,0.99828040599823
4142,7,7,0.998712420463562
4143,9,9,0.9965408444404602
4144,1,1,0.9999151229858398
4145,8,8,0.8939208984375
4146,0,0,0.9576820135116577
4147,1,1,0.9952787160873413
4148,7,7,0.9982032775878906
4149,2,2,0.9935411214828491
4150,0,0,0.9999873638153076
4151,7,7,0.9996737241744995
4152,5,5,0.9988251328468323
4153,1,1,0.9996583461761475
4154,9,9,0.9985976815223694
4155,0,0,0.9999698400497437
4156,2,2,0.8961629867553711
4157,0,0,0.9969193935394287
4158,9,9,0.9951586127281189
4159,8,8,0.9993637204170227
4160,6,6,0.9996713399887085
4161,2,2,0.9999774694442749
4162,3,3,0.9999936819076538
4163,9,9,0.7545171976089478
4164,3,3,0.9999969005584717
4165,8,8,0.9474102258682251
4166,0,0,0.9998071789741516
4167,2,2,0.909337043762207
4168,1,1,0.9998815059661865
4169,1,1,0.999901533126831
4170,1,1,0.9983187913894653
4171,1,1,0.9984422326087952
4172,4,4,0.9998635053634644
4173,2,2,0.9999380111694336
4174,9,9,0.9818258285522461
4175,7,7,0.9999321699142456
4176,2,7,0.9951777458190918
4177,5,5,0.9986905455589294
4178,1,1,0.9377062916755676
4179,1,1,0.996717631816864
4180,2,2,0.9927760362625122
4181,1,1,0.9996837377548218
4182,9,9,0.9996562004089355
4183,9,9,0.9998742341995239
4184,9,9,0.997353196144104
4185,1,1,0.9482405185699463
4186,0,0,0.9990695118904114
4187,2,2,0.9997414946556091
4188,0,0,0.9999476671218872
4189,2,2,0.9987401366233826
4190,1,1,0.998950719833374
4191,1,1,0.9965147376060486
4192,4,4,0.9996397495269775
4193,6,6,0.9904175400733948
4194,4,4,0.9735909104347229
4195,1,1,0.9990009665489197
4196,5,5,0.9968128800392151
4197,4,4,0.9996839761734009
4198,9,9,0.998594343662262
4199,7,7,0.7798678278923035
4200,7,7,0.9999985694885254
4201,1,1,0.7235410213470459
4202,5,5,0.9999767541885376
4203,6,6,0.9999890327453613
4204,2,2,0.9989849925041199
4205,2,2,0.4329819679260254
4206,2,2,0.9960529804229736
4207,8,8,0.6778422594070435
4208,0,0,0.9998164772987366
4209,6,6,0.9998555183410645
4210,9,9,0.9997560381889343
4211,6,6,0.9845895171165466
4212,1,1,0.9477983713150024
4213,9,9,0.9997276663780212
4214,7,7,0.9982002973556519
4215,7,7,0.9999240636825562
4216,1,1,0.9805616736412048
4217,4,4,0.9999734163284302
4218,8,8,0.9998863935470581
4219,5,5,0.9999995231628418
4220,3,3,0.9998623132705688
4221,4,4,0.9208626747131348
4222,3,3,0.9999897480010986
4223,4,4,0.9980040192604065
4224,9,7,0.6873900890350342
4225,7,7,0.9999877214431763
4226,5,5,0.9999943971633911
4227,0,0,0.9995676875114441
4228,7,7,0.9997088313102722
4229,4,4,0.9999927282333374
4230,8,8,0.9991233944892883
4231,8,8,0.9998570680618286
4232,1,1,0.9973748922348022
4233,5,5,0.9999921321868896
4234,3,3,0.9999833106994629
4235,9,9,0.999669075012207
4236,5,5,0.9999998807907104
4237,9,9,0.9995157718658447
4238,7,7,0.8874466419219971
4239,6,6,0.9181761741638184
4240,9,9,0.9998780488967896
4241,0,0,0.9999539852142334
4242,3,3,0.9999395608901978
4243,6,6,0.995735764503479
4244,3,3,0.984285295009613
4245,9,9,0.9998401403427124
4246,8,8,0.9991389513015747
4247,2,2,0.9999212026596069
4248,2,2,0.7600688934326172
4249,1,1,0.9998183846473694
4250,2,2,0.9978267550468445
4251,8,8,0.9997690320014954
4252,6,6,0.999893069267273
4253,8,8,0.9999895095825195
4254,5,5,0.9999754428863525
4255,5,5,0.9937735199928284
4256,3,3,0.984464704990387
4257,9,9,0.999431312084198
4258,4,4,0.9999346733093262
4259,9,9,0.8909716010093689
4260,2,2,0.9768763184547424
4261,5,5,0.9999722242355347
4262,1,1,0.9986714124679565
4263,5,5,0.999078631401062
4264,1,1,0.9989250302314758
4265,4,4,0.5023702383041382
4266,4,4,0.9968481659889221
4267,1,1,0.9998607635498047
4268,4,4,0.9944361448287964
4269,4,4,0.9655290246009827
4270,3,3,0.9999581575393677
4271,5,5,0.9320274591445923
4272,9,9,0.9971387386322021
4273,1,1,0.9860060214996338
4274,2,2,0.9998729228973389
4275,2,2,0.9990111589431763
4276,3,3,0.9999682903289795
4277,3,3,0.999810516834259
4278,0,0,0.9999815225601196
4279,2,2,0.9999418258666992
4280,9,9,0.9855210185050964
4281,0,0,0.9932602047920227
4282,0,0,0.9990766048431396
4283,9,9,0.9984103441238403
4284,9,9,0.7986581921577454
4285,6,6,0.998246431350708
4286,0,0,0.9938721656799316
4287,9,9,0.9998112320899963
4288,3,3,0.9999923706054688
4289,2,2,0.9364446997642517
4290,8,8,0.9999420642852783
4291,4,4,0.9997773766517639
4292,1,1,0.9998584985733032
4293,9,9,0.9984880685806274
4294,9,9,0.914490818977356
4295,7,7,0.999733030796051
4296,2,2,0.9999420642852783
4297,7,7,0.9479556083679199
4298,9,9,0.9998345375061035
4299,9,9,0.9941328167915344
4300,5,5,0.9693153500556946
4301,9,9,0.9999202489852905
4302,5,5,0.9998786449432373
4303,1,1,0.9979547262191772
4304,1,1,0.9948821067810059
4305,8,8,0.9996399879455566
4306,3,5,0.8468956351280212
4307,5,5,0.9999960660934448
4308,1,1,0.9240715503692627
4309,9,9,0.9758209586143494
4310,5,5,0.9998279809951782
4311,3,3,0.9998799562454224
4312,5,5,0.99998939037323
4313,4,4,0.9963794350624084
4314,9,9,0.9655153751373291
4315,5,5,0.9997373223304749
4316,9,9,0.9901111721992493
4317,3,3,0.9695892333984375
4318,1,1,0.9862321019172668
4319,9,9,0.9997908473014832
4320,0,0,0.9990723133087158
4321,9,9,0.9999313354492188
4322,7,7,0.9999855756759644
4323,5,5,0.9907484650611877
4324,4,4,0.9998743534088135
4325,9,9,0.9591383934020996
4326,2,2,0.9994762539863586
4327,0,0,0.9975841045379639
4328,1,1,0.9999653100967407
4329,0,0,0.9970439076423645
4330,5,5,0.9911484718322754
4331,1,1,0.995451033115387
4332,4,4,0.9999624490737915
4333,9,9,0.9800503849983215
4334,3,3,0.9998145699501038
4335,3,3,0.9994232654571533
4336,6,6,0.9993021488189697
4337,1,1,0.9996030926704407
4338,5,5,0.999995231628418
4339,2,2,0.9996944665908813
4340,5,5,0.9999771118164062
4341,2,2,0.9989709854125977
4342,2,2,0.9918143153190613
4343,0,0,0.9999619722366333
4344,9,9,0.8994640707969666
4345,2,2,0.9999994039535522
4346,6,6,0.9999959468841553
4347,6,6,0.9999872446060181
4348,0,0,0.999721109867096
4349,1,1,0.9985490441322327
4350,2,2,0.9683820009231567
4351,0,0,0.9998606443405151
4352,3,3,0.9999842643737793
4353,0,0,0.9996581077575684
4354,2,2,0.9837054014205933
4355,5,5,0.9996063113212585
4356,5,5,0.9946891069412231
4357,7,7,0.999998927116394
4358,9,9,0.9980657696723938
4359,5,5,0.9875269532203674
4360,5,5,0.9033367037773132
4361,0,0,0.9987674951553345
4362,8,8,0.9999713897705078
4363,9,9,0.9977843165397644
4364,5,5,0.9999926090240479
4365,0,0,0.9997894167900085
4366,3,3,0.9999986886978149
4367,2,2,0.9980242252349854
4368,5,5,0.9942057728767395
4369,9,9,0.6071901917457581
4370,0,0,0.9892131686210632
4371,8,8,0.9996306896209717
4372,8,8,0.9999935626983643
4373,4,4,0.9997316002845764
4374,5,5,0.9992479681968689
4375,8,8,0.9999063014984131
4376,8,8,0.9995469450950623
4377,4,4,0.998961329460144
4378,5,5,0.9999923706054688
4379,4,4,0.9990673661231995
4380,8,8,0.8049553632736206
4381,5,5,0.9999734163284302
4382,4,4,0.9299993515014648
4383,9,9,0.9998546838760376
4384,2,2,0.9190084338188171
4385,2,2,0.9921205043792725
4386,1,1,0.9999139308929443
4387,2,2,0.9969465136528015
4388,6,6,0.9999179840087891
4389,8,8,0.9958226680755615
4390,8,8,0.9989653825759888
4391,7,7,0.9990955591201782
4392,0,0,0.9999614953994751
4393,3,3,0.9992474317550659
4394,6,6,0.9999949932098389
4395,6,6,0.9999895095825195
4396,4,4,0.9997292160987854
4397,3,3,0.9999195337295532
4398,8,8,0.9986934065818787
4399,8,8,0.9898173213005066
4400,7,7,0.9594765901565552
4401,2,2,0.9657964110374451
4402,2,2,0.9999991655349731
4403,0,0,0.9955506324768066
4404,0,0,0.999982476234436
4405,9,9,0.9593237638473511
4406,3,3,0.9999916553497314
4407,9,9,0.9988096952438354
4408,9,9,0.9984872341156006
4409,1,1,0.9995403289794922
4410,9,9,0.9987836480140686
4411,8,8,0.999991774559021
4412,6,6,0.9998220801353455
4413,6,6,0.9975530505180359
4414,4,4,0.9998445510864258
4415,2,2,0.9998031258583069
4416,6,6,0.9999977350234985
4417,9,9,0.9999445676803589
4418,2,2,0.9997914433479309
4419,8,8,0.7677775025367737
4420,5,5,0.9999165534973145
4421,4,4,0.9999797344207764
4422,5,5,0.9997907280921936
4423,7,7,0.9985313415527344
4424,9,9,0.990145206451416
4425,9,9,0.9679340124130249
4426,9,9,0.9954267144203186
4427,2,2,0.9994266033172607
4428,1,1,0.9966290593147278
4429,8,8,0.7457940578460693
4430,3,3,0.9999990463256836
4431,4,4,0.9977766871452332
4432,0,0,0.9993928670883179
4433,7,7,0.9796019792556763
4434,8,8,0.9958350658416748
4435,3,3,0.9664989709854126
4436,9,9,0.9995162487030029
4437,3,3,0.9871905446052551
4438,4,4,0.983074963092804
4439,6,6,0.9995649456977844
4440,5,5,0.9997095465660095
4441,6,6,0.9999915361404419
4442,2,2,0.9997442364692688
4443,3,3,0.5698680281639099
4444,9,9,0.9981020092964172
4445,2,2,0.9988234639167786
4446,6,6,0.9999959468841553
4447,0,0,0.9969444870948792
4448,0,0,0.9999581575393677
4449,6,6,0.9894864559173584
4450,1,1,0.9992515444755554
4451,2,2,0.9793069362640381
4452,8,8,0.9997695088386536
4453,7,7,0.9997270703315735
4454,9,9,0.975864589214325
4455,8,8,0.9951687455177307
4456,2,2,0.9999228715896606
4457,0,0,0.9997571110725403
4458,4,4,0.9998701810836792
4459,7,7,0.9999480247497559
4460,7,7,0.999214768409729
4461,5,5,0.9999804496765137
4462,0,0,0.9999533891677856
4463,5,5,0.9997943043708801
4464,6,6,0.9999995231628418
4465,4,4,0.9991101622581482
4466,6,6,0.999880313873291
4467,7,7,0.9987608194351196
4468,4,4,0.9995933175086975
4469,3,3,0.9947205781936646
4470,0,0,0.9991793036460876
4471,7,7,0.9999568462371826
4472,5,5,0.9883970618247986
4473,0,0,0.9968242645263672
4474,7,7,0.9999997615814209
4475,4,4,0.9997573494911194
4476,2,2,0.9995017051696777
4477,0,6,0.7028070688247681
4478,8,8,0.9994890689849854
4479,9,9,0.9904994368553162
4480,9,9,0.9990370273590088
4481,4,4,0.9973700046539307
4482,2,2,0.9837484359741211
4483,4,4,0.9988278746604919
4484,6,6,0.9999666213989258
4485,7,7,0.9999330043792725
4486,8,8,0.9997900128364563
4487,7,7,0.9987413287162781
4488,6,6,0.9975428581237793
4489,9,9,0.9987840056419373
4490,4,4,0.9999984502792358
4491,1,1,0.9988051652908325
4492,3,3,0.999968409538269
4493,7,7,0.9984830021858215
4494,3,3,0.9875834584236145
4495,0,0,0.9999269247055054
4496,8,8,0.9999474287033081
4497,8,7,0.9531277418136597
4498,7,7,0.9990606904029846
4499,6,6,0.9999327659606934
4500,9,9,0.7093300819396973
4501,3,3,0.9999418258666992
4502,9,9,0.9987049102783203
4503,2,2,0.997051477432251
4504,2,2,0.9672713875770569
4505,9,9,0.9794929623603821
4506,2,2,0.9963002800941467
4507,1,1,0.6593154668807983
4508,8,8,0.9998939037322998
4509,3,3,0.9996943473815918
4510,2,2,0.9999475479125977
4511,9,9,0.9981641173362732
4512,6,6,0.999951958656311
4513,8,8,0.9791899919509888
4514,4,4,0.9985081553459167
4515,0,0,0.9990414977073669
4516,1,1,0.99925297498703
4517,2,2,0.9999997615814209
4518,8,8,0.999840259552002
4519,4,4,0.9941819310188293
4520,5,5,0.9999690055847168
4521,2,2,0.987025797367096
4522,7,7,0.9999990463256836
4523,8,8,0.999394416809082
4524,1,1,0.9998294115066528
4525,1,1,0.9993088245391846
4526,3,3,0.9934849143028259
4527,0,0,0.9996896982192993
4528,3,3,0.9932700991630554
4529,5,5,0.9999927282333374
4530,7,7,0.9999871253967285
4531,0,0,0.999935507774353
4532,3,3,0.9999943971633911
4533,1,1,0.9848517775535583
4534,9,9,0.9985388517379761
4535,3,3,0.9999381303787231
4536,6,6,0.7526633739471436
4537,3,3,0.9999971389770508
4538,1,1,0.9992343187332153
4539,7,7,0.9999241828918457
4540,7,7,0.9997232556343079
4541,3,3,0.9998581409454346
4542,0,0,0.9999864101409912
4543,8,8,0.8789485096931458
4544,4,4,0.9998288154602051
4545,8,8,0.9998034834861755
4546,2,2,0.9952530860900879
4547,6,6,0.9966239929199219
4548,5,5,0.9933053851127625
4549,2,2,0.9987733960151672
4550,9,9,0.9998520612716675
4551,7,7,0.9385722875595093
4552,3,3,0.9986683130264282
4553,9,9,0.9998205304145813
4554,0,0,0.995368242263794
4555,9,9,0.9996588230133057
4556,9,9,0.9883005619049072
4557,6,6,0.9999392032623291
4558,4,4,0.9965851306915283
4559,2,2,0.9976929426193237
4560,9,9,0.9997559189796448
4561,7,7,0.9902517795562744
4562,2,2,0.9999737739562988
4563,1,1,0.9923673272132874
4564,1,1,0.9996688365936279
4565,6,6,0.9992877840995789
4566,7,7,0.9847404360771179
4567,4,4,0.9050226807594299
4568,7,7,0.9979520440101624
4569,5,5,0.9993270635604858
4570,9,9,0.9896811842918396
4571,6,6,0.5941614508628845
4572,8,8,0.998792290687561
4573,2,2,0.9580732583999634
4574,1,1,0.9998363256454468
4575,4,4,0.6321203708648682
4576,4,4,0.9999219179153442
4577,5,5,0.9999605417251587
4578,7,7,0.7901567816734314
4579,6,6,0.985774040222168
4580,1,1,0.9999258518218994
4581,3,3,0.9999721050262451
4582,2,2,0.9997922778129578
4583,5,5,0.9999202489852905
4584,9,9,0.9919909834861755
4585,9,9,0.9838072657585144
4586,3,3,0.9976390600204468
4587,6,6,0.9999992847442627
4588,1,1,0.9998400211334229
4589,1,1,0.9922479391098022
4590,4,4,0.999944806098938
4591,6,6,0.9999109506607056
4592,9,9,0.9998964071273804
4593,7,7,0.9991532564163208
4594,2,2,0.9871360063552856
4595,1,1,0.9998056292533875
4596,5,5,0.9999923706054688
4597,1,1,0.9950231313705444
4598,4,4,0.9974959492683411
4599,6,6,0.9998904466629028
4600,3,3,0.9999983310699463
4601,8,8,0.9901429414749146
4602,1,1,0.9994333386421204
4603,1,1,0.9994719624519348
4604,0,0,0.8716727495193481
4605,3,3,0.9997273087501526
4606,1,1,0.9977705478668213
4607,6,6,0.9999935626983643
4608,8,8,0.9995867609977722
4609,4,4,0.999961256980896
4610,9,9,0.9996318817138672
4611,0,0,0.9999804496765137
4612,7,7,0.9999949932098389
4613,3,3,0.999945878982544
4614,0,0,0.9868786931037903
4615,2,2,0.9928005933761597
4616,9,9,0.9998798370361328
4617,0,0,0.99289470911026
4618,6,6,0.9999535083770752
4619,6,6,0.9787647724151611
4620,6,6,0.9947748184204102
4621,3,3,0.9999994039535522
4622,6,6,0.9999927282333374
4623,7,7,0.9999982118606567
4624,7,7,0.9998064637184143
4625,2,2,0.9925386309623718
4626,8,8,0.9956383109092712
4627,6,6,0.9999935626983643
4628,0,0,0.9999992847442627
4629,8,8,0.9999910593032837
4630,3,3,0.9730456471443176
4631,0,0,0.999901533126831
4632,2,2,0.9995343685150146
4633,9,9,0.9996740818023682
4634,8,8,0.9984791874885559
4635,3,3,0.9869117736816406
4636,2,2,0.9998369216918945
4637,5,5,0.9999992847442627
4638,3,3,0.9999985694885254
4639,8,8,0.5286197066307068
4640,8,8,0.9355642795562744
4641,0,0,0.999175488948822
4642,0,0,0.9985365867614746
4643,1,1,0.9984239339828491
4644,9,9,0.997289776802063
4645,5,5,0.9999874830245972
4646,1,1,0.9919866323471069
4647,3,3,0.9959123730659485
4648,9,9,0.9993466734886169
4649,6,6,0.9999294281005859
4650,0,0,0.9998296499252319
4651,1,1,0.9980042576789856
4652,4,4,0.9992530941963196
4653,1,1,0.9980432987213135
4654,7,7,0.9999727010726929
4655,1,1,0.9983870983123779
4656,2,2,0.9711969494819641
4657,3,3,0.9991969466209412
4658,7,7,0.9995620846748352
4659,9,9,0.9989888072013855
4660,7,7,0.9992461204528809
4661,4,4,0.9999490976333618
4662,9,9,0.8856993317604065
4663,9,9,0.9999091625213623
4664,3,3,0.9999438524246216
4665,9,9,0.9889177083969116
4666,2,2,0.9997509121894836
4667,8,8,0.9999910593032837
4668,2,2,0.9985515475273132
4669,7,7,0.9999173879623413
4670,1,1,0.9998155236244202
4671,8,8,0.9761148691177368
4672,0,0,0.998742401599884
4673,9,9,0.9998108744621277
4674,1,1,0.9914871454238892
4675,0,0,0.9994833469390869
4676,1,1,0.9826735854148865
4677,7,7,0.9990179538726807
4678,7,7,0.9999936819076538
4679,9,9,0.9988723397254944
4680,6,6,0.9999998807907104
4681,9,9,0.9883974194526672
4682,9,9,0.9997223019599915
4683,9,9,0.9996891021728516
4684,2,2,0.9986779093742371
4685,1,1,0.9993764758110046
4686,6,6,0.999584972858429
4687,1,1,0.9987836480140686
4688,3,3,0.9999351501464844
4689,5,5,0.9999330043792725
4690,7,7,0.9981942772865295
4691,1,1,0.9998779296875
4692,9,9,0.9995474219322205
4693,7,7,0.999880313873291
4694,6,6,0.9999849796295166
4695,4,4,0.9986239671707153
4696,5,5,0.988836407661438
4697,7,7,0.9999797344207764
4698,6,6,0.9983697533607483
4699,6,6,0.8785140514373779
4700,9,9,0.9999074935913086
4701,9,9,0.9996367692947388
4702,6,6,0.9940156936645508
4703,3,3,0.999992847442627
4704,6,6,0.9985499978065491
4705,2,2,0.9999454021453857
4706,9,9,0.9986817240715027
4707,8,8,0.9983432292938232
4708,1,1,0.999826967716217
4709,2,2,0.9999911785125732
4710,2,2,0.9986060261726379
4711,5,5,0.9978281855583191
4712,5,5,0.9995480179786682
4713,2,2,0.999270498752594
4714,3,3,0.9999963045120239
4715,7,7,0.9999734163284302
4716,2,2,0.9891040325164795
4717,1,1,0.9996196031570435
4718,0,0,0.9999921321868896
4719,1,1,0.975442111492157
4720,0,0,0.9993626475334167
4721,4,4,0.9957432150840759
4722,5,5,0.9997764229774475
4723,2,2,0.9697217345237732
4724,8,8,0.9556741118431091
4725,2,2,0.9971228241920471
4726,8,8,0.9996470212936401
4727,3,3,0.9950893521308899
4728,5,5,0.9999736547470093
4729,1,1,0.9998914003372192
4730,7,7,1.0
4731,8,9,0.4109592139720917
4732,1,1,0.9997279047966003
4733,1,1,0.9973741769790649
4734,2,2,0.9996671676635742
4735,9,9,0.9445174336433411
4736,7,7,0.9999598264694214
4737,8,8,0.9687475562095642
4738,4,4,0.9984171390533447
4739,0,0,0.9157005548477173
4740,3,5,0.733073890209198
4741,0,0,0.999097466468811
4742,7,7,0.9998252987861633
4743,8,8,0.957885205745697
4744,8,8,0.9656985402107239
4745,4,4,0.9988910555839539
4746,7,7,0.9997469782829285
4747,7,7,0.9999972581863403
4748,8,8,0.9998699426651001
4749,5,5,0.9993995428085327
4750,8,8,0.9999551773071289
4751,4,4,0.9917464256286621
4752,9,9,0.9986748695373535
4753,8,8,0.9992818236351013
4754,1,1,0.9997761845588684
4755,3,3,0.93893963098526
4756,8,8,0.9998939037322998
4757,0,0,0.9999527931213379
4758,3,3,0.9999997615814209
4759,1,1,0.8143609762191772
4760,7,7,0.9989804625511169
4761,9,8,0.8887098431587219
4762,5,5,0.9999897480010986
4763,5,5,0.9988895058631897
4764,1,1,0.9996042847633362
4765,6,6,0.9999654293060303
4766,5,5,0.9996604919433594
4767,7,7,0.9999910593032837
4768,4,4,0.9999933242797852
4769,9,9,0.9986082911491394
4770,3,3,0.9999878406524658
4771,5,5,0.9980990290641785
4772,4,4,0.9998249411582947
4773,7,7,0.9997054934501648
4774,1,1,0.9991795420646667
4775,2,2,0.9999580383300781
4776,0,0,0.9878320097923279
4777,8,8,0.9010343551635742
4778,1,1,0.999161958694458
4779,6,6,0.9999997615814209
4780,0,0,0.9994779229164124
4781,7,7,0.9999982118606567
4782,3,3,0.9999712705612183
4783,4,9,0.673751950263977
4784,7,7,0.9999972581863403
4785,3,3,0.9994990825653076
4786,9,9,0.9993813037872314
4787,6,6,0.999984622001648
4788,0,0,0.9900622367858887
4789,8,8,0.9990952014923096
4790,6,6,0.9999326467514038
4791,4,4,0.96663898229599
4792,8,8,0.9997606873512268
4793,7,7,0.9999046325683594
4794,7,7,0.9997434020042419
4795,9,9,0.9996721744537354
4796,3,3,0.9993603825569153
4797,8,8,0.9999749660491943
4798,6,6,0.9853174090385437
4799,9,9,0.9964489936828613
4800,7,7,0.9999973773956299
4801,2,2,0.9997190833091736
4802,3,3,0.9990106821060181
4803,4,4,0.9998950958251953
4804,0,0,0.9971733093261719
4805,2,2,0.9999971389770508
4806,1,1,0.9985744953155518
4807,8,8,0.8276162147521973
4808,3,3,0.962706446647644
4809,5,5,0.9999964237213135
4810,5,5,0.9999862909317017
4811,7,7,0.9999984502792358
4812,2,2,0.9943169951438904
4813,4,4,0.9999769926071167
4814,6,6,0.9872885942459106
4815,7,7,0.9780071377754211
4816,2,2,0.9985931515693665
4817,8,8,0.999910831451416
4818,3,3,0.9999992847442627
4819,0,0,0.9943810105323792
4820,8,8,0.9996901750564575
4821,7,7,0.9999991655349731
4822,8,8,0.9990355968475342
4823,9,9,0.6328663229942322
4824,0,0,0.9981870055198669
4825,8,8,0.8116252422332764
4826,4,4,0.9995192289352417
4827,4,4,0.9998433589935303
4828,5,5,0.9999206066131592
4829,8,8,0.994382381439209
4830,5,5,0.9999990463256836
4831,6,6,0.9997766613960266
4832,6,6,0.9994295239448547
4833,3,3,0.9973796606063843
4834,0,0,0.9936736822128296
4835,9,9,0.994536817073822
4836,3,3,0.9998542070388794
4837,7,7,0.9798141121864319
4838,6,6,0.8226551413536072
4839,8,8,0.9759680032730103
4840,9,9,0.9984421133995056
4841,3,3,0.9999487400054932
4842,4,4,0.999930739402771
4843,9,9,0.9982409477233887
4844,5,5,0.9999918937683105
4845,8,8,0.9983813762664795
4846,9,9,0.9941791296005249
4847,1,1,0.9983578324317932
4848,2,2,0.9997610449790955
4849,8,8,0.9993337988853455
4850,8,8,0.9997565150260925
4851,6,6,0.9967256784439087
4852,8,8,0.9630018472671509
4853,1,1,0.9996455907821655
4854,3,3,0.9997132420539856
4855,7,7,0.999884843826294
4856,9,9,0.9998795986175537
4857,0,0,0.9980916380882263
4858,1,1,0.999250590801239
4859,1,1,0.9985225796699524
4860,4,4,0.5608153343200684
4861,7,7,0.9963000416755676
4862,0,0,0.9999991655349731
4863,8,8,0.9307839274406433
4864,1,1,0.9843712449073792
4865,7,7,0.9999992847442627
4866,4,4,0.9993742108345032
4867,5,5,0.9999986886978149
4868,7,7,0.9978457689285278
4869,1,1,0.9998041987419128
4870,2,2,0.9999998807907104
4871,1,1,0.9613478779792786
4872,1,1,0.9971321821212769
4873,3,3,0.9895575642585754
4874,9,9,0.9830732345581055
4875,6,6,0.9999631643295288
4876,2,2,0.9999407529830933
4877,1,1,0.9987186193466187
4878,2,2,0.9999501705169678
4879,8,6,0.9751873016357422
4880,0,0,0.9977924823760986
4881,7,7,0.9999673366546631
4882,6,6,0.9969571828842163
4883,6,6,0.9998413324356079
4884,9,9,0.9957566857337952
4885,3,3,0.9999794960021973
4886,7,7,0.9636937379837036
4887,0,0,0.9998786449432373
4888,5,5,0.9972213506698608
4889,2,2,0.9999988079071045
4890,8,8,0.999692440032959
4891,0,0,0.9999314546585083
4892,5,5,0.9999996423721313
4893,4,4,0.9930933713912964
4894,3,3,0.9994346499443054
4895,8,8,0.9991056323051453
4896,4,4,0.9973180890083313
4897,6,6,0.9983900785446167
4898,6,6,0.9992651343345642
4899,2,2,0.9996191263198853
4900,7,7,0.9989797472953796
4901,9,9,0.9980646967887878
4902,5,5,0.9950973391532898
4903,1,1,0.9995070695877075
4904,3,3,0.999937891960144
4905,2,2,0.9999592304229736
4906,4,4,0.9979277849197388
4907,3,3,0.9304263591766357
4908,6,6,0.999967098236084
4909,1,1,0.9984049201011658
4910,9,9,0.9908053874969482
4911,4,4,0.9790117144584656
4912,4,4,0.9999347925186157
4913,7,7,0.9999328851699829
4914,6,6,0.9999978542327881
4915,5,5,0.9995400905609131
4916,4,4,0.9999567270278931
4917,1,1,0.9976670742034912
4918,9,9,0.9660682082176208
4919,9,9,0.996964156627655
4920,2,2,0.9999480247497559
4921,7,7,0.9754875898361206
4922,8,8,0.9974943399429321
4923,0,0,0.9997488856315613
4924,1,1,0.9881442189216614
4925,3,3,0.9998044371604919
4926,6,6,0.9999964237213135
4927,1,1,0.9995908141136169
4928,3,3,0.9977184534072876
4929,4,4,0.9154934883117676
4930,1,1,0.9978978633880615
4931,1,1,0.999333918094635
4932,1,1,0.9987053871154785
4933,5,5,0.9999748468399048
4934,6,6,0.9015371203422546
4935,0,0,0.9998525381088257
4936,7,7,0.9997878670692444
4937,0,0,0.9999434947967529
4938,7,7,0.9998785257339478
4939,2,2,0.9673796892166138
4940,3,3,0.9999984502792358
4941,2,2,0.9982207417488098
4942,5,5,0.9935899972915649
4943,2,2,0.9807243347167969
4944,2,2,0.9993041753768921
4945,9,9,0.9997838139533997
4946,4,4,0.9986304044723511
4947,9,9,0.9998488426208496
4948,8,8,0.9798919558525085
4949,1,1,0.9996376037597656
4950,2,2,0.9517203569412231
4951,1,1,0.9883212447166443
4952,6,6,0.9872595071792603
4953,1,1,0.9985153079032898
4954,2,2,0.9998101592063904
4955,7,7,0.9999961853027344
4956,8,4,0.9175682663917542
4957,0,0,0.9998914003372192
4958,0,0,0.9999282360076904
4959,0,0,0.999809205532074
4960,8,8,0.9964625239372253
4961,2,2,0.9999916553497314
4962,2,2,0.9999998807907104
4963,9,9,0.8637439012527466
4964,2,2,0.9996925592422485
4965,2,2,0.9999971389770508
4966,7,7,0.9930518865585327
4967,9,9,0.9992730021476746
4968,9,9,0.9999364614486694
4969,2,2,0.9999376535415649
4970,7,7,0.9986299276351929
4971,5,5,0.9999194145202637
4972,1,1,0.997322142124176
4973,3,3,0.9999864101409912
4974,4,4,0.9990004897117615
4975,9,9,0.9999761581420898
4976,4,4,0.9998682737350464
4977,1,1,0.9997677206993103
4978,8,8,0.572857141494751
4979,5,5,0.9999308586120605
4980,6,6,0.9999939203262329
4981,2,2,0.9932231903076172
4982,8,8,0.9420570135116577
4983,3,3,0.9999974966049194
4984,1,1,0.9990276098251343
4985,2,2,0.9999533891677856
4986,8,8,0.9786630272865295
4987,4,4,0.9994489550590515
4988,9,9,0.9990196228027344
4989,9,9,0.9966393709182739
4990,3,3,0.9658894538879395
4991,7,7,0.9998341798782349
4992,0,0,0.999983549118042
4993,7,7,0.9997113347053528
4994,7,7,0.9999104738235474
4995,2,2,0.9640352725982666
4996,3,3,0.9999735355377197
4997,2,2,0.9490647912025452
4998,4,4,0.9998230338096619
4999,0,0,0.9999982118606567
5000,3,3,0.9999881982803345
5001,9,9,0.9999817609786987
5002,9,9,0.9999538660049438
5003,8,8,0.9999111890792847
5004,4,4,0.9999992847442627
5005,1,1,0.9998347759246826
5006,0,0,0.9976670742034912
5007,6,6,0.9999836683273315
5008,0,0,0.9963233470916748
5009,9,9,0.9996246099472046
5010,6,6,0.9999619722366333
5011,8,8,0.9995219707489014
5012,6,6,0.9999995231628418
5013,1,1,0.9999034404754639
5014,1,1,0.999882698059082
5015,9,9,0.9995711445808411
5016,8,8,0.9997959733009338
5017,9,9,0.9998936653137207
5018,2,2,0.9999979734420776
5019,3,3,0.9999418258666992
5020,5,5,0.9999343156814575
5021,5,5,0.9999873638153076
5022,9,9,0.9996495246887207
5023,4,4,0.9999963045120239
5024,2,2,0.9997031092643738
5025,1,1,0.9998005032539368
5026,9,9,0.9999011754989624
5027,4,4,0.9993042945861816
5028,3,3,0.9999961853027344
5029,9,9,0.9992305040359497
5030,6,6,0.9999924898147583
5031,0,0,0.9981295466423035
5032,4,4,0.9999327659606934
5033,0,0,0.9979708790779114
5034,6,6,0.9999971389770508
5035,0,0,0.9994521737098694
5036,1,1,0.999853253364563
5037,2,2,0.9997403025627136
5038,3,3,0.9996108412742615
5039,4,4,0.9999983310699463
5040,7,7,0.9944306015968323
5041,8,8,0.9999897480010986
5042,9,9,0.9995611310005188
5043,0,0,0.9985962510108948
5044,1,1,0.999817430973053
5045,2,2,0.9998719692230225
5046,3,3,0.9977121353149414
5047,4,4,0.9998877048492432
5048,7,7,0.9985197186470032
5049,8,8,0.9980320334434509
5050,9,9,0.9989957213401794
5051,0,0,0.9956164360046387
5052,1,1,0.9995916485786438
5053,2,2,0.9999396800994873
5054,3,3,0.9997523427009583
5055,4,4,0.9999756813049316
5056,5,5,0.9996523857116699
5057,6,6,0.9998457431793213
5058,7,7,0.9997664093971252
5059,8,8,0.9999463558197021
5060,9,9,0.9998565912246704
5061,8,8,0.9982023239135742
5062,3,3,0.9995354413986206
5063,4,4,0.9997367262840271
5064,7,7,0.9998058676719666
5065,8,8,0.8443732857704163
5066,6,6,0.9997188448905945
5067,3,3,0.9603331685066223
5068,4,4,0.8253296613693237
5069,0,0,0.9992055296897888
5070,9,9,0.9998891353607178
5071,7,7,0.9999407529830933
5072,1,1,0.999874472618103
5073,9,9,0.9993415474891663
5074,3,3,0.9999656677246094
5075,8,8,0.9998435974121094
5076,4,4,0.9999758005142212
5077,7,7,0.9998496770858765
5078,3,3,0.9974753260612488
5079,0,0,0.9996904134750366
5080,9,9,0.9999656677246094
5081,1,1,0.9996582269668579
5082,4,4,0.9999592304229736
5083,5,5,0.9984979629516602
5084,4,4,0.9953624606132507
5085,6,6,0.9992984533309937
5086,2,2,0.9957049489021301
5087,0,0,0.9984527826309204
5088,6,6,0.9315431118011475
5089,2,2,0.9989733695983887
5090,1,1,0.996663510799408
5091,1,1,0.998734176158905
5092,1,1,0.9989216327667236
5093,1,1,0.998842179775238
5094,7,7,0.9994150400161743
5095,2,2,0.9999125003814697
5096,4,4,0.9999746084213257
5097,7,7,0.9999927282333374
5098,5,5,0.9997225403785706
5099,2,2,0.9768825769424438
5100,9,9,0.9861276149749756
5101,4,4,0.9999223947525024
5102,5,5,0.9998949766159058
5103,8,8,0.9999679327011108
5104,4,4,0.9999140501022339
5105,2,2,0.9975062012672424
5106,9,9,0.9991305470466614
5107,7,7,0.9998800754547119
5108,0,0,0.9983842372894287
5109,0,0,0.9995562434196472
5110,7,7,0.9998718500137329
5111,5,5,0.9996210336685181
5112,1,1,0.9995973706245422
5113,1,1,0.9998412132263184
5114,7,7,0.9992885589599609
5115,6,6,0.9999393224716187
5116,6,6,0.9999809265136719
5117,6,6,0.999969482421875
5118,8,8,0.9999505281448364
5119,2,2,0.9993385672569275
5120,2,2,0.988246500492096
5121,7,7,0.9979116320610046
5122,7,7,0.9988906979560852
5123,4,4,0.9999812841415405
5124,0,0,0.9995038509368896
5125,2,2,0.9991918206214905
5126,4,4,0.9999465942382812
5127,2,7,0.557625949382782
5128,1,1,0.9996016621589661
5129,8,8,0.9999872446060181
5130,9,9,0.9995720982551575
5131,6,6,0.9998223185539246
5132,1,1,0.9998015761375427
5133,0,0,0.9989595413208008
5134,5,5,0.9996999502182007
5135,9,9,0.999289870262146
5136,6,6,0.9999231100082397
5137,9,9,0.9993788003921509
5138,8,8,0.9993890523910522
5139,0,0,0.996752142906189
5140,3,3,0.9827470779418945
5141,0,0,0.9946909546852112
5142,8,8,0.9999703168869019
5143,3,3,0.9994710087776184
5144,9,9,0.9991463422775269
5145,6,6,0.9994972944259644
5146,3,3,0.9998458623886108
5147,0,0,0.9997428059577942
5148,1,1,0.9992444515228271
5149,2,2,0.9999129772186279
5150,3,3,0.9999954700469971
5151,4,4,0.9999507665634155
5152,5,5,0.9991720914840698
5153,6,6,0.999998927116394
5154,7,7,0.9991583824157715
5155,0,0,0.9929836988449097
5156,1,1,0.9997010827064514
5157,2,2,0.9999985694885254
5158,3,3,0.9999978542327881
5159,4,4,0.8429647088050842
5160,5,5,0.999970555305481
5161,6,6,0.9999921321868896
5162,7,7,0.9627068638801575
5163,8,8,0.9999898672103882
5164,9,9,0.9982289671897888
5165,0,0,0.9057226777076721
5166,1,1,0.9993808269500732
5167,2,2,0.9999134540557861
5168,3,3,0.9999760389328003
5169,4,4,0.9999309778213501
5170,5,5,0.9999901056289673
5171,6,6,0.9999964237213135
5172,7,7,0.9671991467475891
5173,8,8,0.9421522617340088
5174,5,5,0.9999877214431763
5175,4,4,0.9999715089797974
5176,8,8,0.7285795211791992
5177,7,7,0.9996843338012695
5178,4,4,0.9999442100524902
5179,7,7,0.999998927116394
5180,7,7,0.9712151885032654
5181,3,3,0.999996542930603
5182,9,9,0.9973853230476379
5183,8,8,0.8233280777931213
5184,8,8,0.9993927478790283
5185,3,3,0.9999932050704956
5186,1,1,0.9998440742492676
5187,5,5,0.9998586177825928
5188,8,8,0.9993859529495239
5189,2,2,0.9999955892562866
5190,7,7,0.9992774128913879
5191,4,4,1.0
5192,2,2,0.9999914169311523
5193,1,1,0.9970322847366333
5194,5,5,0.9959314465522766
5195,4,4,0.9999862909317017
5196,5,5,0.9999972581863403
5197,5,5,0.9999064207077026
5198,8,8,0.9995525479316711
5199,6,6,0.8266576528549194
5200,4,4,0.9997636675834656
5201,4,4,0.9978328347206116
5202,4,4,0.9999908208847046
5203,1,1,0.9852509498596191
5204,8,8,0.9832866191864014
5205,7,7,0.9999207258224487
5206,5,5,0.999996542930603
5207,5,5,0.9993951320648193
5208,1,1,0.9996750354766846
5209,8,8,0.9982966780662537
5210,9,9,0.9976394176483154
5211,1,1,0.999576985836029
5212,3,3,0.9999715089797974
5213,6,6,0.9997672438621521
5214,3,3,0.9999971389770508
5215,3,3,0.9999971389770508
5216,2,2,0.9999996423721313
5217,2,2,0.9985176920890808
5218,6,6,0.9999163150787354
5219,9,9,0.9993366599082947
5220,9,9,0.9994403719902039
5221,6,6,0.9794681668281555
5222,5,5,0.9999980926513672
5223,5,5,0.9999911785125732
5224,3,3,0.9999955892562866
5225,3,3,0.999961256980896
5226,8,8,0.9999581575393677
5227,1,1,0.9999039173126221
5228,6,6,0.9925689101219177
5229,5,5,0.9998606443405151
5230,6,6,0.9999994039535522
5231,8,8,0.9998348951339722
5232,1,1,0.9996427297592163
5233,9,9,0.9998600482940674
5234,7,7,0.9990666508674622
5235,6,6,0.9999938011169434
5236,8,8,0.9905273914337158
5237,3,3,0.9999063014984131
5238,7,7,0.9993182420730591
5239,4,4,0.9996962547302246
5240,7,7,0.9251673221588135
5241,0,0,0.9999605417251587
5242,9,9,0.9967514276504517
5243,0,0,0.9841630458831787
5244,0,0,0.9963352680206299
5245,3,3,0.9999533891677856
5246,7,7,0.9575013518333435
5247,9,9,0.9979152083396912
5248,3,3,0.9999876022338867
5249,0,0,0.999147891998291
5250,2,2,0.9998724460601807
5251,0,0,0.98692387342453
5252,1,1,0.99565589427948
5253,0,0,0.997564435005188
5254,1,1,0.9985764026641846
5255,0,0,0.9443876147270203
5256,4,4,1.0
5257,0,0,0.9945900440216064
5258,1,1,0.9995514750480652
5259,0,0,0.9998005032539368
5260,4,4,0.9989493489265442
5261,7,7,0.9751325249671936
5262,9,9,0.9935868978500366
5263,6,6,0.9999892711639404
5264,2,2,0.9999982118606567
5265,6,6,0.997497022151947
5266,2,2,0.9999948740005493
5267,2,2,0.9998424053192139
5268,9,8,0.5536734461784363
5269,9,9,0.8351207971572876
5270,0,0,0.9995959401130676
5271,1,1,0.9999252557754517
5272,2,2,0.9999575614929199
5273,3,3,0.9999593496322632
5274,4,4,0.9999887943267822
5275,5,5,0.9999990463256836
5276,6,6,0.9999979734420776
5277,7,7,0.9998859167098999
5278,8,8,0.9090861678123474
5279,9,9,0.9963220357894897
5280,0,0,0.9997243285179138
5281,1,1,0.9993034601211548
5282,2,2,0.999998927116394
5283,3,3,0.9999353885650635
5284,4,4,0.9999552965164185
5285,5,5,0.9999829530715942
5286,6,6,0.9999909400939941
5287,7,7,0.9999982118606567
5288,8,8,0.9688911437988281
5289,9,9,0.999929666519165
5290,0,0,0.997226893901825
5291,1,1,0.9997970461845398
5292,2,2,0.9985538125038147
5293,3,3,0.9999955892562866
5294,4,4,0.9999997615814209
5295,5,5,0.9999985694885254
5296,6,6,0.9999351501464844
5297,7,7,0.9998075366020203
5298,8,8,0.9981189370155334
5299,9,9,0.9884394407272339
5300,8,8,0.9982137680053711
5301,0,0,0.9994906187057495
5302,5,5,0.9999971389770508
5303,6,6,0.9999923706054688
5304,6,6,0.9999959468841553
5305,0,0,0.9999370574951172
5306,8,8,0.9997256398200989
5307,0,0,0.9998964071273804
5308,2,2,0.9999535083770752
5309,3,3,0.9999949932098389
5310,7,7,0.9998608827590942
5311,9,9,0.9943286776542664
5312,4,4,0.9999755620956421
5313,7,7,0.9999901056289673
5314,1,1,0.9991971850395203
5315,9,9,0.9991494417190552
5316,1,1,0.9996515512466431
5317,7,7,0.9999333620071411
5318,1,1,0.9998288154602051
5319,4,4,0.9999817609786987
5320,0,0,0.9999122619628906
5321,0,0,0.9999246597290039
5322,4,4,0.9998812675476074
5323,1,1,0.9997485280036926
5324,7,7,0.9996989965438843
5325,5,5,0.9999986886978149
5326,7,7,0.9999854564666748
5327,1,1,0.9996128678321838
5328,3,3,0.9999650716781616
5329,3,3,0.9999901056289673
5330,3,3,0.9999589920043945
5331,1,1,0.9998018145561218
5332,6,6,0.9999890327453613
5333,9,9,0.9999599456787109
5334,7,7,0.9998494386672974
5335,4,4,0.999708354473114
5336,3,3,0.9999583959579468
5337,0,0,0.9999291896820068
5338,2,2,0.9999990463256836
5339,5,5,0.9999858140945435
5340,2,2,0.9999994039535522
5341,6,6,0.9999964237213135
5342,0,0,0.9997736811637878
5343,8,8,0.9339115023612976
5344,9,9,0.9998999834060669
5345,4,4,0.9998594522476196
5346,3,3,0.9999786615371704
5347,5,5,0.9999992847442627
5348,4,4,0.9998464584350586
5349,8,8,0.9998650550842285
5350,1,1,0.9994507431983948
5351,5,5,0.9999982118606567
5352,9,9,0.9999310970306396
5353,0,0,0.9998670816421509
5354,6,6,0.9999949932098389
5355,4,4,0.999994158744812
5356,3,3,0.9999949932098389
5357,6,6,0.9998496770858765
5358,3,3,0.9999569654464722
5359,3,3,0.9999707937240601
5360,8,8,0.99181067943573
5361,1,1,0.9996776580810547
5362,4,4,0.9999916553497314
5363,7,7,0.9998713731765747
5364,5,5,0.9999998807907104
5365,7,7,0.9999982118606567
5366,2,2,0.9999535083770752
5367,2,2,0.9998124241828918
5368,0,0,0.9999622106552124
5369,0,0,0.9999464750289917
5370,1,1,0.9998714923858643
5371,7,7,0.9998993873596191
5372,7,7,0.9999009370803833
5373,9,9,0.999920129776001
5374,5,5,0.9999979734420776
5375,9,9,0.9995755553245544
5376,8,8,0.9995550513267517
5377,9,9,0.9998182654380798
5378,6,6,0.9999480247497559
5379,8,8,0.9978592991828918
5380,8,8,0.9952914714813232
5381,2,2,0.9999963045120239
5382,3,3,0.9999299049377441
5383,6,6,0.9999955892562866
5384,1,1,0.9999469518661499
5385,2,2,0.9999886751174927
5386,9,9,0.9998082518577576
5387,8,8,0.990992546081543
5388,9,9,0.999937891960144
5389,5,5,0.9999990463256836
5390,2,2,0.9999979734420776
5391,6,6,0.999990701675415
5392,2,2,0.9997290968894958
5393,4,4,0.9999963045120239
5394,8,8,0.9984620809555054
5395,4,4,0.9999039173126221
5396,6,6,0.9999847412109375
5397,5,5,0.9998860359191895
5398,0,0,0.9986947178840637
5399,1,1,0.9997223019599915
5400,5,5,0.999983549118042
5401,6,6,0.9997482895851135
5402,7,7,0.9999431371688843
5403,8,8,0.9959218502044678
5404,9,9,0.9999275207519531
5405,0,0,0.9997854828834534
5406,1,1,0.9991006851196289
5407,2,2,0.9816328287124634
5408,3,3,0.9981423616409302
5409,4,4,0.808186411857605
5410,5,5,0.9997133612632751
5411,6,6,0.999998927116394
5412,7,7,0.9999960660934448
5413,8,8,0.9994412064552307
5414,9,9,0.9990221261978149
5415,0,0,0.999969482421875
5416,1,1,0.998029887676239
5417,2,2,0.9973028898239136
5418,3,3,0.999998927116394
5419,4,4,0.999994158744812
5420,5,5,0.9995481371879578
5421,6,6,0.9999547004699707
5422,7,7,0.9999884366989136
5423,8,8,0.9897866249084473
5424,9,9,0.9958094358444214
5425,7,7,0.9999722242355347
5426,4,4,0.9999996423721313
5427,2,2,0.9977651834487915
5428,0,0,0.9998682737350464
5429,9,9,0.9967305660247803
5430,0,0,0.9999009370803833
5431,1,1,0.9997178912162781
5432,5,5,0.9999895095825195
5433,8,8,0.9998133778572083
5434,8,8,0.9998100399971008
5435,0,0,0.9997442364692688
5436,2,2,0.9998546838760376
5437,7,7,0.9999860525131226
5438,8,8,0.9995298385620117
5439,4,4,0.9999984502792358
5440,4,4,0.9999755620956421
5441,6,6,1.0
5442,1,1,0.999601423740387
5443,0,0,0.9999043941497803
5444,4,4,0.9999903440475464
5445,5,5,0.9999969005584717
5446,3,3,0.9999862909317017
5447,9,9,0.9977046847343445
5448,4,4,0.9999979734420776
5449,2,2,0.8644337058067322
5450,0,5,0.5124212503433228
5451,5,5,0.9999996423721313
5452,0,0,0.9999370574951172
5453,1,1,0.9980879426002502
5454,3,3,0.9999350309371948
5455,2,2,0.9995519518852234
5456,9,9,0.9997746348381042
5457,1,1,0.5632691383361816
5458,6,6,0.9999964237213135
5459,0,0,0.9920742511749268
5460,1,1,0.999846339225769
5461,1,1,0.9997957348823547
5462,8,8,0.999910831451416
5463,0,0,0.9996874332427979
5464,4,4,0.9999985694885254
5465,7,7,0.9999995231628418
5466,7,7,0.9999953508377075
5467,6,6,0.9999911785125732
5468,3,3,0.9989821314811707
5469,6,6,0.9999616146087646
5470,0,0,0.9971400499343872
5471,7,7,0.9999657869338989
5472,3,3,0.9999881982803345
5473,5,5,0.9999994039535522
5474,4,4,0.9999957084655762
5475,2,2,0.9999617338180542
5476,4,4,0.9999752044677734
5477,1,1,0.9996888637542725
5478,8,8,0.9994194507598877
5479,3,3,0.9999912977218628
5480,5,5,0.9999958276748657
5481,6,6,0.9999984502792358
5482,7,7,0.9999977350234985
5483,0,0,0.9987315535545349
5484,6,6,0.9999988079071045
5485,7,7,0.9999947547912598
5486,1,1,0.9996987581253052
5487,2,2,0.9995525479316711
5488,5,5,0.9999996423721313
5489,8,8,0.9999734163284302
5490,1,1,0.9998443126678467
5491,9,9,0.998755931854248
5492,3,3,0.9999505281448364
5493,8,8,0.9998148083686829
5494,2,2,1.0
5495,8,8,0.9999513626098633
5496,7,7,0.9999229907989502
5497,6,6,0.9999977350234985
5498,7,7,0.999998927116394
5499,1,1,0.999678373336792
5500,4,4,0.9999986886978149
5501,6,6,0.9999988079071045
5502,2,2,0.9999836683273315
5503,9,9,0.9996125102043152
5504,3,3,0.9994540810585022
5505,0,0,0.9999258518218994
5506,1,1,0.999907374382019
5507,2,2,0.9995273351669312
5508,3,3,0.9999935626983643
5509,4,4,0.9999963045120239
5510,5,5,0.9999943971633911
5511,6,6,0.99998939037323
5512,7,7,0.9999817609786987
5513,0,0,0.9999847412109375
5514,1,1,0.9998518228530884
5515,2,2,0.9999929666519165
5516,3,3,0.9999878406524658
5517,4,4,0.9999827146530151
5518,5,5,0.9999959468841553
5519,0,0,0.9956203103065491
5520,1,1,0.9999092817306519
5521,2,2,0.9999819993972778
5522,8,8,0.8665315508842468
5523,9,9,0.9996947050094604
5524,1,1,0.9994575381278992
5525,4,4,0.9989069700241089
5526,0,0,0.9994964599609375
5527,9,9,0.9951180219650269
5528,5,5,0.998309850692749
5529,0,0,0.9999737739562988
5530,8,8,0.9989499449729919
5531,0,0,0.9999479055404663
5532,7,7,0.9936379790306091
5533,7,7,0.9999563694000244
5534,1,1,0.9994631409645081
5535,1,1,0.9993127584457397
5536,2,2,0.9893468022346497
5537,9,9,0.9966909885406494
5538,3,3,0.9999934434890747
5539,6,6,0.9996647834777832
5540,7,7,0.9998830556869507
5541,2,2,0.9955688118934631
5542,3,3,0.9998841285705566
5543,8,8,0.9985889792442322
5544,1,1,0.99954754114151
5545,2,2,0.9999686479568481
5546,9,9,0.9949139356613159
5547,8,8,0.9677253365516663
5548,8,8,0.9977694749832153
5549,7,7,0.9997599720954895
5550,1,1,0.9994786381721497
5551,7,7,0.9999299049377441
5552,1,1,0.9996656179428101
5553,1,1,0.9997487664222717
5554,0,0,0.9999951124191284
5555,3,3,0.9999943971633911
5556,4,4,0.9998113512992859
5557,2,2,0.9997391104698181
5558,6,6,0.9999639987945557
5559,4,4,0.9888622164726257
5560,7,7,0.9998631477355957
5561,4,4,0.998755931854248
5562,2,2,0.9871330261230469
5563,7,7,0.9999197721481323
5564,4,4,0.9937223792076111
5565,9,9,0.9998119473457336
5566,1,1,0.9999264478683472
5567,0,0,0.9986298084259033
5568,6,6,0.9999935626983643
5569,8,8,0.8785958290100098
5570,5,5,0.9999998807907104
5571,5,5,1.0
5572,5,5,0.9999998807907104
5573,3,3,0.977188229560852
5574,5,5,0.9999996423721313
5575,9,9,0.9998231530189514
5576,7,7,0.9998266100883484
5577,4,4,0.9988666772842407
5578,8,8,0.9929037690162659
5579,5,5,0.9999849796295166
5580,9,9,0.9979442954063416
5581,6,6,0.9999927282333374
5582,9,9,0.999492883682251
5583,3,3,0.9995827078819275
5584,0,0,0.9999576807022095
5585,3,3,0.9999957084655762
5586,8,8,0.986531674861908
5587,9,9,0.9997965693473816
5588,1,1,0.999933123588562
5589,8,8,0.9998600482940674
5590,1,1,0.999529242515564
5591,6,6,0.9999879598617554
5592,0,0,0.9999439716339111
5593,0,0,0.995015561580658
5594,1,1,0.9991507530212402
5595,2,2,0.9997861981391907
5596,3,3,0.9996589422225952
5597,4,4,0.9998102784156799
5598,5,5,0.9999970197677612
5599,6,6,0.9999840259552002
5600,7,7,0.5348519682884216
5601,8,8,0.9885432720184326
5602,9,9,0.9989833235740662
5603,0,0,0.9996899366378784
5604,1,1,0.9997054934501648
5605,2,2,0.9999998807907104
5606,3,3,0.9999924898147583
5607,4,4,0.9997005462646484
5608,5,5,0.9952718615531921
5609,6,6,1.0
5610,7,7,0.999958872795105
5611,8,8,0.9990956783294678
5612,9,9,0.9994841814041138
5613,0,0,0.9986912608146667
5614,1,1,0.9998860359191895
5615,2,2,0.9999933242797852
5616,3,3,0.9999587535858154
5617,4,4,0.9988380074501038
5618,5,5,0.9999852180480957
5619,6,6,0.999998927116394
5620,7,7,0.9998633861541748
5621,8,8,0.9998511075973511
5622,9,9,0.9983838796615601
5623,3,3,0.9508898854255676
5624,5,5,0.9999982118606567
5625,3,3,0.9999972581863403
5626,2,2,0.996993899345398
5627,9,9,0.9993367791175842
5628,3,3,0.9998670816421509
5629,2,2,0.9999860525131226
5630,1,1,0.999053418636322
5631,4,4,0.9998295307159424
5632,5,5,0.9999910593032837
5633,5,5,0.9998549222946167
5634,2,2,0.9727698564529419
5635,3,3,0.999946117401123
5636,2,2,0.9999818801879883
5637,1,1,0.9997925162315369
5638,3,3,0.9999822378158569
5639,9,9,0.9934630393981934
5640,7,7,0.9999254941940308
5641,2,2,0.9999639987945557
5642,1,1,0.9968495965003967
5643,2,2,0.999981164932251
5644,8,8,0.9973800778388977
5645,9,9,0.9997269511222839
5646,1,1,0.9994391798973083
5647,8,8,0.9966381788253784
5648,8,8,0.9895098209381104
5649,7,7,0.9988123178482056
5650,8,8,0.9989113807678223
5651,1,1,0.9995691180229187
5652,0,0,0.9991067051887512
5653,0,0,0.9977850914001465
5654,7,7,0.5964964032173157
5655,7,7,0.9971574544906616
5656,8,8,0.9999496936798096
5657,7,7,0.9999722242355347
5658,5,5,0.9998193383216858
5659,0,0,0.9998780488967896
5660,6,6,0.9999984502792358
5661,1,1,0.9996069073677063
5662,5,5,0.9999849796295166
5663,7,7,0.9994440674781799
5664,4,4,0.9997542500495911
5665,6,6,0.9999923706054688
5666,1,1,0.9998014569282532
5667,2,2,0.9999823570251465
5668,5,5,0.9999998807907104
5669,0,0,0.9999275207519531
5670,7,7,0.9999978542327881
5671,9,9,0.9999183416366577
5672,9,9,0.9999603033065796
5673,0,0,0.9999887943267822
5674,3,3,0.999972939491272
5675,8,8,0.99788898229599
5676,4,4,0.5028318166732788
5677,4,4,0.9972561001777649
5678,8,8,0.943880558013916
5679,1,1,0.9983205199241638
5680,8,8,0.9999550580978394
5681,6,6,0.9999827146530151
5682,5,5,0.9999996423721313
5683,9,9,0.9976087808609009
5684,0,0,0.9999920129776001
5685,0,0,0.999997615814209
5686,0,0,0.9999634027481079
5687,3,3,0.9998297691345215
5688,7,7,0.9996902942657471
5689,1,1,0.9993378520011902
5690,6,6,0.999998927116394
5691,4,4,0.9998780488967896
5692,2,2,0.9999998807907104
5693,6,6,0.9999951124191284
5694,6,6,0.9999998807907104
5695,0,0,0.9999861717224121
5696,4,4,0.9991672039031982
5697,5,5,0.9999399185180664
5698,4,4,0.9995602965354919
5699,1,1,0.9998639822006226
5700,3,3,0.9997974038124084
5701,8,8,0.9996360540390015
5702,6,6,0.9999998807907104
5703,3,3,0.9978808760643005
5704,9,9,0.9999010562896729
5705,9,9,0.9993056058883667
5706,5,5,0.9997736811637878
5707,9,9,0.9997257590293884
5708,3,3,0.9997610449790955
5709,7,7,0.9274193048477173
5710,8,8,0.9995977282524109
5711,5,5,0.9999982118606567
5712,6,6,0.9999996423721313
5713,4,4,0.9999822378158569
5714,7,7,0.999489426612854
5715,6,6,0.9999974966049194
5716,2,2,0.9999995231628418
5717,2,2,0.999055802822113
5718,0,0,0.9994063377380371
5719,9,9,0.9809865355491638
5720,4,4,0.998559296131134
5721,0,0,0.9999090433120728
5722,1,1,0.9998898506164551
5723,2,2,0.9999891519546509
5724,3,3,0.9999898672103882
5725,4,4,0.9998834133148193
5726,5,5,0.9998598098754883
5727,6,6,0.9981638789176941
5728,7,7,0.9958252906799316
5729,8,8,0.9989468455314636
5730,9,9,0.998790442943573
5731,0,0,0.9800082445144653
5732,1,1,0.9994394183158875
5733,2,2,0.9999990463256836
5734,3,3,0.9675244092941284
5735,5,5,0.9903860092163086
5736,6,6,0.7046209573745728
5737,0,0,0.9999984502792358
5738,1,1,0.9999336004257202
5739,2,2,0.9993341565132141
5740,3,3,0.9998286962509155
5741,4,4,0.9998573064804077
5742,5,5,0.999923586845398
5743,6,6,0.9956483244895935
5744,8,8,0.9999501705169678
5745,7,7,0.9295693635940552
5746,1,1,0.9969998002052307
5747,3,3,0.9999655485153198
5748,2,2,0.9995487332344055
5749,8,8,0.9861240386962891
5750,0,0,0.9987682700157166
5751,7,7,0.9999566078186035
5752,5,5,0.9994179010391235
5753,9,9,0.999861478805542
5754,9,9,0.9995844960212708
5755,6,6,0.9999995231628418
5756,0,0,0.9731883406639099
5757,9,9,0.997058629989624
5758,4,4,0.9999799728393555
5759,1,1,0.9898198246955872
5760,3,3,0.9999791383743286
5761,2,2,0.9999997615814209
5762,1,1,0.9996009469032288
5763,2,2,0.9999334812164307
5764,3,3,0.9997329115867615
5765,8,8,0.9999992847442627
5766,3,3,0.999994158744812
5767,2,2,0.9999982118606567
5768,6,6,0.9999568462371826
5769,5,5,0.9128856062889099
5770,6,6,0.999957799911499
5771,8,8,0.9999058246612549
5772,2,2,0.9997205138206482
5773,7,7,0.999976396560669
5774,4,4,0.9999402761459351
5775,8,8,0.999997615814209
5776,1,1,0.9996198415756226
5777,8,8,0.9996339082717896
5778,0,0,0.9361462593078613
5779,5,5,0.9999995231628418
5780,3,3,0.9973475933074951
5781,9,9,0.9991025924682617
5782,4,4,0.9999905824661255
5783,1,1,0.9999635219573975
5784,9,9,0.9999712705612183
5785,2,2,0.9999408721923828
5786,1,1,0.9994483590126038
5787,9,9,0.9988617897033691
5788,6,6,0.9999961853027344
5789,7,7,0.9999936819076538
5790,9,9,0.9999716281890869
5791,0,0,0.9996267557144165
5792,4,4,0.9999769926071167
5793,6,6,0.9999986886978149
5794,1,1,0.9996823072433472
5795,7,7,0.9999938011169434
5796,3,3,0.9999985694885254
5797,8,8,0.9998593330383301
5798,7,7,0.9999301433563232
5799,2,2,0.997759222984314
5800,9,9,0.999950647354126
5801,6,6,0.9946386218070984
5802,5,5,0.9995400905609131
5803,8,8,0.9996429681777954
5804,3,3,0.9999948740005493
5805,9,9,0.9996404647827148
5806,0,0,0.9966583251953125
5807,5,5,0.9999055862426758
5808,7,7,0.9999779462814331
5809,1,1,0.9990585446357727
5810,6,6,0.9999918937683105
5811,1,1,0.9998094439506531
5812,0,0,0.9975234866142273
5813,9,9,0.999349057674408
5814,3,3,0.9999485015869141
5815,3,3,0.9999809265136719
5816,4,4,0.9999982118606567
5817,4,4,0.9999980926513672
5818,0,0,0.9992414712905884
5819,6,6,0.9999752044677734
5820,2,2,0.9943574070930481
5821,5,5,0.9913529753684998
5822,4,4,0.9999982118606567
5823,2,2,0.9985941052436829
5824,3,3,0.9982140064239502
5825,4,4,0.9999995231628418
5826,6,6,0.9999732971191406
5827,0,0,0.9616259336471558
5828,0,0,0.9918088316917419
5829,2,2,0.9999960660934448
5830,0,0,0.9970163106918335
5831,1,1,0.998835027217865
5832,4,4,0.9996827840805054
5833,5,5,0.9996647834777832
5834,6,6,0.999998927116394
5835,7,7,0.9987611770629883
5836,8,8,0.9999536275863647
5837,9,9,0.9995834231376648
5838,0,0,0.9999822378158569
5839,1,1,0.9998342990875244
5840,2,2,0.999538779258728
5841,3,3,0.9751250743865967
5842,4,4,0.8578252792358398
5843,5,5,0.9999995231628418
5844,6,6,0.9999998807907104
5845,7,7,0.9999954700469971
5846,8,8,0.9999988079071045
5847,0,0,0.9998480081558228
5848,1,1,0.9999042749404907
5849,2,2,0.9999635219573975
5850,3,3,0.9999998807907104
5851,4,4,0.999821126461029
5852,5,5,1.0
5853,6,6,0.9998090863227844
5854,7,7,0.9999754428863525
5855,8,8,0.9998306035995483
5856,9,9,0.998904824256897
5857,8,8,0.9998937845230103
5858,7,7,0.9287173748016357
5859,1,1,0.999848484992981
5860,3,3,0.9999988079071045
5861,7,7,0.999531626701355
5862,5,5,0.9999963045120239
5863,2,2,0.9999688863754272
5864,8,8,0.9999575614929199
5865,0,0,0.9998586177825928
5866,7,7,0.9999847412109375
5867,5,5,0.9999970197677612
5868,9,9,0.999825656414032
5869,9,9,0.999955415725708
5870,0,0,0.9992892742156982
5871,9,9,0.9998903274536133
5872,1,1,0.9998900890350342
5873,1,1,0.9986276626586914
5874,5,5,0.9999853372573853
5875,8,8,0.99996018409729
5876,8,8,0.99992835521698
5877,6,6,0.9963106513023376
5878,3,3,0.8111726641654968
5879,2,2,0.9999598264694214
5880,1,1,0.9990647435188293
5881,8,8,0.9999569654464722
5882,3,3,0.9997572302818298
5883,2,2,0.9999781847000122
5884,6,6,0.9999979734420776
5885,5,5,0.9999107122421265
5886,6,6,0.9999707937240601
5887,7,7,0.9996370077133179
5888,4,4,0.8759135007858276
5889,1,1,0.9992270469665527
5890,0,0,0.9947556257247925
5891,5,5,0.9999250173568726
5892,3,3,0.9999828338623047
5893,1,1,0.9998760223388672
5894,9,9,0.9998817443847656
5895,2,2,0.9999778270721436
5896,1,1,0.9995570778846741
5897,9,9,0.9994207620620728
5898,6,6,0.9999994039535522
5899,0,0,0.9997063279151917
5900,4,4,0.9999991655349731
5901,6,6,0.9999737739562988
5902,1,1,0.9992528557777405
5903,7,7,0.9969634413719177
5904,3,3,0.9999107122421265
5905,8,8,0.9998034834861755
5906,7,7,0.9979523420333862
5907,2,2,0.9986701011657715
5908,9,9,0.9999148845672607
5909,6,6,0.9999523162841797
5910,5,5,0.9999990463256836
5911,8,8,0.9999772310256958
5912,3,3,0.9995273351669312
5913,5,5,0.9999911785125732
5914,7,7,0.9999935626983643
5915,1,1,0.9995567202568054
5916,6,6,0.9997078776359558
5917,1,1,0.999854326248169
5918,0,0,0.9989433884620667
5919,9,9,0.998955488204956
5920,6,6,0.9999638795852661
5921,2,2,0.9951240420341492
5922,5,5,0.9991224408149719
5923,4,4,0.9997467398643494
5924,2,2,0.9995904564857483
5925,3,3,0.9999587535858154
5926,4,4,0.9944885969161987
5927,4,4,0.9999990463256836
5928,6,6,0.9999823570251465
5929,0,0,0.9999877214431763
5930,0,0,0.9999700784683228
5931,2,2,0.9999997615814209
5932,0,0,0.9999176263809204
5933,1,1,0.99969482421875
5934,2,2,0.9994737505912781
5935,3,3,0.9944419264793396
5936,4,4,0.9624107480049133
5937,5,5,0.5279133319854736
5938,6,6,0.9994664788246155
5939,7,7,0.9985692501068115
5940,8,8,0.9997751116752625
5941,9,9,0.9998236298561096
5942,0,0,0.9933826923370361
5943,1,1,0.9990168809890747
5944,2,2,0.9992458820343018
5945,3,3,0.9996331930160522
5946,4,4,0.9999585151672363
5947,5,5,0.9994874000549316
5948,6,6,0.9997023940086365
5949,7,7,0.9997239708900452
5950,8,8,0.9876279830932617
5951,9,9,0.9917595982551575
5952,0,0,0.9970439076423645
5953,1,1,0.9996169805526733
5954,2,2,0.9999871253967285
5955,3,8,0.6872974038124084
5956,4,4,0.9999352693557739
5957,5,5,0.9999755620956421
5958,6,6,0.9999791383743286
5959,7,7,0.9986550807952881
5960,8,8,0.9968440532684326
5961,9,9,0.9797112345695496
5962,8,8,0.9994150400161743
5963,6,6,0.9989499449729919
5964,5,5,0.9993131160736084
5965,0,0,0.9967004656791687
5966,6,6,0.999987006187439
5967,8,8,0.9990559220314026
5968,9,9,0.9998701810836792
5969,4,4,0.9999814033508301
5970,1,1,0.9971731901168823
5971,9,9,0.999009370803833
5972,5,5,0.9860605001449585
5973,3,3,0.375387579202652
5974,0,0,0.9980196952819824
5975,4,4,0.9984904527664185
5976,8,8,0.9979450106620789
5977,9,9,0.9878258109092712
5978,1,1,0.9987816214561462
5979,4,4,0.9999109506607056
5980,0,0,0.9986627101898193
5981,5,5,0.8426427245140076
5982,5,5,0.9775487780570984
5983,2,2,0.9990909099578857
5984,1,1,0.999204695224762
5985,5,5,0.9836347103118896
5986,4,4,0.9999512434005737
5987,0,0,0.9768745303153992
5988,7,7,0.9991913437843323
5989,6,6,0.9958981871604919
5990,0,0,0.9996180534362793
5991,1,1,0.9998794794082642
5992,7,7,0.9997454285621643
5993,0,0,0.9999239444732666
5994,6,6,0.9999691247940063
5995,8,8,0.9994450211524963
5996,9,9,0.9997333884239197
5997,5,5,0.8365704417228699
5998,1,1,0.9746115207672119
5999,7,7,0.9999576807022095
6000,9,9,0.9796238541603088
6001,8,8,0.998052716255188
6002,6,6,0.9961737990379333
6003,0,0,0.9969245791435242
6004,8,8,0.9515475034713745
6005,1,1,0.9945604205131531
6006,7,7,0.9907808899879456
6007,7,7,0.9996665716171265
6008,1,1,0.9969578981399536
6009,3,3,0.981198251247406
6010,2,2,0.9999880790710449
6011,3,5,0.8588575124740601
6012,1,1,0.9997246861457825
6013,4,4,0.9999338388442993
6014,2,2,0.9999896287918091
6015,0,0,0.9991219639778137
6016,0,0,0.9997723698616028
6017,7,7,0.9999593496322632
6018,8,8,0.9983066320419312
6019,4,4,0.9981430768966675
6020,6,6,0.9982631802558899
6021,4,4,0.9994288086891174
6022,9,9,0.999927282333374
6023,3,5,0.5552027821540833
6024,8,8,0.9969208240509033
6025,4,4,0.9999504089355469
6026,7,7,0.9927090406417847
6027,2,2,0.9981120824813843
6028,5,5,0.9861012101173401
6029,6,6,0.9996401071548462
6030,3,3,0.9999202489852905
6031,6,6,0.9986063838005066
6032,9,9,0.9997743964195251
6033,6,6,0.9998761415481567
6034,3,3,0.999664306640625
6035,2,2,0.9868987798690796
6036,2,2,0.9999871253967285
6037,4,4,0.9995847344398499
6038,6,6,0.9999992847442627
6039,9,9,0.9967237114906311
6040,0,0,0.996088981628418
6041,2,2,0.9999651908874512
6042,5,5,0.9794439077377319
6043,5,5,0.9984207153320312
6044,1,1,0.9996980428695679
6045,3,3,0.999675989151001
6046,3,3,0.9998408555984497
6047,9,9,0.9998621940612793
6048,7,7,0.9981521964073181
6049,8,8,0.9962947964668274
6050,7,7,0.9998775720596313
6051,2,2,0.9980619549751282
6052,2,2,0.9999029636383057
6053,5,5,0.9857326149940491
6054,7,7,0.9998481273651123
6055,9,9,0.9992091059684753
6056,8,8,0.9986485838890076
6057,2,2,0.9993318915367126
6058,1,1,0.9997105002403259
6059,3,3,0.6469002366065979
6060,1,1,0.9998100399971008
6061,3,3,0.9999982118606567
6062,0,0,0.9978796243667603
6063,1,1,0.9992449283599854
6064,2,2,0.9996764659881592
6065,3,3,0.9143171310424805
6066,4,4,0.9999990463256836
6067,5,5,0.9999988079071045
6068,6,6,0.9999979734420776
6069,7,7,0.999772846698761
6070,8,8,0.9984394907951355
6071,9,9,0.5363128781318665
6072,0,0,0.9953010082244873
6073,1,1,0.9977153539657593
6074,2,2,0.9998815059661865
6075,3,3,0.9989168643951416
6076,4,4,0.9999896287918091
6077,5,5,0.9999954700469971
6078,6,6,0.9999939203262329
6079,7,7,0.9996035695075989
6080,8,8,0.9697142243385315
6081,9,9,0.8333020806312561
6082,0,0,0.9937997460365295
6083,1,1,0.999788224697113
6084,2,2,0.9948740601539612
6085,3,3,0.9953574538230896
6086,4,4,0.9999936819076538
6087,5,5,0.9997774958610535
6088,6,6,0.9999971389770508
6089,7,7,0.9998891353607178
6090,8,8,0.9959444403648376
6091,9,9,0.5140912532806396
6092,1,1,0.999893307685852
6093,2,2,0.8218663334846497
6094,6,6,0.9999886751174927
6095,5,5,0.9999780654907227
6096,3,3,0.9999734163284302
6097,0,0,0.9991772770881653
6098,7,7,0.9999170303344727
6099,0,0,0.9991958737373352
6100,4,4,0.9999867677688599
6101,1,1,0.9697232246398926
6102,4,4,0.9999979734420776
6103,3,3,0.9999874830245972
6104,6,6,0.9999992847442627
6105,7,7,0.9996057152748108
6106,2,2,0.9999912977218628
6107,3,3,0.9998862743377686
6108,1,1,0.9993882179260254
6109,2,2,0.9820237755775452
6110,1,1,0.9995954632759094
6111,2,2,0.9995118379592896
6112,9,9,0.9905520677566528
6113,6,6,0.9996002316474915
6114,0,0,0.9998623132705688
6115,1,1,0.9966793060302734
6116,3,3,0.9998199343681335
6117,0,0,0.9992474317550659
6118,2,2,0.9997715353965759
6119,7,7,0.9999527931213379
6120,5,5,0.9998335838317871
6121,7,7,0.9990862607955933
6122,6,6,0.9999995231628418
6123,2,2,0.9999598264694214
6124,9,9,0.9976617097854614
6125,1,1,0.9998836517333984
6126,9,9,0.9965156316757202
6127,0,0,0.9999957084655762
6128,6,6,0.9999959468841553
6129,0,0,0.999790370464325
6130,6,6,0.9999980926513672
6131,0,0,0.9999852180480957
6132,2,2,0.9999074935913086
6133,0,0,0.9998063445091248
6134,6,6,0.9999090433120728
6135,1,1,0.9999183416366577
6136,5,5,0.9999979734420776
6137,8,8,0.9991436004638672
6138,4,4,0.9999868869781494
6139,3,3,0.999687910079956
6140,0,0,0.9997146725654602
6141,1,1,0.9999008178710938
6142,5,5,0.9999328851699829
6143,4,4,0.9999885559082031
6144,4,4,0.9999986886978149
6145,8,8,0.9997026324272156
6146,5,5,0.9999501705169678
6147,7,7,0.9996843338012695
6148,5,5,0.9999885559082031
6149,7,7,0.9994377493858337
6150,8,8,0.9998230338096619
6151,3,3,0.9999586343765259
6152,4,4,0.999995231628418
6153,8,8,0.9998964071273804
6154,8,8,0.99982750415802
6155,5,5,0.9999971389770508
6156,2,2,0.9999793767929077
6157,9,9,0.9514607787132263
6158,7,7,0.9999723434448242
6159,1,1,0.9999586343765259
6160,3,3,0.999715268611908
6161,8,8,0.9332833886146545
6162,1,1,0.9997519850730896
6163,0,0,0.9989390969276428
6164,7,7,0.9999222755432129
6165,5,5,0.9999455213546753
6166,9,9,0.924964427947998
6167,6,6,0.9999988079071045
6168,9,9,0.9658343195915222
6169,4,4,0.9999958276748657
6170,7,7,0.9997971653938293
6171,7,7,0.9999464750289917
6172,9,9,0.686288058757782
6173,9,9,0.8322380781173706
6174,3,3,0.9898017048835754
6175,4,4,0.9999847412109375
6176,4,4,0.9999961853027344
6177,3,3,0.999657154083252
6178,8,8,0.9984215497970581
6179,6,6,0.9969993829727173
6180,2,2,0.9998397827148438
6181,0,0,0.9998118281364441
6182,1,1,0.9998612403869629
6183,2,2,0.9999833106994629
6184,3,3,0.9999215602874756
6185,4,4,0.9999843835830688
6186,5,5,0.9999974966049194
6187,6,6,0.9999980926513672
6188,7,7,0.9976741671562195
6189,8,8,0.9992849230766296
6190,9,9,0.9997866749763489
6191,0,0,0.9999914169311523
6192,1,1,0.9998602867126465
6193,2,2,0.9997734427452087
6194,3,3,0.9999737739562988
6195,4,4,0.999998927116394
6196,5,5,0.9999924898147583
6197,6,6,0.9999990463256836
6198,7,7,0.9999872446060181
6199,8,8,0.9999957084655762
6200,9,9,0.9982446432113647
6201,0,0,0.999963641166687
6202,1,1,0.999640703201294
6203,2,2,0.9999221563339233
6204,3,3,0.9999380111694336
6205,4,4,0.9999972581863403
6206,5,5,0.9999982118606567
6207,6,6,0.9999979734420776
6208,7,7,0.9998492002487183
6209,8,8,0.9999865293502808
6210,9,9,0.9958321452140808
6211,0,0,0.9999336004257202
6212,8,8,0.9997949004173279
6213,3,3,0.9714087247848511
6214,9,9,0.9985299110412598
6215,5,5,0.9999915361404419
6216,5,5,0.9999995231628418
6217,2,2,0.9999591112136841
6218,6,6,0.9999979734420776
6219,8,8,0.9998856782913208
6220,4,4,0.999998927116394
6221,9,9,0.9995916485786438
6222,1,1,0.9997672438621521
6223,7,7,0.9999078512191772
6224,1,1,0.9995724558830261
6225,2,2,0.9999806880950928
6226,3,3,0.9999971389770508
6227,5,5,0.9998828172683716
6228,9,9,0.9996258020401001
6229,6,6,0.9999407529830933
6230,9,9,0.9995664954185486
6231,1,1,0.9997407793998718
6232,1,1,0.9998435974121094
6233,1,1,0.9996702671051025
6234,2,2,0.9987578392028809
6235,9,9,0.9956613183021545
6236,5,5,0.999992847442627
6237,6,6,0.999946117401123
6238,8,8,0.9999222755432129
6239,1,1,0.9994382262229919
6240,2,2,0.9998699426651001
6241,0,0,0.9988833069801331
6242,7,7,0.9998639822006226
6243,7,7,0.9962555170059204
6244,5,5,0.9999462366104126
6245,8,8,0.999994158744812
6246,2,2,0.9999867677688599
6247,9,9,0.9998247027397156
6248,8,8,0.9999953508377075
6249,9,9,0.9993022680282593
6250,0,0,0.997897744178772
6251,4,4,0.9999874830245972
6252,6,6,0.9999942779541016
6253,7,7,0.9998645782470703
6254,1,1,0.999769389629364
6255,3,3,0.9999140501022339
6256,4,4,0.9999610185623169
6257,5,5,0.9999997615814209
6258,6,6,0.9999996423721313
6259,0,0,0.999948263168335
6260,3,3,0.9996941089630127
6261,6,6,0.999994158744812
6262,8,8,0.9998643398284912
6263,7,7,0.9999473094940186
6264,0,0,0.9986036419868469
6265,4,4,0.9999816417694092
6266,2,2,0.9994854927062988
6267,7,7,0.9997348189353943
6268,4,4,0.9999959468841553
6269,7,7,0.999993085861206
6270,5,5,0.9999988079071045
6271,4,4,0.9999203681945801
6272,3,3,0.999962568283081
6273,4,4,0.9999980926513672
6274,2,2,0.9999973773956299
6275,8,8,0.9999938011169434
6276,1,1,0.999762237071991
6277,5,5,0.9999978542327881
6278,1,1,0.9990216493606567
6279,2,2,0.9999897480010986
6280,0,0,0.9998825788497925
6281,2,2,0.9999983310699463
6282,5,5,0.9999951124191284
6283,6,6,0.9997875094413757
6284,4,4,0.9999970197677612
6285,3,3,0.999991774559021
6286,0,0,0.9992775321006775
6287,0,0,0.9999561309814453
6288,0,0,0.9999456405639648
6289,3,3,0.9999322891235352
6290,3,3,0.9996035695075989
6291,5,5,0.9999979734420776
6292,7,7,0.999971866607666
6293,0,0,0.9998109936714172
6294,6,6,0.9999910593032837
6295,4,4,0.9999898672103882
6296,8,8,0.9999935626983643
6297,8,8,0.9999939203262329
6298,6,6,0.9998970031738281
6299,3,3,0.9999996423721313
6300,4,4,0.9999918937683105
6301,6,6,0.9999974966049194
6302,9,9,0.9995025396347046
6303,9,9,0.9991764426231384
6304,8,8,0.9998359680175781
6305,2,2,0.9999769926071167
6306,7,7,0.9996004700660706
6307,7,7,0.9999840259552002
6308,1,1,0.9997778534889221
6309,0,0,0.9999086856842041
6310,1,1,0.9998449087142944
6311,2,2,0.9999997615814209
6312,3,3,0.9998571872711182
6313,4,4,0.999997615814209
6314,5,5,0.9999935626983643
6315,6,6,0.9999637603759766
6316,7,7,0.9998338222503662
6317,8,8,0.9997616410255432
6318,9,9,0.999895453453064
6319,0,0,0.9999744892120361
6320,1,1,0.9997056126594543
6321,2,2,0.9999995231628418
6322,3,3,0.9999909400939941
6323,4,4,0.9999908208847046
6324,5,5,0.9999984502792358
6325,6,6,0.9999988079071045
6326,7,7,0.9999991655349731
6327,8,8,0.9999634027481079
6328,0,0,0.9994675517082214
6329,1,1,0.9998570680618286
6330,2,2,0.9999994039535522
6331,3,3,0.999966025352478
6332,4,4,0.9999994039535522
6333,5,5,0.999998927116394
6334,6,6,0.9999967813491821
6335,7,7,0.9999961853027344
6336,8,8,0.9995701909065247
6337,2,2,0.9999940395355225
6338,1,1,0.9913972616195679
6339,7,7,0.9999918937683105
6340,2,2,0.9999991655349731
6341,5,5,0.9999991655349731
6342,0,0,0.9999463558197021
6343,8,8,0.9999746084213257
6344,0,0,0.9926270842552185
6345,2,2,0.9999988079071045
6346,7,7,0.9999812841415405
6347,8,8,0.9975243210792542
6348,8,8,0.9999806880950928
6349,3,3,0.9999287128448486
6350,6,6,0.9999991655349731
6351,0,0,0.9995449185371399
6352,2,2,0.9999920129776001
6353,7,7,0.9999011754989624
6354,6,6,0.9999994039535522
6355,6,6,0.9999992847442627
6356,1,1,0.99920254945755
6357,2,2,0.9999998807907104
6358,8,8,0.9999942779541016
6359,8,8,0.99811851978302
6360,7,7,0.9999984502792358
6361,7,7,0.999977707862854
6362,4,4,0.9999678134918213
6363,7,7,0.9999988079071045
6364,7,7,0.9999966621398926
6365,3,3,0.9999942779541016
6366,7,7,0.9999974966049194
6367,4,4,0.9999892711639404
6368,5,5,0.999991774559021
6369,4,4,0.9999711513519287
6370,3,3,0.9984357953071594
6371,3,3,0.9998500347137451
6372,8,8,0.9998974800109863
6373,4,4,0.9999760389328003
6374,1,1,0.9999474287033081
6375,1,1,0.9999017715454102
6376,9,9,0.9753823280334473
6377,7,7,0.9999103546142578
6378,4,4,0.9999943971633911
6379,3,3,0.999671220779419
6380,7,7,0.9998865127563477
6381,3,3,0.999777615070343
6382,3,3,0.9999988079071045
6383,0,0,0.9988395571708679
6384,2,2,0.9999983310699463
6385,5,5,0.9999998807907104
6386,5,5,0.9999990463256836
6387,6,6,0.9999991655349731
6388,6,6,0.999963641166687
6389,3,3,0.9999722242355347
6390,5,5,0.9999380111694336
6391,2,2,0.9999215602874756
6392,5,5,0.9999780654907227
6393,9,9,0.9872090816497803
6394,9,9,0.9999057054519653
6395,8,8,0.999824583530426
6396,4,4,0.9999703168869019
6397,1,1,0.9969804883003235
6398,0,0,0.9868418574333191
6399,6,6,0.9999377727508545
6400,0,4,0.9386363625526428
6401,9,9,0.9880474805831909
6402,6,6,0.9996649026870728
6403,8,8,0.9999556541442871
6404,8,8,0.9999191761016846
6405,5,5,0.9999990463256836
6406,6,6,0.9999961853027344
6407,1,1,0.9995477795600891
6408,1,1,0.9990519881248474
6409,9,9,0.9997614026069641
6410,8,8,0.9998806715011597
6411,9,9,0.995203971862793
6412,2,2,0.9999982118606567
6413,3,3,0.9999994039535522
6414,5,5,0.9999980926513672
6415,5,5,0.999998927116394
6416,9,9,0.9970165491104126
6417,4,4,0.9992343187332153
6418,2,2,0.99896240234375
6419,1,1,0.9995563626289368
6420,9,9,0.9829498529434204
6421,3,3,0.9809154272079468
6422,9,9,0.9996728897094727
6423,2,2,0.9999998807907104
6424,0,0,0.9984416365623474
6425,6,6,0.9999649524688721
6426,0,0,0.9944857954978943
6427,4,4,0.9999743700027466
6428,0,0,0.996269941329956
6429,0,0,0.9999979734420776
6430,1,1,0.9998242259025574
6431,2,2,0.999993085861206
6432,3,3,0.9995386600494385
6433,4,4,0.9999966621398926
6434,7,7,0.9996899366378784
6435,8,8,0.9998641014099121
6436,9,9,0.9999713897705078
6437,0,0,0.9999978542327881
6438,1,1,0.9992151260375977
6439,2,2,0.9999589920043945
6440,3,3,0.9999892711639404
6441,7,7,0.9998028874397278
6442,8,8,0.9998561143875122
6443,9,9,0.997936487197876
6444,0,0,0.9992212057113647
6445,1,1,0.9997037053108215
6446,2,2,0.9998000264167786
6447,3,3,0.9999997615814209
6448,4,4,0.9999948740005493
6449,7,7,0.9999785423278809
6450,8,8,0.9988228678703308
6451,9,9,0.9997252821922302
6452,7,7,0.9993619322776794
6453,3,3,0.9999097585678101
6454,0,0,0.9995785355567932
6455,3,3,0.9999181032180786
6456,1,1,0.9993370175361633
6457,8,8,0.9997921586036682
6458,7,7,0.9997314810752869
6459,6,6,0.9996521472930908
6460,4,4,0.9999716281890869
6461,0,0,0.9996750354766846
6462,2,2,0.9999392032623291
6463,6,6,0.9997861981391907
6464,8,8,0.9996119141578674
6465,3,3,0.9999382495880127
6466,2,2,0.9999963045120239
6467,8,8,0.9997461438179016
6468,1,1,0.9974592328071594
6469,2,2,0.9998792409896851
6470,0,0,0.9897134304046631
6471,7,7,0.9919646978378296
6472,1,1,0.9995279312133789
6473,0,0,0.994623064994812
6474,4,4,0.9999680519104004
6475,4,4,0.9999985694885254
6476,5,5,0.9999915361404419
6477,8,8,0.9990527033805847
6478,0,0,0.9998227953910828
6479,6,6,0.9997202754020691
6480,2,2,0.9985878467559814
6481,3,3,0.9998123049736023
6482,1,1,0.9998248219490051
6483,5,5,0.9999983310699463
6484,1,1,0.9993215799331665
6485,8,8,0.9996309280395508
6486,5,5,0.9999955892562866
6487,9,9,0.9994344115257263
6488,4,4,0.9999933242797852
6489,0,0,0.9995644688606262
6490,7,7,0.9998610019683838
6491,5,5,0.9999914169311523
6492,8,8,0.9996052384376526
6493,8,8,0.9999783039093018
6494,3,3,0.9998283386230469
6495,8,8,0.954222559928894
6496,9,9,0.9996063113212585
6497,2,2,0.999774158000946
6498,6,6,0.9998660087585449
6499,2,2,0.9989362359046936
6500,5,5,0.9999980926513672
6501,3,3,0.999983549118042
6502,1,1,0.9994791150093079
6503,7,7,0.9998388290405273
6504,3,3,0.9999853372573853
6505,9,9,0.9325146675109863
6506,1,1,0.9991771578788757
6507,9,9,0.9997430443763733
6508,9,9,0.9998055100440979
6509,6,6,0.9999977350234985
6510,0,0,0.998974084854126
6511,3,3,0.9989100694656372
6512,9,9,0.9995679259300232
6513,2,2,0.9999312162399292
6514,8,8,0.9998514652252197
6515,1,1,0.9996556043624878
6516,4,4,0.9999933242797852
6517,3,3,0.9999046325683594
6518,5,5,0.9999656677246094
6519,2,2,0.9999955892562866
6520,9,9,0.999794065952301
6521,2,2,0.9999513626098633
6522,5,5,0.9999892711639404
6523,8,8,0.9987965822219849
6524,9,9,0.9995355606079102
6525,5,5,0.9999887943267822
6526,0,0,0.9981729984283447
6527,1,1,0.9996610879898071
6528,2,2,0.9990280866622925
6529,4,4,0.9999971389770508
6530,5,5,0.9983944296836853
6531,6,6,0.9999992847442627
6532,0,0,0.4182097017765045
6533,1,1,0.999478280544281
6534,2,2,0.9991208910942078
6535,3,3,0.9996700286865234
6536,4,4,0.9998264908790588
6537,5,5,0.9999561309814453
6538,6,6,0.995408833026886
6539,7,7,0.9998959302902222
6540,1,1,0.9823102355003357
6541,2,2,0.9998601675033569
6542,3,3,0.9958488941192627
6543,4,4,0.9999980926513672
6544,5,5,0.9949984550476074
6545,1,1,0.999832272529602
6546,0,0,0.9968100190162659
6547,4,4,0.9999949932098389
6548,5,5,0.9999945163726807
6549,6,6,0.9999576807022095
6550,6,6,0.999997615814209
6551,3,3,0.99993896484375
6552,4,4,0.9991230368614197
6553,4,4,0.9952754974365234
6554,2,2,0.9106900095939636
6555,8,8,0.7445655465126038
6556,1,1,0.998103141784668
6557,0,2,0.5873726010322571
6558,6,5,0.5977960228919983
6559,4,4,0.9731298685073853
6560,9,9,0.53472900390625
6561,7,7,0.6795093417167664
6562,2,2,0.9976997971534729
6563,3,3,0.9963296055793762
6564,3,3,0.9900229573249817
6565,9,9,0.9832937717437744
6566,2,2,0.9999526739120483
6567,0,0,0.9998495578765869
6568,9,3,0.5816673040390015
6569,3,3,0.9469045996665955
6570,3,3,0.9966604709625244
6571,9,3,0.6286513805389404
6572,1,1,0.589396059513092
6573,5,5,0.9992393255233765
6574,2,2,0.9979070425033569
6575,3,3,0.9381450414657593
6576,7,1,0.891094446182251
6577,7,7,0.8790400624275208
6578,8,5,0.5853374004364014
6579,4,4,0.999131977558136
6580,0,0,0.9990204572677612
6581,2,2,0.9990517497062683
6582,4,4,0.9999730587005615
6583,0,0,0.9988112449645996
6584,2,2,0.9569897055625916
6585,4,4,0.999997615814209
6586,7,7,0.9997709393501282
6587,8,8,0.9995032548904419
6588,0,0,0.9995161294937134
6589,7,7,0.9560182690620422
6590,0,0,0.9997486472129822
6591,6,6,0.9999806880950928
6592,9,9,0.9634109735488892
6593,3,3,0.9954076409339905
6594,2,2,0.9998212456703186
6595,8,8,0.9998533725738525
6596,6,6,0.9963756203651428
6597,0,7,0.5096682906150818
6598,5,5,0.98988276720047
6599,7,7,0.9186207056045532
6600,5,5,0.9999953508377075
6601,1,1,0.9996610879898071
6602,0,0,0.9981191754341125
6603,8,8,0.9511033892631531
6604,1,1,0.9997765421867371
6605,6,6,0.5672429800033569
6606,7,7,0.9998319149017334
6607,2,2,0.9989216327667236
6608,9,9,0.9837517738342285
6609,7,7,0.9554063081741333
6610,9,9,0.9961299896240234
6611,5,5,0.9997960925102234
6612,8,8,0.99824059009552
6613,6,6,0.9482070803642273
6614,2,2,0.8875834345817566
6615,6,6,0.8814749121665955
6616,2,2,0.9987877011299133
6617,8,8,0.9947056174278259
6618,1,1,0.9950761198997498
6619,7,7,0.9999316930770874
6620,5,5,0.9999953508377075
6621,0,0,0.9837623238563538
6622,1,1,0.9939392805099487
6623,1,1,0.9462032914161682
6624,3,3,0.9993345141410828
6625,8,2,0.7855386137962341
6626,4,4,0.9998469352722168
6627,9,9,0.9740068912506104
6628,1,1,0.9943434000015259
6629,8,8,0.9973663687705994
6630,6,6,0.9999696016311646
6631,8,8,0.9956527948379517
6632,9,9,0.7918469309806824
6633,0,0,0.9989843964576721
6634,1,1,0.9994884729385376
6635,2,2,0.9984484910964966
6636,3,3,0.9989932179450989
6637,4,4,0.999338686466217
6638,5,5,0.9999991655349731
6639,6,6,0.9999500513076782
6640,7,7,0.9999868869781494
6641,8,8,0.9957848191261292
6642,9,9,0.9784563779830933
6643,0,0,0.9330283403396606
6644,1,1,0.9926203489303589
6645,2,2,0.9981720447540283
6646,3,3,0.9999942779541016
6647,4,4,0.9999721050262451
6648,7,7,0.9998433589935303
6649,8,8,0.9999955892562866
6650,9,9,0.9811869859695435
6651,0,8,0.616911768913269
6652,1,1,0.9981132745742798
6653,7,7,0.9998656511306763
6654,8,8,0.9999966621398926
6655,9,9,0.9971725940704346
6656,9,9,0.9983324408531189
6657,8,8,0.999970555305481
6658,9,9,0.9944363832473755
6659,8,8,0.9997476935386658
6660,4,4,0.9999958276748657
6661,1,1,0.9984398484230042
6662,7,7,0.9878911972045898
6663,7,7,0.9999806880950928
6664,3,3,0.999855637550354
6665,3,3,0.9999815225601196
6666,7,7,0.9999412298202515
6667,6,6,0.9979092478752136
6668,6,6,0.9870455265045166
6669,6,6,0.9820520281791687
6670,1,1,0.9989044666290283
6671,9,9,0.9985039234161377
6672,0,0,0.9916109442710876
6673,1,1,0.9978740215301514
6674,7,7,0.9999821186065674
6675,6,6,0.9997571110725403
6676,3,3,0.9999868869781494
6677,2,2,0.9920420050621033
6678,1,1,0.999772846698761
6679,7,7,0.9998582601547241
6680,1,1,0.9995890259742737
6681,3,3,0.9998959302902222
6682,9,9,0.9998164772987366
6683,1,1,0.9994634985923767
6684,7,7,0.9998559951782227
6685,6,6,0.9998457431793213
6686,8,8,0.9996222257614136
6687,4,4,0.9999940395355225
6688,1,1,0.9970320463180542
6689,4,4,0.9997420907020569
6690,3,3,0.9999935626983643
6691,6,6,0.8852274417877197
6692,9,9,0.9630410075187683
6693,6,6,0.99570232629776
6694,1,1,0.9985237717628479
6695,4,4,0.9997689127922058
6696,4,4,0.9999600648880005
6697,7,7,0.9998353719711304
6698,2,2,1.0
6699,4,4,0.9999256134033203
6700,4,4,0.9992750287055969
6701,0,0,0.9999121427536011
6702,1,1,0.9996622800827026
6703,2,2,0.9935228824615479
6704,3,3,0.9998018145561218
6705,4,4,0.9999969005584717
6706,5,5,0.996049702167511
6707,6,6,0.9999202489852905
6708,7,7,0.9930620789527893
6709,8,8,0.9983372688293457
6710,9,9,0.9980117082595825
6711,0,0,0.99964439868927
6712,1,1,0.9993288516998291
6713,2,2,0.9985048770904541
6714,3,3,0.999992847442627
6715,4,4,0.9999983310699463
6716,5,5,0.9998852014541626
6717,6,6,0.9998351335525513
6718,9,9,0.8852367401123047
6719,0,0,0.9982109069824219
6720,1,1,0.9991015195846558
6721,2,2,0.9162425398826599
6722,3,3,0.9984716773033142
6723,4,4,0.9999607801437378
6724,7,7,0.99818354845047
6725,8,8,0.9893432855606079
6726,1,1,0.9998424053192139
6727,3,3,0.9999947547912598
6728,5,5,0.999798595905304
6729,1,1,0.9998199343681335
6730,7,7,0.9977577328681946
6731,7,7,0.9992757439613342
6732,2,2,0.9998039603233337
6733,1,1,0.9989696741104126
6734,4,4,0.9999823570251465
6735,8,8,0.9991996884346008
6736,3,3,0.9997404217720032
6737,4,4,0.998633086681366
6738,4,4,0.9998759031295776
6739,3,3,0.9986409544944763
6740,9,9,0.9757173657417297
6741,7,7,0.984928548336029
6742,4,4,0.9999953508377075
6743,1,1,0.9980515241622925
6744,2,2,0.9263322353363037
6745,3,3,0.9978258013725281
6746,5,5,0.9996777772903442
6747,9,9,0.9735403656959534
6748,1,1,0.9991851449012756
6749,6,6,0.9779011011123657
6750,0,0,0.9947031140327454
6751,1,1,0.9995953440666199
6752,0,0,0.9996870756149292
6753,0,0,0.9997486472129822
6754,2,2,0.9999642372131348
6755,8,8,0.848633348941803
6756,7,7,0.9900817275047302
6757,1,1,0.998772919178009
6758,1,1,0.9975546002388
6759,4,4,0.9989839196205139
6760,0,0,0.9979592561721802
6761,4,4,0.9997958540916443
6762,7,7,0.9811772108078003
6763,3,3,0.9990037083625793
6764,6,6,0.938267707824707
6765,8,8,0.9564290642738342
6766,0,0,0.9995197057723999
6767,3,3,0.9999029636383057
6768,7,7,0.999293327331543
6769,4,4,0.9998359680175781
6770,0,0,0.9998283386230469
6771,6,6,0.9970366954803467
6772,9,9,0.997564435005188
6773,2,2,0.9935118556022644
6774,6,6,0.9967971444129944
6775,5,5,0.9999898672103882
6776,8,8,0.9983391761779785
6777,6,6,0.9998427629470825
6778,9,9,0.9945012331008911
6779,0,0,0.9969407320022583
6780,4,4,0.9996963739395142
6781,0,0,0.9987416863441467
6782,6,6,0.9912416934967041
6783,1,6,0.7135419249534607
6784,9,9,0.9994415640830994
6785,2,2,0.988014280796051
6786,0,0,0.9997343420982361
6787,9,9,0.982900083065033
6788,5,5,0.9858502745628357
6789,1,1,0.999497652053833
6790,3,3,0.9999839067459106
6791,7,7,0.9780066013336182
6792,6,6,0.9985066056251526
6793,9,9,0.9579020738601685
6794,3,3,0.9999196529388428
6795,0,0,0.9996932744979858
6796,2,2,0.8993229866027832
6797,2,2,0.9785705208778381
6798,0,0,0.9992638230323792
6799,1,1,0.9999035596847534
6800,2,2,0.9999767541885376
6801,3,3,0.9999547004699707
6802,4,4,0.9999878406524658
6803,5,5,0.9999998807907104
6804,6,6,0.9999991655349731
6805,7,7,0.9990591406822205
6806,8,8,0.9789149165153503
6807,9,9,0.9977827668190002
6808,0,0,0.9991469383239746
6809,1,1,0.996502161026001
6810,2,2,0.9999278783798218
6811,3,3,0.9999470710754395
6812,4,4,0.9999740123748779
6813,5,5,0.9999960660934448
6814,6,6,0.9999991655349731
6815,7,7,0.9999992847442627
6816,8,8,0.9999938011169434
6817,9,9,0.9972383975982666
6818,0,0,0.9991734623908997
6819,1,1,0.9997938275337219
6820,2,2,0.9998735189437866
6821,3,3,0.9999692440032959
6822,4,4,0.9999963045120239
6823,5,5,0.9999895095825195
6824,6,6,0.9999995231628418
6825,7,7,0.9997397065162659
6826,8,8,0.9999428987503052
6827,9,9,0.9969326257705688
6828,2,2,0.9999978542327881
6829,1,1,0.9995716214179993
6830,7,7,0.999933123588562
6831,2,2,0.9999945163726807
6832,5,5,0.9999998807907104
6833,0,0,0.9998980760574341
6834,8,8,0.9999533891677856
6835,0,0,0.9996904134750366
6836,2,2,0.9999886751174927
6837,7,7,0.9999706745147705
6838,8,8,0.9998223185539246
6839,8,8,0.9967882633209229
6840,3,3,0.9992464780807495
6841,0,0,0.9982290863990784
6842,6,6,0.999998927116394
6843,0,0,0.9985156655311584
6844,2,2,0.9999991655349731
6845,7,7,0.9996365308761597
6846,6,6,0.9999959468841553
6847,6,6,0.9738449454307556
6848,1,1,0.9984152317047119
6849,2,2,0.9998841285705566
6850,8,8,0.999996542930603
6851,8,8,0.9982319474220276
6852,7,7,0.999544084072113
6853,7,7,0.9994556307792664
6854,4,4,0.9999821186065674
6855,7,7,0.9999977350234985
6856,7,7,0.9994261264801025
6857,3,3,0.9999366998672485
6858,7,7,0.9998544454574585
6859,4,4,0.9999778270721436
6860,5,5,0.9999998807907104
6861,4,4,0.9999995231628418
6862,3,3,0.9998683929443359
6863,3,3,0.9999806880950928
6864,8,8,0.9996211528778076
6865,4,4,0.9999828338623047
6866,5,5,0.9999979734420776
6867,4,4,0.9990297555923462
6868,1,1,0.9998290538787842
6869,1,1,0.9992788434028625
6870,9,9,0.9991220831871033
6871,7,7,0.9999854564666748
6872,4,4,0.9998615980148315
6873,3,3,0.9996169805526733
6874,7,7,0.99998939037323
6875,3,3,0.999948263168335
6876,3,3,0.999834418296814
6877,0,0,0.9991872906684875
6878,2,2,0.9602081775665283
6879,5,5,0.9999995231628418
6880,5,5,0.9999959468841553
6881,6,6,0.9999995231628418
6882,3,3,0.9999154806137085
6883,1,1,0.9962051510810852
6884,5,5,0.9999947547912598
6885,2,2,0.9996331930160522
6886,5,5,0.9987861514091492
6887,9,9,0.998853325843811
6888,9,9,0.997098445892334
6889,8,8,0.9998084902763367
6890,4,4,0.9999667406082153
6891,1,1,0.9953752160072327
6892,0,0,0.9997937083244324
6893,6,6,0.9999821186065674
6894,0,0,0.9320037364959717
6895,9,9,0.9422227144241333
6896,6,6,0.9999910593032837
6897,8,8,0.9990008473396301
6898,8,8,0.9964236617088318
6899,5,5,0.9961398243904114
6900,6,6,0.9999245405197144
6901,1,1,0.997417688369751
6902,1,1,0.9945477843284607
6903,9,9,0.9897979497909546
6904,8,8,0.9998644590377808
6905,9,9,0.9979287385940552
6906,2,2,0.9972907900810242
6907,3,3,0.9999982118606567
6908,5,5,0.9999966621398926
6909,5,5,0.9998898506164551
6910,9,9,0.9954934120178223
6911,4,4,0.9999988079071045
6912,2,2,0.9994376301765442
6913,1,1,0.9996892213821411
6914,9,9,0.9964770674705505
6915,4,4,0.9999983310699463
6916,9,9,0.9981586337089539
6917,1,1,0.9990604519844055
6918,3,3,0.9998881816864014
6919,9,9,0.975245475769043
6920,2,2,0.9998656511306763
6921,0,0,0.9999165534973145
6922,6,6,0.9999005794525146
6923,0,0,0.9997461438179016
6924,4,4,0.9997878670692444
6925,0,0,0.9994181394577026
6926,6,6,0.9989344477653503
6927,0,0,0.9988734126091003
6928,1,1,0.9999058246612549
6929,2,2,0.9998742341995239
6930,3,3,0.9991633892059326
6931,4,4,0.9995864033699036
6932,5,5,0.9999947547912598
6933,6,6,0.9999929666519165
6934,7,7,0.9997146725654602
6935,8,8,0.999954104423523
6936,9,9,0.999240517616272
6937,0,0,0.9998795986175537
6938,1,1,0.9998718500137329
6939,2,2,0.9996411800384521
6940,3,3,0.9998458623886108
6941,4,4,0.9999169111251831
6942,5,5,0.9999904632568359
6943,6,6,0.9974724650382996
6944,7,7,0.999927282333374
6945,8,8,0.9998598098754883
6946,9,9,0.9975180625915527
6947,0,0,0.9999582767486572
6948,1,1,0.9999289512634277
6949,2,2,0.9999972581863403
6950,3,3,0.9999294281005859
6951,4,4,0.9999219179153442
6952,5,5,0.9999611377716064
6953,6,6,0.9997870326042175
6954,7,7,0.9763609170913696
6955,8,8,0.9998894929885864
6956,9,9,0.999270498752594
6957,3,3,0.9998667240142822
6958,8,8,0.9999439716339111
6959,0,0,0.9991737008094788
6960,7,7,0.999976634979248
6961,1,1,0.9997791647911072
6962,0,0,0.9949226975440979
6963,7,7,0.9999324083328247
6964,5,5,0.9999390840530396
6965,5,5,0.9999920129776001
6966,6,6,0.9997654557228088
6967,9,9,0.986469030380249
6968,0,0,0.9975042939186096
6969,1,1,0.9996281862258911
6970,0,0,0.9794533848762512
6971,0,0,0.9966201782226562
6972,8,8,0.9999775886535645
6973,3,3,0.9999662637710571
6974,4,4,0.9997870326042175
6975,3,3,0.9997925162315369
6976,1,1,0.9992316961288452
6977,5,5,0.9999948740005493
6978,0,0,0.9960435628890991
6979,0,0,0.9958731532096863
6980,9,9,0.9942057728767395
6981,5,5,0.9991816878318787
6982,3,3,0.999996542930603
6983,4,4,0.9966219663619995
6984,9,9,0.9990350008010864
6985,3,3,0.9999692440032959
6986,7,7,0.9993730187416077
6987,6,6,0.9999921321868896
6988,9,9,0.9998475313186646
6989,2,2,0.9999958276748657
6990,4,4,0.9996893405914307
6991,5,5,0.9999864101409912
6992,7,7,0.9999986886978149
6993,2,2,0.9999990463256836
6994,6,6,0.9990014433860779
6995,4,4,0.9999983310699463
6996,9,9,0.9985970854759216
6997,4,4,0.9938699007034302
6998,9,9,0.9975467324256897
6999,4,4,0.9992826581001282
7000,1,1,0.9992008805274963
7001,2,2,0.9994868040084839
7002,2,2,0.9995501637458801
7003,5,5,0.9997842907905579
7004,8,8,0.9998020529747009
7005,1,1,0.9996784925460815
7006,3,3,0.9998534917831421
7007,2,2,0.9999954700469971
7008,9,9,0.9998748302459717
7009,4,4,0.999957799911499
7010,3,3,0.9999703168869019
7011,8,8,0.9999994039535522
7012,2,2,0.9999985694885254
7013,2,2,0.999997615814209
7014,1,1,0.999932050704956
7015,2,2,0.9998754262924194
7016,8,8,0.9997408986091614
7017,6,6,0.999803364276886
7018,5,5,0.9999943971633911
7019,1,1,0.9998515844345093
7020,6,6,0.9999275207519531
7021,7,7,0.9961221814155579
7022,2,2,0.9998966455459595
7023,1,1,0.9998924732208252
7024,3,3,0.9999850988388062
7025,9,9,0.9981231093406677
7026,3,3,0.9999970197677612
7027,8,8,0.9999995231628418
7028,7,7,0.9837280511856079
7029,5,5,0.9999980926513672
7030,7,7,0.983023464679718
7031,0,0,0.9747236371040344
7032,7,7,0.9996587038040161
7033,4,4,0.997788667678833
7034,8,8,0.999995231628418
7035,8,8,0.997298538684845
7036,5,5,0.9999998807907104
7037,0,0,0.9990987777709961
7038,6,6,0.9999974966049194
7039,6,6,0.9999147653579712
7040,3,3,0.9998877048492432
7041,7,7,0.9999552965164185
7042,6,6,0.9999957084655762
7043,9,9,0.9870595932006836
7044,9,9,0.9195417761802673
7045,4,4,0.999982476234436
7046,8,8,0.998484194278717
7047,4,4,0.9995017051696777
7048,1,1,0.9995330572128296
7049,0,0,0.8718388080596924
7050,6,6,0.9973224997520447
7051,6,6,0.86656254529953
7052,0,0,0.9996908903121948
7053,1,1,0.9998750686645508
7054,2,2,0.9817807674407959
7055,3,3,0.9999979734420776
7056,4,4,0.9989005327224731
7057,5,5,0.9999938011169434
7058,6,6,0.9999840259552002
7059,7,7,0.9999284744262695
7060,8,8,0.9996285438537598
7061,9,9,0.991465151309967
7062,0,0,0.9998528957366943
7063,1,1,0.9998832941055298
7064,2,2,0.999855637550354
7065,3,3,0.9999523162841797
7066,4,4,0.999994158744812
7067,5,5,0.9999960660934448
7068,6,6,0.9993645548820496
7069,7,7,0.999836802482605
7070,8,8,0.999945878982544
7071,9,9,0.9822836518287659
7072,0,0,0.9993613362312317
7073,1,1,0.9998019337654114
7074,2,2,0.9947838187217712
7075,3,3,0.9997465014457703
7076,4,4,0.9999680519104004
7077,5,5,0.9999884366989136
7078,6,6,0.9999997615814209
7079,7,7,0.9992318153381348
7080,8,8,0.9998093247413635
7081,9,9,0.9575148820877075
7082,7,7,0.9999916553497314
7083,4,4,0.9999489784240723
7084,0,0,0.9846000075340271
7085,4,4,0.9997802376747131
7086,0,0,0.9987267851829529
7087,1,1,0.9991447925567627
7088,7,7,0.9999828338623047
7089,9,9,0.9943336248397827
7090,5,5,0.9999737739562988
7091,1,1,0.9998007416725159
7092,4,4,0.9999953508377075
7093,2,2,0.9862205982208252
7094,8,8,0.9967352747917175
7095,9,9,0.9955976605415344
7096,4,4,0.9999998807907104
7097,3,3,0.9981924891471863
7098,7,7,0.9981820583343506
7099,8,8,0.9965857267379761
7100,2,2,0.9983952641487122
7101,4,4,0.9995983242988586
7102,4,4,0.9992272853851318
7103,3,3,0.9999456405639648
7104,3,3,0.9998134970664978
7105,6,6,0.9999982118606567
7106,9,9,0.9732272624969482
7107,9,9,0.9521254301071167
7108,5,5,0.9997652173042297
7109,8,8,0.9980828762054443
7110,6,6,0.9999961853027344
7111,7,7,0.9999043941497803
7112,0,0,0.9996187686920166
7113,6,6,0.9999971389770508
7114,8,8,0.9998722076416016
7115,2,2,0.9992916584014893
7116,6,6,0.9999997615814209
7117,3,3,0.9999990463256836
7118,9,9,0.98496013879776
7119,3,3,0.9996649026870728
7120,2,2,0.999834418296814
7121,8,8,0.8917475938796997
7122,6,6,0.9999574422836304
7123,1,1,0.9999029636383057
7124,7,7,0.9999415874481201
7125,4,4,0.9999843835830688
7126,8,8,0.9994810223579407
7127,8,8,0.9999598264694214
7128,9,9,0.9945694804191589
7129,0,0,0.9978249073028564
7130,3,3,0.9999958276748657
7131,3,3,0.999993085861206
7132,9,9,0.9962621331214905
7133,0,0,0.9722571969032288
7134,5,5,0.9998563528060913
7135,2,2,0.9993433356285095
7136,9,9,0.9978128671646118
7137,4,4,0.9999741315841675
7138,1,1,0.9981653094291687
7139,0,0,0.9985407590866089
7140,3,3,0.9999912977218628
7141,7,7,0.9999375343322754
7142,5,5,0.9999704360961914
7143,8,8,0.9999752044677734
7144,7,7,0.9999691247940063
7145,7,7,0.9998020529747009
7146,8,8,0.9996546506881714
7147,2,2,0.9997672438621521
7148,9,9,0.9968583583831787
7149,7,7,0.9999746084213257
7150,1,1,0.9996263980865479
7151,2,2,0.9982800483703613
7152,6,6,0.9999897480010986
7153,4,4,0.9997716546058655
7154,2,2,0.9635656476020813
7155,5,5,0.9999890327453613
7156,2,2,0.9948594570159912
7157,3,3,0.9999910593032837
7158,6,6,0.9993389248847961
7159,6,6,0.999997615814209
7160,5,5,0.9998970031738281
7161,0,0,0.9961532950401306
7162,0,0,0.9948331117630005
7163,2,2,0.9996910095214844
7164,8,8,0.9999552965164185
7165,1,1,0.999874472618103
7166,6,6,0.9999388456344604
7167,1,1,0.9996567964553833
7168,0,0,0.9962245225906372
7169,4,4,0.9999946355819702
7170,3,3,0.9997926354408264
7171,1,1,0.9997298121452332
7172,6,6,0.9997988343238831
7173,1,1,0.9990177154541016
7174,9,9,0.9931463003158569
7175,0,0,0.9999984502792358
7176,1,1,0.999485969543457
7177,4,4,0.9915943741798401
7178,5,5,0.9999816417694092
7179,6,6,0.9990546107292175
7180,7,7,0.9998408555984497
7181,8,8,0.9994311928749084
7182,9,9,0.9960945248603821
7183,1,1,0.9949386119842529
7184,2,2,0.9999997615814209
7185,3,3,0.9999817609786987
7186,4,4,0.9990523457527161
7187,5,5,0.9999938011169434
7188,6,6,0.999984860420227
7189,7,7,0.9996448755264282
7190,0,0,0.9994151592254639
7191,1,1,0.9986520409584045
7192,2,2,0.9999759197235107
7193,3,3,0.9999836683273315
7194,4,4,0.9999986886978149
7195,5,5,0.9987854361534119
7196,6,6,0.999565064907074
7197,7,7,0.9995284080505371
7198,8,8,0.9967772364616394
7199,9,9,0.9988712668418884
7200,8,8,0.9845148324966431
7201,4,4,0.9999889135360718
7202,0,0,0.9999829530715942
7203,0,0,0.999954104423523
7204,7,7,0.9986082911491394
7205,2,2,0.9998397827148438
7206,4,4,0.9999982118606567
7207,3,3,0.9999983310699463
7208,8,8,0.9641551971435547
7209,6,6,0.9861232042312622
7210,6,6,0.9974060654640198
7211,3,3,0.9768570065498352
7212,2,2,0.9826595783233643
7213,6,6,0.9996180534362793
7214,3,3,0.9999996423721313
7215,3,3,0.9998188614845276
7216,0,6,0.3698783218860626
7217,1,1,0.9989567995071411
7218,4,4,0.9998621940612793
7219,7,7,0.9999942779541016
7220,8,8,0.9985572695732117
7221,0,0,0.9998890161514282
7222,3,3,0.9999990463256836
7223,1,1,0.9947665929794312
7224,9,9,0.998875081539154
7225,0,0,0.9952474236488342
7226,1,1,0.9957994818687439
7227,9,9,0.9995701909065247
7228,1,1,0.9931856393814087
7229,2,2,0.9998993873596191
7230,7,7,0.9996961355209351
7231,0,0,0.99992835521698
7232,1,1,0.9885330200195312
7233,3,3,0.994050920009613
7234,8,8,0.9998987913131714
7235,2,2,0.9906222224235535
7236,9,9,0.9995099306106567
7237,2,2,0.9999686479568481
7238,7,7,0.9972736239433289
7239,6,6,0.9992799162864685
7240,5,5,0.9949212670326233
7241,5,5,0.9996682405471802
7242,9,9,0.9992008805274963
7243,9,9,0.9988447427749634
7244,8,8,0.9999959468841553
7245,2,2,0.9980092644691467
7246,9,9,0.9977954626083374
7247,1,1,0.9952988028526306
7248,3,3,0.9757998585700989
7249,2,2,0.9616188406944275
7250,3,3,0.9999926090240479
7251,4,4,0.9999964237213135
7252,3,3,0.9999964237213135
7253,1,1,0.9970647692680359
7254,9,9,0.9998514652252197
7255,0,0,0.9995070695877075
7256,9,9,0.998921275138855
7257,3,3,0.9999536275863647
7258,6,6,0.993519127368927
7259,8,8,0.8515545129776001
7260,7,7,0.9999724626541138
7261,0,0,0.9632652401924133
7262,1,1,0.998992383480072
7263,0,0,0.9698562622070312
7264,5,5,0.999895453453064
7265,8,8,0.9141687154769897
7266,2,2,0.9999096393585205
7267,7,7,0.9997844099998474
7268,7,7,0.9716207385063171
7269,0,0,0.9993413090705872
7270,1,1,0.9998652935028076
7271,2,2,0.9609716534614563
7272,3,3,0.9982612729072571
7273,4,4,0.9993220567703247
7274,5,5,0.999975323677063
7275,6,6,0.9999918937683105
7276,7,7,0.9995341300964355
7277,8,8,0.9886957406997681
7278,9,9,0.9981210827827454
7279,0,0,0.9993650317192078
7280,1,1,0.9981300234794617
7281,2,2,0.9999223947525024
7282,3,3,0.9995511174201965
7283,4,4,0.999841570854187
7284,5,5,0.9999306201934814
7285,6,6,0.9998366832733154
7286,7,7,0.9999799728393555
7287,8,8,0.9989413619041443
7288,9,9,0.9963288903236389
7289,0,0,0.9996554851531982
7290,1,1,0.9998836517333984
7291,2,2,0.9962131977081299
7292,3,3,0.9999781847000122
7293,4,4,0.9998100399971008
7294,5,5,0.9999574422836304
7295,6,6,0.9999057054519653
7296,7,7,0.9999725818634033
7297,8,8,0.9955804944038391
7298,9,9,0.9991372227668762
7299,1,1,0.9998819828033447
7300,7,7,0.9999822378158569
7301,4,4,0.9999672174453735
7302,8,8,0.9984323382377625
7303,1,1,0.9998658895492554
7304,5,5,0.9999715089797974
7305,6,6,0.999984860420227
7306,5,5,0.9999673366546631
7307,7,7,0.9993676543235779
7308,2,2,0.9999334812164307
7309,8,8,0.9821680784225464
7310,6,6,0.9991909861564636
7311,3,3,0.9997629523277283
7312,3,3,0.9999794960021973
7313,8,8,0.9998964071273804
7314,6,6,0.9999818801879883
7315,5,5,0.9994839429855347
7316,4,4,0.9999876022338867
7317,0,0,0.9914496541023254
7318,9,9,0.9999662637710571
7319,1,1,0.9999115467071533
7320,7,7,0.9998587369918823
7321,2,2,0.999957799911499
7322,9,9,0.9998866319656372
7323,1,1,0.9996480941772461
7324,5,5,0.9995595812797546
7325,1,1,0.9999172687530518
7326,3,3,0.9999922513961792
7327,2,2,0.99868243932724
7328,2,2,0.9981220364570618
7329,3,3,0.9997746348381042
7330,0,0,0.9977444410324097
7331,6,6,0.9997633099555969
7332,4,4,0.9990935325622559
7333,3,3,0.9853963255882263
7334,7,7,0.9989171028137207
7335,6,6,0.9900338053703308
7336,9,9,0.9997925162315369
7337,0,0,0.978333055973053
7338,4,4,0.9978880286216736
7339,8,8,0.9038456678390503
7340,1,1,0.9999076128005981
7341,4,4,0.9988275170326233
7342,0,0,0.9985790252685547
7343,6,6,0.9999018907546997
7344,1,1,0.9998546838760376
7345,2,2,0.9555789232254028
7346,6,6,0.9999963045120239
7347,9,9,0.9999270439147949
7348,2,2,0.9776499271392822
7349,2,2,0.9983086585998535
7350,3,3,0.9998382329940796
7351,5,5,0.9999748468399048
7352,5,5,0.999778687953949
7353,1,1,0.9999229907989502
7354,0,0,0.9079068303108215
7355,7,7,0.9999951124191284
7356,7,7,0.9994456171989441
7357,9,9,0.9994470477104187
7358,6,6,0.9999624490737915
7359,2,2,0.9992498755455017
7360,9,9,0.9991006851196289
7361,4,4,0.9981904625892639
7362,7,7,0.9999125003814697
7363,0,0,0.994989812374115
7364,2,2,0.9993938207626343
7365,3,3,0.9993141889572144
7366,4,4,0.9998730421066284
7367,0,0,0.9994082450866699
7368,0,0,0.9991556406021118
7369,8,8,0.9990308284759521
7370,8,8,0.979121208190918
7371,8,8,0.9994522929191589
7372,5,5,0.9999402761459351
7373,1,1,0.9998730421066284
7374,3,3,0.999988317489624
7375,7,7,0.9997829794883728
7376,4,4,0.999975323677063
7377,9,9,0.9975287318229675
7378,8,8,0.9984086155891418
7379,8,8,0.9127838015556335
7380,9,9,0.998306393623352
7381,0,0,0.9889163970947266
7382,9,9,0.999376118183136
7383,8,8,0.9998175501823425
7384,9,9,0.9967724680900574
7385,0,0,0.9996336698532104
7386,2,2,0.9971874356269836
7387,6,6,0.9998750686645508
7388,5,5,0.999902606010437
7389,6,6,0.9997674822807312
7390,7,7,0.9985167384147644
7391,4,4,0.9993796348571777
7392,7,7,0.9874743223190308
7393,5,5,0.9999983310699463
7394,4,4,0.9997460246086121
7395,1,1,0.9993613362312317
7396,3,3,0.999946117401123
7397,5,5,0.9999922513961792
7398,3,3,0.9999639987945557
7399,1,1,0.999661922454834
7400,2,2,0.9946030974388123
7401,3,3,0.9990791082382202
7402,4,4,0.9986352324485779
7403,5,5,0.9995317459106445
7404,6,6,0.9945303797721863
7405,1,1,0.992121696472168
7406,2,2,0.9999721050262451
7407,3,3,0.9999855756759644
7408,4,4,0.997531533241272
7409,6,6,0.9999991655349731
7410,0,0,0.999901294708252
7411,1,1,0.9997143149375916
7412,2,2,0.9999697208404541
7413,4,4,0.9967638254165649
7414,5,5,0.999990701675415
7415,6,6,0.9999691247940063
7416,7,7,0.9985557198524475
7417,8,8,0.9998683929443359
7418,1,1,0.9974403381347656
7419,7,7,0.9950156807899475
7420,2,2,0.9980541467666626
7421,4,4,0.9999858140945435
7422,1,1,0.9989203214645386
7423,4,4,0.9989155530929565
7424,1,1,0.998932421207428
7425,4,4,0.9998425245285034
7426,9,9,0.993614137172699
7427,6,6,0.9982374906539917
7428,8,8,0.9999831914901733
7429,4,4,0.9999963045120239
7430,5,5,0.9999390840530396
7431,3,3,0.9999580383300781
7432,7,7,0.9653862714767456
7433,8,8,0.9976194500923157
7434,4,4,0.9165594577789307
7435,3,3,0.9999984502792358
7436,3,3,0.9999878406524658
7437,5,5,0.9994897842407227
7438,6,6,0.9988722205162048
7439,7,7,0.9971946477890015
7440,0,0,0.9937198162078857
7441,6,6,0.9748511910438538
7442,1,1,0.9994162321090698
7443,6,6,0.9998674392700195
7444,8,8,0.9917643666267395
7445,7,7,0.9706380367279053
7446,0,0,0.8642497658729553
7447,1,1,0.9989559650421143
7448,5,5,0.9999945163726807
7449,0,0,0.9974097609519958
7450,8,8,0.9972987771034241
7451,5,5,0.9923577904701233
7452,0,0,0.9977523684501648
7453,1,1,0.9988446235656738
7454,5,5,0.9998103976249695
7455,8,8,0.9988155364990234
7456,4,4,0.9999414682388306
7457,2,2,0.9903518557548523
7458,3,3,0.9999955892562866
7459,9,9,0.9620819687843323
7460,7,7,0.9992044568061829
7461,6,6,0.9998735189437866
7462,9,9,0.9993822574615479
7463,1,1,0.9956362843513489
7464,9,9,0.9994268417358398
7465,0,0,0.9897706508636475
7466,6,6,0.9990241527557373
7467,7,7,0.9999845027923584
7468,1,1,0.9994385838508606
7469,2,2,0.9999661445617676
7470,3,3,0.9999954700469971
7471,9,9,0.9924112558364868
7472,2,2,0.9093196392059326
7473,4,4,0.9575856328010559
7474,5,5,0.9999388456344604
7475,5,5,0.9999947547912598
7476,3,3,0.9998859167098999
7477,7,7,0.9986521601676941
7478,5,5,0.9999375343322754
7479,3,3,0.9982283711433411
7480,1,1,0.9994562268257141
7481,8,8,0.9997645020484924
7482,2,2,0.93765789270401
7483,2,2,0.990736186504364
7484,3,3,0.9999836683273315
7485,0,0,0.9960786700248718
7486,2,2,0.9976085424423218
7487,9,9,0.999417781829834
7488,4,4,0.9999895095825195
7489,9,9,0.9979487061500549
7490,7,7,0.9913542866706848
7491,0,0,0.8772718906402588
7492,2,2,0.7950641512870789
7493,7,7,0.9972361922264099
7494,4,4,0.9998026490211487
7495,9,9,0.9976951479911804
7496,9,9,0.9945449829101562
7497,2,2,0.9995954632759094
7498,5,5,0.9997332692146301
7499,9,9,0.9991744160652161
7500,8,8,0.9994106292724609
7501,3,3,0.9999785423278809
7502,8,8,0.9999803304672241
7503,6,6,0.9998316764831543
7504,7,7,0.9947591423988342
7505,0,0,0.8841509222984314
7506,0,0,0.9994977712631226
7507,1,1,0.9998134970664978
7508,2,2,0.9999512434005737
7509,3,3,0.9999250173568726
7510,4,4,0.9968152642250061
7511,5,5,0.9994387030601501
7512,6,6,0.999819815158844
7513,7,7,0.9999631643295288
7514,8,8,0.9923426508903503
7515,9,9,0.9997830986976624
7516,0,0,0.9989701509475708
7517,1,1,0.9956976175308228
7518,2,2,0.9956279993057251
7519,3,3,0.9997686743736267
7520,4,4,0.9997686743736267
7521,5,5,0.9998278617858887
7522,6,6,0.9916281700134277
7523,7,7,0.9994913339614868
7524,8,8,0.9985260963439941
7525,9,9,0.9929506778717041
7526,0,0,0.9992675185203552
7527,1,1,0.9995720982551575
7528,2,2,0.9911490678787231
7529,3,3,0.9996509552001953
7530,4,4,0.9994926452636719
7531,5,5,0.9999045133590698
7532,6,6,0.9998055100440979
7533,7,7,0.9997556805610657
7534,8,8,0.9981328845024109
7535,9,9,0.9980704188346863
7536,0,0,0.9996967315673828
7537,0,0,0.9983288645744324
7538,7,7,0.9903638958930969
7539,2,2,0.9975255131721497
7540,6,6,0.9999349117279053
7541,5,5,0.9966378211975098
7542,5,5,0.9995107650756836
7543,3,3,0.9999873638153076
7544,7,7,0.9998134970664978
7545,8,8,0.9978935122489929
7546,6,6,0.9999375343322754
7547,6,6,0.9999860525131226
7548,6,6,0.9998406171798706
7549,6,6,0.9997356534004211
7550,4,4,0.9999217987060547
7551,3,3,0.999804675579071
7552,8,8,0.9394688010215759
7553,8,8,0.9911743402481079
7554,3,3,0.999913215637207
7555,0,0,0.9992194175720215
7556,1,1,0.9775645136833191
7557,9,9,0.9994669556617737
7558,0,0,0.9840697646141052
7559,5,5,0.9999995231628418
7560,4,4,0.9982457160949707
7561,1,1,0.9996234178543091
7562,9,9,0.9985361099243164
7563,1,1,0.9995050430297852
7564,2,2,0.9997709393501282
7565,7,7,0.995141863822937
7566,0,0,0.9992731213569641
7567,1,1,0.9995326995849609
7568,3,3,0.9998342990875244
7569,8,8,0.9899616241455078
7570,2,2,0.9999645948410034
7571,9,9,0.9995322227478027
7572,2,2,0.99835205078125
7573,7,7,0.9863923192024231
7574,4,4,0.9172962307929993
7575,2,2,0.9993300437927246
7576,6,6,0.999992847442627
7577,5,5,0.9999967813491821
7578,5,5,0.9997852444648743
7579,9,9,0.9971051812171936
7580,9,9,0.9798853993415833
7581,1,1,0.9995750784873962
7582,1,1,0.9992038607597351
7583,5,5,0.9996206760406494
7584,7,7,0.9995104074478149
7585,6,6,0.9999798536300659
7586,8,8,0.9974035620689392
7587,2,2,0.9930285811424255
7588,9,9,0.9981491565704346
7589,4,4,0.999987006187439
7590,3,3,0.9999991655349731
7591,1,1,0.9998971223831177
7592,9,9,0.9973522424697876
7593,0,0,0.9930902123451233
7594,9,9,0.993908166885376
7595,3,3,0.999574601650238
7596,6,6,0.9999909400939941
7597,8,8,0.9970212578773499
7598,7,7,0.9999958276748657
7599,0,0,0.9959361553192139
7600,1,1,0.9997783303260803
7601,0,0,0.999419093132019
7602,5,5,0.9999786615371704
7603,8,8,0.9952087998390198
7604,2,2,0.997488260269165
7605,7,7,0.9984521865844727
7606,7,7,0.9779542684555054
7607,0,0,0.9999688863754272
7608,1,1,0.9994698166847229
7609,2,2,0.9998660087585449
7610,3,3,0.9999152421951294
7611,4,4,0.9999970197677612
7612,5,5,0.9999877214431763
7613,6,6,0.9999958276748657
7614,7,7,0.999998927116394
7615,8,8,0.9999855756759644
7616,9,9,0.9988774657249451
7617,0,0,0.9999963045120239
7618,1,1,0.9998406171798706
7619,2,2,0.9643999338150024
7620,3,3,0.9998899698257446
7621,4,4,0.9999990463256836
7622,5,5,0.9999599456787109
7623,8,8,0.999998927116394
7624,9,9,0.9999279975891113
7625,0,0,0.9999170303344727
7626,1,1,0.9986022114753723
7627,2,2,0.9981010556221008
7628,3,3,0.9999908208847046
7629,4,4,0.9999985694885254
7630,5,5,0.9999947547912598
7631,6,6,0.9998561143875122
7632,7,7,0.9999985694885254
7633,8,8,0.9999953508377075
7634,9,9,0.9893235564231873
7635,2,2,0.9999954700469971
7636,1,1,0.9979598522186279
7637,2,2,0.9935042262077332
7638,1,1,0.9996417760848999
7639,3,3,0.9999996423721313
7640,9,9,0.9970692992210388
7641,9,9,0.9952980875968933
7642,8,8,0.9999299049377441
7643,5,5,0.9999345541000366
7644,3,3,0.9999942779541016
7645,7,7,0.9999827146530151
7646,0,0,0.9998125433921814
7647,7,7,0.9999967813491821
7648,7,7,0.9999799728393555
7649,5,5,0.9998332262039185
7650,7,7,0.9998801946640015
7651,9,9,0.9824395179748535
7652,9,9,0.9976096153259277
7653,4,4,0.9999971389770508
7654,7,7,0.9999892711639404
7655,0,0,0.9999748468399048
7656,3,3,0.9997630715370178
7657,4,4,0.9997527003288269
7658,1,1,0.998583197593689
7659,5,5,0.9999974966049194
7660,8,8,0.9999783039093018
7661,1,1,0.9995154142379761
7662,4,4,0.9997157454490662
7663,8,8,0.9999719858169556
7664,4,4,0.9999985694885254
7665,1,1,0.9995716214179993
7666,8,8,0.9999955892562866
7667,6,6,0.9999947547912598
7668,6,6,0.9999971389770508
7669,4,4,0.9999723434448242
7670,6,6,0.9999880790710449
7671,0,0,0.999417781829834
7672,5,5,0.9997087121009827
7673,5,5,0.9996665716171265
7674,3,3,0.9999963045120239
7675,3,3,0.9991094470024109
7676,5,5,0.999744713306427
7677,7,7,0.999990701675415
7678,2,2,0.9999719858169556
7679,5,5,0.9993909597396851
7680,9,9,0.9979615211486816
7681,6,6,0.9999995231628418
7682,9,9,0.997829020023346
7683,2,2,0.9962897300720215
7684,6,6,0.9999998807907104
7685,2,2,0.9999955892562866
7686,1,1,0.9997021555900574
7687,2,2,0.9993641972541809
7688,0,0,0.9999685287475586
7689,8,8,0.7937793135643005
7690,3,3,0.999809205532074
7691,8,8,0.9997755885124207
7692,3,3,0.9999363422393799
7693,0,0,0.9998486042022705
7694,8,8,0.9990584254264832
7695,7,7,0.9999977350234985
7696,4,4,0.9999942779541016
7697,9,9,0.9379392862319946
7698,5,5,0.9877836108207703
7699,0,0,0.9999850988388062
7700,9,9,0.9994799494743347
7701,7,7,0.9999338388442993
7702,0,0,0.9998399019241333
7703,0,0,0.9999648332595825
7704,4,4,0.9993839263916016
7705,6,6,0.9999986886978149
7706,0,0,0.9999607801437378
7707,9,9,0.9990296363830566
7708,1,1,0.9997926354408264
7709,6,6,0.9999994039535522
7710,2,2,0.9998834133148193
7711,7,7,0.9995423555374146
7712,6,6,0.9999878406524658
7713,8,8,0.9992213249206543
7714,3,3,0.9999983310699463
7715,5,5,0.9999892711639404
7716,2,2,0.999993085861206
7717,1,1,0.9990792274475098
7718,8,8,0.9990532994270325
7719,3,3,0.9999990463256836
7720,8,8,0.9720194935798645
7721,6,6,0.9999971389770508
7722,1,1,0.9996448755264282
7723,0,0,0.9999985694885254
7724,2,2,0.9988742470741272
7725,1,1,0.9995918869972229
7726,4,4,0.9979175925254822
7727,0,0,0.9998921155929565
7728,1,1,0.9957309365272522
7729,2,2,0.9986194372177124
7730,3,3,0.9999452829360962
7731,4,4,0.9997801184654236
7732,5,5,0.9945629239082336
7733,6,6,0.9998120665550232
7734,7,7,0.9987958669662476
7735,8,8,0.9695904850959778
7736,9,9,0.9365507364273071
7737,0,0,0.9997854828834534
7738,1,1,0.9969902038574219
7739,2,2,0.9985892176628113
7740,3,3,0.9999439716339111
7741,4,4,0.9996002316474915
7742,5,5,0.9999823570251465
7743,6,6,0.9998648166656494
7744,7,7,0.9985962510108948
7745,8,8,0.9999817609786987
7746,9,9,0.9859505295753479
7747,0,0,0.99905925989151
7748,1,1,0.9985464215278625
7749,2,2,0.9994408488273621
7750,3,3,0.9999899864196777
7751,4,4,0.9999964237213135
7752,5,5,0.9999974966049194
7753,6,6,0.9999886751174927
7754,7,7,0.9998570680618286
7755,8,8,0.9997754693031311
7756,9,9,0.9717714190483093
7757,7,7,0.9973500967025757
7758,6,6,0.9999948740005493
7759,4,4,0.9999873638153076
7760,7,7,0.9999130964279175
7761,6,6,0.9999995231628418
7762,2,2,0.9998612403869629
7763,3,3,0.999678373336792
7764,4,4,0.9990968704223633
7765,8,8,0.9994482398033142
7766,7,7,0.9999579191207886
7767,8,8,0.9999961853027344
7768,6,6,0.9999048709869385
7769,9,9,0.9973734617233276
7770,8,8,0.9997983574867249
7771,3,3,0.9999938011169434
7772,2,2,0.9995812773704529
7773,2,2,0.9963703155517578
7774,8,8,0.9969615340232849
7775,4,4,0.999975323677063
7776,8,8,0.9999699592590332
7777,5,5,0.9997369647026062
7778,6,6,0.9999788999557495
7779,5,5,0.9999603033065796
7780,0,0,0.9995806813240051
7781,2,2,0.9969370365142822
7782,0,0,0.9978697299957275
7783,1,1,0.9836176633834839
7784,1,1,0.9992551207542419
7785,2,2,0.9998763799667358
7786,9,9,0.9889553189277649
7787,6,6,0.9999980926513672
7788,8,8,0.9942926168441772
7789,2,2,0.9984431862831116
7790,1,1,0.9838571548461914
7791,0,0,0.9995788931846619
7792,6,6,0.9999997615814209
7793,5,5,0.9999924898147583
7794,2,2,0.9998785257339478
7795,9,9,0.999180018901825
7796,7,7,0.9999431371688843
7797,5,5,0.9995231628417969
7798,3,3,0.9998633861541748
7799,9,9,0.9939122200012207
7800,3,3,0.9957882761955261
7801,7,7,0.9998100399971008
7802,1,1,0.9930227994918823
7803,8,8,0.9987848401069641
7804,3,3,0.9990135431289673
7805,8,8,0.9999719858169556
7806,1,1,0.9958332180976868
7807,9,9,0.9991536140441895
7808,5,5,0.9999152421951294
7809,5,5,0.9999904632568359
7810,0,0,0.9996166229248047
7811,1,1,0.9967129230499268
7812,1,1,0.9003279209136963
7813,9,9,0.9875669479370117
7814,8,8,0.999798595905304
7815,2,2,0.9995152950286865
7816,6,6,0.9999954700469971
7817,0,0,0.9996358156204224
7818,4,4,0.9999419450759888
7819,5,5,0.9999935626983643
7820,0,0,0.9988391995429993
7821,3,3,0.9851320385932922
7822,1,1,0.9710026979446411
7823,8,8,0.9860472679138184
7824,6,6,0.9999802112579346
7825,7,7,0.998379111289978
7826,5,5,0.9999412298202515
7827,9,9,0.9999642372131348
7828,9,9,0.9994248151779175
7829,3,3,0.9999827146530151
7830,0,0,0.9930868744850159
7831,3,3,0.9999228715896606
7832,1,1,0.9995303153991699
7833,4,4,0.9999966621398926
7834,4,4,0.9998302459716797
7835,0,0,0.9997730851173401
7836,4,4,0.9999967813491821
7837,9,9,0.9969455599784851
7838,0,0,0.9923819899559021
7839,1,1,0.9585199356079102
7840,2,2,0.9954849481582642
7841,3,3,0.9900522828102112
7842,5,5,0.9941249489784241
7843,6,6,0.9998131394386292
7844,7,7,0.9998216032981873
7845,8,8,0.9849405884742737
7846,0,0,0.9960557222366333
7847,1,1,0.8720033168792725
7848,2,2,0.9978803396224976
7849,3,3,0.9930323362350464
7850,5,5,0.9981755018234253
7851,6,6,0.9981119632720947
7852,7,7,0.9996479749679565
7853,8,8,0.9673634171485901
7854,9,9,0.9966993927955627
7855,0,0,0.996401309967041
7856,1,1,0.7966612577438354
7857,2,2,0.9977066516876221
7858,3,3,0.9894354343414307
7859,5,5,0.9999476671218872
7860,6,6,0.9991439580917358
7861,7,7,0.9973562955856323
7862,8,8,0.9552158117294312
7863,9,9,0.9856954216957092
7864,9,9,0.9993583559989929
7865,7,7,0.9998698234558105
7866,0,0,0.997347354888916
7867,9,9,0.9991614818572998
7868,0,0,0.9984059929847717
7869,1,1,0.9900177121162415
7870,5,5,0.9995425939559937
7871,8,8,0.998484194278717
7872,8,8,0.9967455863952637
7873,0,0,0.9838237762451172
7874,9,9,0.9983409643173218
7875,3,3,0.9992976188659668
7876,2,2,0.9978840947151184
7877,7,7,0.9990407824516296
7878,8,8,0.9986523985862732
7879,4,4,0.9999890327453613
7880,6,6,0.9990522265434265
7881,1,1,0.9994932413101196
7882,0,0,0.9986498951911926
7883,4,4,0.999975323677063
7884,9,9,0.9998177886009216
7885,4,4,0.999908447265625
7886,2,2,0.9997498393058777
7887,0,0,0.969491183757782
7888,5,5,0.9997521042823792
7889,0,0,0.9915803074836731
7890,1,1,0.9995719790458679
7891,6,6,0.9986274242401123
7892,9,9,0.996764063835144
7893,3,3,0.9991769194602966
7894,2,2,0.9994246959686279
7895,9,9,0.9983951449394226
7896,1,1,0.9952581524848938
7897,6,6,0.9992614388465881
7898,0,0,0.8752592206001282
7899,1,1,0.8590570688247681
7900,1,1,0.9210001826286316
7901,8,8,0.99611496925354
7902,7,9,0.46735629439353943
7903,7,7,0.9837542176246643
7904,6,6,0.9976252913475037
7905,3,3,0.956617534160614
7906,6,6,0.9993458390235901
7907,0,0,0.9736111164093018
7908,7,7,0.9995007514953613
7909,2,2,0.9976935982704163
7910,4,4,0.9999619722366333
7911,1,1,0.9220381379127502
7912,7,7,0.9805266857147217
7913,0,0,0.9922720193862915
7914,6,6,0.9973236322402954
7915,7,7,0.8449146151542664
7916,1,1,0.9661426544189453
7917,2,2,0.999945878982544
7918,5,5,0.9998210072517395
7919,8,8,0.9972142577171326
7920,1,1,0.9632574915885925
7921,8,8,0.8894356489181519
7922,2,2,0.99969482421875
7923,8,8,0.992537796497345
7924,7,7,0.9845716953277588
7925,6,6,0.9954067468643188
7926,8,8,0.9983281493186951
7927,7,7,0.9337600469589233
7928,1,1,0.5365888476371765
7929,6,6,0.9997132420539856
7930,2,2,0.9987311959266663
7931,9,9,0.9998354911804199
7932,3,3,0.9999858140945435
7933,0,0,0.9999287128448486
7934,1,1,0.9992996454238892
7935,2,2,0.999808132648468
7936,3,3,0.999919056892395
7937,4,4,0.9999442100524902
7938,5,5,0.999987006187439
7939,6,6,0.9999979734420776
7940,7,7,0.9997099041938782
7941,8,8,0.9975453019142151
7942,9,9,0.9968776702880859
7943,0,0,0.9945467710494995
7944,1,1,0.9986376166343689
7945,2,2,0.9999582767486572
7946,3,3,0.9950980544090271
7947,4,4,0.999940037727356
7948,5,5,0.9999792575836182
7949,6,6,0.9999784231185913
7950,7,7,0.999705970287323
7951,8,8,0.9808238744735718
7952,9,9,0.9957089424133301
7953,0,0,0.9999841451644897
7954,1,1,0.9986987113952637
7955,2,2,0.9999966621398926
7956,3,3,0.9999873638153076
7957,4,4,0.9999037981033325
7958,5,5,0.9999990463256836
7959,6,6,0.9999992847442627
7960,7,7,0.9993847608566284
7961,8,8,0.9976189732551575
7962,9,9,0.9989509582519531
7963,8,8,0.9984797835350037
7964,9,9,0.9942587614059448
7965,5,5,1.0
7966,7,7,0.9986867308616638
7967,0,0,0.9990907907485962
7968,3,3,0.9999927282333374
7969,1,1,0.9997106194496155
7970,6,6,0.9999980926513672
7971,8,8,0.9924680590629578
7972,4,4,0.9998049139976501
7973,1,1,0.9989401698112488
7974,5,5,0.9999979734420776
7975,6,6,0.9999904632568359
7976,4,4,0.9999874830245972
7977,2,2,0.9999419450759888
7978,7,7,0.9819627404212952
7979,8,8,0.999686598777771
7980,1,1,0.9999237060546875
7981,3,3,0.9999958276748657
7982,4,4,0.9994359612464905
7983,3,3,0.9999181032180786
7984,4,4,0.9999645948410034
7985,7,7,0.949574887752533
7986,2,2,0.8676343560218811
7987,0,0,0.9903662204742432
7988,5,5,0.9999954700469971
7989,0,0,0.9786151647567749
7990,1,1,0.9546861052513123
7991,9,9,0.8684747219085693
7992,2,2,0.9999896287918091
7993,3,3,0.9999995231628418
7994,2,2,0.9999880790710449
7995,3,3,0.9999998807907104
7996,5,5,0.9995311498641968
7997,5,5,0.9999842643737793
7998,7,7,0.999977707862854
7999,8,8,0.9725385308265686
8000,4,4,0.9988725781440735
8001,9,9,0.9999711513519287
8002,9,9,0.9919956922531128
8003,7,7,0.9995734095573425
8004,1,1,0.9965883493423462
8005,1,1,0.9998974800109863
8006,9,9,0.995503842830658
8007,0,0,0.9982985854148865
8008,7,7,0.9944983124732971
8009,8,8,0.9981107711791992
8010,3,3,0.9998807907104492
8011,4,4,0.9993075132369995
8012,8,8,0.997556209564209
8013,6,6,0.9999991655349731
8014,3,3,0.9999874830245972
8015,8,8,0.9997739195823669
8016,0,0,0.9259189367294312
8017,9,9,0.9997205138206482
8018,6,6,0.9999955892562866
8019,2,2,0.9992843270301819
8020,1,1,0.9971653819084167
8021,0,0,0.9988746047019958
8022,1,1,0.9982439279556274
8023,0,0,0.9968428611755371
8024,6,6,0.9999938011169434
8025,2,2,0.9999971389770508
8026,3,3,0.9999972581863403
8027,8,8,0.9999284744262695
8028,9,9,0.9993724226951599
8029,0,0,0.9962500929832458
8030,7,7,0.9845876693725586
8031,2,2,0.999240517616272
8032,3,3,0.9999802112579346
8033,4,4,0.999948263168335
8034,5,5,0.999923825263977
8035,5,5,0.9999022483825684
8036,2,2,0.9999947547912598
8037,8,8,0.9969933032989502
8038,5,5,0.9999904632568359
8039,4,4,0.9997240900993347
8040,6,6,0.9999947547912598
8041,6,6,0.9999847412109375
8042,6,6,0.9999899864196777
8043,7,7,0.9980422258377075
8044,9,9,0.9946343898773193
8045,1,1,0.9983017444610596
8046,8,8,0.9997963309288025
8047,2,2,0.9998792409896851
8048,1,1,0.9999169111251831
8049,5,5,0.9999872446060181
8050,3,3,0.9985812902450562
8051,4,4,0.9999834299087524
8052,7,7,0.999700665473938
8053,9,9,0.9981817007064819
8054,4,4,0.9999990463256836
8055,0,0,0.9858908653259277
8056,0,0,0.9999568462371826
8057,0,0,0.9999276399612427
8058,1,1,0.9989584684371948
8059,2,1,0.7900249361991882
8060,3,3,0.9999573230743408
8061,4,4,0.8716389536857605
8062,5,5,0.9988069534301758
8063,6,6,0.9870232343673706
8064,7,7,0.9941120743751526
8065,8,8,0.6503235697746277
8066,9,9,0.9962987303733826
8067,0,0,0.9996875524520874
8068,1,1,0.9996351003646851
8069,2,2,0.8740837574005127
8070,3,3,0.9999973773956299
8071,4,4,0.8828385472297668
8072,5,5,0.9999587535858154
8073,6,6,0.9997798800468445
8074,7,7,0.9984000325202942
8075,8,8,0.903575599193573
8076,9,9,0.9968444108963013
8077,0,0,0.9957186579704285
8078,1,1,0.9992642998695374
8079,2,2,0.9746427536010742
8080,3,3,0.9999568462371826
8081,4,4,0.9396898150444031
8082,5,5,0.9997920393943787
8083,6,6,0.9999406337738037
8084,9,9,0.9976716637611389
8085,0,0,0.9991191029548645
8086,1,1,0.9998072981834412
8087,3,3,0.9998863935470581
8088,1,1,0.9997274279594421
8089,5,5,0.9999985694885254
8090,1,1,0.9997738003730774
8091,2,2,0.9904452562332153
8092,4,4,0.9805681109428406
8093,9,9,0.979009747505188
8094,2,2,0.388496458530426
8095,4,4,0.9360954761505127
8096,6,6,0.9974144697189331
8097,8,8,0.9897899031639099
8098,0,0,0.9993295669555664
8099,1,1,0.9994476437568665
8100,1,1,0.9998536109924316
8101,9,9,0.9964467883110046
8102,2,2,0.971763551235199
8103,6,6,0.9980364441871643
8104,6,6,0.9881515502929688
8105,8,8,0.8773860931396484
8106,7,7,0.9764906167984009
8107,4,4,0.9451758861541748
8108,2,2,0.9994102716445923
8109,9,9,0.9906798005104065
8110,7,7,0.9795825481414795
8111,0,0,0.9990403056144714
8112,2,2,0.9885308146476746
8113,1,1,0.9998040795326233
8114,0,0,0.9983329176902771
8115,3,3,0.9663786292076111
8116,6,6,0.9999165534973145
8117,0,0,0.9999955892562866
8118,1,1,0.9998670816421509
8119,2,2,0.9990150928497314
8120,3,3,0.9999395608901978
8121,4,4,0.9999969005584717
8122,5,5,0.9999963045120239
8123,6,6,0.9998770952224731
8124,7,7,0.9994240999221802
8125,8,8,0.9999880790710449
8126,9,9,0.9998550415039062
8127,0,0,0.999937891960144
8128,1,1,0.9517948627471924
8129,2,2,0.9999672174453735
8130,3,3,0.9999924898147583
8131,4,4,0.999988317489624
8132,5,5,0.999966025352478
8133,6,6,0.9999939203262329
8134,7,7,0.9999046325683594
8135,8,8,0.9995226860046387
8136,9,9,0.9962148070335388
8137,0,0,0.9999619722366333
8138,1,1,0.9974932670593262
8139,2,2,0.9998334646224976
8140,3,3,0.9999898672103882
8141,4,4,0.9999792575836182
8142,5,5,0.9996823072433472
8143,6,6,0.9982848763465881
8144,7,7,0.9869879484176636
8145,8,8,0.9999948740005493
8146,9,9,0.995430588722229
8147,8,8,0.9999536275863647
8148,6,6,0.9999984502792358
8149,5,5,0.999923825263977
8150,9,9,0.9996010661125183
8151,7,7,0.9868797063827515
8152,0,0,0.9999706745147705
8153,2,2,0.9998877048492432
8154,3,3,0.9999951124191284
8155,4,4,0.9999980926513672
8156,3,3,0.9994983673095703
8157,8,8,0.9997795224189758
8158,5,5,0.999970555305481
8159,1,1,0.9993181228637695
8160,5,5,0.9890692830085754
8161,2,2,0.9999810457229614
8162,3,3,0.9999978542327881
8163,0,0,0.9997324347496033
8164,1,1,0.9983920454978943
8165,2,2,0.9907963275909424
8166,1,1,0.9994029998779297
8167,3,3,0.9999856948852539
8168,2,2,0.9998224377632141
8169,6,6,0.9999992847442627
8170,5,5,0.9996966123580933
8171,3,3,0.9986870884895325
8172,0,0,0.9992133378982544
8173,7,7,0.9999674558639526
8174,2,2,0.9997249245643616
8175,7,7,0.9998519420623779
8176,4,4,0.9999990463256836
8177,6,6,0.9999970197677612
8178,4,4,0.9999979734420776
8179,0,0,0.9999818801879883
8180,5,5,0.9999521970748901
8181,9,9,0.752535879611969
8182,9,9,0.9475311636924744
8183,8,8,0.9948689937591553
8184,9,9,0.8173097372055054
8185,5,5,0.9998763799667358
8186,3,3,0.9999972581863403
8187,1,1,0.9993176460266113
8188,7,7,0.9998195767402649
8189,4,4,0.9999979734420776
8190,7,7,0.9998071789741516
8191,6,6,0.99998939037323
8192,5,5,0.9999891519546509
8193,4,4,0.99998939037323
8194,0,0,0.89695143699646
8195,0,0,0.9999855756759644
8196,6,6,0.9999223947525024
8197,6,6,0.9941961765289307
8198,2,2,0.9984259605407715
8199,0,0,0.9980771541595459
8200,6,6,0.9999256134033203
8201,3,3,0.9999829530715942
8202,7,7,0.9994522929191589
8203,7,7,0.9999226331710815
8204,4,4,0.9999823570251465
8205,4,4,0.9999912977218628
8206,3,3,0.9999991655349731
8207,9,9,0.999455988407135
8208,2,2,0.9982039928436279
8209,8,8,0.9999357461929321
8210,9,9,0.9996575117111206
8211,6,6,0.9999997615814209
8212,0,0,0.9997453093528748
8213,9,9,0.999818742275238
8214,5,5,0.9999539852142334
8215,3,3,0.9999799728393555
8216,8,8,0.9996054768562317
8217,8,8,0.9864041805267334
8218,7,7,0.9996907711029053
8219,1,1,0.9989010095596313
8220,4,4,0.9999971389770508
8221,0,0,0.9999431371688843
8222,4,4,0.9999996423721313
8223,8,8,0.9999876022338867
8224,5,5,0.9999991655349731
8225,2,2,0.9997562766075134
8226,3,3,0.9999057054519653
8227,9,9,0.9945830702781677
8228,0,0,0.9107311367988586
8229,1,1,0.9988588094711304
8230,9,9,0.9990530610084534
8231,1,1,0.9980669617652893
8232,5,5,0.9999393224716187
8233,1,1,0.9995675683021545
8234,7,7,0.9981016516685486
8235,4,4,0.9999926090240479
8236,8,8,0.999550998210907
8237,6,6,0.9999560117721558
8238,2,2,0.9999616146087646
8239,1,1,0.9992030262947083
8240,6,6,0.9996944665908813
8241,8,8,0.9995015859603882
8242,8,8,0.9996482133865356
8243,0,0,0.9911700487136841
8244,1,1,0.9896838665008545
8245,2,2,0.987995445728302
8246,3,3,0.7944602966308594
8247,4,4,0.9999908208847046
8248,7,7,0.9999130964279175
8249,8,8,0.999970555305481
8250,9,9,0.9998939037322998
8251,0,0,0.9983922839164734
8252,1,1,0.9993100166320801
8253,2,2,0.9880917072296143
8254,3,3,0.9977027773857117
8255,4,4,0.9968063831329346
8256,6,6,0.995928943157196
8257,7,7,0.9988736510276794
8258,8,8,0.9905052781105042
8259,9,9,0.8366956114768982
8260,0,0,0.9988340735435486
8261,1,1,0.9987756609916687
8262,2,2,0.9980429410934448
8263,3,3,0.9997296929359436
8264,4,4,0.9999866485595703
8265,7,7,0.9955915212631226
8266,8,8,0.9999951124191284
8267,9,9,0.9868104457855225
8268,1,1,0.9992389678955078
8269,4,4,0.9999945163726807
8270,5,5,0.972069501876831
8271,3,3,0.999596893787384
8272,3,3,0.999954104423523
8273,0,0,0.9391405582427979
8274,9,9,0.9913130402565002
8275,5,5,0.9897929430007935
8276,4,4,0.9999539852142334
8277,3,3,0.9978190660476685
8278,0,0,0.5218221545219421
8279,8,8,0.9974289536476135
8280,4,4,0.9999927282333374
8281,6,6,0.9939901828765869
8282,7,7,0.9880799651145935
8283,0,0,0.9799050092697144
8284,7,7,0.9997392296791077
8285,7,7,0.999504566192627
8286,1,1,0.9984326958656311
8287,6,6,0.9956743121147156
8288,9,9,0.9868863224983215
8289,1,1,0.9996905326843262
8290,3,3,0.9985175728797913
8291,6,6,0.9999856948852539
8292,2,2,0.9995715022087097
8293,3,3,0.9999103546142578
8294,8,8,0.9999542236328125
8295,2,2,0.9971304535865784
8296,3,3,0.9984838366508484
8297,8,8,0.9998495578765869
8298,9,9,0.998113751411438
8299,5,5,0.9456713795661926
8300,8,8,0.9999939203262329
8301,8,8,0.9999951124191284
8302,7,7,0.9999676942825317
8303,1,1,0.9991425275802612
8304,7,7,0.9992901086807251
8305,1,1,0.9973375201225281
8306,1,1,0.9968660473823547
8307,0,0,0.9998403787612915
8308,3,3,0.9997733235359192
8309,4,4,0.999982476234436
8310,2,2,0.9933358430862427
8311,6,6,0.99471515417099
8312,4,4,0.9997926354408264
8313,7,7,0.9963435530662537
8314,4,4,0.9999953508377075
8315,2,2,0.993101954460144
8316,7,7,0.515293300151825
8317,4,4,0.9999305009841919
8318,2,2,0.9983764886856079
8319,9,9,0.998769223690033
8320,2,2,0.9630547165870667
8321,7,7,0.9992850422859192
8322,9,9,0.9908984303474426
8323,2,2,0.9946021437644958
8324,1,1,0.998528242111206
8325,0,6,0.4488554894924164
8326,6,6,0.9200553894042969
8327,5,5,0.9994145631790161
8328,3,3,0.9999995231628418
8329,4,4,0.9999784231185913
8330,8,8,0.9983416795730591
8331,5,5,0.9998371601104736
8332,9,9,0.9673694372177124
8333,6,6,0.9999862909317017
8334,9,9,0.9950183629989624
8335,0,0,0.9977127313613892
8336,6,6,0.999982476234436
8337,3,3,0.9999765157699585
8338,0,0,0.9998177886009216
8339,8,8,0.9883278012275696
8340,1,1,0.9996602535247803
8341,6,6,0.9999986886978149
8342,0,0,0.9929417371749878
8343,0,0,0.999229907989502
8344,1,1,0.9997778534889221
8345,2,2,0.9999788999557495
8346,3,3,0.99989914894104
8347,4,4,0.9999552965164185
8348,5,5,0.999972939491272
8349,6,6,0.9991756081581116
8350,7,7,0.9999949932098389
8351,0,0,0.9992374181747437
8352,1,1,0.9993459582328796
8353,2,2,0.9998871088027954
8354,3,3,0.9992952346801758
8355,4,4,0.9999904632568359
8356,7,7,0.9999978542327881
8357,8,8,0.9997866749763489
8358,9,9,0.8240240216255188
8359,0,0,0.9973236322402954
8360,1,1,0.992000937461853
8361,2,2,0.9998809099197388
8362,3,3,0.9999629259109497
8363,4,4,0.9999483823776245
8364,7,7,0.9996281862258911
8365,2,2,0.9999997615814209
8366,5,5,0.9999887943267822
8367,1,1,0.9978165626525879
8368,6,6,0.9999620914459229
8369,4,4,0.9998169541358948
8370,3,3,0.9999991655349731
8371,9,9,0.9991995692253113
8372,9,9,0.9771464467048645
8373,0,0,0.9981777667999268
8374,9,9,0.9594070315361023
8375,7,7,0.9806897044181824
8376,1,1,0.8933470249176025
8377,6,6,0.9978678226470947
8378,4,4,0.9984081387519836
8379,3,3,0.9978926777839661
8380,6,6,0.9999390840530396
8381,2,2,0.997533917427063
8382,0,2,0.38988447189331055
8383,9,9,0.9941296577453613
8384,8,8,0.999996542930603
8385,6,6,0.9997145533561707
8386,5,5,0.9999557733535767
8387,7,7,0.9995110034942627
8388,0,0,0.9955587387084961
8389,0,0,0.9969881176948547
8390,1,1,0.9993914365768433
8391,7,7,0.9990818500518799
8392,4,4,0.9999043941497803
8393,3,3,0.9993645548820496
8394,2,2,0.9998695850372314
8395,4,4,0.999991774559021
8396,1,1,0.9959988594055176
8397,3,3,0.9986180067062378
8398,7,7,0.9993439316749573
8399,6,6,0.999992847442627
8400,4,4,0.9999923706054688
8401,7,7,0.9998890161514282
8402,7,7,0.9999876022338867
8403,7,7,0.9999644756317139
8404,9,9,0.967843234539032
8405,8,8,0.9999749660491943
8406,4,4,0.9604758620262146
8407,3,3,0.9999806880950928
8408,8,5,0.9286940097808838
8409,2,2,0.9999750852584839
8410,8,8,0.965728223323822
8411,3,3,0.9994562268257141
8412,5,5,0.9999312162399292
8413,8,8,0.9975565671920776
8414,0,0,0.9953153133392334
8415,5,5,0.9999630451202393
8416,4,4,0.9996127486228943
8417,7,7,0.9999998807907104
8418,1,1,0.9998449087142944
8419,3,3,0.9995961785316467
8420,1,1,0.9999386072158813
8421,7,7,0.9998778104782104
8422,9,9,0.9990572333335876
8423,6,6,0.9993637204170227
8424,2,2,1.0
8425,0,0,0.9943023920059204
8426,9,9,0.9997150301933289
8427,1,1,0.9996291399002075
8428,7,7,0.9999995231628418
8429,3,3,0.9998592138290405
8430,3,3,0.9996834993362427
8431,9,9,0.9947492480278015
8432,1,1,0.9998563528060913
8433,6,6,0.9997666478157043
8434,4,4,0.9999997615814209
8435,3,3,0.9998599290847778
8436,9,9,0.9999334812164307
8437,8,8,0.9999804496765137
8438,2,2,0.9999994039535522
8439,1,1,0.9998513460159302
8440,8,8,0.999901294708252
8441,6,6,0.9999977350234985
8442,4,4,0.9996801614761353
8443,1,1,0.999828577041626
8444,5,5,0.999772846698761
8445,5,5,0.9999970197677612
8446,6,6,0.9999988079071045
8447,5,5,0.999997615814209
8448,0,0,0.9999810457229614
8449,1,1,0.9998583793640137
8450,2,2,0.9999995231628418
8451,3,3,0.9999974966049194
8452,4,4,0.9999097585678101
8453,5,5,0.9997923970222473
8454,6,6,0.9999998807907104
8455,7,7,0.9999836683273315
8456,8,8,0.992087185382843
8457,9,9,0.9999686479568481
8458,0,0,0.999686598777771
8459,1,1,0.9995418787002563
8460,2,2,0.9999983310699463
8461,3,3,0.9999934434890747
8462,4,4,0.9999837875366211
8463,5,5,0.9999842643737793
8464,6,6,0.9999967813491821
8465,7,7,0.9994416832923889
8466,8,8,0.9999574422836304
8467,9,9,0.9999758005142212
8468,0,0,0.9998944997787476
8469,1,1,0.9966049194335938
8470,2,2,0.9999877214431763
8471,3,3,0.9999865293502808
8472,4,4,0.9995887875556946
8473,5,5,0.9999450445175171
8474,6,6,0.9999651908874512
8475,7,7,0.9999806880950928
8476,8,8,0.999195396900177
8477,9,9,0.9999533891677856
8478,6,6,0.999945878982544
8479,9,9,0.9991330504417419
8480,7,7,0.9999933242797852
8481,0,0,0.999963641166687
8482,2,2,0.9993869066238403
8483,3,3,0.9995915293693542
8484,4,4,0.9999347925186157
8485,3,3,0.9990923404693604
8486,8,8,0.9376579523086548
8487,5,5,0.9999911785125732
8488,1,1,0.9998262524604797
8489,3,3,0.9999692440032959
8490,0,0,0.9916563034057617
8491,1,1,0.99676114320755
8492,2,2,0.9998102784156799
8493,1,1,0.998779833316803
8494,3,3,0.999984622001648
8495,2,2,0.9879173636436462
8496,0,0,0.9990999698638916
8497,7,7,0.997849702835083
8498,2,2,0.9927783608436584
8499,6,6,0.99994957447052
8500,4,4,0.9999985694885254
8501,0,0,0.9986563920974731
8502,5,5,0.9588598012924194
8503,9,9,0.994204580783844
8504,9,9,0.9210204482078552
8505,8,8,0.9997010827064514
8506,9,9,0.9990383386611938
8507,5,5,0.9998730421066284
8508,3,3,0.9397656917572021
8509,1,1,0.997557520866394
8510,7,7,0.9921425580978394
8511,4,4,0.9997208714485168
8512,7,7,0.9996803998947144
8513,0,0,0.9828537702560425
8514,0,0,0.9989861845970154
8515,6,6,0.999943733215332
8516,6,6,0.999981164932251
8517,6,6,0.9999487400054932
8518,3,3,0.9999830722808838
8519,7,7,0.9948582649230957
8520,4,4,0.8923211097717285
8521,2,2,0.9993991851806641
8522,8,8,0.997495174407959
8523,9,9,0.9940998554229736
8524,8,8,0.9985858201980591
8525,7,7,0.9970813393592834
8526,1,1,0.9996535778045654
8527,4,4,0.5457905530929565
8528,0,0,0.9998912811279297
8529,4,4,0.999934196472168
8530,8,8,0.9973810315132141
8531,5,5,0.9999241828918457
8532,2,2,0.9999253749847412
8533,3,3,0.9999854564666748
8534,9,9,0.9992387294769287
8535,0,0,0.9999845027923584
8536,1,1,0.9993969202041626
8537,9,9,0.9996945858001709
8538,1,1,0.999234676361084
8539,5,5,0.9988850951194763
8540,1,1,0.9997302889823914
8541,7,7,0.997266411781311
8542,6,6,0.999259889125824
8543,1,1,0.9997748732566833
8544,2,2,0.9999310970306396
8545,1,1,0.999812662601471
8546,6,6,0.9998311996459961
8547,8,8,0.9999603033065796
8548,0,0,0.9999895095825195
8549,1,1,0.9997599720954895
8550,2,2,0.9999790191650391
8551,3,3,0.9999996423721313
8552,4,4,0.9999935626983643
8553,5,5,0.9996262788772583
8554,6,6,0.9999980926513672
8555,7,7,0.9999939203262329
8556,8,8,0.9998651742935181
8557,9,9,0.9996969699859619
8558,0,0,0.9994431138038635
8559,1,1,0.9998375177383423
8560,2,2,0.9999998807907104
8561,3,3,0.9987939596176147
8562,4,4,0.9999994039535522
8563,5,5,0.9999992847442627
8564,6,6,0.9998617172241211
8565,7,7,0.9988085031509399
8566,8,8,0.9999483823776245
8567,0,0,0.9999984502792358
8568,1,1,0.9998987913131714
8569,2,2,0.9999991655349731
8570,3,3,0.9999935626983643
8571,5,5,0.9999866485595703
8572,6,6,0.999998927116394
8573,7,7,0.9999994039535522
8574,8,8,0.9999442100524902
8575,1,1,0.9998540878295898
8576,0,0,0.9999451637268066
8577,4,4,0.9998492002487183
8578,5,5,0.9999849796295166
8579,6,6,0.9999921321868896
8580,6,6,0.9999690055847168
8581,3,3,0.9999898672103882
8582,4,4,0.9999886751174927
8583,4,4,0.9999663829803467
8584,2,2,0.9989755153656006
8585,8,8,0.9999626874923706
8586,1,1,0.9998979568481445
8587,0,0,0.9999597072601318
8588,6,6,0.9999982118606567
8589,4,4,0.9999953508377075
8590,9,9,0.9997387528419495
8591,7,7,0.9996676445007324
8592,2,2,0.9999983310699463
8593,9,9,0.9900424480438232
8594,2,2,0.9999796152114868
8595,0,0,0.9999762773513794
8596,9,9,0.9994520545005798
8597,3,3,0.9982196688652039
8598,3,3,0.9999222755432129
8599,9,9,0.9999899864196777
8600,1,1,0.999896764755249
8601,5,5,0.9999696016311646
8602,2,2,0.9999991655349731
8603,3,3,0.9997373223304749
8604,1,1,0.9993079900741577
8605,6,6,0.9999278783798218
8606,7,7,0.999665379524231
8607,3,3,0.8813151717185974
8608,7,7,0.9997027516365051
8609,8,8,0.9996740818023682
8610,4,4,0.9999771118164062
8611,0,0,0.9999786615371704
8612,2,2,0.9999945163726807
8613,4,4,0.99997878074646
8614,0,0,0.999758780002594
8615,2,2,0.9995298385620117
8616,4,4,0.9999929666519165
8617,7,7,0.9999176263809204
8618,8,8,0.9998342990875244
8619,0,0,0.9999977350234985
8620,7,7,0.9998761415481567
8621,0,0,0.9999009370803833
8622,6,6,0.9999946355819702
8623,9,9,0.9968403577804565
8624,3,3,0.9991913437843323
8625,2,2,0.9999958276748657
8626,4,4,0.9999954700469971
8627,8,8,0.9997683167457581
8628,6,6,0.9996351003646851
8629,0,0,0.9998564720153809
8630,5,5,0.9999969005584717
8631,7,7,0.9995906949043274
8632,5,5,0.9999791383743286
8633,1,1,0.9997405409812927
8634,0,0,0.9998713731765747
8635,8,8,0.9995405673980713
8636,1,1,0.9998695850372314
8637,6,6,0.9999799728393555
8638,7,7,0.9999227523803711
8639,2,2,0.9999375343322754
8640,9,9,0.9983646273612976
8641,7,7,0.9999866485595703
8642,9,9,0.9999192953109741
8643,5,5,0.999998927116394
8644,6,6,0.9999845027923584
8645,5,5,0.9997504353523254
8646,2,2,0.9999985694885254
8647,6,6,0.9998041987419128
8648,2,2,0.9999985694885254
8649,8,8,0.9998168349266052
8650,1,1,0.9983308911323547
8651,7,7,0.9999879598617554
8652,5,5,0.9999344348907471
8653,5,5,0.9715414047241211
8654,7,7,0.999625563621521
8655,3,3,0.9998636245727539
8656,5,5,0.9999229907989502
8657,0,0,0.9999985694885254
8658,1,1,0.9998421669006348
8659,1,1,0.9997633099555969
8660,3,3,0.9999890327453613
8661,8,8,0.997614860534668
8662,4,4,0.9999995231628418
8663,9,9,0.9997965693473816
8664,4,4,0.9999911785125732
8665,5,5,0.9999256134033203
8666,1,1,0.999812662601471
8667,8,8,0.9999220371246338
8668,6,6,0.999997615814209
8669,8,8,0.9999502897262573
8670,9,9,0.9998822212219238
8671,0,0,0.9999654293060303
8672,1,1,0.9997333884239197
8673,2,2,0.999211311340332
8674,3,3,0.9997939467430115
8675,4,4,0.9999985694885254
8676,5,5,0.9999954700469971
8677,6,6,0.999991774559021
8678,7,7,0.9997684359550476
8679,8,8,0.9991636276245117
8680,9,9,0.9949871301651001
8681,0,0,0.9995575547218323
8682,1,1,0.9997029900550842
8683,2,2,0.9998369216918945
8684,3,3,0.9997836947441101
8685,4,4,0.9999932050704956
8686,5,5,0.9996243715286255
8687,6,6,0.9999760389328003
8688,7,7,0.9999130964279175
8689,8,8,0.9999696016311646
8690,9,9,0.9995538592338562
8691,0,0,0.9999902248382568
8692,1,1,0.9998661279678345
8693,2,2,0.9998177886009216
8694,3,3,0.999997615814209
8695,4,4,0.9999982118606567
8696,5,5,0.9999912977218628
8697,6,6,0.9999996423721313
8698,7,7,0.99993896484375
8699,8,8,0.9998941421508789
8700,9,9,0.9888615012168884
8701,3,3,0.9999462366104126
8702,5,5,0.9996352195739746
8703,3,3,0.9999734163284302
8704,2,2,0.9999639987945557
8705,9,9,0.9997052550315857
8706,3,3,0.999941349029541
8707,2,2,0.999996542930603
8708,1,1,0.999945878982544
8709,4,4,0.9999971389770508
8710,5,5,0.9998360872268677
8711,5,5,0.9999439716339111
8712,2,2,0.9996132254600525
8713,3,3,0.9999598264694214
8714,2,2,0.9999167919158936
8715,1,1,0.9999315738677979
8716,3,3,0.9999504089355469
8717,9,9,0.9996428489685059
8718,7,7,0.9997262358665466
8719,2,2,0.9999492168426514
8720,1,1,0.999940037727356
8721,2,2,0.9997095465660095
8722,8,8,0.9997466206550598
8723,9,9,0.9987956285476685
8724,1,1,0.9997945427894592
8725,8,8,0.9941976070404053
8726,8,8,0.9915663599967957
8727,7,7,0.9995784163475037
8728,8,8,0.9500008225440979
8729,1,1,0.9996415376663208
8730,0,0,0.9998401403427124
8731,0,0,0.9999203681945801
8732,6,6,0.9999692440032959
8733,7,7,0.9999394416809082
8734,7,7,0.9999551773071289
8735,8,8,0.9835572242736816
8736,7,7,0.9936556816101074
8737,5,5,0.9999618530273438
8738,0,0,0.9731151461601257
8739,6,6,0.9999995231628418
8740,1,1,0.9999306201934814
8741,5,5,0.9998481273651123
8742,7,7,0.9955199956893921
8743,4,4,0.9999948740005493
8744,6,6,0.9999200105667114
8745,1,1,0.9997517466545105
8746,2,2,0.9999514818191528
8747,5,5,0.9999786615371704
8748,0,0,0.9992338418960571
8749,7,7,0.9999479055404663
8750,9,9,0.9987823367118835
8751,9,9,0.9999020099639893
8752,0,0,0.9956486821174622
8753,3,3,0.9999878406524658
8754,4,4,0.9999980926513672
8755,4,4,0.9999951124191284
8756,8,8,0.8634146451950073
8757,4,4,0.9999282360076904
8758,1,1,0.9998931884765625
8759,8,8,0.9386081099510193
8760,6,6,0.9999961853027344
8761,5,5,0.9999706745147705
8762,9,9,0.9994927644729614
8763,0,0,0.9995813965797424
8764,0,0,0.999687910079956
8765,0,0,0.9999403953552246
8766,3,3,0.9999791383743286
8767,7,7,0.9999662637710571
8768,1,1,0.9997959733009338
8769,6,6,0.9999316930770874
8770,4,4,0.9999929666519165
8771,6,6,0.9999966621398926
8772,0,0,0.9997172951698303
8773,4,4,0.9998849630355835
8774,5,5,0.9999895095825195
8775,4,4,0.9999886751174927
8776,1,1,0.9998353719711304
8777,3,3,0.999984622001648
8778,8,8,0.9859988689422607
8779,6,6,0.9999966621398926
8780,3,3,0.9999971389770508
8781,9,9,0.999723494052887
8782,9,9,0.9986661672592163
8783,5,5,0.9999563694000244
8784,9,9,0.9992902278900146
8785,3,3,0.9998347759246826
8786,7,7,0.9999867677688599
8787,8,8,0.8507128357887268
8788,5,5,0.9999072551727295
8789,6,6,0.9999991655349731
8790,4,4,0.9999929666519165
8791,7,7,0.9999581575393677
8792,6,6,0.9999828338623047
8793,2,2,0.9999560117721558
8794,2,2,0.9999804496765137
8795,0,0,0.9979935884475708
8796,9,9,0.9999353885650635
8797,4,4,0.9999918937683105
8798,0,0,0.9999939203262329
8799,1,1,0.9997944235801697
8800,2,2,0.9999995231628418
8801,3,3,0.999997615814209
8802,4,4,0.9999997615814209
8803,5,5,0.9999862909317017
8804,6,6,0.9995917677879333
8805,7,7,0.9993256330490112
8806,8,8,0.9980908036231995
8807,9,9,0.9993428587913513
8808,0,0,0.9999539852142334
8809,1,1,0.9996809959411621
8810,2,2,0.9999206066131592
8811,3,3,0.9999996423721313
8812,4,4,0.999940037727356
8813,5,5,0.9999998807907104
8814,6,6,0.9999039173126221
8815,7,7,0.9999607801437378
8816,8,8,0.9990125894546509
8817,9,9,0.9997987151145935
8818,0,0,0.9998433589935303
8819,1,1,0.9984585046768188
8820,2,2,0.999924898147583
8821,3,3,0.9999991655349731
8822,4,4,0.9999996423721313
8823,5,5,0.9998881816864014
8824,6,6,0.999910831451416
8825,7,7,0.9984733462333679
8826,8,8,0.9983048439025879
8827,9,9,0.9994093179702759
8828,6,6,0.9999980926513672
8829,4,4,0.9999263286590576
8830,2,2,0.9999938011169434
8831,6,6,0.999994158744812
8832,4,4,0.999990701675415
8833,7,7,0.9999271631240845
8834,5,5,0.999995231628418
8835,5,5,0.9999966621398926
8836,4,4,0.9999881982803345
8837,7,7,0.9998243451118469
8838,2,2,0.9999994039535522
8839,9,9,0.9986355900764465
8840,3,3,0.9999995231628418
8841,9,9,0.9999068975448608
8842,3,3,0.9999748468399048
8843,8,8,0.9987643957138062
8844,2,2,0.9999963045120239
8845,0,0,0.9992204904556274
8846,9,9,0.9981722831726074
8847,5,5,0.9998574256896973
8848,6,6,0.9999113082885742
8849,0,0,0.9990563988685608
8850,1,1,0.9999669790267944
8851,0,0,0.9991797804832458
8852,6,6,0.9999895095825195
8853,5,5,0.9997122883796692
8854,3,3,0.9999991655349731
8855,5,5,0.9999990463256836
8856,3,3,0.9999998807907104
8857,8,8,0.9998648166656494
8858,0,0,0.9998440742492676
8859,0,0,0.9908573031425476
8860,3,3,0.9999997615814209
8861,4,4,0.9999990463256836
8862,1,1,0.9997480511665344
8863,5,5,0.9995926022529602
8864,3,3,0.9999974966049194
8865,0,0,0.9999834299087524
8866,8,8,0.9996393918991089
8867,3,3,0.9999973773956299
8868,0,0,0.9985287189483643
8869,6,6,0.9998700618743896
8870,2,2,0.9999854564666748
8871,7,7,0.9999773502349854
8872,8,8,0.9999566078186035
8873,1,1,0.9991506338119507
8874,7,7,0.9999755620956421
8875,1,1,0.9997661709785461
8876,3,3,0.9999983310699463
8877,8,8,0.9999339580535889
8878,5,5,0.9999889135360718
8879,4,4,0.9999971389770508
8880,2,2,0.9999960660934448
8881,0,0,0.999680757522583
8882,9,9,0.9909377098083496
8883,7,7,0.9999954700469971
8884,6,6,0.999998927116394
8885,7,7,0.9998677968978882
8886,4,4,0.9999783039093018
8887,1,1,0.998348593711853
8888,6,6,0.9999922513961792
8889,2,2,0.9992724061012268
8890,6,6,0.9999074935913086
8891,7,7,0.9999768733978271
8892,1,1,0.9997518658638
8893,9,9,0.9999805688858032
8894,8,8,0.9998471736907959
8895,0,0,0.9999620914459229
8896,6,6,0.9993141889572144
8897,9,9,0.9962629675865173
8898,4,4,0.9999946355819702
8899,9,9,0.9993495345115662
8900,9,9,0.9970472455024719
8901,6,6,0.998157799243927
8902,2,2,0.9998544454574585
8903,3,3,0.9999996423721313
8904,7,7,0.9999746084213257
8905,1,1,0.9996091723442078
8906,9,9,0.9933077096939087
8907,2,2,0.9999797344207764
8908,2,2,0.9983545541763306
8909,5,5,0.9999971389770508
8910,3,3,0.9999984502792358
8911,7,7,0.9994335770606995
8912,8,8,0.9996964931488037
8913,0,0,0.9987805485725403
8914,1,1,0.9988245368003845
8915,2,2,0.9999750852584839
8916,3,3,0.9999814033508301
8917,4,4,0.9999545812606812
8918,7,7,0.9998522996902466
8919,8,8,0.999993085861206
8920,9,9,0.9998666048049927
8921,0,0,0.9986934065818787
8922,1,1,0.9992355108261108
8923,2,2,0.999994158744812
8924,3,3,0.999995231628418
8925,4,4,0.9999954700469971
8926,7,7,0.9999958276748657
8927,8,8,0.9999393224716187
8928,9,9,0.9995856881141663
8929,0,0,0.9999810457229614
8930,1,1,0.9983918070793152
8931,7,7,0.9998959302902222
8932,8,8,0.9997703433036804
8933,9,9,0.9998310804367065
8934,8,8,0.9998359680175781
8935,9,9,0.9999152421951294
8936,2,2,0.9999921321868896
8937,6,6,0.9999991655349731
8938,1,1,0.9985626339912415
8939,3,3,0.999996542930603
8940,5,5,0.9999761581420898
8941,4,4,0.9999935626983643
8942,8,8,0.9985658526420593
8943,2,2,0.9998173117637634
8944,6,6,0.999479353427887
8945,4,4,0.9999963045120239
8946,3,3,0.9999866485595703
8947,4,4,0.999995231628418
8948,5,5,0.9997249245643616
8949,9,9,0.9992140531539917
8950,2,2,0.9999634027481079
8951,0,0,0.9988911747932434
8952,3,3,0.9972121119499207
8953,9,9,0.9996495246887207
8954,4,4,0.9999514818191528
8955,9,9,0.9993442893028259
8956,7,7,0.993914783000946
8957,3,3,0.9999964237213135
8958,8,8,0.9996312856674194
8959,7,7,0.9999730587005615
8960,4,4,0.9999992847442627
8961,4,4,0.9999915361404419
8962,9,9,0.998162567615509
8963,8,8,0.9960028529167175
8964,5,5,0.9996960163116455
8965,8,8,0.9999816417694092
8966,2,2,0.999977707862854
8967,6,6,0.9998495578765869
8968,6,6,0.999998927116394
8969,2,2,0.9999951124191284
8970,3,3,0.9999923706054688
8971,1,1,0.998992383480072
8972,3,3,0.9999923706054688
8973,2,2,0.9999216794967651
8974,7,7,0.9997835755348206
8975,3,3,0.9998107552528381
8976,1,1,0.9989172220230103
8977,9,9,0.9999253749847412
8978,0,0,0.9998693466186523
8979,1,1,0.9990553259849548
8980,1,1,0.9988200068473816
8981,3,3,0.9997807145118713
8982,5,5,0.9997348189353943
8983,0,0,0.9989959597587585
8984,7,7,0.9993243217468262
8985,8,8,0.9999548196792603
8986,1,1,0.998457670211792
8987,5,5,0.9999409914016724
8988,1,1,0.9988512992858887
8989,4,4,0.9999967813491821
8990,6,6,0.9999977350234985
8991,0,0,0.9999740123748779
8992,0,0,0.9998979568481445
8993,4,4,0.9999853372573853
8994,9,9,0.9999476671218872
8995,1,1,0.9980143308639526
8996,6,6,0.9999957084655762
8997,6,6,0.9999948740005493
8998,9,9,0.997317373752594
8999,0,0,0.9997430443763733
9000,7,7,0.9996258020401001
9001,6,6,0.9999947547912598
9002,1,1,0.9990966320037842
9003,1,1,0.9988654851913452
9004,0,0,0.9980887770652771
9005,1,1,0.9981175661087036
9006,2,2,0.9973114728927612
9007,3,3,0.999941349029541
9008,4,4,0.9999860525131226
9009,7,7,0.878945529460907
9010,2,2,0.979087233543396
9011,3,3,0.9998946189880371
9012,4,4,0.9965372085571289
9013,5,5,0.9999152421951294
9014,6,6,0.9987425208091736
9015,7,7,0.8127481937408447
9016,0,0,0.8929246068000793
9017,1,1,0.9974564909934998
9018,2,2,0.9994367957115173
9019,7,7,0.9778689742088318
9020,8,8,0.9998902082443237
9021,6,6,0.9999978542327881
9022,3,3,0.9986262321472168
9023,9,9,0.9968613386154175
9024,7,7,0.9931647181510925
9025,1,1,0.9594069123268127
9026,9,9,0.9975848197937012
9027,3,3,0.9996297359466553
9028,9,9,0.9903106689453125
9029,6,6,0.9995220899581909
9030,1,1,0.9996336698532104
9031,7,7,0.9999097585678101
9032,2,2,0.9937118291854858
9033,4,4,0.9999260902404785
9034,4,4,0.9999902248382568
9035,5,5,0.9997281432151794
9036,7,7,0.998261034488678
9037,0,0,0.9991672039031982
9038,0,0,0.9744623899459839
9039,1,1,0.9981091022491455
9040,6,6,0.9943404197692871
9041,6,6,0.9989585876464844
9042,8,8,0.9999847412109375
9043,2,2,0.995744526386261
9044,7,7,0.9989585876464844
9045,7,7,0.999976634979248
9046,2,2,0.9893909096717834
9047,4,4,0.9999891519546509
9048,2,2,0.9999936819076538
9049,1,1,0.998078465461731
9050,6,6,0.9994161128997803
9051,1,1,0.9057855606079102
9052,0,0,0.9982675313949585
9053,6,6,0.9999853372573853
9054,9,9,0.9352326989173889
9055,8,8,0.9999699592590332
9056,3,3,0.9999884366989136
9057,9,9,0.99782794713974
9058,6,6,0.9998168349266052
9059,3,3,0.9999518394470215
9060,0,0,0.9999839067459106
9061,1,1,0.9996156692504883
9062,2,2,0.9946718811988831
9063,3,3,0.9979720711708069
9064,4,4,0.9999927282333374
9065,5,5,0.9999998807907104
9066,6,6,0.9999998807907104
9067,7,7,0.999984622001648
9068,8,8,0.9909217953681946
9069,9,9,0.9834270477294922
9070,0,0,0.9945539236068726
9071,1,1,0.8963702321052551
9072,2,2,0.999953031539917
9073,3,3,0.9994334578514099
9074,4,4,0.9998255372047424
9075,5,5,0.9999978542327881
9076,6,6,0.9999963045120239
9077,7,7,0.9999997615814209
9078,8,8,0.9999614953994751
9079,9,9,0.9995137453079224
9080,0,0,0.9999483823776245
9081,1,1,0.9998711347579956
9082,2,2,0.9995803236961365
9083,3,3,0.9999954700469971
9084,4,4,0.9999067783355713
9085,5,5,0.9998040795326233
9086,6,6,0.9999985694885254
9087,7,7,0.9999985694885254
9088,8,8,0.9969047904014587
9089,9,9,0.9984593391418457
9090,1,1,0.9998704195022583
9091,6,6,0.9999980926513672
9092,8,8,0.9785341024398804
9093,9,9,0.9974014759063721
9094,9,9,0.9963697195053101
9095,0,0,0.998608410358429
9096,1,1,0.9999369382858276
9097,2,2,0.9999164342880249
9098,4,4,0.9999818801879883
9099,4,4,0.9999388456344604
9100,3,3,0.9999943971633911
9101,7,7,0.9999921321868896
9102,4,4,0.999984622001648
9103,4,4,0.9908778071403503
9104,4,4,0.9998561143875122
9105,0,0,0.9931201934814453
9106,3,3,0.9999983310699463
9107,8,8,0.9999312162399292
9108,7,7,0.9999959468841553
9109,5,5,0.9999998807907104
9110,8,8,0.9210560321807861
9111,2,2,0.9999842643737793
9112,1,1,0.9993890523910522
9113,7,7,0.9998045563697815
9114,5,5,0.9999974966049194
9115,3,3,0.9999887943267822
9116,8,8,0.9970617890357971
9117,5,5,0.9999727010726929
9118,2,2,0.9999818801879883
9119,5,5,0.9999998807907104
9120,1,1,0.999727189540863
9121,1,1,0.9999531507492065
9122,6,6,0.9999592304229736
9123,2,2,0.9999736547470093
9124,1,1,0.9998331069946289
9125,3,3,0.9999921321868896
9126,8,8,0.9967890977859497
9127,6,6,0.999782383441925
9128,4,4,0.9263525605201721
9129,2,2,0.9999881982803345
9130,6,6,0.9999862909317017
9131,2,2,0.9999282360076904
9132,5,5,0.999998927116394
9133,5,5,0.9999998807907104
9134,0,0,0.9999566078186035
9135,2,2,0.9999934434890747
9136,8,8,0.9852728247642517
9137,0,0,0.999916672706604
9138,6,6,0.999998927116394
9139,8,8,0.990472674369812
9140,1,1,0.9999082088470459
9141,7,7,0.9999772310256958
9142,9,9,0.9973944425582886
9143,1,1,0.9999207258224487
9144,9,9,0.9996115565299988
9145,2,2,0.9999855756759644
9146,6,6,0.9999724626541138
9147,7,7,0.9999852180480957
9148,6,6,0.9999527931213379
9149,6,6,0.9999388456344604
9150,8,8,0.9980645775794983
9151,7,7,0.9999955892562866
9152,4,4,0.9999376535415649
9153,9,9,0.9984633922576904
9154,2,2,0.9999923706054688
9155,1,1,0.9997864365577698
9156,3,3,0.9999845027923584
9157,3,3,0.9999891519546509
9158,0,0,0.9920492768287659
9159,5,5,0.9999997615814209
9160,5,5,0.9999998807907104
9161,8,8,0.9999098777770996
9162,0,0,0.9978801012039185
9163,3,3,0.9870511293411255
9164,7,7,0.9999964237213135
9165,9,9,0.9977571368217468
9166,7,7,0.9999872446060181
9167,0,0,0.9999834299087524
9168,2,2,0.9920490384101868
9169,7,7,0.9999970197677612
9170,9,9,0.9971811771392822
9171,1,1,0.9999240636825562
9172,7,7,0.9999246597290039
9173,8,8,0.998783528804779
9174,0,0,0.9999544620513916
9175,3,3,0.999902606010437
9176,5,5,0.9999994039535522
9177,3,3,0.9999803304672241
9178,6,6,0.9999995231628418
9179,0,0,0.9999048709869385
9180,1,1,0.9988335967063904
9181,2,2,0.9999711513519287
9182,3,3,0.9999803304672241
9183,4,4,0.9996640682220459
9184,5,5,0.9999736547470093
9185,6,6,0.9997580647468567
9186,7,7,0.9997970461845398
9187,8,8,0.9997735619544983
9188,9,9,0.9970468878746033
9189,0,0,0.9999703168869019
9190,1,1,0.9991330504417419
9191,2,2,0.9978578686714172
9192,3,3,0.9997000694274902
9193,4,4,0.9999983310699463
9194,5,5,0.9999411106109619
9195,6,6,0.9993348717689514
9196,7,7,0.9999923706054688
9197,8,8,0.9989216327667236
9198,9,9,0.9903566241264343
9199,0,0,0.9989789724349976
9200,1,1,0.999017596244812
9201,2,2,0.9999241828918457
9202,3,3,0.9884621500968933
9203,4,4,0.9999779462814331
9204,7,7,0.9997416138648987
9205,8,8,0.9994089603424072
9206,9,9,0.9967877864837646
9207,6,6,0.9994901418685913
9208,4,4,0.9741514325141907
9209,2,2,0.9998039603233337
9210,6,6,0.9813768267631531
9211,4,4,0.9902468919754028
9212,7,7,0.9999409914016724
9213,8,8,0.9999562501907349
9214,9,9,0.9855703115463257
9215,2,2,0.9993532299995422
9216,9,9,0.9772235155105591
9217,3,3,0.9997512698173523
9218,9,9,0.9955898523330688
9219,3,3,0.9999901056289673
9220,0,0,0.9999423027038574
9221,0,0,0.9979629516601562
9222,1,1,0.9975332021713257
9223,0,0,0.9985193610191345
9224,4,4,0.9997300505638123
9225,2,2,0.9912347793579102
9226,6,6,0.9997465014457703
9227,3,3,0.998953104019165
9228,5,5,0.99982750415802
9229,3,3,0.999968409538269
9230,0,0,0.9994317889213562
9231,3,3,0.9999785423278809
9232,4,4,0.9999505281448364
9233,1,1,0.9976531863212585
9234,5,5,0.9999880790710449
9235,3,3,0.9999963045120239
9236,0,0,0.9999780654907227
9237,8,8,0.9997816681861877
9238,3,3,0.9997147917747498
9239,0,0,0.9997101426124573
9240,6,6,0.9913047552108765
9241,1,1,0.9993306398391724
9242,7,7,0.9999834299087524
9243,8,8,0.9988523721694946
9244,0,0,0.9998946189880371
9245,9,9,0.9966521859169006
9246,2,2,0.9996554851531982
9247,6,6,0.9992607235908508
9248,7,7,0.9997792840003967
9249,1,1,0.9997758269309998
9250,9,9,0.9986279010772705
9251,6,6,0.9999560117721558
9252,9,9,0.9850336909294128
9253,4,4,0.999100923538208
9254,9,9,0.9975255131721497
9255,9,9,0.9948697090148926
9256,6,6,0.9951459765434265
9257,7,7,0.9961756467819214
9258,1,1,0.9982800483703613
9259,2,2,0.9985237717628479
9260,5,5,0.9999933242797852
9261,3,3,0.9999964237213135
9262,7,7,0.9999619722366333
9263,8,8,0.9999511241912842
9264,0,0,0.9999305009841919
9265,1,1,0.9979812502861023
9266,2,2,0.9999773502349854
9267,4,4,0.999922513961792
9268,5,5,0.9999785423278809
9269,6,6,0.9999198913574219
9270,7,7,0.9999803304672241
9271,8,8,0.9999854564666748
9272,9,9,0.9996436834335327
9273,0,0,0.9999938011169434
9274,1,1,0.9998798370361328
9275,3,3,0.9993786811828613
9276,4,4,0.9999985694885254
9277,5,5,0.9999961853027344
9278,6,6,0.999996542930603
9279,7,7,0.9999996423721313
9280,8,8,0.9986478686332703
9281,0,0,0.9999182224273682
9282,1,1,0.9940618872642517
9283,3,3,0.9997802376747131
9284,4,4,0.9999945163726807
9285,7,7,0.9999972581863403
9286,8,8,0.9999916553497314
9287,9,9,0.9974479675292969
9288,7,7,0.9999948740005493
9289,5,5,0.9999730587005615
9290,5,5,0.999636173248291
9291,1,1,0.9982378482818604
9292,9,9,0.9993365406990051
9293,9,9,0.994473397731781
9294,7,7,0.999998927116394
9295,1,1,0.9990482926368713
9296,0,0,0.9994062185287476
9297,0,0,0.9998375177383423
9298,5,5,0.9999986886978149
9299,9,9,0.9992474317550659
9300,7,7,0.9999991655349731
9301,1,1,0.9883439540863037
9302,7,7,0.9999979734420776
9303,2,2,0.9996675252914429
9304,2,2,0.9999059438705444
9305,3,3,0.9991124272346497
9306,6,6,0.9999998807907104
9307,8,8,0.9999302625656128
9308,3,3,0.983091413974762
9309,2,2,0.9991242289543152
9310,0,0,0.9998822212219238
9311,0,0,0.9998273253440857
9312,6,6,0.9999991655349731
9313,1,1,0.9994617104530334
9314,7,7,0.9999912977218628
9315,5,5,0.9994180202484131
9316,8,8,0.930268406867981
9317,6,6,0.9999942779541016
9318,2,2,0.9992249011993408
9319,9,9,0.9977084398269653
9320,4,4,0.9997972846031189
9321,8,8,0.9997815489768982
9322,8,8,0.9998482465744019
9323,7,7,0.9999998807907104
9324,1,1,0.9983096122741699
9325,0,0,0.9991445541381836
9326,8,8,0.9996411800384521
9327,7,7,0.9999996423721313
9328,7,7,0.9999995231628418
9329,5,5,0.9999998807907104
9330,8,8,0.9998469352722168
9331,5,5,0.9995926022529602
9332,3,3,0.9994522929191589
9333,4,4,0.9999387264251709
9334,6,6,0.9999895095825195
9335,1,1,0.9991047978401184
9336,1,1,0.9985896944999695
9337,5,5,0.9999974966049194
9338,5,5,0.9999895095825195
9339,0,0,0.999868631362915
9340,7,7,0.9999744892120361
9341,2,2,0.9979169964790344
9342,3,3,0.9985527396202087
9343,6,6,0.9999971389770508
9344,4,4,0.9999608993530273
9345,1,1,0.9993442893028259
9346,2,2,0.9978278279304504
9347,4,4,0.9998865127563477
9348,1,1,0.999721109867096
9349,5,5,0.9999905824661255
9350,4,4,0.999849796295166
9351,2,2,0.9996702671051025
9352,0,0,0.9999135732650757
9353,4,4,0.9999004602432251
9354,8,8,0.9999654293060303
9355,6,6,0.999997615814209
9356,1,1,0.9963538646697998
9357,9,9,0.9971989393234253
9358,0,0,0.9999876022338867
9359,2,2,0.9999879598617554
9360,5,5,0.9999902248382568
9361,6,6,0.9999985694885254
9362,9,9,0.9991136193275452
9363,3,3,0.9995880722999573
9364,6,6,0.9999884366989136
9365,3,3,0.9999938011169434
9366,6,6,0.998458743095398
9367,0,0,0.9999983310699463
9368,1,1,0.9998074173927307
9369,2,2,0.9999929666519165
9370,3,3,0.9999966621398926
9371,4,4,0.9999905824661255
9372,5,5,0.9999158382415771
9373,6,6,0.999998927116394
9374,7,7,0.9999985694885254
9375,8,8,0.9986222982406616
9376,9,9,0.9999443292617798
9377,0,0,0.9981669187545776
9378,1,1,0.9994308352470398
9379,2,2,0.9999951124191284
9380,3,3,0.999963641166687
9381,4,4,0.9999419450759888
9382,5,5,0.9973812699317932
9383,6,6,0.999992847442627
9384,7,7,0.9999988079071045
9385,8,8,0.9774437546730042
9386,9,9,0.9987241625785828
9387,0,0,0.9989653825759888
9388,1,1,0.999903678894043
9389,2,2,1.0
9390,3,3,0.9999176263809204
9391,5,5,0.9999144077301025
9392,6,6,0.9999725818634033
9393,7,7,0.9999985694885254
9394,8,8,0.9975219368934631
9395,1,1,0.9993698000907898
9396,0,0,0.9999778270721436
9397,9,9,0.9994706511497498
9398,5,5,0.9999840259552002
9399,7,7,0.9999978542327881
9400,5,5,0.9995817542076111
9401,1,1,0.9997685551643372
9402,8,8,0.9999948740005493
9403,6,6,0.9999998807907104
9404,9,9,0.9999465942382812
9405,0,0,0.9999446868896484
9406,4,4,0.999984860420227
9407,1,1,0.9994230270385742
9408,9,9,0.9998852014541626
9409,3,3,0.9999833106994629
9410,8,8,0.9934180974960327
9411,4,4,0.9999681711196899
9412,4,4,0.999962329864502
9413,7,7,0.9991163611412048
9414,0,0,0.9998866319656372
9415,1,1,0.9991745352745056
9416,9,9,0.9997498393058777
9417,2,2,0.9999984502792358
9418,8,8,0.9999351501464844
9419,7,7,0.9999922513961792
9420,8,8,0.9999909400939941
9421,2,2,0.9970635771751404
9422,5,5,0.9940849542617798
9423,9,9,0.9607102870941162
9424,6,6,0.9999995231628418
9425,0,0,0.976778507232666
9426,6,6,0.999824583530426
9427,5,5,0.9997740387916565
9428,5,5,0.999967098236084
9429,3,3,0.9999822378158569
9430,3,3,0.9998376369476318
9431,3,3,0.9999992847442627
9432,9,9,0.9999412298202515
9433,8,8,0.9985696077346802
9434,1,1,0.999861478805542
9435,1,1,0.999723494052887
9436,0,0,0.9980922341346741
9437,6,6,0.9999920129776001
9438,1,1,0.9998689889907837
9439,0,0,0.9998310804367065
9440,0,0,0.9996240139007568
9441,6,6,0.9999326467514038
9442,2,2,0.9999997615814209
9443,1,1,0.9995962977409363
9444,1,1,0.9990361928939819
9445,3,3,0.9999982118606567
9446,2,2,0.980574369430542
9447,7,7,0.9991451501846313
9448,7,7,0.9990317821502686
9449,8,8,0.999809205532074
9450,8,8,0.9704439640045166
9451,7,7,0.9999538660049438
9452,8,8,0.9998828172683716
9453,4,4,0.9999974966049194
9454,6,6,0.9999735355377197
9455,0,0,0.9998757839202881
9456,2,2,0.9989569187164307
9457,0,0,0.9999386072158813
9458,7,7,0.9999306201934814
9459,0,0,0.9999603033065796
9460,3,3,0.9999982118606567
9461,6,6,0.9999997615814209
9462,8,8,0.9999915361404419
9463,7,7,0.9963356256484985
9464,1,1,0.9994345307350159
9465,5,5,0.9999990463256836
9466,9,9,0.9960421323776245
9467,9,9,0.999782383441925
9468,3,3,0.9999103546142578
9469,7,7,0.999500036239624
9470,2,2,0.999993085861206
9471,4,4,0.9999713897705078
9472,9,9,0.9997019171714783
9473,4,4,0.9998522996902466
9474,3,3,0.9993414282798767
9475,6,6,0.9999998807907104
9476,2,2,0.9999963045120239
9477,2,2,0.9992324113845825
9478,5,5,0.9950727820396423
9479,3,3,0.9999270439147949
9480,2,2,0.9999864101409912
9481,5,5,0.999947190284729
9482,5,5,0.999974250793457
9483,9,9,0.9985260367393494
9484,4,4,0.9999876022338867
9485,1,1,0.9990805387496948
9486,7,7,0.9998433589935303
9487,2,2,0.9999583959579468
9488,0,0,0.9978476762771606
9489,1,1,0.9998250603675842
9490,2,2,0.9975864887237549
9491,3,3,0.7151376008987427
9492,4,4,0.9987900853157043
9493,5,5,0.9999839067459106
9494,6,6,0.999870777130127
9495,7,7,0.9998775720596313
9496,8,8,0.9968357682228088
9497,9,9,0.9901432991027832
9498,0,0,0.9999655485153198
9499,1,1,0.9997819066047668
9500,2,2,0.952265739440918
9501,3,3,0.9904649257659912
9502,4,4,0.9990321397781372
9503,5,5,0.9999946355819702
9504,6,6,0.9999998807907104
9505,7,7,0.9010840058326721
9506,8,8,0.9999918937683105
9507,9,9,0.9947362542152405
9508,0,0,0.9980935454368591
9509,1,1,0.9992965459823608
9510,2,2,0.9996318817138672
9511,3,3,0.9996821880340576
9512,4,4,0.9989569187164307
9513,5,5,0.9999215602874756
9514,6,6,0.999996542930603
9515,7,7,0.9998704195022583
9516,8,8,0.9999985694885254
9517,9,9,0.9376347064971924
9518,1,1,0.9994233846664429
9519,0,0,0.9999421834945679
9520,1,1,0.999792754650116
9521,2,2,0.9997968077659607
9522,7,7,0.9998621940612793
9523,5,5,0.9999964237213135
9524,3,3,0.9999040365219116
9525,4,4,0.9997866749763489
9526,4,4,0.9951925277709961
9527,0,0,0.9857704639434814
9528,0,0,0.9999551773071289
9529,6,6,0.9999953508377075
9530,9,8,0.9495044946670532
9531,6,6,0.999908447265625
9532,6,6,0.9999954700469971
9533,5,5,0.9986888766288757
9534,7,7,0.999362051486969
9535,2,2,0.9956562519073486
9536,3,3,0.98093181848526
9537,4,4,0.9998902082443237
9538,4,4,0.7666784524917603
9539,9,9,0.6667526960372925
9540,1,1,0.6742217540740967
9541,4,4,0.9943825006484985
9542,0,0,0.9892334938049316
9543,7,7,0.9999362230300903
9544,9,9,0.9394397735595703
9545,5,5,0.9999675750732422
9546,7,7,0.9999712705612183
9547,2,2,0.9999873638153076
9548,3,3,0.999958872795105
9549,1,1,0.998759388923645
9550,4,4,0.9999340772628784
9551,4,4,0.9998359680175781
9552,0,0,0.9926920533180237
9553,9,9,0.9717986583709717
9554,9,9,0.9342555999755859
9555,6,6,0.9999992847442627
9556,1,1,0.9986571073532104
9557,8,8,0.9999139308929443
9558,3,3,0.9999305009841919
9559,3,3,0.9997498393058777
9560,7,7,0.9967909455299377
9561,3,3,0.999652624130249
9562,9,9,0.926582932472229
9563,8,8,0.9996751546859741
9564,8,8,0.9991395473480225
9565,4,4,0.9999960660934448
9566,7,7,0.9998990297317505
9567,7,7,0.9999520778656006
9568,6,6,0.9999990463256836
9569,2,2,0.9979141354560852
9570,1,1,0.9998524188995361
9571,9,9,0.9877513647079468
9572,8,8,0.9999080896377563
9573,7,7,0.9999918937683105
9574,8,8,0.9999951124191284
9575,8,8,0.9999668598175049
9576,7,7,0.9959650039672852
9577,2,2,0.9998548030853271
9578,2,2,0.9992148876190186
9579,3,3,0.9999388456344604
9580,9,9,0.9975415468215942
9581,3,3,0.999970555305481
9582,3,3,0.9999682903289795
9583,5,5,0.999460756778717
9584,5,5,0.9999966621398926
9585,0,0,0.999687671661377
9586,7,7,0.9998892545700073
9587,9,9,0.8740273118019104
9588,5,5,0.999990701675415
9589,6,6,0.9999998807907104
9590,5,5,0.999998927116394
9591,1,1,0.9967371821403503
9592,4,4,0.9977492690086365
9593,1,1,0.9996706247329712
9594,1,1,0.9923310279846191
9595,2,2,0.99901282787323
9596,8,8,0.9872970581054688
9597,2,2,0.9999104738235474
9598,6,6,0.9999992847442627
9599,1,1,0.9976270794868469
9600,5,5,0.9999208450317383
9601,0,0,0.9994749426841736
9602,1,1,0.9992102384567261
9603,2,2,0.9999808073043823
9604,3,3,1.0
9605,4,4,0.9985716342926025
9606,5,5,0.9981921315193176
9607,6,6,0.9582068920135498
9608,7,7,0.9996638298034668
9609,8,8,0.9997629523277283
9610,9,9,0.9946197271347046
9611,0,0,0.9989933371543884
9612,1,1,0.9956066012382507
9613,2,3,0.5808985233306885
9614,3,3,0.9999938011169434
9615,4,4,0.9997010231018066
9616,5,5,0.9999539852142334
9617,6,6,0.9983910918235779
9618,7,7,0.994384765625
9619,8,8,0.9999674558639526
9620,9,9,0.7036954164505005
9621,0,0,0.9980599284172058
9622,1,1,0.9787217974662781
9623,2,2,0.99898761510849
9624,3,3,0.9998960494995117
9625,4,4,0.8554235696792603
9626,5,5,0.9996523857116699
9627,6,6,0.7588294148445129
9628,7,7,0.9997350573539734
9629,8,8,0.9915806651115417
9630,8,8,0.9998169541358948
9631,0,0,0.9989402890205383
9632,6,6,0.9880479574203491
9633,0,0,0.999897837638855
9634,0,2,0.6075525879859924
9635,2,2,0.9999511241912842
9636,3,3,0.9637633562088013
9637,7,7,0.9981659054756165
9638,9,9,0.9255028367042542
9639,4,4,0.999196469783783
9640,7,7,0.9989559650421143
9641,1,1,0.9969189167022705
9642,9,7,0.9553431272506714
9643,1,1,0.9886006712913513
9644,7,7,0.9968620538711548
9645,1,1,0.9981548190116882
9646,4,4,0.9817922711372375
9647,0,0,0.9999738931655884
9648,0,0,0.9998749494552612
9649,1,1,0.9938670992851257
9650,7,7,0.9999374151229858
9651,5,5,0.997642457485199
9652,7,7,0.9739665389060974
9653,1,1,0.9959219694137573
9654,3,3,0.9998874664306641
9655,3,3,0.9889546632766724
9656,3,3,0.998357355594635
9657,1,1,0.998857855796814
9658,6,6,0.9845808148384094
9659,9,9,0.998871386051178
9660,7,7,0.9999451637268066
9661,1,1,0.9970596432685852
9662,3,3,0.9999799728393555
9663,0,0,0.842559814453125
9664,2,2,0.5667175650596619
9665,6,6,0.9914542436599731
9666,0,0,0.9576371312141418
9667,8,8,0.9998334646224976
9668,9,9,0.9996918439865112
9669,4,7,0.6369135975837708
9670,3,3,0.9999936819076538
9671,5,5,0.9989230036735535
9672,4,4,0.9939992427825928
9673,8,8,0.999991774559021
9674,1,1,0.9987661838531494
9675,5,5,0.9998699426651001
9676,9,9,0.9526419639587402
9677,0,2,0.6481202840805054
9678,6,6,0.9973351359367371
9679,6,1,0.5327226519584656
9680,3,3,0.9999971389770508
9681,8,8,0.9999339580535889
9682,1,1,0.9997537732124329
9683,4,4,0.9992832541465759
9684,7,7,0.9999957084655762
9685,5,5,0.9998966455459595
9686,2,2,0.9965282082557678
9687,0,0,0.9952728152275085
9688,0,0,0.9972405433654785
9689,1,1,0.9994266033172607
9690,7,7,0.9974836707115173
9691,8,8,0.9996041655540466
9692,9,7,0.7917822003364563
9693,6,6,0.855830729007721
9694,8,8,0.9983633160591125
9695,8,8,0.9969958066940308
9696,2,2,0.9964805245399475
9697,3,3,0.999990701675415
9698,6,1,0.8245941400527954
9699,1,1,0.9973132014274597
9700,2,2,0.552265465259552
9701,9,9,0.9873195886611938
9702,5,5,0.9999767541885376
9703,2,2,0.9999074935913086
9704,0,0,0.9998606443405151
9705,1,1,0.9998902082443237
9706,2,2,0.999727189540863
9707,3,3,0.9998903274536133
9708,4,4,0.9999418258666992
9709,5,5,0.9984948635101318
9710,6,6,0.9975749850273132
9711,7,7,0.9992842078208923
9712,8,8,0.9972440004348755
9713,9,9,0.9743123054504395
9714,0,0,0.9658081531524658
9715,1,1,0.9990817308425903
9716,2,2,0.9983062744140625
9717,3,3,0.9999940395355225
9718,4,4,0.9999996423721313
9719,5,5,0.9984188079833984
9720,6,6,0.9963924288749695
9721,7,7,0.9995781779289246
9722,8,8,0.999588668346405
9723,9,9,0.9916348457336426
9724,0,0,0.9986652135848999
9725,1,1,0.9980682730674744
9726,2,2,0.9956117868423462
9727,3,3,0.9999845027923584
9728,4,4,0.9999881982803345
9729,5,6,0.7258934378623962
9730,6,6,0.9978184700012207
9731,7,7,0.990888237953186
9732,8,8,0.9995802044868469
9733,9,9,0.7905304431915283
9734,7,7,0.997855007648468
9735,4,4,0.9925349950790405
9736,6,6,0.9926037192344666
9737,1,1,0.9997512698173523
9738,4,4,0.9999600648880005
9739,0,0,0.9956468939781189
9740,9,9,0.9876499772071838
9741,9,9,0.9821626543998718
9742,3,3,0.9749491810798645
9743,7,7,0.9985028505325317
9744,8,8,0.9937137961387634
9745,4,4,0.9955755472183228
9746,7,7,0.9964643716812134
9747,5,5,0.9994039535522461
9748,8,8,0.9998749494552612
9749,5,5,0.9486666917800903
9750,3,3,0.9993471503257751
9751,2,2,0.9964898228645325
9752,2,2,0.9996747970581055
9753,0,0,0.9991942048072815
9754,5,5,0.8911290168762207
9755,8,8,0.9896447658538818
9756,6,6,0.9996647834777832
9757,0,0,0.9996011853218079
9758,3,3,0.9996699094772339
9759,8,8,0.999937891960144
9760,1,1,0.9963192939758301
9761,0,0,0.9909953474998474
9762,3,3,0.9622740745544434
9763,0,0,0.9931517839431763
9764,4,4,0.9990069270133972
9765,7,7,0.9999094009399414
9766,4,4,0.9999977350234985
9767,9,9,0.9935317635536194
9768,2,2,0.9132404923439026
9769,9,9,0.9942662119865417
9770,5,5,0.7850422859191895
9771,7,7,0.9993394017219543
9772,1,1,0.9993047714233398
9773,7,7,0.9992726445198059
9774,1,1,0.9984807372093201
9775,6,6,0.9998399019241333
9776,6,6,0.9999396800994873
9777,5,5,0.985607385635376
9778,6,6,0.9967756867408752
9779,2,2,0.8427286744117737
9780,8,8,0.994650661945343
9781,7,7,0.9941748976707458
9782,6,6,0.9881348609924316
9783,4,4,0.9999961853027344
9784,9,9,0.9967572093009949
9785,9,9,0.9995070695877075
9786,5,5,0.9998646974563599
9787,3,3,0.9998735189437866
9788,7,7,0.9989935755729675
9789,4,4,0.9997428059577942
9790,3,3,0.9999871253967285
9791,0,0,0.9979810118675232
9792,4,4,0.6400694847106934
9793,6,6,0.9713786840438843
9794,6,6,0.99967360496521
9795,1,1,0.9777892231941223
9796,1,1,0.9980423450469971
9797,3,3,0.9996926784515381
9798,2,2,0.9994121789932251
9799,1,1,0.9987967014312744
9800,0,0,0.9936927556991577
9801,0,0,0.9997934699058533
9802,1,1,0.9996697902679443
9803,2,2,0.9961668848991394
9804,3,3,0.999977707862854
9805,4,4,0.9999992847442627
9806,7,7,0.9998831748962402
9807,8,8,0.9999525547027588
9808,9,9,0.9974297881126404
9809,0,0,0.9993452429771423
9810,1,1,0.9995865225791931
9811,2,2,0.5149591565132141
9812,3,3,0.9999963045120239
9813,4,4,0.9998316764831543
9814,5,5,0.9999322891235352
9815,6,6,0.9982886910438538
9816,7,7,0.9987210631370544
9817,8,8,0.9837108254432678
9818,0,0,0.9987990856170654
9819,1,1,0.999700665473938
9820,2,2,0.9783462882041931
9821,3,3,0.9999997615814209
9822,4,4,0.9999914169311523
9823,7,7,0.9999523162841797
9824,8,8,0.9986943602561951
9825,9,9,0.9971936345100403
9826,0,0,0.9910088181495667
9827,8,8,0.9976027607917786
9828,3,3,0.997581958770752
9829,9,9,0.9744919538497925
9830,5,5,0.9996060729026794
9831,5,5,0.998826801776886
9832,2,2,0.9022896885871887
9833,6,6,0.9921197891235352
9834,8,8,0.861142635345459
9835,4,4,0.9999910593032837
9836,1,1,0.9998409748077393
9837,7,7,0.9996665716171265
9838,1,1,0.9997572302818298
9839,2,2,0.7992961406707764
9840,3,3,0.995206892490387
9841,5,5,0.9996974468231201
9842,6,6,0.9981885552406311
9843,9,9,0.9476960301399231
9844,1,1,0.9985833168029785
9845,1,1,0.9993011951446533
9846,1,1,0.9996269941329956
9847,2,2,0.9520106911659241
9848,1,1,0.9998449087142944
9849,2,2,0.9930786490440369
9850,0,0,0.8569658994674683
9851,7,7,0.9999797344207764
9852,7,7,0.9990888833999634
9853,5,5,0.9998639822006226
9854,8,8,0.9943997263908386
9855,2,2,0.9961051940917969
9856,9,9,0.933037281036377
9857,8,8,0.9863854050636292
9858,6,6,0.9924988150596619
9859,7,7,0.9999237060546875
9860,3,3,0.99972003698349
9861,4,4,0.999998927116394
9862,6,6,0.9895402789115906
9863,8,8,0.956825852394104
9864,7,7,0.9994785189628601
9865,0,0,0.9988916516304016
9866,4,4,0.9999866485595703
9867,2,2,0.9566524624824524
9868,7,7,0.999599039554596
9869,7,7,0.9999963045120239
9870,5,5,0.9993522763252258
9871,4,4,0.9999949932098389
9872,3,3,0.9999960660934448
9873,4,4,0.9996600151062012
9874,2,2,0.9766358733177185
9875,8,8,0.9805024266242981
9876,1,1,0.9992992877960205
9877,5,5,0.9999706745147705
9878,1,1,0.9993298053741455
9879,0,0,0.48865264654159546
9880,2,2,0.993803858757019
9881,3,3,0.9999403953552246
9882,3,3,0.9956556558609009
9883,5,5,0.9817014932632446
9884,7,7,0.9980303645133972
9885,0,0,0.9985551238059998
9886,6,6,0.9804720282554626
9887,8,8,0.897678017616272
9888,6,6,0.917489767074585
9889,3,3,0.9993118047714233
9890,9,9,0.987407922744751
9891,9,9,0.746990978717804
9892,8,8,0.8619338870048523
9893,2,2,0.9752981662750244
9894,7,7,0.9979952573776245
9895,7,7,0.9997896552085876
9896,1,1,0.9995629191398621
9897,0,0,0.999980092048645
9898,1,1,0.9995222091674805
9899,7,7,0.9998997449874878
9900,8,8,0.9995410442352295
9901,9,9,0.999934196472168
9902,0,0,0.9848924875259399
9903,1,1,0.9984883069992065
9904,2,8,0.6688282489776611
9905,3,7,0.507587730884552
9906,4,4,0.9993839263916016
9907,5,5,0.9996955394744873
9908,6,6,0.999966025352478
9909,7,7,0.999679684638977
9910,8,8,0.9985905289649963
9911,0,0,0.9985241293907166
9912,1,1,0.9979267120361328
9913,2,2,0.7495957612991333
9914,3,3,0.999139666557312
9915,4,4,0.99993896484375
9916,7,7,0.9991148114204407
9917,8,8,0.9999915361404419
9918,9,9,0.999849796295166
9919,7,7,0.9995717406272888
9920,8,8,0.999957799911499
9921,6,6,0.9991486072540283
9922,4,4,0.9613197445869446
9923,1,1,0.9992088675498962
9924,9,9,0.9956876635551453
9925,3,3,0.9954251646995544
9926,8,8,0.9910776615142822
9927,4,4,0.999992847442627
9928,4,4,0.999998927116394
9929,7,7,0.9999613761901855
9930,0,0,0.9999262094497681
9931,1,1,0.9995930790901184
9932,9,9,0.9997648596763611
9933,2,2,0.9999862909317017
9934,8,8,0.9999222755432129
9935,7,7,0.9992398023605347
9936,8,8,0.9998868703842163
9937,2,2,0.9999785423278809
9938,6,6,0.9999657869338989
9939,0,0,0.9983611702919006
9940,6,6,0.9989228844642639
9941,5,5,0.9919564723968506
9942,3,3,0.9998077750205994
9943,3,3,0.9993440508842468
9944,3,3,0.9992716908454895
9945,9,9,0.9969304203987122
9946,1,1,0.9998537302017212
9947,4,4,0.9997630715370178
9948,0,0,0.9990895986557007
9949,6,6,0.9999827146530151
9950,1,1,0.9993591904640198
9951,0,0,0.9993139505386353
9952,0,0,0.9996300935745239
9953,6,6,0.9999469518661499
9954,2,2,0.9992035031318665
9955,1,1,0.9984708428382874
9956,1,1,0.9992347955703735
9957,7,7,0.9992063641548157
9958,7,7,0.9990071654319763
9959,8,8,0.976677417755127
9960,4,4,0.999961256980896
9961,6,6,0.999971866607666
9962,0,0,0.9999954700469971
9963,7,7,0.9994422793388367
9964,0,0,0.9632149338722229
9965,3,3,0.9992714524269104
9966,6,6,0.9999954700469971
9967,8,8,0.9999548196792603
9968,7,7,0.9994733929634094
9969,1,1,0.9988980293273926
9970,5,5,0.999954342842102
9971,2,2,0.9993597865104675
9972,4,4,0.999993085861206
9973,9,9,0.9997425675392151
9974,4,4,0.9999443292617798
9975,3,3,0.9798015356063843
9976,6,6,0.9847766160964966
9977,4,4,0.9997679591178894
9978,1,1,0.9978075623512268
9979,7,7,0.9999319314956665
9980,2,2,0.9997326731681824
9981,6,6,0.9887702465057373
9982,5,5,0.967909574508667
9983,0,0,0.9999802112579346
9984,1,1,0.9999128580093384
9985,2,2,0.9941148161888123
9986,3,3,0.9999421834945679
9987,4,4,0.999980092048645
9988,5,5,0.9999033212661743
9989,6,6,0.9999293088912964
9990,7,7,0.9998953342437744
9991,8,8,0.999742329120636
9992,9,9,0.9980983138084412
9993,0,0,0.9931893348693848
9994,1,1,0.9999051094055176
9995,2,2,0.9993488192558289
9996,3,3,0.9994545578956604
9997,4,4,0.9994331002235413
9998,5,5,0.9991517066955566
9999,6,6,0.9998387098312378
